icao,id,length_ft,surface
K00A,H1,80,ASPH-G
00AK,N/S,2500,GRVL
00AL,01/19,2100,TURF
00AN,3/21,4517,GVL
00AS,1/19,1450,Turf
00AZ,15/33,1700,GRAVEL
00CA,04/22,6000,ASPH
00FA,08/26,3200,TURF
00FL,12/30,4700,TURF
00GA,09/27,2600,TURF
00GE,H1,125,ASPH
00HI,H1,1155,ASPH-G
00ID,08/26,3500,TURF
00ID,11/29,2900,TURF
00IL,18/36,2500,TURF-F
00IN,H1,40,MATS
00IS,E/W,1600,TURF
00KS,17/35,2600,TURF
00KY,01/19,2100,TURF
00LA,H1,40,TURF
00LL,H1,25,CONC
00LS,18/36,2600,TURF
00MD,14/32,1700,TURF
00MI,H1,100,TURF
00MN,06/24,2949,TURF-G
00MO,08/26,2400,TURF
K00N,18/36,2420,TURF-G
00NC,05/23,2650,ASPH-G
00NJ,H1,50,ASPH
00NR,H1,50,CON
00NY,03/21,2350,TURF
00OI,H1,40,CONC
00OK,17/35,2200,Turf/Dirt
00PA,H1,80,TURF-G
00PN,12/30,500,TURF
K00S,06/24,2600,TURF-P
00SC,08/26,2900,TURF
00SD,18/36,2400,Turf
00TE,H1,48,TURF
00TS,01/19,1200,TURF
00TT,18/36,2429,Turf/Dirt
00VA,01/19,1300,TURF
00VI,09/27,1500,TURF
K00W,14/32,3400,GRAVEL-F
00WA,08/26,1600,TURF-G
00WI,09/27,1000,TURF
00WN,05/23,1440,TURF-G
00WV,05/23,1800,TURF
K01A,5/23,1176,GRAVEL-F
01AK,H1,40,CONC
01AL,N/S,2400,TURF
01AR,H1,55,CONC
01AZ,H1,210,TURF
01CA,H1,20,ASPH
01CL,09/27,3100,ASPH-TRTD
01CO,H1,125,ASPH
01CT,H1,70,TURF-GRVL
01FA,10/28,2000,TURF
01FA,18/36,1500,TURF
01FD,H1,110,CONC
01FL,18/36,3000,TURF
01GA,H1,65,CONC
01GE,10/28,2560,TURF
01ID,14/32,3400,TURF-F
01IL,H1,416,TURF
01IN,H1,45,ASPH
01IS,09/27,1300,TURF
K01J,18/36,3600,TURF-P
K01K,17/35,2460,TURF-G
01KS,18/36,2400,TURF
01KY,H1,40,CONC
01LA,09/27,2000,TURF
01LL,02/20,1600,TURF
01LS,09/27,1800,TURF
01MA,H1,32,TURF
01MD,16/34,3500,WATER
01ME,02/20,5000,WATER
01ME,15/33,5000,WATER
01MI,H1,50,CONC
01MN,E/W,10000,WATER
01MN,NW/SE,10000,WATER
01MO,H1,37,CONC
01MT,13/31,5000,ASPH-G
01MU,H1,54,CON
01NC,03/21,3200,TURF
01NC,18/36,2000,ASPH-TURF
01NH,17/35,600,TURF
01NJ,H1,125,ASPH
01NM,02/20,2700,DIRT
01NM,9/27,2000,DIRT
01NR,H1,50,Turf
01NV,18/36,2000,GRVL
01NY,H1,100,ASPH
01OH,H1,100,CON
01OI,H1,30,CONC-G
01OL,5/23,1600,Turf
01PN,06/24,1700,TURF
01PS,03/21,1200,TURF-G
01SC,18/36,2580,TURF-F
01TA,H1,30,CONC
01TE,04/22,2433,TURF-F
01TN,18/36,2700,TURF
K01U,03/21,2700,DIRT-P
K01U,15/33,3400,DIRT-P
01UT,E/W,3200,DIRT-P
01VA,03/21,1500,TURF
01WA,H1,36,CONC
01WI,01/19,2300,TURF
01WN,H1,40,ASPH
01WT,H1,28,CONC-G
01WY,12/30,4360,DIRT-TURF-G
01WY,16/34,2600,DIRT-TURF-G
01XA,H1/H1,50,CONC
01XS,H1,50,CONC
02AK,15/33,2200,GRVL
02AL,18/36,2000,TURF
02AN,2/20,1800,Turf
02CA,H1,55,PSP
02CD,15/33,2500,CONC-TURF
02CL,16/34,3000,DIRT
02CO,17/35,2670,GRAVEL
02CT,H1,50,ASPH
02FA,18/36,3585,TURF
02FD,1/19,3443,Turf
02GA,08/26,1200,TURF
02GA,13/31,1500,TURF
02GE,09/27,3400,TURF
02HI,H1,100,CONC
02IA,H1,50,CONC
02ID,NE/SW,2000,TURF
02II,10/28,1100,TURF
02IN,09/27,1020,TURF
02IS,H1,40,MATS
02KS,11/29,1650,TURF
02KS,18/36,1950,TURF
02KY,H1,100,CONC
02LA,H1,20,CONC
02LS,H1,24,CONC
02MA,H1,50,ASPH
02MD,9/27,2000,Turf
02ME,14/32,2400,TURF
02MI,09/27,2000,TURF
02MO,08/26,2100,TURF-G
02MS,12/30,2150,TURF-F
02NH,18W/36W,3000,WATER
02NH,H1,20,TURF
02NJ,,,
02NM,8/26,4247,Dirt
02NR,H1,50,Turf
02NV,09/27,2200,TURF
02NY,H1,25,TURF
02OH,09/27,2750,TURF
02OI,E/W,1500,TURF
02OR,E/W,2000,TURF
26PA,H1,100,TURF-G
02PA,H1,60,TURF-GRVL
02PN,H1,40,ASPH
02PR,06/24,2000,TURF
02RI,H1,100,Turf
02SC,04/22,3600,TURF-G
02T,02/20,4050,DIRT-G
02TA,H1,32,CONC
02TE,H1,40,CONC
02TN,11/29,1600,TURF
02TT,18/36,2300,Turf
02UT,07/25,4000,DIRT
02UT,16/34,4000,DIRT-P
02VA,18/36,3000,TURF
02WA,16/34,2650,TURF
02WI,18/36,2200,TURF
02WN,13/31,1500,DIRT
02XA,18/36,1950,Turf
03AK,07/25,1000,DIRT
03AK,N/S,6000,WATER
03AK,NE/SW,2600,WATER
03AL,H1,50,CONC
03AR,H1,117,CONC
03AZ,E/W,3600,DIRT
03CA,H1,40,CONC
03FA,E/W,2000,TURF
03FL,H1,50,CONC
03GA,10/28,1990,Turf
03GA,11/29,1955,Turf
03ID,11/29,1800,TURF
03II,N/S,1000,TURF
03IL,18/36,2600,TURF
03IS,H1,40,CONC
03KS,H1,25,GRAVEL
03KY,03/21,2300,TURF
03LA,H1,60,TURF
03LS,H1,40,CONC
03M,02/20,3800,WATER
03MA,12/30,1600,TURF
03MD,H1,50,CONC
03ME,18/36,2400,TURF
03MI,H1,20,TURF
03MN,17/35,1940,TURF
03MS,H1,60,CONC
03MU,17/35,2400,ASPH
03N,7/25,2400,DIRT
03NC,09/27,3000,ASPH-G
03ND,17/35,2600,TURF
03NE,01/19,2200,TURF
03NH,H1,12,ASPH
03NR,H1,50,CON
03NV,18/36,3200,TURF-P
03NY,16/34,2000,TURF
03OH,N/S,2100,TURF
03OH,NE/SW,2200,TURF
03OI,H1,60,CONC
03OK,18/36,1200,TURF
03OL,18/36,1900,Turf
03OR,07/25,2950,CONC
03PA,H1,130,ASPH
03PN,H1,100,TURF
03PR,9/27,2926,Turf
K03S,08/26,2115,TURF-G
03SC,H1,40,CONC
03TE,12/30,3000,ASP
03TN,H1,20,TURF
03TS,H1,90,ASPH
03TT,18/36,3000,Turf
03TX,H1,150,TURF
03UT,NE/SW,5000,GRAVEL
03UT,NW/SE,3250,GRAVEL
03WA,18/36,2800,GRAVEL
03WN,07/25,2200,GRVL
03WY,17/35,2065,Turf/Dirt
03XA,H1,54,CON
03XS,04/22,3200,TURF-DIRT
03XS,15/33,1600,TURF
04AA,16/34,1300,Turf
04AA,5/23,825,Turf
04AL,H1,100,ASPH
04AR,H1,40,ASPH
04CA,8/26,8000,ASP
04CL,08/26,1900,GRVL-DIRT
04CT,H1,50,TURF
04FA,09/27,2620,TURF
04FL,09/27,3000,TURF
04GA,H1,39,CON
K04I,06/24,2382,TURF-G
04IA,18/36,2310,TURF-G
04ID,07/25,3000,DIRT-F
04IL,N/S,1700,TURF
04IN,13W/31W,4000,WATER
04IS,09/27,2200,TURF
04KY,15/33,1700,ASPH
04LA,H1,40,CONC
04LS,H1,60,CONC-G
04MA,16/34,2100,TURF
04MD,H1,50,ASPH
04ME,15/33,1950,TURF
04MI,18/36,2000,TURF-G
04MN,10/28,2500,TURF
04MS,17/35,3400,ASPH-TURF
04MT,E/W,2100,TURF
04MT,N/S,1900,TURF
04NC,H1,91,ASPH
04NE,N/S,2500,TURF
04NJ,08/26,3500,TURF
04NM,H1,48,CON
04NR,H1,78,CON
04NV,02/20,3240,ASPH
04NY,02/20,5200,TURF
04OG,H1,50,CONC
04OK,H1,40,Mats
04PA,H1,100,CONC
04PN,H1,70,CONC
04SC,H1,50,CONC
04SD,H1/H1,46,CON
04TE,H1,30,TURF
04TN,01/19,3000,ASPH
04TS,H1,20,TURF
04TT,18/36,5134,ASP
04TX,12/30,2000,TURF
04UT,04/22,3700,DIRT
K04V,10/28,7745,GRVL-G
04VA,H1,50,CONC
04VG,01/19,3500,TURF-F
04VG,11/29,1800,TURF-F
04VT,06/24,1300,TURF
K04W,06/24,2751,ASPH-G
04WA,N/S,1800,TURF
04WI,09/27,1800,TURF
04WN,11/29,4100,ASPH
04WV,H1,40,CONC
05AK,01/19,2000,TURF-GRVL
05AL,H1,1600,ASPH
05AL,H2,1600,ASPH
05AL,H3,1600,ASPH
05AL,H4,1600,ASPH
05AL,H5,1600,ASPH
05AL,H6,1600,ASPH
05AN,5/23,1250,GVL
05AR,06/24,2000,TURF
05AZ,H1,40,CONC
05B,NW/SE,4000,WATER
05CA,H1,78,CONC-G
05CL,10/28,3700,ASPH-G
05CO,18/36,2650,TURF
05CT,H1,50,ASPH
05FA,08/26,2950,TURF
05FD,H1,95,TURF
05FL,09/27,2900,TURF
05FL,15/33,1300,TURF
05GA,18/36,2200,ASPH
05IA,09/27,2450,TURF-P
05ID,03/21,2000,TURF-GRVL
05IL,10/28,3200,TURF
05IN,08/26,2000,TURF
05IS,09/27,2000,TURF
05KS,17/35,2300,TURF
05KT,9/27,600,Turf
05KY,02/20,1270,TURF
05LA,18/36,2200,TURF
05LL,H1,120,ASPH
05LS,02/20,2300,TURF
05MA,H1,100,ASPH
05MD,18/36,2700,TURF
05ME,E/W,900,TURF
05MS,H1,40,CONC
05NE,15/33,3210,TURF
05NH,H1,100,TURF
05NJ,H1,60,CONC
05NR,16/34,1235,Turf
05NY,H1,75,ASPH-CONC-G
05OG,H1,50,ASP
05OI,09/27,2000,TURF
05OR,11/29,2600,TURF
05OR,H1,75,TURF
05PA,H1,70,ASPH
05PN,H1,120,ASPH
05PS,06/24,2219,TURF
05S,09/27,2940,TURF-G
05TA,17/35,2200,TURF-G
05TE,15/33,1500,TURF
05TS,17/35,1700,TURF
05TX,15/33,2075,TURF
K05V,03/21,6160,DIRT-G
05VA,18/36,2000,TURF
05VT,H1,80,CONC
05WA,H1,40,CONC
05WI,E/W,1800,TURF
05WN,09/27,1700,TURF-GRVL
05XS,01/19,2600,TURF
05Y,17/35,3199,TURF-G
06AK,02/20,2000,GRVL
06AL,H1,1600,ASPH
06AL,H2,1600,ASPH
06AL,H3,1600,ASPH
06AL,H4,1600,ASPH
06AL,H5,1600,ASPH
06AL,H6,1600,ASPH
06AL,H7,1600,TURF
06AR,16/34,2900,TURF
06AZ,H1,80,CONC
06B,02/20,15000,WATER-E
06CA,H1,20,CONC
06CL,H1,46,CONC
06CO,17/35,4500,TURF
06CT,Hi,50,CON
06FA,09/27,7003,ASPH
06FD,18/36,3400,TURF
06FL,H1,200,TURF
06GA,H1,300,TURF
06I,E/W,16000,WATER
06IA,09/27,1700,TURF
06ID,09/27,2200,GRVL-DIRT
06IL,09/27,2580,TURF
06IS,18/36,2600,TURF
06KS,H1,25,TURF
06LA,H1,39,CONC
06LS,H1,40,CONC
06MA,H1,15,ASPH
06MD,H1,60,CONC
06MI,H1,45,CONC
06MI,H2,45,ASPH
06MO,15/33,3000,ASPH
06MT,E/W,2200,TURF
K06N,08/26,2810,ASPH-G
06NC,09/27,2600,TURF
06ND,08/26,2800,TURF
06NE,H1,130,CONC
06NH,17/35,1900,TURF
06NY,15/33,2000,TURF
06O1,H1,40,CONC
06OH,09/27,2800,TURF
06OI,09/27,2256,TURF-F
06OK,H1,300,TURF
06OR,N/S,1000,GRAVEL
06PA,08/26,2965,TURF-G
06PN,H1,15,CONC
06PN,H2,80,ASPH
06TA,N/S,1900,GRAVEL
06TE,08/26,3500,ASPH
06TN,5/23,2000,TURF-F
06TT,13/31,3129,Turf
06TX,01/19,1680,TURF
06VA,05/23,2000,TURF-G
06WA,H1,60,ASPH
06WN,09/27,2845,ASPH-G
06XS,16/34,1750,TURF
06Y,14/32,2997,ASPH-G
07AL,H1,6000,TURF
07AR,11/29,3000,TURF
07B,16/34,3186,TURF-F
07CL,16/34,2220,ASPH
07CO,02/20,3100,TURF
07FA,04/22,4500,ASP-G
07GA,09/27,1700,TURF
07GE,3/21,1860,Turf
07I,NE/SW,15000,WATER
07IA,18/36,1600,Turf
07II,H1,60,CONC
07IN,N/S,1860,TURF
07K,15/33,3700,CONC-E
07KS,18/36,2000,TURF
07KY,11/29,2000,TURF
07LS,H1,50,CONC
07MA,H1,120,TURF
07MD,17/35,1000,TURF
07ME,H1,900,TURF
07MI,09/27,2904,TURF
07MN,E/W,2600,TURF
07MO,17/35,2700,TURF-GRVL-F
07MT,10/28,13500,CONC-G
K07N,16/34,2200,TURF-F
07NC,08/26,2000,TURF
07NH,05W/23W,2500,WATER
07NH,17W/35W,2500,WATER
07NJ,H1,45,ASPH
07NY,H1,50,ASPH
07OK,17/35,2400,TURF
07OR,17/35,1200,TURF
07PN,09/27,2000,TURF
07PR,H1,45,CON
07TA,06/24,2204,TURF
07TA,H1/H1,200,CONC-TURF
07TE,13/31,5000,ASPH
07TS,17/35,2500,TURF
07TX,H1,400,TURF
07VA,16/34,1600,TURF
07VT,05/23,526,TURF
07VT,14/32,595,TURF
07WA,H1,53,CONC
07WY,13/31,2200,Turf
07XA,H1/-,37,CON
07XS,H1,30,CONC
07Y,16/34,2902,TURF-G
08AK,01/19,1200,GRVL
08AL,9W/27W,4000,Water
08AN,7/25,1300,GVL
08AZ,H1,42,CONC
08B,14/32,1935,TURF-G
08CA,H1,60,ASPH
08CL,E/W,2000,DIRT
08CN,H1,50,CONC
08CO,09/27,2600,TURF
08CT,01/19,4700,WATER
08F,18/36,3862,CON
08FA,09/27,3165,TURF
08FD,18/36,4138,TURF
08FL,03/21,2500,TURF
08G,H1,60,ASPH-G
08GA,03/21,5000,TURF
08GE,H1,50,CON
08ID,NW/SE,2500,GRAVEL
08II,H1,30,CONC
K02D,13W/31W,5000,WATER
08IS,18/36,1320,TURF
08KS,17/35,2500,GRAVEL
08KT,H1,40,CON
08KY,09/27,2500,TURF-G
08LA,H1,30,TURF
08LL,18/36,2190,TURF-G
08LS,18/36,2000,TURF
08MA,04/22,1000,ASPH
08MD,H1,45,MATS
08ME,13/31,3200,TURF-F
08MI,H1,60,ROOF-TOP
08MN,18/36,11088,WATER
08MO,03/21,2640,TURF
08MO,18/36,2140,TURF
08MS,07/25,3725,ASPH-TURF
08MT,07/25,2600,DIRT
08N,07/25,2692,TURF-G
08NC,18/36,3200,TURF
08ND,17/35,1300,TURF
08NE,11/29,3000,TURF-G
08NH,H1,80,CONC
08NJ,H1,90,ASPH
08NR,2/20,1400,Turf
08NY,01/19,550,TURF
08NY,10/28,500,TURF
08OH,E/W,3000,TURF
08OK,08/26,1800,TURF
08OL,18/36,1029,Turf
08OR,18/36,2800,GRVL
08PA,H1,200,TURF
08PN,H1,50,ASPH
08R,11/29,2129,ASPH-P
08SD,H1,42,CON
08TA,H1,200,TURF
08TT,4/22,2015,CON
08TX,09/27,2100,TURF
08TX,18/36,1800,TURF
K08U,01/19,3600,DIRT-F
08UT,10/28,5200,Dirt
08VA,09/27,1200,TURF
08XS,03/21,2350,TURF
09AA,H1/H1,22,Deck
09AK,06/24,1300,TURF
09AR,H1,135,ASPH
09AZ,06/24,2350,DIRT
09CA,H1,65,ASPH
09CL,01/19,2834,ASPH-F
09CN,H2,50,CONC
09CO,09/27,3200,TURF
09FA,18/36,4800,ASPH-E
09FD,18/36,2649,TURF
09FL,H1,46,Turf
09GA,09/27,2400,TURF
09I,05/23,5000,WATER
09I,08/26,5000,WATER
09IA,09/27,2700,ASPH-TURF
09ID,09/27,2300,TURF
09II,E/W,1600,TURF
09IN,09/27,2200,TURF
09IN,18/36,2200,TURF
09IS,H1,39,CONC
09KS,17/35,2500,TURF
09KY,H1,50,CONC
09LA,H1,50,CONC
09LL,17/35,2300,TURF
09LS,H1,40,CONC
09MA,09/27,1700,TURF
09MA,15/33,2000,TURF
09MD,H1,40,Concrete/Turf
09ME,04/22,2000,TURF
09MI,H1,40,CONC
09MO,E/W,1320,TURF
09MT,7/25,4018,Turf
09N,02/20,1863,TURF-F
09NC,16/34,2400,TURF
09NE,18/36,2500,TURF
09NJ,H1,100,TURF
09NR,9/27,1800,Turf
09NR,H1/H1,24,CON
09NR,H2/H2,24,CON
09NV,H1,40,CON
09NY,H1,100,ASPH
09OH,H1,35,Concrete/Dirt
09OK,01/19,2500,TURF
09OR,H1,50,TURF
09PA,06/24,2300,TURF
09S,16/34,1765,TURF-P
K09T,17/35,1600,TURF-P
09TE,16/34,2815,TURF-F
09TN,H1,80,CONC
09TS,09/27,4083,ASPH
09TX,10/28,2340,TURF
09TX,14/32,1220,TURF
09TX,E/W,5200,TURF
09VA,05/23,1100,TURF
09VG,H1,96,CONC
K09W,H1,60,ASPH-G
09WA,H1,60,CONC
09WI,N/S,2500,TURF
09XS,H1,90,CONC
09Y,17/35,8000,WATER
0AA7,18/36,2539,Turf
0AK0,08/26,1050,TURF-G
0AK1,06W/24W,2800,WATER
0AK1,08/26,1800,GRAVEL
0AK2,03/21,1000,TURF-DIRT
0AK3,14/32,1000,TURF
0AK5,02/20,1550,TURF
0AK6,11/29,1800,DIRT
0AK7,06/24,2400,GRVL
0AK9,17/35,2000,GRVL
0AL0,H1,90,ASPH
0AL1,17/35,2640,TURF
0AL2,H1,24,CONC
0AL3,H1,24,CONC
0AL4,H1,30,CONC
0AL5,15/33,2200,TURF
0AL6,H1,49,ASPH
0AL7,H1,30,CONC
0AL8,H1,55,ASPH
0AL9,09/27,2200,TURF
0AR0,H1,60,ASPH
0AR2,18/36,2800,TURF-GRVL
0AR4,H1,11,ASPH
0AR5,H1,42,CONC
0AR6,H1,20,CONC
0AR8,H1,30,CONC
0AR9,H1,10,ASPH
0AZ0,H1,40,MATS
0AZ2,12/30,1500,GRVL
0AZ2,17/35,3500,ASPH
0AZ4,01/19,2900,TURF
0AZ5,17/35,2600,ASPH-DIRT
0AZ6,H1,40,CONC
0AZ6,H2,40,CONC
0AZ6,H3,40,CONC
K0B2,01/19,1730,TURF-F
K0B7,04/22,2575,ASPH-E
K0C1,02/20,2375,ASPH-TRTD-P
K0C2,09/27,2640,TURF-G
K0C5,18/36,3800,TURF-G
IL22,18/36,3980,TURF-G
K0C8,18/36,2831,TURF-G
0CA2,H1,45,CONC
0CA3,10/28,2100,ASPH
0CA4,06/24,3600,TREATED
0CA5,11/29,1400,ASPH
0CA6,04/22,2400,ASPH
0CA9,16/34,3300,ASPH
0CD0,H1,50,CONC
0CD1,H1,45,MATS
0CD2,08/26,2500,TURF-P
0CD2,17/35,5000,TURF-F
0CD4,H1,25,MATS
0CD5,04/22,5050,GRVL
0CD6,H1,40,CONC
0CD7,06/24,956,TURF-G
0CD8,H1,50,CONC-G
0CD9,H1,50,CONC
0CL0,17/35,3720,DIRT
0CL1,07/25,3360,DIRT
0CL1,16/34,2040,DIRT
0CL3,05/23,1800,DIRT
0CL3,09/27,2036,DIRT
0CL4,H1,50,CONC
0CL5,H1,58,CONC
0CL6,09/27,1900,DIRT
0CL7,H1,65,CONC
0CL8,06/24,3500,TURF
0CL8,H1,80,SAND
0CL9,H1,20,CONC
0CO0,H1,100,TURF
0CO1,N/S,2500,TURF
0CO2,11/29,4000,ASPH
0CO4,H1,120,CONC
0CO6,02/20,4500,TURF
0CO6,10/28,4000,TURF
0CO7,H1,152,ASPH
0CO8,17/35,2000,DIRT
0CO9,E/W,2600,GRVL-DIRT
0CT0,H1,36,CONC
0CT1,H1,50,ASPH
0CT2,H1,40,ASPH
0CT3,H1,60,CONC
0CT5,H1,50,CONC
0CT6,H1,65,ASPH
0CT7,H1,66,CONC
0CT8,H1,60,ASPH
0CT9,H1,60,CONC
K0D7,09/27,1955,TURF-G
K0E9,09/27,3270,TURF-F
K0E9,11W/29W,3000,WATER
0FA0,H1,200,TURF
0FA1,09/27,1800,TURF
0FA2,H2,50,CONC
60FA,H1,20,CON
0FA6,H1,45,Roof/Top
0FA7,H1,46,CON
0FD0,09/27,4000,TURF
0FD1,H1,50,ASPH
0FD2,H1,48,CONC
0FD3,08/26,2100,TURF
0FD3,13/31,4000,TURF
0FD5,09/27,2100,TURF
0FD6,02W/20W,3000,WATER
0FD9,04/22,1975,TURF
0FL0,14/32,2300,TURF
0FL1,NWA/NWD,65,Deck
0FL2,05/23,2000,WATER
0FL3,H1,60,CONC
0FL4,H1,100,CONC
0FL5,ALL/WAY,2000,WATER
27FA,18/36,500,TURF
0FL7,H1,35,CONC
0FL8,09/27,2000,WATER
0FL9,09/27,3400,TURF
0FL9,17/35,2750,TURF
K0G0,10/28,2830,ASPH-F
K0G5,03/21,3000,WATER
K0G5,09/27,15000,WATER
0GA0,01/19,2150,TURF
0GA1,13/31,2000,TURF
0GA2,08/26,2600,TURF
0GA3,18/36,2000,TURF
0GA5,H1,100,TURF
0GA6,15/33,2100,TURF
0GA8,03/21,3000,TURF
0GA9,07/25,3500,TURF
0GE0,02/20,2000,TURF
0GE1,04/22,3000,GRVL-TRTD-P
0GE3,06/24,2000,TURF
0GE4,09/27,1045,TURF
0GE4,18/36,1000,TURF
0GE5,N/S,2500,TURF
0GE7,01/19,3000,TURF
0GE9,03/21,2000,TURF
K0H7,10/28,2680,TURF-G
K0I2,09/27,2941,ASPH-G
0IA0,H1,65,CONC
0IA1,H1,42,CONC-G
0IA2,H1,60,CONC
0IA4,09/27,3000,TURF
0IA5,17/35,2000,TURF
0IA7,H1,145,CONC
0IA7,H2,45,CONC
0IA8,18/36,1280,TURF
0IA9,H1,50,TURF
0ID0,07/25,3000,TURF
0ID1,10/28,1900,TURF-G
0ID2,11/29,7507,ASPH
0ID3,07/25,2640,DIRT
0ID4,04/22,3150,TURF
0ID5,05/23,1460,TURF-DIRT-F
67ID,H1,40,CONC
0ID7,02/20,2600,DIRT
0ID8,09/27,800,TURF
0ID9,6/24,2308,Turf/Dirt
0II0,E/W,1500,TURF
0II2,09/27,1300,TURF
0II7,N/S,2500,TURF
0II8,01/19,1400,TURF-G
0II9,18/36,1600,TURF
0IL0,H1,30,CONC-G
0IL1,H1,90,CONC
0IL2,18/36,1600,TURF-G
0IL4,H1,40,CONC-G
0IL6,H1,40,CONC
0IL6,H2,40,CONC
0IL7,18/36,2024,Turf
0IL8,N/S,1600,TURF
0IL9,E/W,2800,TURF
0IN1,15/33,2000,TURF
0IN2,09/27,1300,TURF
0IN2,18/36,2900,TURF
0IN4,NW/SE,2440,ASPH
0IN5,09/27,1200,TURF
0IN9,E/W,2400,TURF
0IS0,H1,40,ASPH
0IS2,H1,60,CONC
0IS3,18/36,2500,TURF-GRVL
0IS6,H1,100,CONC
0IS9,H1,500,TURF
K0J0,17/35,2915,ASPH-G
K0J8,18/36,3917,TURF-F
0JY9,H1,50,CON
K0K6,17/35,1575,TURF-G
0KS0,17/35,2600,TURF
0KS4,18/36,2150,TURF
0KS7,18/36,2000,TURF
0KS8,17/35,1550,TURF
0KS9,05/23,3000,TURF
0KY0,13/31,2300,TURF
0KY1,10/28,3408,ASPH
0KY4,18/36,1675,TURF
0KY5,07/25,2800,TURF
0KY7,N/S,2200,TURF
K0L4,18/36,6100,DIRT-G
K0L6,H1,50,CONC-G
0LA0,H1,25,CONC
0LA1,17/35,3000,TURF
0LA3,09/27,2700,TURF
0LA4,H1,40,CONC
0LA5,H1,400,CONC
0LA7,H1,750,ASPH
0LA8,H1,50,CONC
0LA9,17/35,3600,TURF
0LL0,09/27,2030,TURF
0LL1,18/36,2500,TURF
0LL2,E/W,2600,TURF
0LL3,06/24,3000,TURF
0LL4,09/27,2143,TURF
0LL5,E/W,2230,TURF
0LL6,E/W,2600,TURF
0LL7,H1,40,ASPH
0LS0,02/20,3000,TURF
0LS3,H1,100,TURF
0LS5,18/36,650,TURF
0LS7,04/22,3000,TURF-G
0LS8,18/36,2500,TURF
0LS9,18/36,1530,TURF-GRVL-P
0MA1,H1,60,ASPH
0MA2,H1,60,ASPH
0MA3,H1,1600,ASPH
0MA4,H1,40,CONC
0MA5,H1,100,SOD
0MA6,H1,50,ASPH
0MA9,H1,25,TURF
0MD0,H1,79,CONC
0MD1,08/26,3000,TURF
0MD2,12/30,2200,TURF
0MD2,H1,75,TURF
0MD4,18/36,2600,TURF
0MD6,05/23,1800,TURF
0MD7,H1,100,TURF
0MD9,H1,55,CONC
0ME4,16/34,2000,TURF
0ME7,17W/35W,4000,Water
K5M6,E/W,3500,TURF
0MI3,04/22,1800,TURF
0MI3,13/31,2400,TURF
0MI3,18/36,3700,TURF
0MI4,N/S,3000,TURF
0MI6,18/36,2200,TURF
0MI7,H1,35,CONC
0MI8,17/35,1600,Torf
0MI8,4/22,2800,Turf
0MI9,H1,50,CONC
0MN0,09/27,5500,WATER
0MN2,01/19,11000,WATER
0MN3,06/24,5000,WATER
0MN3,15/33,5000,WATER
0MN4,12W/30W,5000,WATER
0MN6,E/W,2500,TURF
0MN7,H1,120,ASPH
0MN8,18/36,2557,Turf
0MN9,H1,50,CONC
0MO0,12/30,1685,TURF
0MO1,08/26,2100,TURF
0MO2,01/19,1200,TURF
0MO4,H1,18,CONC
0MO5,N/S,1800,TURF
0MO7,H1,65,CONC
0MO8,17/35,2600,TURF
0MS0,04/22,3200,ASPH
0MS2,18/36,2300,TURF
0MS3,H1,30,CONC
0MS6,H1,240,TURF-G
0MS8,18/36,4000,TURF
0MS9,12/30,3200,TURF
0MT1,03/21,1500,DIRT
0MT2,H1,30,CONC
0MT3,H1,40,TURF
0MT4,NE/SW,1000,TURF
0MT5,17/35,750,TURF
0MT6,08/26,2400,TURF
0MT7,14/32,3800,TURF
0MT8,H1,100,ASPH-TURF
0MT9,12/30,1500,TURF
0MU1,09/27,2000,TURF
0MU2,H1,20,CONC
0MU3,H1,60,CONC
0MU4,11/29,1700,TURF
0MU5,H1,30,CONC
0MU6,H1,60,CONC
0MU7,18/36,2600,TURF
0MU8,16/34,800,TURF
0MY0,H1,200,GRVL
0MY1,H1,30,CONC
0N0,18/36,2780,ASPH-G
K0N4,04/22,2533,ASPH-P
K0N5,H1,60,ASPH-G
0N6,15/33,2048,TURF-G
0NA1,08/26,3400,TURF
0NA5,17/35,2200,TURF
0NA9,13/31,2200,TURF
0NC0,H1,50,CONC
0NC2,H1,78,CONC
0NC3,H1,70,TURF
0NC4,H1,70,CONC
0NC5,H1,40,CONC
0NC6,H1,200,TURF
0NC7,03/21,1700,TURF
0NC8,03/21,2300,TURF
0NC9,H1,60,CONC
0ND0,17/35,2600,TURF
0ND6,08/26,1600,TURF
0ND7,N/S,2600,TURF
0NE0,NE/SW,2300,TURF
0NE0,NW/SE,1800,TURF
0NE1,E/W,2500,TURF
0NE3,H1,40,CONC
0NE4,H1,30,CONC
0NE6,17/35,3500,ASPH
0NJ0,H1,51,MATS
0NJ1,H1,200,ASPH-G
0NJ2,H1,200,TURF
0NJ3,H1,305,ASPH-TURF
0NJ4,H1,40,CONC
0NJ6,E/W,2950,TURF
0NJ7,H1,75,GRAVEL
0NJ8,H1,75,ASPH
0NJ9,H1,85,ASPH
0NK0,11/29,1700,TURF
0NK1,18/36,2100,TURF
0NK2,10/28,3000,TURF
0NK3,16/34,2700,TURF
0NK4,H1,40,CONC
NY92,14/32,1265,Turf
NY92,16/34,1440,Turf
0NK7,H1,50,CONC-G
0NM0,08/26,4210,GRAVEL
0NM7,03/21,4000,TURF-GRVL-F
0NM7,17/35,7500,TURF-GRVL-F
0NV1,H1,40,CONC
0NY0,NW/SE,3000,TURF
0NY1,03/21,1360,TURF
0NY3,13/31,1600,GRAVEL
0NY4,H1,35,Asph/Conc
0NY6,H1,25,CONC
0NY7,04/22,2000,GRAVEL
0NY8,09/27,1700,TURF
0O0,ALL/WAY,15840,WATER
K0O4,16/34,2702,ASPH-F
0O9,06/24,2990,ASPH-G
0OH1,H1,40,TURF
0OH3,H1,70,CONC
0OH6,04/22,800,TURF
0OH7,09/27,1300,GRAVEL
0OH7,18/36,2200,TURF
0OH8,03/21,3000,ASPH
0OI0,H1,12,CONC
0OI2,14/32,2200,TURF
0OI3,09/27,1900,TURF
0OI6,18/36,2600,TURF
0OI9,10/28,1100,TURF
0OK1,N/S,2300,TURF
0OK3,16/34,5000,ASPH
0OK4,04/22,2350,GRVL
0OK5,N/S,2000,TURF
0OK6,18/36,2400,TURF
0OK7,H1,50,CONC
0OK9,01/19,3000,TURF
0OK9,09/27,2600,TURF
0OR0,H1,40,ASPH
0OR2,H1,50,TURF
0OR3,10/28,1950,GRAVEL
0OR4,H1,60,ASPH
0OR6,16/34,2900,DIRT
0OR7,16/34,1800,TURF
0OR8,07/25,2500,TURF-F
0OR9,16/34,1900,ASPH
0P1,16/34,2590,TURF-P
K0P2,06U/24U,1000,TURF-E
K0P2,15/33,1000,TURF-E
3PA2,01/19,1716,TURF
3PA2,07/25,2450,TURF
3PA2,13/31,1400,TURF
0PA1,H1,80,ASPH
0PA2,11/29,1200,TURF
0PA3,17/35,1977,TURF
0PA4,18/36,1515,TURF
0PA5,10/28,2550,TURF-F
0PA6,NE/SW,1800,TURF
0PA8,H1,90,CONC
0PA9,H1,200,ASPH
0PN0,04/22,1200,TURF
0PN1,06/24,7500,WATER
0PN3,H1,80,CONC
0PN4,07/25,500,TURF-G
0PN5,E/W,2400,TURF
0PN6,NE/SW,1730,TURF
0PN7,13/31,2800,TURF-G
0PN8,NE/SW,2000,TURF
0PS0,01/19,2200,TURF
0PS3,06/24,1800,TURF
0PS4,06/24,2400,TURF
0PS5,H1,30,CONC
0PS6,H1,120,TURF
0PS7,08/26,1900,TURF
0PS8,H1,65,CONC
0PS9,H1,35,ASPH
0Q3,07/25,2700,ASPH-G
0Q3,17/35,1513,ASPH-G
0Q4,10/28,2206,ASPH-F
0Q9,08/26,2490,ASPH-F
0R2,18/36,2940,TURF-G
0R7,17/35,5000,ASPH-G
K0S1,17/35,2830,TURF-P
0S5,15/33,2400,ASPH-G
0SD0,15/33,3000,TURF
0SD1,08/26,1726,TURF
0SD2,H1,40,CONC
0SD3,09/27,3700,GRAVEL
0SD4,H1,60,ASPH
0SD5,H1,16,CONC
0SD7,NW/SE,2000,TURF
0SD9,H1,20,WOOD
0TA0,H1,100,ASPH
0TA2,E/W,2300,TURF
0TA2,N/S,4000,DIRT
0TA4,15/33,1742,TURF
0TA5,H1,200,TURF
0TA7,05/23,5000,TURF
0TA7,12/30,5200,ASPH
0TA7,15/33,5100,TURF
0TA9,H1,35,CONC
0TE0,03/21,2650,GRAVEL
0TE0,13/31,3250,GRAVEL
0TE1,H1,100,DIRT
0TE2,H1,800,ASPH
0TE4,16/34,3000,ASPH
0TE5,17/35,5992,ASPH
0TE6,16/34,2575,DIRT
0TE7,17/35,6291,ASPH
0TN0,17/35,1750,TURF
0TN1,03W/21W,8000,WATER
0TN1,09W/27W,5000,WATER
0TN1,13W/31W,7000,WATER
0TN2,05/23,1200,TURF
0TN3,H1,62,CONC
0TN4,H1,50,CONC
0TN5,09/27,2350,TURF
0TN6,08/26,1050,TURF
0TN7,H1,45,CONC
0TN8,H1,75,CONC-G
0TN9,H1,46,CONC-G
0TS1,17/35,1750,TURF
0TS4,18/36,1800,TURF
0TS5,05/23,3200,TURF
0TS6,H1,20,TURF
0TS7,18/36,2800,TURF
0TS8,ALL/WAY,910,TURF-DIRT
0TX0,14/32,2800,TURF
0TX1,18/36,3500,ASPH
0TX2,H1,100,ASPH
0TX3,H1,20,CONC
0TX4,H1,50,CONC
0TX5,17/35,1800,TURF
0TX6,14/32,2025,TURF
0TX8,17/35,2297,Turf
0TX9,09/27,2300,TURF
0TX9,18/36,2000,TURF
K0U0,16/34,4000,TURF-DIRT-F
K0U1,02/20,2850,TURF-G
K0U2,12/30,4700,TURF-F
K0U3,03/21,2150,DIRT-F
K0U7,05/23,2500,TURF-F
K0U8,09/27,4950,TURF-F
K0U9,08/26,2875,ASPH-E
0VA1,14/32,2000,TURF
0VA2,14/32,2000,TURF
0VA3,04/22,2200,TURF
0VA4,17/35,2100,TURF
0VA6,H1,100,ASPH
0VA8,14/32,1800,TURF
0VA9,02/20,1000,TURF
0VI1,05/23,3000,TURF
K0W0,18W/36W,9500,WATER-E
K0W7,12W/30W,10000,WATER
0WA0,H1,48,CONC
0WA1,16/34,2000,TURF
0WA2,N/S,2135,TURF
0WA4,H1,100,ASPH
0WA5,H1,24,CONC
0WA5,H2,24,TURF
0WA6,H1,70,ASPH
0WA7,H1,20,CONC
0WA8,H1,40,CONC
0WA9,H1,100,CONC-G
0WI0,H1,43,ALUM
0WI1,03W/21W,10000,WATER
0WI1,04/22,2300,ASPH
0WI2,03/21,2600,TURF
0WI3,H1,60,CONC
0WI4,08/26,3200,ASPH
0WI5,09/27,2000,TURF
0WI6,E/W,1300,TURF
0WI7,09/27,2100,TURF
0WI7,18/36,1500,TURF
0WI8,09/27,1200,TURF
0WI8,18/36,1400,TURF
0WI9,18/36,2600,TURF
0WN0,09/27,1050,TURF
0WN1,12/30,2800,DIRT
0WN2,07/25,1200,TURF-F
0WN4,H1,100,CONC
0WN5,10U/28U,150,TURF
0WN6,H1,12,TURF
0WN7,H1,40,ASPH
0WN8,H1,38,MATS
0WS7,18/36,1400,Turf
0WS7,9/27,900,Turf
0WY0,18/36,2000,TURF
0WY1,06/24,3400,DIRT
0XA0,H1,61,CONC
0XA0,H2,56,CONC
0XA1,H1,30,CON
0XA2,H1,40,CONC
0XA3,H1,27,CONC
0XA3,H2,30,CONC
0XA4,15/33,5005,ASPH-G
0XA5,13/31,3800,ASPH
0XA6,H1,50,TURF
0XA7,10/28,2400,TURF
0XA7,H1,150,ASPH
0XA9,H1,46,CONC
0XS0,08/26,3300,TURF
0XS0,15/33,2500,TURF
0XS1,14/32,1500,TURF
0XS2,04/22,3700,GRAVEL
0XS3,H1,30,CONC
0XS4,H1,50,CONC
0XS6,17/35,3000,TURF
0XS7,13/31,6000,ASPH
0XS8,12/30,3200,GRVL
0XS9,17/35,1200,TURF
0Y4,17/35,2500,ASPH-TURF-P
K0Y6,18/36,3380,TURF-G
AA15,NE/SW,1400,WATER
10AK,07/25,800,GRVL
10AL,H1,65,CONC
10AN,12/30,1800,Turf/Dirt
10AZ,08/26,3407,ASPH-DIRT
10CA,H1,30,CONC
10CN,H1/H1,60,ASP
10CT,H1,100,Turf
K10D,09/27,3248,TURF-G
10TT,18/36,3600,TURF-G
10FA,11/29,2575,ASPH
10FD,01/19,1500,TURF
10FL,H1,65,ASP
10GA,15/33,2100,TURF-G
10IA,17/35,2405,TURF-G
10ID,NE/SW,3000,GRAVEL
10II,H1,40,ASPH
10IL,H1,300,CONC
10KS,H1,64,ASPH-CONC
10LA,18/36,2144,TURF
10LA,H1,50,TURF
10MA,01/19,4000,WATER
10MI,H1,100,CONC
10MN,01W/19W,4000,WATER
10MN,11W/29W,4000,WATER
10MT,E/W,1500,TURF
10MT,N/S,2000,TURF
10MT,NW/SE,1600,TURF
10MU,H1,65,ASPH
10NC,13/31,2450,TURF
10ND,09/27,1300,TURF
10ND,18/36,1800,TURF
10NH,H1,45,TURF
10NK,H1,40,ASP
10OH,16/34,1400,TURF-GRVL
10OK,17/35,2600,TURF
10PA,H1,30,TURF
10PN,H1,200,CONC
10SC,H1,200,ASP
10TA,H1,300,TURF
10TN,05/23,1200,DIRT
10TX,H1,50,CONC
10UT,H1,100,ASPH
10VA,05/23,1800,ASPH
10VG,H1/H1,30,ASP
10WI,18/36,2100,TURF
10WY,05/23,4500,GRASS
10XA,14/32,2300,ASP
10XS,17/35,2700,TURF
11AK,08/26,2200,GRVL-P
11AK,15/33,1000,GRAVEL-P
11AL,H1,1600,ASPH
11AL,H2,1482,ASPH
11AL,H3,1238,ASPH
11AL,H4,1000,ASPH
11AL,H5,1600,ASPH
11AR,H1,60,ASPH
11AZ,08/26,3850,TURF-DIRT-P
11CA,07/25,1800,TRTD-DIRT
11CL,07/25,5875,DIRT
11CO,H1,40,CON
11FA,18/36,2465,TURF
11FD,H1,30,ASPH-G
11FL,18/36,3000,TURF
11GE,H1,50,ASPH
11IA,18/36,1320,TURF-G
KHBE,18/36,4039,ASPH
11IL,H1,44,ASPH
11IN,E/W,2700,GRAVEL
11IS,H1,40,CONC
11KY,H1,85,CONC
11LA,03/21,2000,WATER
11LA,18/36,2000,WATER
11LA,H1,48,CONC-G
11LL,N/S,2250,TURF
11LS,07/25,2200,TURF
11LS,09/27,2500,TURF
11M,17/35,3000,ASPH-P
11MA,04/22,1200,TURF
11MD,16/34,2500,TURF
11MO,18/36,2100,TURF
11MT,10/28,1257,GVL
11MT,18/36,1769,GVL
K11N,17/35,2900,TURF-G
11NC,H1,40,CONC
11NJ,H1,100,TURF
11NK,03/21,2400,TURF
11OA,11/29,2300,TURF
11OG,10/28,2400,DIRT-F
11PN,03/21,2500,TURF
K11S,08/26,2997,ASPH-P
11TE,15/33,1900,TURF-F
11TS,02/20,2370,TURF
11TX,17/35,2000,TURF
11VA,H1,45,CONC
11VG,15/33,1800,TURF
11WA,03/21,2400,TURF
11WN,09/27,3000,WATER
11WN,17/35,1800,WATER
K11Y,09/27,1463,TURF
K11Y,18/36,1680,TURF
K12A,18/36,3133,ASPH-G
12AL,H1,1600,ASPH
12AL,H2,1600,ASPH
12AL,H3,1600,ASPH
12AL,H4,1600,ASPH
12AR,18/36,2600,TURF
12AZ,E/W,2400,GRAVEL
12CA,07/25,1800,TRTD-DIRT
12CL,14/32,2790,ASPH-G
12CO,17/35,1400,DIRT
12FD,H1,40,CONC
12FL,02W/20W,2463,WATER
12FL,08W/26W,2721,WATER
12GA,H1,50,CONC
12GE,07W/25W,2100,WATER
K12I,18/36,16000,WATER
K12I,N/S,25000,WATER
12IA,09/27,1350,TURF
12ID,N/S,2000,TURF
12II,E/W,2500,TURF
12IL,E/W,1300,TURF
12IN,08/26,1930,TURF
12IS,H1,50,CONC
12JY,B1,320,TURF
12KS,17/35,2600,TURF
12KY,13/31,2500,TURF
12LA,18/36,3613,TURF
12LS,01/19,2100,TURF-G
12MA,H1,400,TURF
12MD,H1,40,CONC
12ME,15/33,1500,TURF
12MI,18/36,1852,TURF
12MT,02/20,1780,TURF-P
12MT,16/34,1640,TURF-F
12NC,01/19,3575,ASPH
12NC,05/23,3678,ASPH
12NC,10/28,3500,ASPH
12ND,14/32,1385,TURF
12NE,17/35,2000,TURF
12NH,05/23,1800,TURF
12NK,01/19,2600,TURF-G
12NR,H1,55,CON
12OA,H1,60,CONC-G
12OH,17/35,1030,TURF
12OR,06/24,2200,DIRT
12PA,H1,180,CONC
12PN,H1,60,ASPH
12PS,H1,65,TURF
K12S,14/32,2104,GRVL-TRTD-F
12SC,11/29,1700,TURF
K12T,H1,40,CONC-E
12TA,H1,20,CONC
12TE,H1,50,CON
12TN,05/23,2600,ASPH-G
12TS,17L/35R,1600,ASPH
12TS,17R/35L,1600,ASPH
12TT,2/20,2480,Turf
12TX,16/34,2000,TURF
12VA,14/32,2150,TURF
12WA,03/21,1550,TURF
12WI,H1,60,ASPH
12WV,18/36,1292,Turf
12WV,6/24,1053,Turf
12WY,16/34,2500,TURF
12XS,18/36,2450,TURF
13AK,09/27,980,TURF
13AL,H1,1600,ASPH
13AL,H2,1600,ASPH
13AL,H3,1600,ASPH
13AL,H4,1600,ASPH
13AL,H5,1600,ASPH
13AL,H6,1600,ASPH
13AR,H1,40,CONC
13AZ,03/21,1100,DIRT
13CA,H1,20,ASPH-CONC
13CA,H2,20,ASPH-CONC
13CA,H3,20,ASPH-CONC
13CL,16/34,1950,GRAVEL
13CO,H1,15,CONC-G
K13D,H1,18,CONC-G
13FA,18/36,2300,TURF-G
13FL,H1,500,CONC
13FL,H2,300,CONC
13GA,16/34,3400,TURF
13GE,11/29,2600,TURF
13IA,09/27,850,TURF
13ID,N/S,1600,TURF
13II,H1,50,CONC
13IN,18/36,2200,TURF-P
13JY,H1,50,ASPH
13KS,17/35,2000,TURF
13KY,18/36,2000,TURF
13LA,H1,50,CONC
13LA,H2,50,CONC
13LA,H3,50,CONC
13LA,H4,50,CONC
13LL,H1,25,CONC
13M,B1,900,TURF
13ME,09/27,2100,ASPH
13MI,H1,60,TURF
13MO,04/22,2000,TURF
13MS,18/36,3000,TURF
13MT,E/W,2300,TURF
13NC,01/19,4000,ASPH
13NC,05/23,4200,ASPH
13NC,09/27,4100,ASPH
13NE,N/S,2600,TURF
13NH,H1,33,Turf
13NJ,H1,50,ASPH
13NK,H1,75,TURF
13NM,12/30,3840,DIRT-G
13NR,14/32,1900,Turf
13NY,H1,60,CONC
13OI,H1,25,TURF
13OK,H1,40,CONC
13OR,12/30,1950,TURF
13PA,10/28,2225,ASPH
13PN,12/30,880,TURF
13PS,H1,80,CONC
13Q,06/24,5200,DIRT-P
13S,ALL/WAY,5000,WATER
13TE,04/22,2330,ASPH-TURF
13TN,H1,37,CONC
13TS,11/29,3000,DIRT
13VA,H1,65,ASPH
13VG,H1,80,TURF
13W,16/34,1750,ASPH-G
13WI,09/27,3000,TURF-GRVL
13WI,18/36,2500,TURF-GRVL
13XA,15/33,2500,Turf
13XS,H1,48,CONC-G
13Y,09/27,3000,TURF-G
13Z,E/W,10000,WATER
14AK,18/36,1300,GRAVEL
14AL,H1,1600,ASPH
14AL,H2,1600,ASPH
14AL,H3,1600,ASPH
14AL,H4,1600,ASPH
14AL,H5,1600,ASPH
14AZ,06/24,4300,ASPH-TRTD
14CA,H1,40,CONC
14CL,H1,65,CONC
14CO,5/23,2500,Turf
14CT,H1,80,CONC
14GA,H1,20,TURF
14GE,H1,50,TURF
14IA,18/36,2780,Turf
14ID,02/20,1900,DIRT
14IS,H1,40,CONC
14KS,18/36,2600,TURF
14KY,13/31,2240,TURF
14L,H1,50,CONC
14LL,H1,40,CONC
14LS,H1,400,TURF
14ME,16/34,1100,TURF-G
14MN,H1,52,CONC
14MS,03/21,1600,TURF
14MS,08/26,3500,ASPH-TURF
14N,08/26,2020,TURF-G
14NC,05/23,4526,CONC
14NC,18/36,5000,CONC
14ND,NW/SE,2120,TURF
14NH,H1,50,ASPH
14NJ,H1,200,TURF
14NK,02/20,1800,TURF
14NR,H1,57,Concrete Rooftop
14NR,H2,57,Concrete Rooftop
14NY,H1,44,TURF
14OH,02/20,2000,TURF
14OI,07/25,2500,TURF
KUSW,10/28,4549,ASPH-E
14PA,N/S,1300,TURF
14PS,10/28,1140,TURF
14S,12/30,2318,ASPH-G
14SC,H1,38,CON
14SN,H1,40,CONC
14TE,12/30,2700,TURF-DIRT
14TN,H1,150,TURF
14TS,16/34,6010,ASPH
14TT,13/31,2000,Turf
14TX,16/34,2000,ASPH
14UT,H1,50,CON
14VA,01/19,1900,TURF
14VT,6/24,1794,Turf
14WA,16/34,2600,TURF
14WI,H1,90,TURF
14WS,15/33,2450,TURF
14WV,H1,30,CONC-G
14XA,14/32,1800,Turf
14XS,01/19,1800,TURF
K15A,03/21,2000,TURF-F
15AK,02/20,2095,GRAVEL-F
15AL,H1,500,ASPH
15AL,H2,500,ASPH
15AL,H3,700,ASPH
15AL,H4,650,ASPH
15AR,14/32,2500,ASPH-TURF
15CA,H1,100,ASPH
15CO,H1,50,CONC-G
15FA,H1,71,CON
15FL,09/27,2600,TURF
15FL,18/36,3500,ASPH
15G,03/21,2410,ASPH-G
15GA,12/30,2500,TURF
15ID,12/30,1750,TURF
15II,H1,250,TURF-G
15IL,18/36,2900,TURF
15IN,18/36,1500,TURF
15KS,18/36,2300,TURF
15KY,11/29,2540,TURF
15LL,08/26,2500,TURF
15LS,H1,44,CONC
15MA,12/30,700,TURF
15ME,07/25,2600,TURF
15MI,H1,30,CONC
15MN,05/23,2500,TURF
15MN,14/32,2000,TURF
15MO,16/34,2295,TURF-F
15MT,E/W,1500,TURF
15N,12/30,2035,TURF-G
15N,18/36,2842,TURF-G
15NC,14/32,1800,TURF
15NE,03/21,2900,TURF
15NH,H1,20,CONC
15NJ,H1,100,TURF
15NY,H1,50,ASPH
15OH,H1,50,CONC
15OI,H1,400,TURF
15OR,H1,60,TURF
15PN,H1,66,ASPH
15PS,H1,50,ASPH-G
15TA,16/34,3200,TURF
15TE,H1,60,CONC
15TN,H1,40,CONC
15TS,H1,20,CONC
15TT,9/27,800,Turf
15VA,02/20,1950,TURF
15W,09/27,1880,TURF-F
15WA,16/34,2150,TURF
15WI,E/W,2600,TURF
15XS,06/24,1915,TURF
PPIT,18/36,2420,GRVL-G
PPIT,NE/SW,3000,WATER
16AK,04/22,1200,ASPH-F
16AL,H1,1600,ASPH
16AL,H2,1600,ASPH
16AL,H3,1600,ASPH
16AL,H4,1600,ASPH
16AL,H5,1600,ASPH
16AL,H6,1600,ASPH
16AR,06/24,2000,TURF
16AZ,02/20,2900,DIRT
16CA,H1,150,ASPH
16CL,H1,40,CONC
16CO,09/27,1800,TURF
16DE,H1,50,CONC
16FA,12/30,2680,TURF
16FD,09/27,3400,TURF
16FL,18/36,2895,TURF
16GA,H1,25,CONC
16IA,18/36,2400,TURF
16ID,H1,75,CONC
16IL,E/W,2000,TURF
16IL,N/S,2000,TURF
16IN,H1,70,CONC
16IS,03/21,2200,TURF
16K,NW/SE,10000,WATER
16KS,9/27,2100,Turf
16LA,H1,65,CONC
16LL,H1,100,TURF
16MA,H1,225,ASPH
16MD,09/27,1800,TURF
16MI,09/27,1300,TURF
16MO,04/22,1900,TURF
16MS,H1,50,ASPH
16MT,17/35,3300,GRAVEL
16NC,01/19,1524,TURF
16NC,10/28,2600,TURF
16ND,18/36,2300,Turf
16NE,18/36,4990,TURF
16NH,15W/33W,3700,WATER
16NH,18W/36W,3300,WATER
16NJ,ALL/WAY,15000,WATER
16NK,H1,50,CONC
16OH,01/19,2000,Turf
16OI,18/36,2600,TURF
16PA,09/27,2500,TURF
16PN,H1,100,ASPH
K16S,03/21,2600,ASPH-E
16SC,16/34,3800,TURF
16TA,18/36,6213,GRVL
16TE,09/27,2700,ASPH
16TN,H1,75,CONC
16TS,17/35,1500,TURF
16UT,9/27,1000,Turf
16VG,4W/22W,5191,WAT
K16W,07/25,3400,GRVL-G
16WA,06/24,1515,DIRT-G
16WI,11/29,10000,WATER
16WI,17/35,10000,WATER
16X,17/35,3000,ASPH-F
16XS,04/22,2000,TURF
16Z,N/S,4000,WATER-E
17AK,H1,150,CONC
17AL,H1,2000,ASPH
17AL,H2,2000,ASPH
17AL,H3,2000,ASPH
17AL,H4,2000,ASPH
17AL,H5,1000,TURF
17AL,H6,200,TURF
17AR,18/36,2200,TURF-G
17AZ,H1,42,ROOF-TOP
17CL,14/32,1300,GRAVEL
17CO,09/27,2500,TURF
17FA,03W/21W,5000,WATER
17FA,09W/27W,6000,WATER
17FA,18/36,2500,TURF
17FL,09/27,3457,TURF
17FL,18/36,7380,ASPH
17GA,09/27,2500,TURF
17ID,11/29,2725,TURF-DIRT
17II,09/27,2600,TURF
17IN,NE/SW,3100,TURF
17KY,17/35,2000,TURF
17LS,04/22,3300,TURF
17MA,H1,200,TURF
17MD,H1,46,Rooftop
17ME,13/31,1600,TURF
17MI,H1,25,CONC
17MO,08/26,3000,TURF
17MS,H1,60,CONC
17MT,12/30,3000,TURF
17MT,16/34,2600,TURF
17NC,15/33,2100,TURF
17NE,H1,40,CONC
17NH,H1,12,WOOD
17NJ,H1,50,ASPH
17NK,17/35,2800,TURF
17NR,10/28,600,Turf
17NR,18/36,2000,Turf
17OG,H1,35,CON
17OH,N/S,2900,TURF
17OI,13/31,1920,TURF-G
17OR,13/31,2300,TURF
17PN,H1,60,CONC
17PS,01/19,2170,TURF
17S,07/25,2285,ASPH-G
17TA,H1,100,ASPH-CONC
17TE,14/32,1950,TURF
17TN,03/21,1000,TURF
17TN,08/26,1500,TURF
17TS,H1,50,CONC
17TX,17/35,3200,ASPH
17WA,H1,20,CONC
17WI,18/36,2500,TURF
17WT,18/36,2460,Turf
17XS,01/19,6295,ASPH-G
18AA,8/26,1651,Turf
18AK,H1,120,ASPH
18AL,H1,1000,ASPH
18AL,H2,1000,ASPH
18AL,H3,1000,ASPH
18AL,H4,1000,ASPH
18AR,11/29,1500,TURF-G
18AZ,06/24,4029,ASPH
18CA,H1,50,CONC
18CL,15/33,2600,ASPH-GRVL
18CO,H1,60,TURF-G
18FD,09/27,3015,TURF
18FL,4W/22W,3700,WAT
18GA,16/34,2600,ASPH
18GE,16/34,2242,Turf
18HI,10/28,2755,Turf
18ID,H1,45,TURF
18II,18/36,2600,TURF-G
18IL,H1,44,CONC
18JY,06/24,2283,TURF-F
18K,03/21,2310,TURF-F
18KS,17/35,2500,TURF-GRVL
18KY,H1,40,CONC
18LA,H1,3000,TURF
18LS,H1,100,TURF
18MA,H1,40,CONC-G
18MD,H1,46,CONC
18ME,17/35,1400,TURF
18MN,E/W,2600,TURF
18MO,18/36,3005,TURF
18MS,12/30,2688,Turf
18MT,02/20,1200,DIRT
18NC,03/21,750,TURF
18ND,8/26,2150,Turf
18NE,04/22,3700,TURF
18NJ,H1,100,TURF
18NR,15/33,2100,Turf
18NY,05/23,2000,TURF
18OH,09/27,2600,TURF
18OI,18/36,2520,TURF
18OK,H1,50,CONC
18OR,16/34,1200,TURF
18PA,14/32,1850,TURF
18PN,05/23,1640,TURF
18TA,16/34,4500,ASPH
18TE,08/26,5093,ASPH-G
18TN,H1,50,CONC
18TX,16/34,3500,TURF
18VA,H1,50,ASPH-G
18WA,H1,75,GRVL
18WI,H1,2300,TURF
18WV,08/26,1700,TURF
18XS,17/35,2400,DIRT
18Y,16/34,2900,TURF-G
19AK,05/23,3430,GRAVEL-F
19AL,H1,1300,ASPH
19AL,H2,1300,ASPH
19AL,H3,1350,ASPH
19AL,H4,1270,ASPH
19AR,09/27,1700,TURF
19AZ,17/35,3300,ASPH
19CN,H1,60,Dirt
19CO,H1,55,CONC
19FD,H1,19,CONC
19FL,H1,47,CONC
19GA,14/32,3000,TURF
19IA,18/36,3400,TURF-G
19ID,H1/H1,43,Turf
19II,H1,30,CONC
19KS,H1,25,CONC
19KY,18/36,2200,TURF
19LL,18/36,1940,TURF-G
19LS,H1,40,CONC
19MA,H1,200,TURF
19MI,H1,60,CONC
19MT,6/24,6000,ASP
19NC,17/35,2400,TURF
19ND,08/26,2600,TURF
19NE,N/S,4000,TURF
19NH,H1,20,GRVL
19NK,01/19,1600,TURF
19NR,H1,54,CON
19NY,17/35,2500,TURF
19OI,H1,25,ASPH
19OR,07/25,2500,DIRT
19P,NW/SE,4000,WATER
19PA,03/21,500,TURF
19SC,15/33,2200,TURF
19T,NW/SE,13000,WATER-E
19TA,15/33,3100,TURF
19TN,08/26,2200,TURF
19TT,08/26,913,Turf
19VA,N/S,1600,TURF
19VT,H1,42,CON
19WA,15/33,2300,TURF
19WI,N/S,2200,TURF
19XA,H1,60,CON
19XS,16/34,2500,TURF
1A1,03/21,2275,TURF-DIRT-F
1A2,17/35,3100,TURF-G
18NV,07/25,3170,DIRT-G
18NV,18/36,3770,DIRT-G
1AA1,06/24,5600,Ice
1AK0,H1,70,WOOD
1AK1,13/31,2250,DIRT
1AK2,13/31,1160,TURF-GRVL
1AK4,07/25,2100,GRAVEL
1AK5,H1,40,CONC
1AK5,H2,40,CONC
1AK5,H3,40,CONC
1AK6,08/26,1800,GRVL
1AK7,H1,40,CONC
1AK8,18/36,950,DIRT
1AL0,H1,40,CONC
1AL1,H1,51,ASPH
1AL2,05/23,3751,TURF
1AL4,09/27,2400,TURF
1AL5,09/27,1300,TURF
1AL6,H1,50,CONC
1AL7,H1,50,CONC
1AL8,17/35,2000,TURF-G
1AR0,03/21,4090,TURF-P
1AR1,18/36,3400,TURF
1AR2,09/27,2640,TURF
1AR5,18/36,2500,TURF
1AR6,06/24,2600,TURF-G
1AR7,H1,40,CONC
1AR9,11/29,2500,TURF
1AR9,18/36,3800,TURF
1AZ0,09/27,4500,ASPH
1AZ1,H1,100,ASPH
1AZ3,H1,120,ASPH
1AZ6,6/24,1350,Dirt
1AZ7,H1,25,ASPH
1AZ8,13/31,3000,DIRT
1B5,18/36,2305,TURF-F
1B8,05/23,2130,TURF-G
1B8,07/25,2100,TURF-G
1C3,03/21,2400,TURF-G
1C8,18/36,2540,TURF-G
1C9,05/23,2500,TURF-G
1C9,05W/23W,3000,WATER-G
1CA0,H1,146,ASPH
1CA1,NW/SE,5600,ASPH-TRTD
1CA3,H1,110,TURF
1CA5,H1,36,CONC
1CA6,15/33,2340,GRVL
1CA7,H1,57,CONC
1CA9,H1,150,CONC-TURF
1CD0,H1,14,CONC-G
1CD1,10/28,2800,TURF-F
1CD2,08/26,3000,ASPH
1CD4,02/20,5400,TURF
1CD5,H1,42,CONC
1CL0,H1,100,ASPH
1CL1,06/24,2900,TURF
1CL2,03/21,1900,DIRT
1CL2,07/25,1300,DIRT
1CL4,H1,40,CONC
1CL5,H1,38,CONC
1CL6,H1,45,CONC
1CL8,H1,48,CONC
1CL9,H1,65,CONC
1CN6,H1/-,35,GVL
1CO0,H1,84,CONC
1CO1,H1,20,CONC
1CO2,NE/SW,2500,TURF
1CO3,14/32,3000,GRAVEL
1CO3,18/36,5000,GRAVEL
1CO4,17/35,3819,DIRT
1CO5,08/26,3780,ASPH-F
1CO5,18/36,2500,GRVL-F
1CO6,H1,350,TURF
1CO7,06/24,600,TURF
1CO8,04/22,2200,TURF
1CO9,H1,92,CONC
1CT2,H1,48,ASPH
1CT3,H1,100,ASPH
1D2,18/36,2302,ASPH-F
1D4,09/27,2315,TURF-G
1D5,09/27,1700,TURF-G
1D5,17/35,1060,TURF-F
1D6,05/23,2395,TURF-G
1D6,12/30,2776,ASPH-G
1DE4,H1,50,CON
1DE5,11/29,1100,TURF
K1DS,02/20,2900,TURF-E
K1E2,02/20,4700,GRVL-P
1E4,17/35,3700,TURF-GRVL-F
2NR2,01/19,2000,TURF
1E7,02/20,6200,TURF-G
1E7,08/26,1600,TURF-F
K1E8,02/20,2200,TURF-F
1F2,01/19,2000,TURF-G
1F2,06/24,2400,TURF-G
1F7,13/31,2630,ASPH-G
1FA1,04/22,1800,TURF
1FA3,09/27,2658,TURF
1FA5,H1,50,CONC
1FA9,18/36,2650,ASP
1FD1,H1,35,CON
1FD3,H1,50,MATS
1FD4,03/21,4000,TURF
1FD6,H1,70,CONC
1FD7,H1,30,CONC
1FD8,H1,30,CONC
1FL0,04W/22W,5250,WATER
1FL0,11W/29W,5250,WATER
1FL1,H1,20,WOOD
1FL2,H1,40,CONC
1FL3,07/25,2600,TURF
1FL5,14W/32W,3000,WATER
1FL6,H1,65,CONC
1FL7,H1,60,CONC
1FL8,H1,50,CONC
1FL9,H1,100,CONC
1G8,16/34,2268,TURF-G
1GA0,2/20,3744,ASPH
1GA1,H1,90,CONC
1GA2,17/35,3040,TURF
1GA3,H1,200,TURF
1GA4,09/27,2000,TURF
1GA5,17/35,3150,TURF
1GA8,17/35,3000,TURF
1GA9,NW/SE,2000,TURF
1GE1,H1,200,TURF-G
1GE2,10/28,2400,TURF
1GE3,10/28,2000,TURF
1GE4,09/27,2400,TURF-G
1GE5,18/36,1000,TURF-G
1GE6,14/32,2885,TURF
1GE7,12/30,3000,TURF
1GE8,H1,62,CONC
1GE8,H2,62,MATS
1GE9,09/27,2900,TURF
K1H1,01/19,2220,TURF-F
K1H1,10/28,1550,TURF-F
1H4,17/35,1801,TURF-F
1H6,17/35,2580,ASPH-F
1H6,N/S,2580,TURF-G
1H9,01/19,3600,TURF
1I1,N/S,2390,TURF-G
K1I3,18/36,2160,TURF-G
1I6,H1,50,ASPH-F
K1I8,07/25,1800,ASPH-CONC-G
1I9,18/36,4001,ASPH-F
1IA2,H1,100,TURF
1IA3,H1,60,ASPH
1IA4,18/36,1200,TURF
1IA5,H1,60,ASPH
1IA7,H1,48,CONC-G
1IA7,H2,30,CONC
1ID1,H1,40,Turf
1ID2,H1,30,CONC
1ID3,03/21,1800,TURF-DIRT-P
1ID4,10/28,2940,ASPH-G
1ID5,H1,40,CONC
1ID6,H1,50,CONC
1ID7,07/25,2300,ASPH-GRVL
1ID8,H1,30,CONC
1ID9,01/19,400,TURF
1II0,E/W,1700,TURF
1II3,18/36,1600,TURF
1II4,09/27,1050,TURF
1II5,01/19,1900,TURF
1II6,H1,50,CONC
1II7,H1,50,CONC
1IL0,09/27,2650,TURF
1IL1,01/19,2100,TURF
1IL3,H1,50,CONC-G
1IL4,06/24,2300,TURF-G
1IL5,H1,40,CON
1IL7,H1,50,TURF
1IL8,09/27,2540,TURF
1IL9,11/29,2200,TURF
1IL9,18/36,3000,TURF
1IN1,18/36,700,TURF
1IN2,H1,16,CONC-F
1IN3,09/27,2000,TURF
1IN4,09/27,2000,TURF-G
1IN5,18/36,2200,TURF
1IN6,09/27,1200,TURF
1IN6,18/36,1300,TURF
K01D,13W/31W,8000,WATER
1IN9,9/27,2423,Turf
1IS2,N/S,2375,TURF
1IS3,09/27,2280,TURF
1IS4,09/27,2000,TURF
1IS5,13/31,1600,TURF
1IS7,H1,36,CONC
1IS8,H1,50,GRASS / SOD
1J9,18/36,2100,TURF-P
1JY2,16/34,2600,DIRT
1JY4,H1,55,CONC
1K1,17/35,5106,ASPH-G
1K5,17/35,3532,ASPH-G
1K6,08/26,2150,TURF-G
1K6,17/35,2550,TURF-GRVL-G
1K8,18/36,4730,ASPH-G
1KC,09/27,4000,GRVL
1KS1,17/35,2000,TURF
1KS2,18/36,1500,TURF
1KS3,04/22,1000,TURF
1KS3,11/29,1100,TURF
1KS4,17/35,1900,TURF-G
1KS6,N/S,2500,TURF
1KS7,N/S,3500,DIRT-TURF
1KS8,E/W,2500,TURF
1KS8,N/S,2500,TURF
1KS9,13/31,1500,TURF
1KT8,H1,42,CON
1KY0,H1,100,CONC
1KY1,H1,31,CONC
1KY2,H1,50,CONC
1KY3,H1,50,ASPH
1KY4,H1,75,CONC
1KY6,H1,40,ASPH
1KY7,18/36,2000,TURF-G
1KY8,H1,40,CONC
1KY9,H1,40,CON
K1L4,15/33,4140,DIRT-F
1LA1,02/20,4000,TURF
1LA3,N/S,4000,TURF
1LA5,08/26,1600,TURF
LA85,H1,50,ASPH
1LA7,H1,37,CONC
1LA8,H1,40,TURF
1LA9,H1,50,CONC
1LA9,H2,50,CONC
1LA9,H3,24,CONC
1LA9,H4,24,CONC
1LA9,H5,24,CONC
1LA9,H6,24,CONC
1LA9,H7,24,CONC
1LA9,H8,24,CONC
1LL1,H1,100,CONC
1LL2,18/36,2800,ASPH
1LL5,18/36,2150,Turf
1LL6,18/36,1650,TURF
1LL7,E/W,2000,TURF
1LL8,N/S,1961,TURF
1LL9,H1,60,CONC
1LS0,17/35,4000,TURF
1LS1,H1,50,CONC
1LS2,H1,40,CONC
1LS5,14/32,2380,TURF
1LS8,13L/31R,2500,ASPH-TURF
1LS8,13R/31L,2500,TURF
K1M3,01/19,2700,TURF-F
1M7,09/27,4001,ASPH-F
1M8,09/27,2466,TURF-G
1MA0,H1,40,CONC
1MA1,H1,40,CONC
1MA2,H1,120,CONC
1MA4,H1,132,CONC
1MA5,11/29,1500,ASPH
1MA6,H1,50,CONC
1MA7,H1,80,ASPH
1MA8,H1,30,ASPH
1MA9,H1,40,ASPH
1MD0,H1,50,CONC
1MD1,E/W,1600,TURF
1MD4,H1,67,CONC
1MD4,H2,40,CONC
1MD5,H1,100,ASPH
1MD6,H1,4000,TURF
1MD7,H1,35,CONC
1MD8,06/24,1500,TURF
1ME,ALL/WAY,15000,WATER-E
1ME1,H1,70,ASPH
1MI0,10/28,7500,WATER
1MI2,H1,64,CONC
1MI3,E/W,3900,ASPH
1MI5,09/27,2450,TURF-G
1MI8,14/32,1800,TURF
1MI8,18/36,2600,TURF
1MN0,17/35,2600,TURF
1MN2,16/34,1650,TURF-G
1MN3,H1,50,CONC
1MN5,E/W,2700,TURF
1MN6,H1,50,CONC
1MN7,H1,55,CONC
1MN8,12/30,2755,TURF
1MN9,H1,45,CONC
1MO1,H1,110,CONC
1MO3,SE/NW,3200,ASP
1MO4,N/S,2400,TURF-GRVL
1MO6,17/35,5000,TURF
1MO7,9/27,2583,Turf
1MO8,N/S,2640,TURF
1MS0,04/22,1400,TURF
1MS0,09/27,2300,TURF
1MS1,H1,40,CONC
1MS2,04/22,2100,TURF
1MS3,H1,35,CONC
1MS4,H1,120,CONC
1MS6,10/28,3000,TURF
1MS7,H1,23,CONC
1MS8,13/31,6302,ASPH-CONC
1MT0,10/28,4000,TURF
1MT1,H1,40,CONC
1MT2,09/27,1000,TURF-DIRT
1MT3,09/27,1800,TURF
1MT5,H1,40,CONC
1MT6,18/36,1095,TURF-DIRT
1MT7,18/36,3100,TURF
1MT8,H1,45,CONC
1MT9,09/27,1900,TURF
1MT9,18/36,800,TURF
1MU0,02/20,2636,TURF
1MU1,06/24,1480,WATER
1MU2,12/30,1400,TURF
1MU3,H1,50,CONC
1MU4,15/33,2600,TURF
1MU7,18/36,1000,TURF
1MU8,08/26,2000,TURF
1MU9,H1,100,TURF
1MY1,09/27,4500,ASPH-TURF
1N2,18/36,2400,ASPH-G
K1N3,11/29,3350,TURF-GRVL-F
1N5,08/26,2270,TURF-G
1N5,17/35,3134,TURF-G
1NA5,08/26,2300,TURF
1NA8,08/26,2250,TURF
1NC0,16/34,2300,TURF
1NC1,14/32,1600,TURF
1NC2,18/36,1700,TURF
1NC3,09/27,2500,TURF
1NC4,17/35,3000,TURF
1NC5,09/27,2000,TURF
1NC6,15/33,2800,TURF
1NC8,01/19,2250,TURF
1NC9,08/26,1200,TURF
1ND4,08/26,1500,TURF-F
1ND4,17/35,2500,TURF-F
1ND7,N/S,2000,TURF
1NE0,N/S,2000,TURF
1NE0,NW/SE,2500,TURF
1NE1,NE/SW,2400,TURF
1NE2,N/S,2500,TURF
1NE5,13/31,1400,TURF
1NE6,E/W,1800,TURF
1NE6,N/S,1900,TURF
1NJ0,H1,40,CONC
1NJ1,H1,85,TURF
1NJ2,H1,75,ASPH
1NJ4,H1,100,TURF-DIRT
1NJ5,H1,125,TURF
1NJ6,H1,100,TURF
1NJ7,H1,20,ASPH
1NJ9,H1,30,TURF
1NK0,03/21,1735,TURF
1NK1,H1,100,ASPH
1NK3,H1,110,CONC
1NK4,H1,50,WOOD
1NK6,03/21,2400,TURF
1NK7,15/33,2800,TURF-G
1NK8,09/27,2000,TURF
1NK8,18/36,1700,TURF
1NK9,H1,100,ASPH-G
1NM0,14/32,3700,TURF-F
1NR7,1/19,4400,Turf
1NV1,17/35,2650,GRVL
1NV2,H1,100,CONC
1NY0,H1,100,ASPH-G
1NY1,H1/H1,40,GRS
1NY3,N/S,2200,TURF
1NY4,10/28,3000,TURF
1NY6,H1,100,TURF
1O0,N/S,9000,WATER
1O0,NW/SE,3200,WATER
K1O6,14/32,2800,ASPH-G
1OA1,09/27,2237,TURF-G
1OA2,09/27,2140,TURF
1OA4,11/29,1600,TURF
1OA5,09/27,2400,TURF
1OA6,09/27,2970,TURF
1OA7,E/W,2950,TURF-G
1OH0,H1,40,ASPH
1OH1,18/36,2100,TURF
1OH2,10/28,3000,TURF
1OH3,09/27,3400,TURF
1OH4,H1,44,CON
1OH4,HX,,
1OH6,H1,35,CONC
1OH8,05/23,1800,TURF
1OH9,08/26,3200,TURF
1OI0,H1,25,TURF
1OI4,H1,200,TURF
1OI6,09/27,2500,TURF
1OI9,09/27,2165,TURF
1OK0,N/S,1968,TURF
1OK3,17/35,2640,TURF-G
1OK4,H1,40,CONC
1OK5,N/S,2600,TRTD-DIRT
5OK9,17/35,1500,Turf
1OK7,18/36,2350,TURF
1OK8,17/35,2400,TURF
1OK9,01/19,1100,TURF-P
1OK9,07/25,2200,TURF-P
1OL2,17/35,2375,TURF-F
1OR0,04/22,1800,TURF
1OR1,H1,70,CONC
1OR3,06/24,3050,TURF
1OR4,09/27,2000,TURF
1OR6,16/34,2100,ASPH-TURF
1OR7,07/25,2500,TURF
1OR9,H1,100,TURF
K1P1,12/30,2347,TURF-G
1PA0,09/27,2300,TURF
1PA1,H1,60,ASPH
1PA2,H1,40,CONC
1PA3,12/30,1200,TURF
1PA4,05/23,1885,TURF
1PA7,H1,65,ASPH
1PA9,E/W,1350,TURF
1PN1,N/S,1500,TURF
1PN2,H1,60,ASPH-G
1PN4,H1,65,ASP
1PN5,H1,65,ASP
1PS0,10/28,2064,TURF
1PS3,H1,35,ASPH
1PS5,H1,61,CONC
1PS6,H1,65,ASPH
1PS7,H1,70,CONC
1PS8,H1,60,CONC
1PS9,18/36,1761,TURF-G
1Q1,13/31,2000,ASPH-P
1Q5,01/19,4050,GRAVEL-G
K1RL,16/34,2265,TURF-E
K1S1,15/33,3650,TURF-G
1S2,10/28,2491,ASPH-G
1S4,17/35,2435,ASPH-F
K1S6,2/20,2983,ASP
1S7,11/29,2600,TURF-G
1S8,06/24,5000,DIRT-P
1SC1,16/34,1329,Turf
1SC2,10/28,2100,TURF
1SD0,16/34,2600,TURF
1SD1,18/36,2600,TURF
1SD3,08/26,5300,TURF
1SD4,13/31,2200,TURF
1SD5,N/S,4300,TURF
1SD6,17/35,1800,TURF
1SD7,H1,50,CONC
1SD8,09/27,2200,TURF
1SD9,H1,67,CONC
K1T8,16/34,2890,ASPH-F
1TA0,H1,70,CONC
1TA2,17/35,3000,TURF
1TA3,H1,40,CONC
1TA4,15/33,2300,TURF
1TA5,08/26,3600,TURF
1TA6,H1,10,CONC
1TA7,13/31,2500,ASPH
1TA8,18/36,2800,Dirt
1TA9,H1,20,CONC
1TE0,08/26,4000,GRVL
1TE1,13/31,4000,ASPH
1TE3,11/29,1960,TURF-G
1TE4,17/35,2963,TURF
1TE5,14/32,2500,ASPH-TURF
1TE7,14/32,2200,TURF
1TE8,04/22,1100,TURF
1TE8,17W/35W,2500,WATER
1TE9,15/33,1563,TURF
1TN0,18/36,2600,TURF-G
1TN2,06/24,3000,TURF
1TN3,18/36,1900,TURF
1TN4,H1,50,CONC
1TN5,H1,40,CONC
1TN6,H1,50,Concrete/Gravel
1TN7,H1,20,ASPH
1TS0,E/W,2300,TURF
1TS1,17/35,2000,TURF
1TS2,15/33,2500,TURF
1TS4,H1,100,TURF
1TS6,13/31,4000,GRVL-TRTD
1TS7,H1,30,TURF
1TS8,18/36,2000,TURF
1TS9,17/35,2700,TURF
1TT1,H1,30,CON
1TT8,H1,40,Turf
1TX2,05/23,2600,TURF
1TX2,13/31,1600,TURF
1TX3,04/22,4000,TURF
1TX5,09/27,3400,TURF
1TX6,07/25,3000,ASPH
1TX6,12/30,1900,TURF
1TX7,17/35,2300,TRTD
1TX8,17/35,2800,TURF
1TX9,N/S,2600,TURF
1U0,06/24,2250,TURF-DIRT-F
K1U1,01/19,4100,TURF-G
K1U1,04/22,2300,TURF-G
1U3,12/30,2500,ASPH-G
1U4,14/32,2400,TURF-GRVL-F
1U6,16/34,3800,GRVL-F
1U9,16/34,2300,TURF-F
1UT9,H1,52,CONC
1VA0,03/21,2400,TURF
1VA1,08/26,5020,TURF
1VA2,H1,40,ASPH
1VA3,04/22,1750,TURF
1VA4,H1,42,ASPH
1VA7,01/19,1800,TURF
1VA8,13/31,3000,TURF-GRVL
1VA9,04/22,2000,ASPH
1VG2,01/19,2800,TURF-GRVL
1VT8,18/36,1650,Turf
1W1,07/25,2710,ASPH-G
1W3,09/27,2120,TURF-G
1W3,16/34,2100,TURF-G
1WA0,H1,45,CONC
1WA1,H1,30,TURF
1WA2,08/26,2200,TURF
1WA2,16/34,1800,TURF
1WA3,H1,200,ASPH
1WA4,H1,50,CONC
1WA5,H1,40,CONC
1WA6,E/W,3000,ASPH-TURF
1WA8,H1,40,CONC
1WA9,15/33,2100,GRAVEL-G
1WF,18/36,2385,TURF-G
1WI0,09/27,1700,TURF
1WI1,04/22,2000,TURF
1WI3,18/36,1800,TURF
1WI4,H1,100,ASPH
1WI5,05/23,10000,WATER
1WI5,09/27,5000,WATER
1WI5,18/36,5000,WATER
1WI6,E/W,3000,TURF
1WI7,09/27,1800,TURF
1WI8,18/36,2600,TURF
1WI9,18/36,1950,TURF
1WN0,05/23,2200,ASPH
1WN1,NE/SW,2600,TURF
1WN2,05/23,2676,TURF-F
1WN2,13/31,1950,TURF-F
1WN2,18/36,2500,TURF-F
1WN3,03/21,1600,TURF
1WN3,12/30,2000,TURF
1WN5,01/19,1000,TURF
1WT6,H1,40,CONC
1XA0,1/19,1466,Turf
1XA1,17/35,2300,TURF
KTX2,13L/31R,8000,ASPH-CONC
KTX2,13R/31L,8000,ASPH-CONC
KTX2,17/35,8000,ASPH-CONC
1XA3,H1,54,TURF
1XA4,15/33,1970,TURF-F
1XA5,08/26,3800,TURF
KX16,18/36,2450,TURF
1XA7,07/25,3220,TURF-G
1XA7,09/27,2152,TURF-G
1XA8,15/33,2060,TURF
1XA9,H1,60,CONC
1XS1,09/27,2700,TURF
1XS2,12/30,2400,TURF
1XS2,18/36,2400,TURF
1XS3,H1,50,ROOF-TOP
1XS5,H1,95,CONC
1XS6,H1,48,CONC-G
1XS8,16/34,4500,ASPH
1Y3,17/35,2600,GRVL-TRTD-F
1Y5,04/22,2300,TURF-F
1Y5,17/35,2900,ASPH-F
1Y9,17/35,2800,ASPH-TURF-F
K1Z1,16/34,4000,DIRT-G
1Z9,NW/SE,8000,WATER
20AK,01/19,1100,TURF
20AL,H1,1600,ASPH
20AL,H2,1600,ASPH
20AL,H3,1600,ASPH
20AR,08/26,2000,TURF
20CA,H1,150,DIRT
20CL,14/32,3500,GRVL
20CO,H1,40,CONC
20E,H1,100,ASPH
20FD,17/35,3070,TURF
20FL,12/30,3800,TURF
20GA,10/28,4500,ASPH
20GE,H1,50,CON
20IA,18/36,685,Turf
20IA,2/20,1165,Turf
20ID,12/30,1200,TURF
20II,09/27,1800,TURF
20IL,H1,54,CONC
20IN,09/27,2500,TURF
20IS,15/33,2000,TURF
20K,16/34,1650,DIRT-P
97KS,17/35,2340,TURF
20KY,05/23,1800,TURF
20LA,H1,40,CONC
LA15,13/31,1300,Turf
LA15,18/36,1573,Turf
20MA,H1,42,CONC
20MD,H1,60,Rooftop
20ME,H1,22,CONC
20MI,H1,90,TURF
20MO,17/35,3000,TURF
20MS,18/36,2500,Turf
20NC,03/21,2000,TURF
20NE,H1,40,CONC
20NJ,H1,45,CONC-G
20NJ,H2,45,CONC-G
20NR,H1/H1,60,CON
20NY,08/26,1960,TURF-G
20OI,H1,45,ASPH
20OR,17/35,2640,TURF
20PN,H1,60,ASPH
20SD,18/36,1422,GRS
20TA,18/36,2300,TURF
20TE,17/35,2200,TURF
20TS,03/21,1900,DIRT-TURF
20TX,H1,60,CONC
20UT,H1,45,CON
20VA,08/26,2600,TURF
20VG,05/23,2100,TURF-F
20WI,NW/SE,1800,TURF
20XS,18/36,1800,TURF
21AK,16/34,2300,GRAVEL
21AL,H1,2000,ASPH
21AL,H2,2000,ASPH
21AL,H3,2000,ASPH
21AL,H4,2000,ASPH
21AR,09/27,2500,ASPH
21AZ,12/30,4000,ASPH
21CA,H1,75,ASPH
21CL,H1,100,CONC
21CN,H1,54,CON
21FA,18/36,2300,Turf
21FD,09/27,2260,TURF-G
21FL,08/26,2305,TURF
21FL,15/33,1828,TURF
21GA,H1,46,ASPH
21GE,03/21,1600,TURF
21H,NW/SE,5000,WATER
21ID,H1,30,CON
21II,H1,30,CONC
21IL,H1,50,CONC
21JY,16W/34W,4000,WATER
21KS,H1,60,CONC
21KY,03/21,1700,TURF
21LA,01/19,1850,TURF
21LS,07/25,2500,TURF
21M,18W/36W,10000,WATER-E
21MA,H1,100,ASPH
21MI,H1,500,TURF
21MS,9/27,3230,Turf
21MT,18/36,1900,Turf
21MT,9/27,2050,Turf
21MU,18/36,2800,TURF-G
21N,01/19,2200,ASPH-F
21NC,H1,50,CONC
21ND,08/26,2500,TURF
21NH,13/31,1450,TURF
21NK,NE/SW,2112,TURF
21NR,H1,60,CON
21OG,14/32,1800,ASPH
21OH,H1,32,CONC
21OI,07/25,2650,TURF
21OI,17/35,1860,TURF
21OI,H1,100,TURF
21OK,H1,38,MATS
21PN,H1,40,ASPH
21SC,17/35,2200,TURF
21TA,H1,45,CONC
21TE,17/35,2600,TURF
21TS,H1,40,CONC
21TT,18/36,1500,Turf
21VA,01/19,1800,TURF
21W,15/33,2875,ASPH-P
21WA,H1,46,CONC-G
21WI,HI,86,CONC
21XS,16/34,2500,ASPH
22AL,H1,1600,ASPH
22AL,H2,1600,ASPH
22AL,H3,1600,ASPH
22AL,H4,1600,ASPH
22AL,H5,1600,ASPH
22AL,H6,1600,ASPH
22AL,H7,1600,TURF
22AR,H1,40,CONC
22AZ,H1,86,CONC
22CA,11/29,10000,WATER
22CD,H1,65,CONC
22CL,13/31,1600,GRVL
22CN,H1,65,ASPH
22CO,14/32,2800,TURF-DIRT
22D,01/19,2260,TURF-DIRT-F
22FA,09/27,2525,ASPH
22FD,H1,20,CONC
22FL,284I/104E,40,CON
22GA,08/26,2340,TURF
22GE,H1,100,TURF-G
22IA,H1,40,ASP
22ID,02/20,1600,TURF
22II,18/36,2250,TURF
22IL,15/33,1900,TURF-G
22JY,H1,30,ASPH
22K,03W/21W,5000,WAT
22KS,H1,83,CONC
22KY,H1,250,BRICK
22LA,08/26,3100,TURF
22LS,09/27,2700,TURF
22MA,H1,30,TURF
22MD,13/31,1180,TURF
22ME,H1/H1,60,Turf
22MI,H1,100,ASPH-CONC
22MS,13/31,3000,TURF
22MT,16/34,2596,TURF
22NA,H1,40,CONC
22NC,18/36,2400,TURF-P
22NK,H1,100,ASPH
22NV,H1,40,CON
22NY,H1,50,ASPH
22OG,01/19,1300,TURF
22OG,H1,100,CONC
22OH,H1,250,ASPH
22OK,17/35,2000,TURF
22OR,16/34,1600,TURF
22PA,H1,65,ASPH
22PN,H1,50,ASPH
22PR,H1,40,CON
22PS,H1,50,TURF
22SC,H1,35,CONC
22TE,15/33,2300,TURF
22TN,H1,60,CONC
22TS,H1,33,ROOFTOP
22TT,05/23,1982,Turf
22TX,H1,40,CONC
22VA,H1,70,CONC
22WA,07/25,2200,TURF
22WI,H1,75,TURF
22WN,11/29,1800,TURF
22WV,H1,30,CONC
22WY,16/34,2100,TURF-DIRT
22XS,15/33,3488,ASPH
23AK,18/36,1100,TURF
23AL,H1,1600,ASPH
23AL,H2,1600,ASPH
23AL,H3,1600,ASPH
23AL,H4,1600,ASPH
23AR,17/35,2600,TURF
23AZ,09/27,2000,DIRT
23AZ,13/31,4500,DIRT
23AZ,17/35,2600,DIRT
23CD,12/30,3200,TURF
23CL,H1,50,CONC
23CO,15/33,4000,GRVL
23CT,H1,8,TURF
23D,17/35,2606,TURF-G
23DE,14/32,3000,ASPH
23FA,E/W,40,WOOD
23FA,N/S,50,WOOD
23FL,09/27,2188,TURF
23GA,H1,100,TURF
23GE,14/32,2000,TURF
23IA,H1,40,CONC
23IL,H1,40,CONC
23IL,H2,40,CONC
23IN,H1,50,CONC
23IS,E/W,1600,TURF
23JY,H1,40,TURF
23KY,05/23,2600,TURF
23LA,10/28,1900,TURF
23LL,H1,45,TURF
23MA,H1,100,ASPH
23MD,17W/35W,3000,WATER
23MN,09/27,1500,TURF
23MS,9/27,2575,Turf
23MT,18/36,1725,TURF
23N,18/36,2740,TURF-G
23NC,H1,40,CONC
23ND,08/26,4000,ASP
23NH,17/35,1800,TURF
23NJ,10/28,860,TURF
23NK,18/36,2000,TURF
23NR,08/26,3300,ASPH-TURF
23NY,04/22,1900,TURF
23NY,10/28,1500,TURF
23OI,H1,30,TURF
23OK,H1,40,CONC
23OR,H1,100,TURF
23PA,N/S,1800,TURF
23PN,H1,60,ASPH
23PS,H1,60,CON
23S,16/34,4575,TURF-G
23TA,01/19,2000,TURF
23TE,H1,40,CONC
23TS,17/35,3300,DIRT-TRTD
23TX,18/36,3200,DIRT
23VA,15/33,1800,ASPH
23VG,02/20,1500,TURF
23VT,09/27,2270,TURF-G
23WA,H1,120,CONC-G
23WI,H1,45,CONC
23WN,18/36,2300,TURF
23WV,08/26,1600,TURF
23WY,H1,40,DECK
23XS,15/33,2200,ASPH
24AK,14/32,1300,TURF
24AL,H1,1600,ASPH
24AL,H2,1600,ASPH
24AL,H3,1600,ASPH
24AL,H4,1600,ASPH
24AL,H5,1600,ASPH
24AR,18/36,2500,CONC
24AZ,06/24,3950,GRAVEL
24C,06/24,2700,TURF-F
24C,12/30,2394,ASPH-P
24C,15/33,1940,TURF-F
24CA,H1,50,ASPH
24CD,H1,36,CONC
24CL,14/32,6815,ASPH
24CO,H1,50,ASPH
24CT,01/19,1700,TURF
24FL,09/27,3300,TURF
24GA,H1,25,CONC
24IA,08/26,2600,TURF
24ID,11/29,2141,Dirt/Turf
24II,H1,50,ASPH
24K,17/35,1500,TURF-F
24KY,N/S,2200,TURF
24LL,NE/SW,1800,TURF
24LS,H1,65,CONC-G
24M,09/27,2543,TURF-G
24MA,H1,100,TURF
24MD,H1,112,ASPH
24ME,02/20,1700,TURF
24MN,N/S,2500,TURF
24MO,07/25,2830,ASPH
24MT,17/35,2600,TURF
24NC,09/27,2500,CONC-TURF
24NE,09/27,1500,TURF
24NE,15/33,2300,ASPH-TURF
24NH,H1,20,TURF
24NK,H1,50,ASPH
24OI,18/36,2000,TURF
24OK,H1,40,CONC
24OR,H1,75,ASPH
24PA,09/27,1515,TURF-P
24PN,H1,45,CONC
24PN,H2,45,CONC
24S,04/22,2800,ASPH-F
24SC,13/31,2600,TURF
24TA,17/35,2500,TURF
24TE,H1,65,CONC
24TS,H1,30,CONC
24TT,1/19,1768,Dirt
24TX,N/S,4200,GRAVEL
24UT,H1,40,CON
24VA,09/27,2000,TURF
24WA,H1,40,TURF
24WI,18/36,1800,TURF
24XA,12/30,2000,TURF
25AK,04/22,2000,GRVL
25AK,15/33,1200,GRVL
25AL,H1,1600,ASPH
25AL,H2,1600,ASPH
25AL,H3,1600,ASPH
25AL,H4,1600,ASPH
25AL,H5,1600,ASPH
25AL,H6,1600,ASPH
25AL,H7,1600,TURF
25AZ,18/36,2640,DIRT
25CA,06/24,2300,ASPH
25CD,04/22,1750,TURF
25CD,10/28,2863,TURF
25CD,13/31,1900,GRVL
25CD,9/27,2634,TURF
25CL,N/S,2900,ASPH-DIRT
25CO,07/25,4225,DIRT
25FA,H1,50,CONC-G
25FL,04/22,3000,TURF
25GA,09/27,2000,TURF
25GE,H1,100,TURF
25IA,15/33,1500,GRS
25II,H1,80,CONC-G
25IL,09/27,2640,TURF
25IN,18/36,2635,TURF-F
25IS,H1,50,TURF
25JY,H1,25,TURF
25KS,08/26,2240,TURF
25KY,H1,50,CONC
25LS,H1,50,CONC
25MA,H1,300,ASPH
25MD,17/35,2000,TURF
25ME,H1,100,Turf
25MN,05W/23W,6200,WATER
25MO,11/29,1900,TURF
25MS,H1,60,CONC
25MT,09/27,500,TURF
25MT,12/30,800,TURF
25MT,18/36,750,TURF
25NC,18/36,3100,TURF-G
25ND,18/36,1478,Turf
25NE,08/26,2640,TURF
25NE,17/35,1600,TURF
25NH,H1,40,TURF
25NK,11/29,2700,TURF
25NM,05/23,4000,DIRT
25NR,H1,30,CONC-G
25NY,H1,30,TURF-G
25OH,E/W,2400,GRAVEL
25OI,18/36,2000,TURF
25OR,H1,50,TURF-GRVL-F
25PA,H1,65,CONC
25PN,H1,70,CONC
25PS,H1,80,CON
25SC,05/23,1950,ASPH
25TA,09/27,3600,CONC
25TN,H1,45,CONC
25TS,17/35,6500,CONC-P
25TT,H1,43,Concrete/Turf
25U,17/35,3300,DIRT-P
25VA,17/35,2800,TURF
25WA,E/W,2600,TURF
25WI,H1,30,CONC
25WN,09/27,2640,TURF
25XA,15/33,4400,ASPH
25XS,16/34,2035,CONC-G
26AL,09/27,2700,TURF
26AR,10/28,3009,TURF
26AZ,12/30,2000,DIRT
26CA,E/W,2200,DIRT
26CN,H1,20,CONC
26FD,18/36,2029,TURF
26FL,H1,40,CONC
26GA,09/27,1200,TURF
26IA,15/33,1986,Turf
26ID,1/19,750,ASPH-GRVL
26IS,18/36,2300,TURF
26JY,H1,80,ASPH-GRVL
26KS,H1,20,CONC-GRVL
26KY,H1,50,CONC
26LS,H1,500,CONC
26MA,06/24,2820,ASPH-G
26MI,09/27,2700,TURF
26MN,N/S,2600,TURF
26MT,07/25,1980,TURF
26MT,16/34,3400,TURF
K26N,06/24,2972,ASPH-G
26NC,01/19,1500,TURF-G
26ND,7/25,1352,Turf/Dirt
26NH,H1,40,TURF
26NJ,H1,45,ROOFTOP
26NR,H1,50,CON
26NV,16/34,2483,ASPH
26NY,H1,30,CONC
26OG,06/24,1275,GRVL
26PN,H1,40,CONC
26PS,H1,54,Rooftop
26SD,H1,20,CONC
26TA,H1,50,TURF
26TE,H1,80,CONC
26TS,H1,40,CONC
26TT,H1,50,CON
26TX,03/21,1600,TURF
26TX,17/35,2160,TURF
26VA,H1,50,CONC-G
26W,18/36,2155,TURF-F
26WA,H1,75,ASPH
26WI,16/34,3000,TURF
26XA,H1,40,CONC
26XS,01/19,2000,TURF
27AL,10/28,2000,TURF
27AR,H1,60,CONC
27AZ,17/35,3906,ASPH
K27C,03/21,2010,TURF-F
K27C,09/27,2027,TURF-F
27CA,07/25,2600,DIRT
27CA,16/34,2900,DIRT
27CL,16/34,2000,ASPH-TRTD
27CN,H1,20,CONC
27FD,H1,100,TURF
27GA,07/25,1250,TURF
27IA,09/27,1800,TURF
27ID,1/19,1957,Turf
27II,H1,80,CONC
27IL,H1,40,CONC
27IN,H1,100,CONC
27IS,13/31,1800,TURF
27JY,H1,50,TURF
27KS,13/31,3000,TURF
27LA,H1,40,CONC
27LL,10/28,1950,TURF
27LL,18/36,2350,TURF
27LS,H1,50,CONC-G
27MA,02/20,3500,WATER
27MD,12/30,3250,ASP
27ME,1W/19W,5000,WAT
27MI,09/27,2000,TURF
27MN,13/31,2506,TURF
27MO,18/36,2500,TURF
27MS,15/33,2485,Turf
27MT,16/34,1000,TURF
27NC,H1,90,TURF
27NE,14/32,2600,TURF
27NH,H1,100,TURF
27NJ,H1,300,TURF
27NK,10/28,2500,ASPH
27NY,H1,80,TURF
27OH,18/36,2580,TURF
27OK,18/36,2440,TURF
27OR,H1,70,CONC-GRVL
27PS,11/29,1886,Turf
27SC,H1,40,CONC
27SD,H1,35,CONC
27TA,H1,400,TURF
27TE,H1,40,CONC
27TN,HI,74,CONC
27TS,H1,50,CONC
27VA,H1,55,CONC
27W,09/27,2473,TURF-F
27WA,07/25,1200,TURF
27XA,18/36,1578,TURF
27XS,17/35,4091,TURF
28A,04/22,2350,ASPH-G
28AK,06/24,2175,DIRT
28AR,18/36,3100,TURF
28AZ,17/35,3500,DIRT-G
28CA,13/31,2210,DIRT-G
28CN,H1,40,PSP
28CO,H1,30,CONC
28CO,H2,30,CONC
28FA,H1,50,ASPH
28FD,H1,50,CONC
28FL,18/36,2400,TURF
28GE,H1,50,Turf
28ID,11/29,895,GVL
28II,13/31,4000,TURF
28IS,N/S,2000,TURF
28KS,01/19,1400,TURF
28KS,09/27,2200,TURF
28KY,01/19,2100,TURF
28LA,H1,40,CONC
28LL,18/36,1900,TURF
28LS,H1,34,CONC
28M,18/36,1760,ASPH-G
28MA,03/21,1600,TURF
28MI,02/20,2600,TURF
28MN,NW/SE,7000,WATER
28MO,10/28,3250,TURF
28MT,16/34,2400,TURF
28MY,08W/26W,3000,WAT
28N,02/20,2251,TURF-G
28N,12/30,1800,TURF-G
28NC,B1,1000,TURF
28ND,H1,40,CON
28NE,18/36,2632,Turf
28NH,H1,40,ASPH
28NK,07/25,2000,TURF
28NR,8/26,1450,Turf
28NY,01/19,2100,TURF
28OH,18/36,2600,TURF
28OI,H1,50,ASPH
28OK,17/35,2300,TURF
28OR,12/30,1000,TURF
28PN,H1,45,CONC
28TA,14/32,10280,ASPH
28TE,17/35,2600,TURF
28TN,H1,40,TURF
28TT,5/23,2058,Turf
28TX,N/S,2000,ASPH
K28U,13/31,1840,DIRT-P
28VA,H1,300,TURF
28VT,H1,100,ASP
28WA,14/32,1400,TURF
28WI,09/27,3000,TURF
28XA,H1,40,CONC
28XS,04/22,1400,TURF-F
29A,18/36,4000,WATER-E
29AK,12/30,1800,TURF-G
29AL,H1/-,40,CON
29AR,H1,40,CONC
29AZ,03/21,5500,ASPH
29AZ,18/36,3000,DIRT
29C,18/36,1800,TURF-F
29CA,H1,100,TURF
29CL,H1,50,CONC
29CN,17/35,1300,DIRT
29CO,H1,30,CONC
K29F,17/35,3900,DIRT-F
29FA,05/23,4000,WATER
29FD,H1,60,TURF
29FL,H1,50,CONC
29GA,18/36,1800,TURF
29GE,H1/H1,53,CON-ROOF
29GE,H2,53,Mats
29GE,H3,53,Mats
29IA,17/35,3049,Turf
29ID,12/30,1724,ASP
29IN,18/36,1950,TURF
29IS,H1,50,TURF
29JY,H1,46,CON
29LA,H1,48,CONC
29LL,H1,40,ASPH
29LS,07W/25W,4000,WATER
29LS,16W/34W,4000,WATER
29MA,H1,45,ASPH
29ME,03W/21W,5000,WATER
29MI,09/27,2100,TURF-G
29MN,17/35,3000,TURF
29MO,17/35,1200,TURF
29MT,16/34,3500,TURF
29N,10/28,2086,TURF-G
29NJ,H1,100,TURF
29NK,H1,53,Roof/Top
29NR,H1,45,CON
29OH,10/28,1450,TURF
29OI,H1,30,TURF
29PN,H1,65,ASPH
29RI,H1,30,TURF
29SC,18/36,1800,TURF
29TN,H1,50,CONC
29TS,H1,50,CONC
29TX,15/33,3000,ASPH
29VA,10/28,2500,TURF
29VT,02W/20W,10000,WATER
29VT,15W/33W,10000,WATER
29WA,H1,45,MATS
29WI,01/19,2100,TURF
29XA,H1,40,CONC
29XS,H1,118,CONC
2A7,H1,40,ASPH-G
2A8,04/22,2631,TURF-G
2AK,10/28,1500,GRVL-F
2AK0,16/34,1400,DIRT
2AK1,15/33,1555,TURF
2AK2,13/31,3988,TURF
2AK3,H1,50,WOOD
2AK4,12/30,1200,GRAVEL-G
PAJO,06/24,1700,GRAVEL
2AK6,11/29,5500,TURF-GRVL
2AK8,06/24,3200,GRAVEL
2AK9,16/34,1800,GRAVEL
2AL1,15/33,2900,TURF
2AL2,H1,50,CONC
2AL3,06/24,2750,TURF-G
AL67,H1,90,CONC
2AL5,E/W,1925,TURF
2AL6,18/36,2100,TURF-G
2AL7,18/36,2600,TURF-G
2AL8,10/28,2400,TURF
2AN2,H1,42,CONC
2AR0,16/34,2505,TURF
2AR2,08/26,2600,TURF
2AR3,H1,40,CONC
2AR5,07/25,1100,TURF
2AR6,01/19,1980,TURF
2AR7,01/19,1200,TURF
2AR7,18L/36R,1000,TURF
2AR7,18R/36L,1000,TURF
2AR9,H1,40,CONC
2AZ1,08/26,2200,ASPH
2AZ2,H1,100,ASPH-CONC
2AZ4,16/34,2600,DIRT
2AZ9,04/22,4300,GRVL
2AZ9,17/35,3060,GRVL
2B1,05/23,2035,TURF-G
2B1,09/27,2700,TURF-G
2B1,17/35,2060,TURF-G
2B2,10/28,2105,ASPH-F
2B2,14/32,2300,TURF-GRVL
2B6,05/23,3203,TURF-G
2B6,13/31,2670,TURF-F
2B9,04/22,2900,TURF-G
2B9,05/23,2300,TURF-G
2C4,09/27,3000,TURF-G
2C5,09/27,3300,TURF-G
2C6,02/20,2809,TURF-G
2CA0,H1,230,ASPH-TURF
2CA2,05/23,1400,DIRT
2CA2,12/30,1050,DIRT
2CA2,17/35,1300,DIRT
2CA3,09/27,2600,DIRT
2CA3,18/36,1400,DIRT
2CA4,17/35,2200,ASPH-G
2CA5,H1,44,CONC
2CA6,H1,50,CONC
2CA7,H1,60,ASPH
2CA8,N/S,2600,DIRT
2CA8,NW/SE,2400,DIRT
2CA9,H1,3000,PSP
2CD2,H1,45,DECK
2CD2,H2,42,CONC
2CD3,09/27,2785,TURF
2CD3,18/36,3980,TURF
2CD4,17/35,1400,TURF
2CD5,H1,86,ASPH
2CD6,06/24,500,TURF
2CD7,H1,25,CONC
2CD8,H1,55,MATS-G
2CD9,01/19,2200,TURF
2CD9,8/26,1900,TURF
2CL0,H1,65,CONC
2CL3,15/33,5000,TURF
2CL4,H1,45,CONC
2CL5,H1,37,CONC
2CL6,H1,60,CONC
2CL7,H1,50,CONC
2CL8,H1,75,CONC
2CL9,07/25,4000,ASPH
2CN2,H1,25,CONC
2CN3,18/36,1400,GRVL
2CN4,16/34,5002,ASPH
2CN6,H1,104,CONC
2CN7,H1,48,MATS
2CN8,09/27,3170,GRVL
2CO0,H1,150,CONC
2CO1,18/36,3100,TURF-DIRT-P
2CO3,17/35,2500,TURF-DIRT
2CO4,H1,40,CONC
2CO5,N/S,3800,DIRT
2CO6,H1,75,CONC
2CO7,H1,60,ASPH
2CO8,H1,50,CONC
2CO9,H1,20,CONC
2D1,09/27,2088,TURF-G
2D1,18/36,3500,TURF-G
2D3,01W/19W,3000,WATER
2D6,H1,20,CONC-G
2D7,10/28,3175,TURF-G
2DE2,16/34,2400,TURF
2E2,18/36,2700,TURF-F
K2E6,15/33,2070,TURF-G
2E8,06/24,2113,TURF-F
2F6,17/35,2900,ASPH-G
2F6,S/N,2600,TURF-F
2FA0,H1,50,ASPH
2FA1,18/36,1515,GRS
2FA2,09/27,4000,TURF
2FA4,12/30,4000,TURF
2FA5,04/22,2870,TURF
2FA6,02/20,4100,TURF
2FA8,H1,40,CONC
2FA9,10/28,800,TURF
2FD0,18/36,3335,TURF-G
2FD1,18/36,1600,TURF
2FD2,13/31,2400,TURF
2FD3,H1,28,CONC
2FD3,H2,28,CONC
2FD4,H1,30,CONC
2FD5,H1,35,CONC
2FD6,16/34,2875,TURF
2FD7,H1,32,CONC
2FD7,H2,28,CONC
2FD7,H3,28,CONC
2FD9,H1,112,ASPH
2FL0,03/21,3500,TURF
2FL1,H1,42,ASPH
2FL2,H1,100,CONC
2FL3,18/36,2500,TURF
2FL4,H1,20,TURF
2FL6,H1,400,CON
2FL7,H1,330,CONC
2FL8,16/34,3150,TURF
2FL9,H1,30,CONC
2G6,05W/23W,2500,WATER
2G8,12/30,2828,TURF-G
2GA0,10/28,3816,TURF
2GA1,12/30,1400,TURF
2GA1,17/35,2000,TURF
2GA2,02/20,3000,TURF
2GA5,17/35,3200,TURF
2GA8,03/21,1600,TURF
2GA9,06/24,2800,TURF
2GE1,H1,30,CONC
2GE2,H1,40,CONC-G
GE56,3/21,2594,TURF
2GE5,09/27,600,TURF-G
2GE6,H1,500,CONC-G
2GE7,01/19,2500,TURF-G
2GE8,N/S,1500,TURF-G
4WI9,09/27,2420,ASPH-F
K2H5,17/35,4400,TURF-E
2IA0,H1,100,ASPH-TURF
2IA1,H1,60,ASPH
2IA2,H1,70,CONC
2IA3,H1,30,CONC
2IA4,H1,48,CONC
2IA5,H1,25,CONC
2IA6,H1,72,CONC
2IA8,H1,25,CONC
2IA9,08/26,2000,TURF
2ID2,15/33,2100,DIRT
2ID3,14/32,2500,DIRT
2ID5,11/29,1300,GRVL
2ID6,09/27,1500,TURF
KC64,02/20,1800,TURF-P
2ID9,H1,22,CONC
KI20,18/36,4572,ASPH
2IG5,H1,50,CONC
2IG6,H1,46,CONC
2II0,09/27,2350,TURF
2II3,18/36,2200,TURF
2II4,H1,30,CONC
2II5,H1,150,CONC
2II6,E/W,2085,TURF
2II7,H1,16,CONC
2II8,H1,30,CONC
2II9,H1,300,TURF
2IL0,18/36,2640,TURF-G
2IL1,N/S,1700,TURF
2IL2,E/W,2410,TURF
2IL3,18/36,2150,TURF-F
2IL7,E/W,2400,TURF
2IL8,H1,25,CONC
2IL9,04/22,3400,ASPH
2IN0,09/27,2050,TURF
2IN2,09/27,1760,TURF
2IN2,18/36,1700,TURF
2IN3,09/27,1980,TURF
2IN4,09/27,1650,TURF
2IN5,18/36,2650,TURF
2IN6,09/27,2000,TURF
2IN7,H1,40,ASPH-CONC
2IN8,H1,50,ASPH
2IN9,10/28,1300,TURF
2IS1,H1,50,CONC
2IS3,09/27,1900,TURF
2IS4,E/W,1900,TURF
2IS9,18/36,2415,TURF
2J0,18/36,2590,TURF-F
2J8,05/23,2600,TURF-P
2J9,14/32,2974,ASPH-G
2JY3,H1,30,ASPH-G
2JY5,H1,25,ASPH
2JY6,H1,40,TURF-G
2JY7,B1,220,TURF
2JY9,H1,20,CONC
2K1,15/33,1220,ASPH-P
2K1,17/35,2320,TURF-G
2K2,17/35,2528,ASPH-P
2K5,02/20,1900,TURF-DIRT-P
2K6,18/36,2510,ASPH-P
K2K8,17/35,3200,TURF-G
K2KL,12/30,2649,TURF-GRVL-G
2KS1,E/W,2500,TURF
2KS1,N/S,1250,TURF
2KS2,02/20,1500,TURF
KS44,17/35,3350,TURF-F
KS44,2/20,1120,TURF-F
KS44,8/26,2260,TURF-F
2KS8,18/36,1900,TURF
2KS9,18/36,2100,TURF
2KY0,H1,24,CONC
2KY1,01/19,1100,TURF
2KY2,H1,50,CONC
2KY3,03/21,2000,TURF
2KY4,14/32,2930,TURF
2KY5,16/34,3029,ASPH
2KY6,H1,60,CONC
2KY7,H1,40,ASPH
2KY9,H1,50,CONC
2L1,12/30,2914,ASPH-F
2LA0,06/24,3100,TURF-DIRT
2LA1,H1,20,TURF
2LA2,H1,61,CONC
2LA4,17/35,5000,TURF
2LA5,17/35,3100,TURF
2LA6,N/S,2600,TURF
2LA7,18/36,2700,ASPH
2LA9,H1,30,CONC
2LL1,N/S,2160,TURF
2LL2,N/S,1200,TURF
2LL5,18/36,1600,TURF
2LL6,H1,100,CONC
2LL7,11/29,2450,TURF
2LL8,H1,25,CONC
2LL9,N/S,2200,TURF
2LS0,H1,35,CONC
2LS2,01/19,3000,TURF
2LS3,09/27,3300,TURF
2M1,03/21,4400,GRAVEL-F
2M5,ALL/WAY,15000,WATER
2M7,15/33,2800,TURF-F
2MA2,H1,32,CONC
2MA3,H1,460,TURF
2MA4,H1,26,TURF
2MA5,H1,60,CONC
2MA6,01/19,2000,WATER
2MA6,06/24,2000,WATER
2MA7,02/20,3000,WATER
2MA8,H1,20,GRVL
2MA9,H1,26,CONC
2MD0,07/25,2150,TURF
2MD1,09/27,1100,ASPH
2MD2,H1,50,ASPH
2MD3,14/32,1000,TURF-G
2MD4,08/26,2100,TURF
2MD5,H1,40,MATS
2MD6,03/21,2000,TURF
2MD7,H1,90,ASPH
2MD8,04/22,2034,TURF
2MI1,H1,64,CONC
2MI2,H1,20,CONC
2MI5,09/27,3050,TURF-G
2MI6,17/35,2250,Turf
2MI7,09/27,3800,TURF
2MI8,10/28,2300,TURF-F
2MI9,E/W,1800,TURF
2MI9,N/S,1450,TURF
2MN0,09/27,2600,TURF-G
2MN0,18/36,2200,TURF-G
2MN1,18/36,2600,TURF
2MN2,09/27,1700,TURF
2MN3,H1,45,CONC
2MN4,9/27,2640,Turf
2MN6,17/35,1600,TURF
2MN7,09/27,2300,TURF
2MN8,09/27,2500,ASPH-TURF
2MN9,09/27,2000,TURF
2MO0,02/20,1100,TURF
2MO0,13/31,1500,TURF
2MO1,18/36,1800,TURF
2MO2,N/S,1400,TURF
2MO3,H1,30,ASPH
2MO4,18/36,2500,TURF
2MO7,17/35,3400,TURF
2MO9,N/S,1320,TURF
2MS0,H1,30,CONC
2MS1,H1,100,TURF
2MS4,H1,150,TURF
2MS5,H1,200,TURF
2MS6,H1,20,CONC
2MS7,09/27,1000,TURF
2MS8,15/33,600,TURF-P
2MS9,18/36,2500,TURF
2MT0,02/20,1500,TURF
2MT1,15/33,2500,TURF
2MT2,14/32,2390,TURF
2MT3,H1,40,ASPH-G
2MT4,H1,75,CONC
2MT5,12/30,2000,TURF
2MT6,H1,75,CONC
2MT7,H1,52,TURF
2MT8,18/36,3000,TURF
2MT9,5/23,1500,TURF
2MU0,H1,45,CONC
2MU1,H1,60,CONC
2MU9,16/34,2300,TURF
2MY2,18/36,1320,TURF
2MY3,H1,80,CONC
2MY4,11/29,1200,TURF
2MY5,18/36,2117,Turf
K2N2,03/21,1900,ASPH-G
2N5,05/23,2550,TURF-G
2N6,06/24,1830,TURF-G
2N6,11/29,1590,TURF-G
2N7,01/19,5500,WATER-E
2NA0,08/26,1320,TURF
2NA7,08/26,1200,DIRT
2NC0,14/32,2900,ASPH
2NC1,14/32,1800,TURF
2NC2,H1,50,CONC
2NC3,H1,20,WOOD
2NC4,01/19,1350,TURF
2NC5,H1,110,ASPH-G
2NC6,18/36,1780,TURF
2NC7,18/36,3000,TURF
2NC8,07/25,1300,TURF
2NC9,H1,90,CONC
2ND0,17L/35R,3175,TURF
2ND0,17R/35L,2700,TURF-GRVL
2ND1,12/30,2400,TURF
2ND2,E/W,2600,TURF
2ND3,17/35,1900,TURF
2ND4,H1,50,CONC
2ND5,17/35,2218,Turf
2ND7,N/S,4000,TURF
2ND7,NW/SE,2800,TURF
2ND8,9/27,3403,Turf
2ND9,E/W,5280,TURF-F
2NE0,15/33,3030,TURF
2NE3,18/36,2000,Turf
2NE4,E/W,2000,TURF
2NE4,N/S,1300,TURF
2NE4,NE/SW,1800,TURF
2NE5,N/S,2000,TURF
2NE6,18/36,2640,TURF
2NE7,E/W,2600,TURF
2NE7,N/S,3500,TURF
2NH1,H1,100,CON
2NH2,H1,100,TURF
2NH3,H1,80,TURF
2NH4,H1,100,ASPH
2NH5,01/19,800,TURF
2NH5,17/35,1200,TURF
2NH6,H1,35,CONC
2NJ1,08/26,1800,TURF
2NJ2,H1,70,WOOD
2NJ3,11/29,2000,TURF
2NJ4,H1,94,TURF-F
2NJ5,12/30,2000,TURF
2NJ6,E/W,2200,TURF
2NJ7,H1,100,TURF
2NJ8,H1,40,TURF
2NJ9,H1,30,CONC
2NK2,H1,125,TURF
2NK3,17/35,1100,TURF
2NK4,H1,30,ASPH
2NK6,H1,100,ASPH
2NK7,08/26,2300,TURF
2NK8,H1,40,CONC
2NK9,18/36,2800,TURF
2NR4,H1,40,CONC-G
2NV2,16/34,4000,DIRT
2NV3,H1,30,CONC
2NV8,H1,46,CONC
2NY0,02/20,1475,TURF
2NY2,H1,220,TURF
2NY3,H1,25,CONC
2NY4,10/28,2130,TURF
2NY5,H1,48,MATS
2NY6,H1,50,TURF
2NY7,08/26,2000,TURF
2NY8,H1,800,TURF
2NY9,04W/22W,5000,WATER
2NY9,08/26,2400,TURF
2OA1,09/27,2100,TURF-G
2OA2,09/27,2900,TURF
2OA3,H1,200,TURF
2OA4,09/27,1987,TURF
2OA5,08/26,2500,TURF
2OA6,02/20,2090,TURF
2OA7,18/36,2425,TURF
2OG2,H1,200,GRVL
2OG3,N/S,3000,WATER
2OG4,17/35,2500,TURF
2OH0,09/27,2200,TURF-F
2OH1,H1,50,CONC
2OH2,E/W,2000,TURF
2OH4,12/30,2200,TURF
2OH5,H1,35,CONC
2OH6,18/36,1850,TURF
2OH7,14/32,1850,TURF-G
2OH8,NE/SW,2500,TURF
2OH9,09/27,2800,TURF
2OI2,01/19,1400,TURF
2OI3,H1,50,TURF
2OI4,09/27,1600,TURF
OH11,H1,30,CONC
2OI6,H1,85,CONC
2OI7,H1,75,CONC
2OI8,18/36,2300,TURF
2OI9,H1,100,TURF
2OK,H1,175,ASPH-G
2OK2,N/S,2702,CONC
2OK4,17/35,1325,TURF
2OK5,18/36,2600,TURF
2OK7,N/S,2500,TURF
2OL2,18/36,2200,TURF
2OR0,09/27,1150,TURF
2OR1,04/22,4185,ASPH-G
2OR2,H1,60,ASPH
2OR3,13/31,2500,TURF-G
2OR4,11/29,5100,GRVL
2OR6,03/21,1900,GRVL-DIRT
2OR9,H1,80,CONC
2P2,04/22,1300,TURF-F
2P2,14/32,2230,TURF-F
2P4,09/27,2200,TURF-G
2P5,H1,100,CONC
2P7,01/19,2840,ASPH-P
2PA1,NE/SW,2000,TURF
2PA3,15/33,1200,TURF
2PA4,18/36,1900,TURF
2PA5,18/36,2750,TURF
2PA6,18/36,1050,TURF
2PA7,NW/SE,1300,DIRT
2PA8,01/19,1600,TURF
2PA9,H1,200,TURF
2PN1,NE/SW,1600,TURF
2PN2,H1,60,TURF-G
2PN4,02/20,1000,TURF
2PN4,13/31,540,TURF
2PN5,NE/SW,2000,TURF
2PN7,02/20,1600,ASPH
2PN8,H1,52,CONC
2PN9,H1,60,ASPH
2PS0,H1,60,ASPH
2PS2,H1,64,ASPH
2PS3,06/24,1800,TURF
2PS4,H1,65,TURF
2PS5,H1,65,TURF
2PS7,H1,10,CONC
2PS8,H1,48,CONC
2PS9,H1,100,CONC
2Q5,06/24,1700,GRAVEL-G
2Q9,12/30,2870,DIRT-F
2R3,06/24,5000,WATER-E
2RI7,H1,50,TURF
2S0,10/28,2701,ASPH-G
2S1,17/35,2001,TURF-G
2S1,H1,98,TURF
2S2,18/36,4500,DIRT-P
2S3,17/35,2496,TURF-G
2S5,07/25,2978,ASPH-G
2S6,17/35,2755,ASPH-P
2SC3,06/24,5000,WATER
2SC4,06/24,5000,WATER
2SC5,08/26,3100,ASPH
2SC6,H1,130,CONC
2SC7,06/24,1900,TURF
2SC8,11/29,3350,TURF-F
2SD0,17/35,2000,TURF
2SD1,H1,60,CONC
2SD4,N/S,2800,TURF
2SD5,H1,80,TURF
2SD6,H1,40,CONC
2SD7,18/36,2600,TURF
2SD9,18/36,2500,ASPH
2T2,18/36,2000,TURF-F
2T7,H1,90,TURF-G
2TA1,17/35,1500,TURF-G
2TA2,H1,40,CONC
2TA3,08/26,2800,TURF
2TA3,12/30,4000,TURF
2TA4,04/22,2050,TURF
2TA6,01/19,4700,CONC-G
2TA8,13/31,5499,ASPH
2TE0,11/29,2700,TURF-G
2TE1,H1,100,CONC-TURF
2TE2,15/33,2800,TURF-G
2TE4,17/35,1500,TURF
2TE5,18/36,2300,TURF
2TE6,16/34,3300,TURF
2TE7,1/19,2300,TURF
2TE7,11/29,2600,TURF
2TE9,H1,40,CONC
2TN0,H1,50,CONC
2TN1,H1,60,CONC
2TN2,18/36,2390,TURF
2TN4,16/34,2785,CONC
2TN5,H1,50,CONC
2TN6,H1,40,CONC
2TN7,05/23,2400,TURF
2TN8,01/19,2075,TURF
2TN9,H1,50,CONC
2TS0,15/33,1250,TURF
2TS1,H1,25,ASPH
2TS2,17/35,1900,ASPH-GRVL
2TS3,15/33,2100,TURF
2TS4,17/35,3000,TURF-G
2TS6,17/35,3200,CONC
2TS7,H1,20,CONC
2TS8,15/33,4200,ASPH
2TX0,17/35,3800,TURF
2TX1,12/30,2588,TURF
2TX2,03/21,2000,TURF
2TX3,18/36,5280,ASPH
2TX4,17/35,4800,ASPH
2TX5,NE/SW,2300,TURF
2TX6,08/26,2200,DIRT
2TX6,17/35,3400,DIRT
2TX7,17/35,2300,TURF
2TX8,N/S,3300,TURF
2TX9,H1,80,CONC
2U0,05/23,5400,TURF-G
2U4,16/34,2800,ASPH-F
2U5,18/36,2000,TURF-F
2U7,17/35,4300,TURF-DIRT-G
2U8,03/21,2100,TURF-DIRT-G
2UT2,08/26,2071,TURF
2UT3,16/34,3000,GRVL
2UT4,H1,40,CONC-G
2UT5,2/20,400,Dirt
2UT9,8/26,1500,Treated Dirt
2VA,12/30,3500,TURF-F
2VA0,05/23,1800,TURF
2VA1,08/26,2400,TURF
2VA2,03/21,2900,TURF
2VA3,14/32,3200,TURF-G
2VA4,H1,58,CONC
2VA5,01/19,2400,TURF
2VA6,08/26,3200,TURF
2VA7,H1,50,CONC
2VA8,09/27,1400,TURF
2VA9,03/21,3250,ASPH
2VE2,H1,60,CONC
2VG2,NW/SE,5100,ASP
2VG3,05/23,1400,TURF
2VG4,H1,50,TURF
2VG5,H1,40,TURF
2VG6,H1,25,CONC
2VG7,17/35,1500,TURF
2VG8,01/19,2300,TURF
2VG9,H1,40,CONC
2VT2,04W/22W,10000,WATER
2W1,08/26,2055,ASPH-G
2W2,14/32,1840,ASPH-G
2W3,16/34,2990,ASPH-G
2WA0,H1,30,CONC-G
2WA1,11/29,2335,ASPH
2WA3,09/27,1560,DIRT
2WA4,H1,60,ASP
2WA5,H1,20,CONC
2WA6,07/25,1800,GRVL
2WA8,02/20,3000,GRAVEL
2WA9,05/23,2600,GRAVEL
2WI0,09/27,3500,TURF
2WI1,18/36,1800,TURF-G
2WI3,H1,120,ASPH
2WI4,07/25,2200,TURF
2WI5,09/27,2000,TURF
2WI6,N/S,2500,TURF
2WI7,04/22,2065,TURF-G
2WI8,15/33,2500,TURF
2WI9,01/19,2500,TURF
2WN3,09/27,2500,TURF
2WN3,18/36,1001,TURF
2WN5,11/29,2500,TURF
2WN6,04/22,2500,TURF
2WN7,18/36,2200,TURF
2WN8,09/27,3000,TURF
2WN9,07/25,2730,TURF
2WS2,18/36,1765,TURF
2WS3,09/27,1300,TURF
2WV2,H1,40,CONC
2WV3,07/25,3100,TURF
2WV5,03/21,1540,TURF
2WV6,H1,50,CONC
2WY3,07/25,2960,TURF
2WY4,H1,50,CONC-TURF
2WY8,04/22,1240,TURF-GRVL-F
2X2,13W/31W,3600,WATER
2XA0,17/35,3200,ASPH-P
2XA1,13/31,5500,ASPH
2XA2,04/22,2400,TURF
2XA3,H1,50,CONC
2XA4,18/36,2500,TURF
2XA5,13/31,1876,TURF
2XA6,H1,15,TURF
2XA7,15/33,2100,TURF-F
2XA8,H1,40,CONC
2XA9,H1,45,CONC
2XS0,H1,50,CONC
2XS1,18/36,4600,ASPH
2XS2,15/33,5164,ASPH
2XS3,16/34,4250,ASPH-P
2XS4,01/19,1200,TURF
2XS5,17/35,3000,ASPH
2XS6,17/35,2150,TURF
2XS7,08/26,4000,TURF
2XS8,15/33,3300,ASPH
2XS9,H1,70,CONC
2Y1,08/26,2480,TURF-F
2Y3,13/31,7500,WATER-E
2Z1,N/S,5000,WATER
2Z2,16/34,1500,DIRT-P
2Z3,08/26,950,GRAVEL-P
2Z5,E/W,3000,WATER
2Z5,N/S,5000,WATER
2Z6,E/W,4000,WATER-E
30AK,16/34,2400,TURF-G
30AR,17/35,3000,TURF
30CA,H1,125,TURF
30CL,H1,66,CONC
30CN,H1,43,CON
30CO,04/22,1150,GRVL
30F,18L/36R,2600,ASPH-P
30F,18R/36L,2815,TURF-F
30FA,H1,41,CONC
30FD,H1,44,ASPH-CONC
30FL,H1,60,CONC
09GE,14/32,5619,ASPH
30GE,14/32,2150,Turf
30IL,H1,40,CONC
30IS,NE/SW,2800,ASPH
30KY,H1,60,CONC
30LA,04/22,3000,WATER
30LA,16/34,5000,WATER
30LA,H1,48,CONC
30LA,H2,48,CONC
30LA,H3,48,CONC
30LL,E/W,1960,TURF
30LS,H1,50,CONC
30M,01/19,2508,ASPH-TURF-G
30MA,H1,45,ASPH
30ME,H1,40,CON
30MI,03/21,1200,TURF
30MN,H1/H1,70,CONC-G
30MO,13/31,1500,TURF
30MT,9/27,1304,Turf
30NC,16/34,2700,TURF
30NE,17/35,2600,TURF
30NJ,H1,40,CONC
30NM,H1,50,TURF
30NV,H1,62,CON
30NY,01/19,2175,TURF
30OH,H1,200,ASPH
OL41,18/36,1956,Turf
30OR,10/28,1200,TURF
30PN,H1,45,ROOFTOP
30SC,H1,40,CON
30SD,16/34,800,Turf
30TA,13/31,4800,GRVL
30TE,08/26,2500,TURF-F
30TE,17/35,4270,TURF-F
30VA,H1,65,ASPH
30W,ALL/WAY,10000,WATER
30WA,01/19,1600,GRAVEL
30WI,02/20,1200,GRVL-P
30XA,H1/H1,40,CONC
5NC2,02/20,2424,ASPH-G
5NC2,02W/20W,2000,WATER
31AK,06/24,2400,TURF-G
31AL,H1,50,CON
31AR,H1,40,CONC
31CA,H1,42,CONC
31CD,4/22,5000,Dirt
31CL,H1,60,ASPH
31CT,H1,45,TURF
K31D,E/W,1800,TURF-DIRT-F
31FA,09/27,4060,TURF
31FD,H1,20,TURF
31FL,09/27,3000,TURF
31GA,H1,40,CONC
31GE,6/24,2500,Turf
31ID,18/36,1068,Turf/Dirt
31IL,H1,40,CONC-G
31IN,09/27,3000,TURF
31IS,H1,42,CONC
31KS,17/35,2400,TURF
31KY,16/34,2800,TURF
31LA,H1,40,CONC
31LS,H1,65,CONC
31MA,16/34,1300,TURF
31ME,H1,32,CON
31MO,E/W,2200,TURF
31MO,N/S,1300,TURF
31MT,3/21,1337,Turf
31NC,H1,50,CONC
31OH,H1,200,TURF
31OK,H1,30,WOOD
31OR,H1,115,CONC
31PA,H1,150,TURF
31PN,H1,61,TURF
31TE,H1,100,CONC
31TS,03/21,1150,TURF-G
31TS,06/24,1900,TURF-G
31TT,H1,50,CON
31TX,17/35,1950,TURF
31UT,H1,15,ASP
31VA,02/20,5921,ASPH
31WA,H1,40,MATS
KW11,06/24,4558,ASPH
31WN,09/27,2200,TURF-G
31XS,17/35,2325,TURF
32AK,02/20,1410,TURF
32AK,16/34,1700,TURF
32AL,H1/-,60,CON
32AR,H1,40,CONC
32AZ,H1,60,CONC
32CA,16/34,2540,ASPH
32CL,N/S,2500,GRVL-TRTD
32CN,H1,52,CONC
32CO,09/27,3240,GRVL
32FA,08/26,5000,TURF
32FD,H1,50,CONC
32GA,08/26,2700,TURF-F
32ID,12/30,1792,Turf
32II,07/25,2000,TURF
32IL,H1,50,CONC-G
32IS,09/27,1800,TURF
32KS,18/36,2800,TURF
32KY,H1,50,ASPH
32LA,H1,30,CONC
32LS,09/27,2000,TURF
32MA,H1,350,CONC
32MD,13/31,3000,TURF
32MI,H1,66,CONC
32MN,E/W,2100,TURF
32MO,02/20,2000,TURF
32MS,18/36,2500,TURF-G
32MT,18A/36D,1000,Turf
32NC,03/21,2000,TURF
32NE,12/30,2000,TURF
32NH,H1,80,Asphalt/Concrete
32NJ,H1,20,CONC
32NR,3/21,2450,Turf
32NY,H1,100,TURF
32OH,18/36,1800,TURF
32OR,07/25,2433,TURF-GRVL-F
32PN,E/W,1800,TURF
32TA,18/36,2600,TURF
32TE,02/20,2000,TURF-DIRT
32TN,H1,25,CONC
32TS,H1,60,CONC
32TT,18/36,910,Turf
32TX,12/30,1866,TURF-G
32WI,09/27,2050,TURF
32WN,09U/27U,800,TURF-F
32WS,17W/35W,3505,WAT
32WY,16/34,2100,Turf
32XA,H1,50,MATS
32XS,H1,50,CONC
33A,14/32,2770,ASPH-P
33AK,01/19,1240,GRVL-F
33AL,H1,45,CON
33AR,09/27,2300,TURF
33AZ,14/32,4000,GRAVEL
33C,09/27,2995,TURF-P
33CL,17/35,2200,ASPH
33CN,H1,40,WOOD
33CO,03/21,7400,TURF
33CT,16/34,1450,TURF
33FA,15/33,4000,TURF
33FD,17/35,2500,TURF
33FL,04/22,3800,TURF-G
33GA,01/19,2000,TURF
33II,H1,40,CONC
33IL,18/36,1835,TURF
33IN,H1,40,CONC
33IS,N/S,1850,TURF
33KS,01/19,2500,TURF
33KS,17/35,2000,TURF
33KY,11/29,1300,TURF
33LA,18/36,2600,TURF
33LS,H1,40,CONC
33MA,H1,40,TURF
33MT,H1,30,CONC
33NC,17/35,3100,Turf
33NE,10/28,3585,TURF
33NE,13/31,1450,TURF
33NH,H1,24,Turf
33NJ,H1,75,TURF
33NR,04/22,3500,ASPH-G
33NY,17/35,3000,TURF
33OH,18/36,1875,TURF
33OI,01/19,2400,TURF
33OK,18/36,2625,TURF-F
33OR,15/33,3000,TURF
33SC,H1,40,CONC
33TA,17/35,2500,TURF
33TN,H1,40,CONC
33TS,H1,60,CONC
33TX,H1,20,CONC
33UT,H1,40,CON
33VA,13/31,1600,TURF
33VT,2/20,1722,Turf
33WA,E/W,2500,GRAVEL
33WI,H1,125,ASPH
33WV,H1/-,40,CON
33WV,H2/-,40,CON
33WY,18/36,1325,Dirt
33XS,H1,30,CONC
34AK,03/21,1200,GRVL
34AR,09/27,2700,TURF
34CD,10/28,1800,TURF-F
34CL,H1,115,ASPH-CONC
34CN,07/25,4100,TRTD
34CO,NW/SE,2400,DIRT-GRVL
34FA,16/34,5350,WATER
34FD,17/35,3335,TURF
34G,18/36,3608,TURF-G
34GA,H1,25,CONC
34IA,18/36,2600,Turf
34ID,07/25,2300,GRVL-G
34II,09/27,1250,TURF
34IL,16/34,1600,TURF
34IS,N/S,2600,TURF
34JY,H1,55,CON
34KS,H1,80,TURF
34KY,10/28,1620,TURF
34KY,18/36,2440,TURF
34LA,12/30,3000,TURF
34LL,H1,40,CONC
34MA,H1,16,WOOD
34MI,09/27,1300,TURF-G
34MN,E/W,5000,WATER
34MO,H1,20,CONC
34MS,07/25,1000,TURF-G
34MT,H1,35,CON
34NC,H1,40,MATS
34NC,H2,40,MATS
34NC,H3,60,CONC
34ND,18/36,2600,TURF
34NE,N/S,2640,TURF
34NH,H1,200,TURF
34NK,H1,69,CON
34NY,1/19,3506,Turf
34OH,18/36,2000,TURF
34OI,09/27,2300,TURF
34OR,H1,106,CONC
34PA,17/35,1700,TURF
34PN,05/23,1230,TURF
34PS,H1,55,ASP
34TA,17/35,1400,TURF
34TE,17/35,3030,TURF-P
34TN,H1,50,CON
34TS,01/19,2600,ASPH
34TX,H1,300,TURF
34U,18/36,2975,TURF-F
34VA,H1,50,CONC
34WA,H1,50,ASPH
34WI,08/26,1200,TURF-G
34XA,H1,50,CON
34XS,18/36,900,TURF-F
35AK,H1,50,WOOD
35C,18/36,2200,TURF-G
35CA,H1,62,ROOF-TOP
35CA,H2,40,CONC
35CN,N/S,2600,GRAVEL-P
35CO,08/26,4900,GRVL
35CO,14/32,5250,TURF
35CO,16/34,1900,GRVL
35FA,04/22,3400,TURF
35FA,10/28,4600,TURF
35FD,18/36,2000,TURF
35FL,H1,96,CONC
35GA,H1,40,CONC
35IA,9/27,2804,Turf
35ID,14/32,1456,Turf
35IL,09/27,2000,TURF-F
35IN,N/S,2900,TURF
35IS,18/36,2620,TURF
35JY,B1,150,TURF
35KY,11/29,2000,TURF-G
35LA,09/27,1600,TURF-F
35LL,H1,42,CONC
35LS,H1,42,CONC
35M,H1,75,TURF
35MA,H1,75,TURF
35ME,18/36,1645,GRAVEL-E
35MI,06/24,2600,TURF
35MN,03/21,2300,TURF
35MO,H1/H1,400,TURF
35MT,12/30,2000,Turf
35MU,H1,40,CON
35NC,16/34,2100,TURF
35NE,17/35,2800,TURF-G
35NH,06W/24W,1500,WATER
35NJ,H1,80,ASPH
35NK,18/36,2800,Turf
35NR,5/23,1600,TURF
35OH,H1,24,CONC
35OI,H1,60,CONC
35OL,17/35,2500,TURF-F
35PN,H1,60,CONC
35TA,H1,40,CONC
35TN,H1,80,ASP
35TX,16/34,1700,TURF
35VA,H1,60,ASPH
35W,1/19,2000,Turf
35WA,06/24,1800,TURF-DIRT
35WI,N/S,2350,TURF
35XA,12/30,1461,Turf/Dirt
35XS,H1,40,CONC
36AK,09/27,1300,TURF
36AK,17W/35W,2100,WATER
36AK,18/36,2000,TURF
36AL,17/35,3000,Turf
36AR,18/36,3000,TURF
36CA,16/34,3300,ASPH
36CL,H1,40,ASPH-CONC
36CO,17/35,3000,GRVL-DIRT
36FA,H1,60,WOOD
36FD,H1,50,TURF
36FL,H1,60,CONC
36GA,N/S,1500,TURF
36H,ALL/WAY,5000,WATER-E
36ID,H1,24,CONC-G
36II,01/19,1800,TURF
36IL,H1,40,CONC
36IN,NE/SW,1200,TURF
36IS,18/36,2300,TURF
36KS,01/19,2690,TURF
36KY,06/24,2100,TURF-F
36KY,14/32,2250,TURF-F
36LA,H1,50,CONC
36LL,HI,40,CONC
36ME,17W/35W,3244,WAT
36MI,13/31,4278,ASPH
36MI,7/25,4258,ASPH
36MO,09/27,2750,TURF
36MT,10/28,3400,Turf
36NE,15/33,2600,TURF
36NH,H1,87,ASPH
36NJ,09/27,1800,TURF-F
36NR,H1,40,CON
36OH,06/24,1800,TURF
36OI,E/W,2600,TURF
36OK,18/36,2000,TURF
36OR,12/30,1600,TURF
36PA,H1,45,MATS
36PN,H1,150,TURF
36TA,H1,20,CONC
36TE,H1,45,CONC
36TN,13/31,1800,TURF
36TS,H1,50,TURF
36TT,13/31,1625,Turf
36TX,17/35,2000,TURF
36VA,H1,50,CONC-G
36VT,01W/19W,2500,WATER
36WI,18/36,3200,ASPH
36XS,18/36,2500,TURF-G
37AZ,17/35,2800,ASPH-DIRT
37CA,04/22,2200,DIRT-G
37CL,04/22,1700,TRTD-DIRT
37CN,07/25,2640,ASPH-DIRT
37CO,H1,20,GRVL
37FA,H1,700,CONC
37FL,18/36,2400,TURF
OH71,05/23,3450,TURF-G
37IA,9/27,2910,Turf
37ID,02/20,2248,TURF-G
37II,09/27,1550,TURF
37IL,E/W,1600,TURF
37IN,18/36,1900,TURF
37IS,09/27,1900,TURF
37KY,H1,180,CONC
37LA,17/35,2200,TURF
37LL,06/24,1750,TURF
37LS,H1,50,TURF
37M,18/36,2648,ASPH-F
37MA,H1,100,TURF
37MI,01/19,2550,TURF
37MI,08/26,2550,TURF
37MO,18/36,2260,DIRT
37N,11/29,3195,DIRT-GRVL-F
37NC,H1,48,ASPH
37ND,16/34,1600,TURF
37NE,15/33,2000,TURF
37NJ,H1,51,ASPH
37NR,H1,74,Asphalt/Concrete
37NY,H1,120,ASPH
37OH,H1,90,ASPH
37OK,H1,60,CONC
37OR,NE/SW,4500,GRAVEL
37PA,09/27,2500,TURF
37PN,H1,79,MATS
37S,05/23,2700,TURF-F
37S,12/30,4100,TURF-F
37TA,H1,40,CONC
37TE,16/34,2000,TURF-F
37TE,17/35,2000,TURF-F
37TN,H1,90,CONC
37TS,18/36,1900,TURF
37TX,04/22,2200,TURF
37VA,H1,40,ASPH
37VT,01/19,1600,TURF
37WA,16/34,3000,GRAVEL
37WI,15/33,1800,TURF
37XA,17/35,4190,ASPH-TRTD-P
37XA,N/S,3030,TURF-G
37XS,14/32,2067,TURF-DIRT
38AK,09W/27W,1500,WATER
38AK,18/36,1500,TURF
38AL,4/22,2863,Turf
38AR,18/36,2000,TURF
38C,18/36,3472,TURF-G
38CL,16/34,2380,ASPH-G
38CN,16/34,2745,ASPH-GRVL
38CO,H1,87,ASPH
38FA,18/36,2400,TURF
38FD,H1,60,TURF
38FL,H1,60,CONC
38GA,H1,60,ASPH
38GE,H1,32,CON
K38I,09/27,2650,TURF-G
38IA,18/36,3286,Turf
38ID,09/27,2000,TURF-DIRT
38II,01/19,2400,TURF
38IN,09/27,2000,TURF
38IN,H1,90,CONC
38IS,N/S,1740,TURF
38K,17/35,2904,ASPH-G
38KS,18U/36U,850,Turf
38KY,H1,30,CONC
38LA,05/23,3000,TURF
38LL,HI,44,CONC
38LS,05/23,3000,TURF
38MI,10/28,2400,ASPH-TURF
38MN,1W/19W,3863,WAT
38MO,18/36,2900,TURF
38N,10/28,2600,TURF-G
38ND,12/30,1800,TURF
38NE,17/35,2940,ASPH
38NJ,H1,480,TURF
38NY,NE/SW,1950,TURF
38OH,18/36,2550,TURF
38OI,09/27,3000,TURF
38OK,H1,40,CONC
38OR,H1,90,ASPH-CONC-G
38PA,05/23,1400,TURF
38PN,E/W,2000,TURF
38SC,05/23,2300,TURF-G
38TE,H1,150,CONC-G
38TN,11/29,1900,TURF
38TS,H1,50,TURF
38TT,18/36,2700,Turf
38V,06/24,2700,TURF-F
38VA,H1,80,TURF
38W,07/25,2425,ASPH-G
38WA,01/19,2200,ASPH
38WI,02/20,2270,TURF-G
38WT,3/21,1200,Turf/Dirt
38WV,06/24,1800,TURF
38XA,12/30,3550,ASP
38XS,14/32,6000,ASPH
39AK,02/20,1200,TURF
39AZ,H1,40,Asphalt/Concrete
39B,13W/31W,15000,WATER
39CA,H1,65,ASPH
39CL,H1,50,CONC
39CO,09/27,2500,ASPH
39FA,11/29,3000,TURF
39FD,18/36,3100,TURF
39FL,H1,550,TURF
39G,09/27,2105,TURF-F
39GA,H1,60,CONC
39IA,17/35,2400,TURF-P
39ID,9/27,600,Turf
39II,18/36,2500,TURF
39IL,9/27,2000,Turf
39IN,12/30,4000,TURF
K39K,16/34,2170,TURF-GRVL-P
39KY,H1,60,ASPH-G
39LA,09/27,1000,TURF
39LL,09/27,2500,TURF
39MD,9/27,1800,Turf
39ME,H1/H1,55,ASP
39MI,14/32,1625,TURF
39MO,01/19,1190,TURF
39MO,15/33,1190,TURF
39MS,5/23,2300,Turf
39MT,7/25,1600,Turf
39NC,H1,40,TURF
39NJ,H1,50,ASPH
39NY,H1,25,CONC
39OH,12/30,1700,TURF
39OK,17/35,4000,TURF
39OR,H1,150,CONC
39P,07/25,1810,ASPH-G
39PN,09/27,2500,TURF
39R,17/35,2100,TURF-P
39SC,7/25,1200,Turf
39T,09/27,2509,TURF-G
39TA,02/20,2380,ASPH-P
39TA,16/34,1375,TURF-P
39TE,08/26,2700,GRAVEL-F
39TE,17/35,4000,ASPH-P
39TN,03/21,3000,TURF
39TS,H1,50,TURF
39TT,15/33,1400,Turf
39TX,H1,60,ASPH
39WA,03/21,2400,DIRT
39WI,13/31,2200,ASPH
39XA,H1,45,CON
39XS,H1,50,CONC
39Z,09/27,1925,TURF-F
3A3,N/S,6000,WATER
K3A9,04/22,2400,TURF-G
K3A9,14/32,3000,TURF-G
3AK2,06/24,700,GRVL-F
3AK3,15/33,2100,GRVL
3AK4,07/25,1860,GRAVEL
3AK5,05/23,4100,GRAVEL
3AK5,H1,40,GRAVEL
3AK6,05/23,700,GRAVEL
3AK7,18/36,1080,TURF
3AK8,15/33,1320,GRVL-G
3AK9,18/36,1500,Asphalt/Gravel
3AL0,H1,50,CONC
3AL1,06/24,1800,TURF
3AL2,H1,50,CONC
3AL3,H1,20,CONC
3AL5,03/21,1700,TURF
3AL6,16/34,1000,TURF-G
3AL8,17/35,2669,TURF
3AL9,H1,50,CONC
3AR0,18/36,2700,ASPH
3AR1,H1,40,CONC
3AR2,08/26,2000,TURF
3AR2,13/31,2400,TURF
3AR3,18/36,2200,TURF
3AR4,09/27,3400,TURF
3AR5,18/36,2640,TURF
3AR6,01/19,2600,TURF
3AR7,N/S,1953,TURF
3AR8,N/S,2500,TURF
3AR9,18/36,2640,ASPH-TURF
3AZ0,H1,40,MATS
3AZ1,H1,38,CONC
3AZ3,H1,50,CONC
3AZ4,H1,55,CONC
3AZ5,07/25,4790,ASPH
3AZ6,H1,50,CONC
3AZ7,H1,20,CONC
3AZ8,08/26,3300,GRAVEL
3B3,16/34,3086,ASPH-G
3B3,H1,50,ASPH-F
3B8,16/34,1800,ASPH-G
3C1,03/21,2243,ASPH-F
3C1,12/30,3140,TURF-F
0A1,06W/24W,4000,WATER-E
3CA1,H1,45,CONC
3CA2,H1,90,CONC
3CA6,H1,65,CONC
3CA7,15/33,3400,GRAVEL
3CA8,H2,65,ASPH
3CA9,13/31,2400,ASPH
3CL0,H1,40,MATS
3CL0,H2,40,MATS
3CL1,H1,67,CONC
3CL3,H1,65,ASPH
3CL4,H1,100,TURF
3CL5,H1,50,ASPH
3CL7,H1,50,CONC
3CL8,H1,88,CONC
3CL9,H1,30,ASPH-CONC
3CN7,16/34,2600,ASP
3CO0,04/22,2500,GRVL-DIRT
3CO0,12/30,2000,GRVL-DIRT
3CO0,18/36,2900,GRVL-DIRT
3CO1,05/23,2600,DIRT
3CO2,18/36,4000,GRVL-DIRT
3CO3,H1,100,ASPH-CONC
3CO4,13/31,3700,TURF-G
3CO5,H1,20,DIRT
3CO7,17/35,2500,TURF
3CO8,H1,50,CONC
3CO9,H1,40,CONC
3D1,09/27,2545,TURF-F
3D1,18/36,2164,ASPH-G
K3D2,01/19,1941,TURF-F
K3D2,14/32,2697,ASPH-G
3DA,09/27,1633,TURF-G
3DA,18/36,2510,ASPH-F
3E7,06/24,3500,TURF-P
3E7,17/35,4100,TURF-P
3EV,18/36,2227,TURF-G
3EX,01/19,2000,ASPH-F
3F5,09/27,2070,TURF-G
3F5,18/36,1520,TURF-G
3FA0,H1,57,CON
3FA3,H1,20,CONC
3FA5,H1,40,CON
3FA7,18/36,1480,Turf
3FD0,09/27,3400,TURF
3FD2,H1,40,CONC
3FD3,H1,80,CONC
3FD5,H1,59,CONC
3FD6,18/36,3000,TURF
3FD7,H1,60,CONC-G
3FD8,H1,40,CONC
3FD9,05W/23W,1800,WATER
3FK,03/21,2400,ASPH-G
3FL0,08/26,3000,TURF-G
3FL1,09/27,2643,TURF
3FL2,H1,40,CONC
3FL3,H1,65,CONC
3FL4,H1,25,CONC
3FL5,15/33,2620,TURF-G
3FL7,H1,50,CONC
3FL8,05/23,2500,TURF
3G8,09/27,2568,TURF-G
3G9,18/36,2580,ASPH-F
3GA0,18/36,1100,TURF
3GA1,E/W,1750,TURF
3GA2,H1,50,ASPH
3GA3,04/22,1500,TURF-GRVL-G
3GA4,H1,35,CONC
3GA5,10/28,1800,TURF
3GA6,N/S,2300,TURF
3GA8,09/27,1500,TURF
3GA9,16/34,2350,TURF
3GE1,H1,300,TURF
3GE2,H1,250,TURF
3GE3,07/25,3000,CONC
3GE4,02/20,1200,TURF
3GE5,H1,70,CONC
3GE6,H1,30,CONC
3GE8,14/32,3200,TURF-G
3H3,06/24,4000,WATER
3H5,18U/36U,2000,TURF-G
3IA0,H1,36,CONC
3IA2,H1,40,CONC-G
3IA3,H1,60,CONC
3IA6,H1,30,CONC-G
3IA8,H1,40,CONC
3IA9,09/27,2400,TURF
3ID2,09/27,1700,TURF
3ID3,10/28,1569,Turf
3ID4,H1,40,TURF
3ID9,14/32,2400,Turf
3IG3,09/27,605,TURF
3II1,15/33,3000,TURF
3II2,14/32,900,TURF
3II3,E/W,2600,TURF
3II4,H1,30,CONC
3II6,H1,14,CONC
3II7,H1,50,ASPH
3II8,18/36,1650,TURF
3II9,09/27,2000,TURF
3IL0,H1,60,ASPH
3IL1,18/36,2500,TURF-G
3IL2,18/36,2600,TURF
3IL3,H1,50,ASPH-CONC
3IL4,H1,100,TURF
3IL6,H1,40,CONC
3IL9,09/27,1995,TURF
3IN0,18/36,1600,Turf
3IN1,18/36,2600,GRS
3IN5,16/34,1300,TURF
3IN6,18/36,2570,TURF
3IN7,06/24,1500,TURF-SAND-F
3IN7,09/27,1330,TURF-SAND-F
3IN7,15/33,2100,TURF-SAND-F
3IN8,18/36,2020,TURF
3IS1,18/36,2600,TURF
3IS2,E/W,2250,TURF
3IS3,E/W,2000,TURF
3IS4,18/36,2900,TURF
3IS5,E/W,2950,TURF
3IS6,02/20,1775,TURF
3IS7,09/27,1600,TURF
3IS8,08/26,2614,TURF
3IS8,18/36,1932,TURF
3IS9,H1,40,CONC-G
3J6,18/36,2500,ASPH-P
3JY2,H1,50,ASPH
3JY6,H1,35,Asphalt/Concrete
3K9,NE/SW,5500,WATER
3KK,09/27,2644,TURF-G
3KK,18/36,2564,TURF-G
3KS,18/36,2585,Turf
3KS0,H1,50,ASPH
3KS2,18/36,2051,Turf
3KS3,17/35,1900,TURF
3KS4,N/S,3700,TURF
3KS5,17/35,2400,TURF
3KS6,H1,40,CONC
3KS7,17/35,2300,TURF
3KS8,04/22,2300,TURF
3KS9,17/35,3800,ASP
3KY1,18/36,2800,TURF-G
3KY3,14/32,1500,TURF
3KY4,15/33,3300,TURF
3KY5,H1,50,CONC
3KY8,H1,40,CONC
3KY9,05/23,2000,TURF
37MI,09/27,2200,TURF-G
3LA0,09/27,1200,TURF
3LA1,02/20,2000,TURF
3LA4,12/30,4002,ASP
3LA6,18/36,2100,TURF
3LA7,H1,65,CONC
3LA8,16/34,2250,TURF
3LA9,17/35,1900,TURF
3LL0,N/S,1320,TURF
3LL1,N/S,1800,TURF
3LL2,H1,40,CONC
3LL3,N/S,1423,TURF
3LL4,N/S,2000,TURF
3LL5,E/W,1750,TURF
3LL6,18/36,2215,TURF
3LL7,H1,300,TURF
3LL7,H2,60,CONC
3LL8,18/36,1800,ASPH-P
3LL9,15/33,1600,TURF
3LS7,18/36,1725,TURF
3LS8,13/31,1200,Turf
3M0,06/24,3200,TURF-G
K3M5,09/27,2180,TURF-G
3MA0,H1,60,CONC
3MA1,H1,18,ASPH
3MA2,15/33,2200,TURF
3MA3,H1,150,TURF
3MA4,H1,30,TURF
3MA5,17/35,2150,TURF
3MA6,H1,50,TURF
3MA8,H1,50,ASPH
3MA9,H1,500,TURF
3MD0,12/30,2600,ASPH
3MD1,H1,62,CONC
3MD2,H1,40,ASPH
3MD4,10/28,1800,TURF
3MD5,16/34,2500,TURF
3MD6,18/36,2200,TURF
3MD7,H1,26,CONC
3MD8,18/36,2700,TURF
3ME8,15W/33W,5000,WATER
3MI0,10/28,1320,TURF
3MI2,17/35,4200,TURF
3MI3,H1,40,TURF
3MI6,H1,50,TURF
3MI7,09/27,2500,TURF
3MI7,18/36,2045,TURF
3MI9,04/22,3000,WATER
3MI9,11/29,5000,WATER
3MI9,14/32,5000,WATER
3MN0,13W/31W,8000,WATER
3MN2,H1,40,CONC
3MN6,H1,50,CONC
3MN7,18/36,2200,TURF
3MN9,10/28,2100,TURF
23MU,18/36,2430,TURF-GRVL-P
3MO1,H1,25,CONC
3MO1,H2,25,CONC
3MO1,H3,25,CONC
3MO2,ALL/WAY,1500,TURF
3MO3,H1,60,CONC
3MO3,H2,70,ASPH
3MO4,S/N,2600,TURF
3MO5,18/36,2600,TURF
3MO6,N/S,2200,TURF
3MO7,1/19,3000,Turf
3MS0,H1,50,CONC
3MS1,12/30,3200,TURF
3MS3,09/27,3500,TURF
3MS4,H1,100,ASPH
3MS5,N/S,2500,TURF
3MS6,18/36,2100,TURF
3MS8,NE/SW,3600,TURF
3MS9,10/28,2550,TURF-P
3MT2,H1,40,CON
3MT3,05/23,2800,TURF
3MT5,H1,40,CON
3MT9,16/34,960,Turf
3N5,06/24,2546,ASPH-G
3N8,17/35,3210,TURF-G
3NA0,08/26,2600,TURF
3NA2,10/28,1200,TURF
3NA6,08/26,1950,TURF
3NA7,H1,200,TURF
3NC0,16/34,1750,TURF
3NC1,14/32,1800,TURF
3NC2,H1,100,CONC
3NC3,06/24,1800,TURF
3NC4,03/21,4000,TURF
3NC5,18/36,2000,TURF
3NC6,09/27,2300,TURF
3NC7,17/35,1300,TURF
3NC8,H1,45,TURF
3NC9,07/25,1600,TURF
3ND5,12/30,2400,TURF
3ND6,9/27,897,Turf
3NE2,E/W,900,TURF
3NE2,N/S,3200,TURF
3NE3,N/S,2500,TURF
3NE5,11/29,2500,CON
3NE7,N/S,2800,TURF
3NH9,H1,20,TURF
3NJ0,H1,50,TURF
3NJ1,04/22,2568,TURF-F
3NJ2,H1,75,TURF
3NJ3,H1,100,CONC
3NJ4,H1,50,ASPH
3NJ6,02/20,4002,ASPH
3NJ8,H1,30,CONC
3NJ9,13/31,1965,TURF
3NK0,11/29,2300,TURF
3NK1,H1,50,ASPH
3NK2,H1,80,CONC-G
3NK3,H1,75,ASPH
3NK4,14/32,2000,TURF
3NK5,E/W,1950,TURF
3NK6,01/19,1600,TURF
3NK7,H1,40,ASPH
3NK8,18/36,1300,TURF
3NK9,H1,110,ASPH
3NO,17/35,2480,CONC-F
3NP,09/27,2740,TURF-F
3NP,15/33,2500,TURF-F
3NR3,09/27,2903,ASPH-G
3NR4,1/19,3100,Turf
3NR5,H1,55,ASP/CON
3NY0,08/26,2200,TURF
3NY2,H1,100,ASPH
3NY3,02/20,3500,TURF
3NY5,N/S,1500,TURF
3NY6,11/29,3000,TURF
3NY7,09/27,2200,TURF-G
3O5,16/34,2900,ASPH-F
K3O8,14/32,2820,ASPH-F
3OA3,H1,160,GRS
3OA9,HI,48,MATS
3OG3,17/35,2300,DIRT-F
3OH0,09/27,2000,ASPH
3OH0,10/28,2000,TURF
3OH1,14/32,2400,TURF
3OH4,18/36,2120,TURF
3OH6,18/36,2639,TURF
3OH7,08/26,1900,TURF
3OH8,05/23,2300,TURF
3OH9,18/36,1700,TURF
3OI6,13/31,2000,TURF
3OI7,H1,300,TURF
3OI8,H1,50,CONC
3OI9,H1,80,TURF
3OK0,17/35,2600,TURF
3OK1,N/S,2440,TURF
3OK3,H1,20,TURF
3OK4,H1,55,CONC
3OK5,18/36,2400,TURF
3OK7,18/36,2200,TURF
3OK8,13/31,2230,TURF
3OK8,16/34,2640,TURF
3OK9,18/36,1500,TURF
3OL8,03/21,4600,ASP
3OR0,H1,40,CONC
3OR2,13/31,2200,GRVL
3OR4,H1,50,ASPH
3OR5,H1,25,TURF-G
3OR7,H1,60,TURF
3OR8,E/W,3000,DIRT
3OR9,03/21,1950,GRVL-G
3PA0,E/W,2000,TURF
3PA4,14/32,2000,TURF
3PA5,H1,60,TURF
3PA6,09/27,1200,TURF
3PA7,H1,80,CONC
3PA8,N/S,1500,TURF
3PA9,NE/SW,2800,TURF
3PA9,NW/SE,2800,TURF
3PN0,08/26,1500,TURF
3PN1,15/33,1800,TURF
3PN2,15/33,1750,TURF
3PN4,H1,60,ASPH
3PN5,H1,32,ASPH
3PN6,13/31,2000,TURF
3PN7,02/20,2200,TURF-G
3PN9,05/23,700,TURF
3PS0,H1,50,CONC
3PS1,H1,60,TURF
3PS3,H1,35,ASPH
3PS4,02/20,1400,TURF
3PS5,H1,65,CONC-TURF
3PS7,H1,65,TURF
3PS8,09/27,1500,TURF
3PS9,08/26,1855,TURF
3Q0,13/31,4600,DIRT-G
3R8,02/20,2750,TURF-G
GA82,E/W,2750,TURF-F
3S2,12/30,1808,TURF-G
K3S5,07/25,2777,TURF-G
3S6,11/29,5350,DIRT-F
3S7,15/33,2350,ASPH-G
3SC3,H1,40,CONC
3SC4,08/26,3033,ASPH
SC57,15/33,2750,TURF
3SD3,18/36,1600,TURF
3SD4,16/34,2300,TURF
3SD5,HI,40,CONC
3T0,07/25,3000,TURF-E
3T2,02/20,2910,TURF-G
3T4,08/26,3300,GRVL-E
3T6,17/35,1800,ASPH-F
3T7,10/28,1852,ASPH-G
3T8,15/33,2450,TURF-G
3TA,03/21,1580,TURF-G
3TA,13/31,1900,TURF-G
3TA,17/35,2560,TURF-G
3TA0,18/36,4093,ASPH
3TA2,06/24,2500,TURF
3TA3,H1,40,ASPH
3TA4,02/20,3200,TURF
3TA5,01/19,3450,ASPH
3TA6,15/33,4280,ASPH
3TA7,17/35,2500,TURF
3TA8,05/23,2700,ASPH
3TA9,15/33,2900,ASPH
3TE,09/27,1820,TURF-G
3TE,18/36,2660,ASPH-P
3TE0,06/24,5000,DIRT
3TE1,16/34,2500,TURF
3TE2,H1,30,WOOD
3TE3,18/36,1300,Turf
3TE4,01/19,2500,DIRT-G
3TE5,16/34,2300,ASPH
3TE6,17/35,2100,DIRT-P
3TE8,13/31,3600,GRAVEL
3TE9,17/35,3700,TURF
3TN0,05/23,750,TURF
3TN1,H1,50,CONC
3TN3,18/36,2900,TURF
3TN4,03/21,1200,TURF
3TN5,H1,50,CONC
3TN6,13/31,3000,ASPH-GRVL
3TN7,H1,20,CONC
3TN7,H2,20,CONC
3TN8,05/23,1300,TURF
3TN9,17/35,2100,TURF
3TS0,08/26,2025,TURF-F
3TS0,13/31,2400,TURF-F
3TS1,02/20,3000,ASPH-F
3TS2,H1,90,ASPH
3TS3,15/33,1800,TURF
3TS4,H1,40,CONC
3TS8,H1,60,CONC
3TS9,15/33,3000,TURF
3TX0,H1,100,CONC
3TX1,09/27,1900,TURF
3TX2,N/S,2700,TURF
3TX3,17/35,2500,TURF
3TX6,17/35,2600,TURF-G
3TX7,N/S,2800,TURF
3TX9,15/33,2800,TURF
3U0,01/19,5250,TURF-P
K3U1,11/29,2765,DIRT-G
3U2,17/35,3400,TURF-G
3U5,01/19,3650,TURF-F
3U9,11/29,3675,TURF-F
3UT6,H1,40,CON
3UT9,H1,50,CON
3VA0,18/36,1200,TURF
3VA1,06/24,2100,TURF
3VA2,06/24,2100,TURF
3VA3,02/20,2000,TURF
3VA3,16/34,2500,TURF
3VA4,N/S,2000,TURF
3VA5,17/35,1700,TURF
3VA6,H1,200,GRVL
3VA7,04/22,2000,TURF
3VA8,N/S,2600,TURF
3VA9,H1,60,TURF
3VG2,10/28,2800,TURF
3VG3,14/32,2200,TURF
3VG7,09/27,2000,TURF-F
3VG7,17/35,2470,GRVL-TURF-F
3VG9,04/22,1800,TURF
3VS,07/25,2805,ASPH-E
3VS,H1,50,CONC-G
3W2,03/21,2870,ASP
3W3,10/28,2400,TURF-G
K3W5,07/25,2609,ASPH-G
K3W5,H1,40,CONC-G
K3W6,02/20,2850,TURF-F
3W9,09/27,2085,TURF-F
3WA0,15/33,1600,TURF
3WA1,16/34,800,TURF
3WA2,NE/SW,2000,ASPH-TURF
3WA3,06/24,3900,ASPH
3WA4,NE/SW,1800,TURF
3WA5,07/25,500,GRVL-TURF
3WA7,H1,50,TURF
3WA8,H1,40,TURF
3WA9,10/28,3200,TURF
3WI0,09/27,1100,TURF
3WI0,18/36,1700,TURF
3WI1,09/27,1600,TURF
3WI2,02/20,3000,TURF
3WI3,07/25,2450,TURF
3WI4,09/27,2400,TURF
3WI5,16/34,1600,TURF
3WI6,05/23,1500,TURF
3WI6,09/27,1500,TURF
3WI8,10/28,2000,TURF
3WI9,18/36,2500,TURF
3WN1,7/25,2621,Turf
3WN2,17/35,2000,TURF
3WN3,H1,50,CONC
3WN4,09/27,1000,TURF
3WN6,18/36,2000,TURF
3WN7,07/25,850,TURF
3WN7,12/30,850,TURF
3WN8,18/36,2650,TURF
3WN9,09/27,2100,TURF
3WS9,9/27,2236,Turf
3WV2,H1,48,ASPH
3WV7,H1,60,CON
3X5,01/19,1804,ASPH-G
3X5,08/26,1900,TURF-P
3XA0,17/35,2000,CALICHE
3XA1,12/30,2500,TURF
3XA2,H1,44,CONC
3XA4,H1,60,CONC
3XA5,H1,60,CONC
3XA6,H1,42,CONC
3XA6,H2,42,CONC
3XA7,06/24,2000,TURF
3XA8,17/35,2468,TURF
3XA9,H1,20,CONC
3XA9,H2,20,CONC
3XS1,15/33,2640,TURF
3XS2,H1,100,CONC
3XS4,17/35,2400,TURF
3XS5,17/35,2000,TURF
3XS6,H1,40,CONC
3XS7,H1,2000,ASPH
3XS7,H2,1550,ASPH
3XS7,H3,1000,ASPH
3XS8,NW/SE,4200,ASPH
3XS9,H1,70,ASPH
K3Y4,17/35,2045,TURF-F
3Y7,13/31,3009,TURF-F
3Z1,12/30,1190,GRVL-P
3Z8,NW/SE,5000,WATER
3Z9,N/S,5000,WATER-E
40AK,06/24,1500,GRVL-F
40AL,H1/H1,40,CON
40AR,13/31,3150,ASPH-P
40AZ,08/26,2000,DIRT
40C,02/20,2600,TURF-F
40C,07/25,1540,TURF-P
40CA,H1,50,ASPH
40D,03/21,3400,TURF-G
40FD,H1,60,ASPH
40GA,H1,50,CONC
40I,08/26,3142,TURF-F
40ID,10/28,2640,Turf
40IL,09/27,2640,TURF-G
40IN,16/34,3700,TURF
40IS,H1,40,MATS
40KS,01/19,2400,TURF
40KY,11/29,2000,TURF
40LA,18/36,4800,TURF
40LL,H1,44,CON
40ME,18/36,2900,TURF
40MN,E/W,2200,TURF
40MT,17/35,1460,Turf
40MT,7/25,960,Turf
40NC,H1,25,TURF
40ND,18/36,2546,Turf
40NE,13/31,3200,TURF
40NJ,H1,100,TURF
40NK,H1,30,CON
40NK,H2,30,CON
40NK,H3,30,CON
40OH,09/27,1300,TURF
40OI,09/27,2600,TURF
40OK,17/35,2300,TURF
40PA,H1,70,ASPH
40PN,12/30,2200,TURF-G
40RI,H1,105,Turf
40TA,NE/SW,2000,TURF
40TE,02/20,1200,TURF
40TE,05/23,1000,TURF
40TE,10/28,1200,TURF
40TN,9/27,2700,CON
40TX,H1,21,CONC
40UT,H1,60,CON
40VA,H1,50,CONC
40WA,H1,32,CONC
40WI,09L/27R,2500,TURF
40WI,09R/27L,2250,TURF
40XS,15/33,3000,TURF
41AK,03/21,1900,GRAVEL-F
41AL,H1/H1,40,CON
41AR,02/20,3000,TURF
41AZ,17/35,2950,ASPH-F
41C,01/19,2200,TURF-F
41C,09/27,1800,TURF-F
41CA,13/31,1500,TURF
41CO,09/27,1700,TURF-F
41FA,04W/22W,4767,WAT
41FD,H1,60,CONC
41FL,H1,360,ASPH
41G,08/26,1994,TURF-G
41GA,H1,25,CONC
41ID,11/29,1800,DIRT
41IG,6/24,2000,Turf
41IN,H1,51,CONC-G
41KS,06/24,1600,TURF
41KS,13/31,1600,TURF
41KS,18/36,2600,TURF
41KY,H1,120,CONC
41LA,H1/H1,50,C
41MA,H1,100,TURF
41ME,2/20,1900,Turf
41MO,11/29,1512,Turf
41MT,12/30,775,TURF
41NC,04/22,2000,Turf
41NJ,H1,25,ASPH
41NR,18/36,2300,Turf
41NY,01/19,1800,TURF
41OI,H1,60,ASPH
41OK,H1,50,TURF
41OK,H2,20,CONC
41OR,H1,53,CONC
41PA,08/26,1200,TURF
41PA,16/34,1276,TURF
41PN,H1,180,ASPH
41TA,03/21,2700,TURF
41TE,H1,90,CONC-G
41TN,03/21,3058,TURF
41TS,11/29,2000,TURF
41TT,18/36,5432,ASP
41TX,13/31,2800,TRTD-DIRT
41WA,H1,40,CONC-G
41WI,18/36,3200,TURF
41XS,18/36,2500,TURF
42AR,H1,60,CONC
42AZ,H1,40,CON
42B,14/32,2120,ASPH-G
42B,16W/34W,4500,WATER
42C,18/36,2916,ASPH-F
42CA,H1,40,CONC
42CL,H1,100,CONC
42CN,09/27,3110,GRVL-TRTD
42FD,H1,40,CONC
42FL,09/27,6600,WATER
42GA,H1,25,CONC
42IA,18/36,2200,Turf
42IL,H1,100,TURF-G
42JY,H1,60,ASP/CON
42KY,18/36,2544,ASPH
42L,H1,105,ASPH
42LA,H1,70,CONC-G
42MA,H1,40,ASPH
42MD,03/21,2400,TURF
42ME,2W/20W,3062,WAT
42MN,E/W,1700,TURF
42MO,02/20,2225,TURF-F
42MS,H1,45,CONC
42MT,17/35,1000,Turf
42NC,17/35,1200,TURF
42NJ,H1,25,CONC
42NY,11/29,1150,TURF
42OH,N/S,2200,TURF
42OI,H1,40,CONC
42OK,H1,60,CONC
42OR,01/19,1650,ASPH-CONC
42PA,H1,65,ASPH-G
42PN,H1,65,CONC-G
42SC,2/20,2900,Turf
42TA,H1,50,ASPH
42TN,10/28,2800,TURF
42TT,14/32,2533,Turf
42TX,18/36,2100,TURF
42VA,11/29,4845,TURF-G
42VT,10/28,700,TURF
42WA,10/28,1100,DIRT
42WI,H1,50,CONC
42XA,15/33,1872,Turf
42XS,13/31,5000,ASPH
43AK,06/24,2800,GRAVEL
43AR,18/36,1300,TURF
43AZ,H1,50,CONC-TURF
43CL,10/28,2800,DIRT
43CL,12/30,2860,DIRT
43FD,ALL/WAY,4500,WATER
4FA1,09/27,4120,TURF
43G,15/33,2253,TURF-F
43G,18/36,2157,TURF-F
43GA,H1,55,CONC
43GE,H1,40,ASP
43I,NW/SE,14500,WATER-G
43IA,9/27,1667,Turf
43ID,18/36,1200,Turf
43IG,04/22,2000,TURF-DIRT-P
43II,H1,20,CONC
43IL,H1,78,CON
43IN,09/27,2600,TURF
43IS,H1,150,TURF
43K,03/21,2745,TURF-G
43K,13/31,2722,TURF-G
43K,17/35,2573,ASPH-G
43K,18/36,2310,TURF-G
43KS,17/35,2800,TURF
43KY,H1,150,TURF
43L,H1,50,CONC
43LA,09/27,1600,TURF-G
43MI,18/36,2977,TURF-F
43MN,15/33,3500,Turf
43MO,08/26,2500,ASPH
43MS,09/27,2350,Turf
43MT,13/31,2200,Turf/Gravel
43NC,01/19,3000,TURF
43NE,17/35,3400,ASPH
43NH,H1/H1,40,Turf
43NV,18/36,4325,GVL
43NV,3/21,2330,GVL
43OA,09/27,1400,TURF
43OI,09/27,2300,TURF
K3OK,18/36,3835,TURF
43PA,09/27,2683,TURF
43SC,6/24,1500,Turf
43TE,H1,30,CONC
43TN,10/28,1350,GRVL
43TT,H1,53,CON
43TX,12/30,1925,ASPH-TURF
43WA,H1,400,GRAVEL
43WI,11U/29U,800,TURF
43WI,H1,90,TURF
43XS,H1,30,CONC
43Y,02/20,2049,TURF-G
43Y,12/30,3199,TURF-G
44A,17/35,2800,ASPH-E
44AK,11/29,1600,GRAVEL
44AZ,NW/SE,2640,DIRT
44B,09/27,2926,TURF-G
44CN,H1,43,CONC
44CO,16/34,2640,GRVL
44FA,H1,40,Concrete/Turf
44FL,H1,37,CONC
44G,09/27,2602,TURF-G
44ID,17/35,2100,TURF
44II,09/27,1600,TURF-G
44IL,H1,100,TURF-G
44IS,12/30,1520,TURF
44KS,04/22,1750,TURF
44KS,08/26,1400,TURF
44KS,17/35,2455,TURF
44KY,10/28,2300,ASPH
44L,H1,50,CONC
44LA,E/W,3400,TURF
44LL,H1,30,CONC
44LS,10/28,1200,Turf
44M,05/23,2600,TURF-G
44MD,H1,60,ROOF-TOP
44ME,11/29,600,Turf/dirt
44MI,18/36,2033,TURF-P
44MU,15/33,1800,TURF
44NC,09/27,2200,TURF
44ND,09/27,2500,GRAVEL
44ND,15/33,1600,GRAVEL
44NE,H1,20,Turf
44NK,16/34,1691,Turf
44NR,H1,50,Rooftop
44NY,13/31,2000,TURF
44OH,H1,50,CONC
44OI,H1,42,ASPH-CONC
44OR,09/27,2000,TURF-G
44PA,08/26,2100,TURF
44PN,H1,50,ASPH
44SC,2/20,3366,ASP
44T,07/25,2015,TURF-G
44TA,H1,20,TURF
44TE,16/34,2600,TURF
44TN,07/25,1121,TURF
44TS,17/35,3000,TURF
44TX,17/35,2500,ASPH-G
44VA,03/21,2800,TURF
44WA,H1,40,ASPH-G
44WI,03/21,1550,TURF
44WY,10/28,3258,DIRT
44XA,1/19,3292,asphalt/dirt
45AK,11/29,2600,TURF
45AL,H1,35,CON
45AL,H2,35,CCN
45AR,01/19,2230,TURF
45AR,06/24,1480,TURF
45CL,18/36,2600,DIRT-F
45CN,09/27,2700,DIRT-TURF
45CO,H1,15,CONC
45FA,H1,50,CON
45FD,H1,40,CONC
45FL,02/20,2300,TURF-F
45IA,H1,50,CONC
45ID,10/28,1300,Turf
45II,18/36,2000,TURF
45IL,H1,50,CONC
45IN,17/35,2000,TURF
45IS,H1,30,CONC
45KY,H1,60,CONC
45LA,H1,800,CONC
45ME,H1,60,ASP
45MN,NW/SE,1700,TURF
45MO,18/36,2100,TURF
45MO,H1,50,TURF
45MS,18/36,2065,CON
45MT,17/35,2600,TURF
45NC,07/25,1750,TURF
45NE,13/31,1600,Turf
45NH,H1,35,TURF
45NK,8/26,997,Turf
45NY,H1,60,CONC
45OG,16/34,2000,GRASS-F
45OH,3/21,1600,TURF
45OI,05/23,2100,TURF
45OK,01/19,2000,TURF
45OR,10/28,1750,ASPH
45PA,H1,27,ASPH
45S,03/21,3000,GRVL-DIRT-F
45TA,H1,50,TURF
45TE,17/35,2000,TURF-G
45TN,03/21,1800,TURF
45TS,H1,100,GRVL
45TT,H1,45,CON
45WA,H1,40,ASPH
45WI,05/23,2000,TURF
45XS,10/28,4045,DIRT
46AK,09/27,1250,GRVL
50AL,12W/30W,5200,WAT
46CL,H1,36,CONC
46CN,07/25,4500,ASPH-DIRT-G
46CO,17/35,2500,DIRT-F
46FD,09/27,2400,TURF
46FL,H1,32,TURF
46GA,H1,45,CONC
46IA,17/35,2600,ASPH
46ID,H1,60,GVL
46II,H1,40,ALUM-DECK
46IL,H1,44,CONC
46IN,09/27,2200,TURF
46KS,17/35,2434,TURF
46KY,H1,20,CONC
46LL,H1,80,TURF-F
46LS,18/36,2600,TURF
ME29,H1,60,ASPH
46MI,18/36,2400,TURF
46MS,09/27,2400,ASPH
46N,01/19,2664,ASPH-P
46NC,09/27,1500,TURF
46NE,18/36,2100,TURF
46NE,9/27,2800,TURF
46NH,H1,90,Turf
46NY,18/36,2600,ASPH
46OH,02/20,1400,GRVL-DIRT
46OR,H1,250,GRAVEL
46PA,H1,65,CONC-G
46PN,H1,60,TURF
46TA,01/19,4000,TURF
46TN,H1,40,CONC
46TX,03/21,2200,TURF
46VA,04/22,1450,TURF
46WA,H1,70,TURF
46WI,H1,40,CONC
47AK,06/24,1400,TURF
47CA,H1,50,CONC
47CL,H1,25,CONC
47CO,04/22,2700,DIRT
47CO,11/29,2200,DIRT
47FA,H1,32,Turf/Dirt
47FD,18/36,2400,TURF
47FL,09/27,3000,TURF
47G,10/28,2300,TURF-G
47G,18/36,2200,TURF-G
47GA,N/S,2500,ASPH-G
47GE,3/21,1846,Turf
47ID,17/35,3000,Turf
47II,06/24,2400,TURF
47IL,09/27,2300,TURF
47IN,18/36,2600,TURF
47IS,11/29,1600,TURF
47KS,17/35,2500,TURF
47KY,H1,75,CONC
47LA,H1,74,CONC
47MA,H1,50,TURF
47ME,H1,40,CON
47MN,09/27,2100,TURF-G
47MO,05/23,1800,TURF
47MT,17/35,2100,Turf
47NC,04/22,2890,TURF
47NE,H1,39,CONC
47NJ,H1,85,ASPH
47NY,09/27,1800,TURF
47OI,H1,45,ASPH
47OK,04/22,1950,TURF
47OK,08/26,2500,TURF
47OK,12/30,1700,TURF
47OK,17/35,1220,TURF
47OR,01/19,3400,DIRT-F
47PA,NE/SW,2300,TURF
47PN,H1,150,TURF
47TA,N/S,2540,TURF
47TE,17/35,2300,TURF
47TS,08/26,2600,TURF
47TX,11/29,4000,ASPH
47VA,H1,60,TURF
47VT,12/30,1650,Turf
47WA,H1,75,GRVL
47WI,09/27,2100,ASPH
47XA,18/36,3100,Turf
47XS,17/35,2200,DIRT
K47Y,15/33,3260,TURF-F
48AK,12/30,1320,TURF-P
48AL,H1,40,CON
48AR,18/36,1800,CON
48AZ,05/23,2300,ASPH
48CA,H1,50,ASPH
48CL,H1,66,ASPH
48CO,16/34,2600,DIRT
48FA,13W/31W,4077,WAT
48FD,H1,40,CONC
48FL,18/36,2380,TURF
48G,14/32,1986,TURF-F
48GA,H1,25,CONC
48IN,H1,350,TURF
48IS,18/36,2600,TURF
48KY,H1,30,CONC
48LA,H1,90,CONC
48LL,09/27,2300,TURF
48MD,09/27,2050,TURF
48MI,H1,80,CONC
48MN,H1,40,CON
48MO,H1,30,CONC
48MT,H1,75,CONC-G
48NC,05/23,1200,TURF
48ND,N/S,2500,TURF
48NE,H1,25,CONC-G
48NH,03W/21W,5000,WATER
48NH,12W/30W,5000,WATER
48NH,15W/33W,5000,WATER
48NJ,H1,145,ASPH
48NR,7/25,2122,Turf
48OI,H1,100,CONC
48OR,07/25,2600,ASPH
K48P,09/27,1000,TURF-G
48PA,H1,100,ASPH
48PN,H1,60,Turf
48PS,4/22,1200,Turf
48SN,H1,30,CONC
48TA,H1,30,CONC
48TE,18/36,4998,ASPH
48TS,05/23,2200,TURF
48TT,H1,100,CON
48TX,17/35,4500,TURF
K48U,04/22,5652,DIRT-F
48VA,03/21,1500,TURF
48VA,10/28,900,TURF
48VT,05W/23W,4000,WATER
48WA,07/25,2400,ASPH-G
48WI,09/27,2400,TURF
48X,07/25,3120,TURF-G
48XA,18/36,1160,Turf
48XS,13/31,5000,ASPH
48Y,15/33,3298,ASPH-G
49AK,06/24,2800,GRAVEL
K49C,18/36,2210,TURF-F
49CA,H1,48,MATS
49CL,NW/SE,3000,TRTD-DIRT
49CN,09/27,3750,asphalt
49CO,08/26,2640,GRAVEL
49F,17/35,3000,GRVL-G
49FD,14/32,2000,TURF
49FL,09/27,2400,CONC-TURF
K49G,18/36,1800,TURF-G
49GA,H1,30,CONC
49ID,2/20,1322,Turf/Dirt
49II,02/20,1900,TURF
49IL,09/27,2200,TURF
49IN,02/20,2200,TURF
49IS,H1,42,CONC
49K,17/35,3230,TURF-G
49KS,17/35,2200,TURF
49KY,H1,20,ASPH
49LA,H1,64,CONC-GRVL-G
49LL,H1,30,CONC-G
49ME,H1,40,CON
49MN,E/W,2200,TURF
49MO,H1,200,TURF
49MS,9/27,2900,Turf
49MT,10/28,6000,GVL
49MY,18W/36W,5000,WAT
K49N,N/S,2300,TURF-E
49NC,H1,50,CONC
49NJ,N/S,1000,TURF
49NK,2/20,1600,Turf
49NY,N/S,2100,TURF
49OK,H1,30,CONC
49OR,13/31,2360,TURF-F
49PA,NW/SE,1800,TURF
49PN,H1,46,ASPH
49S,14/32,3860,TURF-F
49T,H1,60,CONC-G
49T,H2,60,CONC-G
49TE,15/33,1100,TURF
49TS,H1,20,CONC
49TX,H1,60,MATS
KTBX,08/26,4650,DIRT-G
KTBX,11/29,2950,DIRT-G
49VA,H1,50,CONC
49WA,N/S,3230,TURF
49XA,14U/32U,700,Turf
49XS,12/30,3600,TURF
4A2,15/33,3000,GRAVEL-G
4A3,09W/27W,5000,WATER
4AA4,H1/H1,46,MATS
4AK,15/33,3000,GRAVEL-G
4AK0,E/W,2700,WATER
4AK1,02/20,5000,GRVL
4AK2,04/22,900,TURF
4AK3,05/23,1150,TURF
4AK5,04/22,2300,GRVL-DIRT
4AK6,08/26,3800,ASP
4AK6,18/36,2600,GRVL
4AK6,E/W,2800,WATER
4AK7,03/21,1400,GRVL-DIRT
4AK7,09/27,1500,GRAVEL
4AK8,08/26,2500,GRVL-DIRT
4AK9,16/34,1700,GRVL-DIRT
4AL4,H1,20,CONC
4AL6,18/36,1600,TURF
4AL7,16/34,2000,TURF
4AL8,13/31,2242,TURF
4AL9,04/22,2909,ASPH-P
4AR0,H1,44,CONC
4AR1,09/27,3000,ASPH
4AR2,09/27,3700,TURF
4AR3,H1,50,CONC
4AR5,07/25,3625,TURF
4AR8,H1,45,CONC
4AZ1,H1,30,GRVL
4AZ2,08/26,3500,GRVL
4AZ3,H1,20,CONC
4AZ3,H2,20,CONC
4AZ4,H1,20,GRVL
4AZ5,H1,30,CONC
4AZ6,15/33,1500,TURF
4AZ8,02/20,1650,DIRT
4AZ8,08/26,850,DIRT
4AZ8,14/32,1650,DIRT
4AZ9,07/25,2640,TURF
4B0,01/19,2853,ASPH-G
4B1,10/28,2600,ASPH-P
4B9,03/21,2205,ASPH-G
IN41,18/36,2740,TURF-G
4C2,09/27,2340,TURF-F
4C3,H1,65,CONC-G
4C4,04/22,2423,TURF-G
4C7,15/33,2725,TURF-F
4CA0,H1,205,CONC
4CA1,H1,60,CONC
4CA2,17/35,1880,ASPH
4CA3,H1,2200,ASPH
4CA4,H1,64,CONC
4CA5,H1,50,CONC
4CA6,H1,70,ASPH
4CA7,16/34,2700,TURF
4CA9,H1,50,ASPH
4CL1,H1,74,TURF
4CL2,H1,50,CONC
4CL3,15/33,3000,TURF
4CL4,08/26,3530,DIRT
4CL4,14/32,2200,DIRT
4CL5,H1,40,CONC
4CL6,H1,26,CONC
4CL7,H1,60,ASPH
4CL8,H1,55,CONC-G
4CL9,H1,70,CONC
4CL9,H2,104,CONC
4CO0,04/22,3165,TURF-DIRT
4CO1,H1,75,ASPH
4CO2,01L/19R,3000,ASPH-TURF
4CO2,01R/19L,3000,ASPH-TURF
4CO2,09/27,1800,TURF
4CO2,15/33,2500,TURF
4CO3,17/35,3200,TURF
4CO4,H1,82,CONC
4CO5,H1,70,ASPH
4CO6,H1,60,CONC
4CO7,17/35,2500,TURF
4CO8,01/19,1400,TURF-G
4CO9,H1,36,CONC
4D5,H1,300,TURF-G
4D8,09/27,2873,ASPH-F
4D8,18/36,2200,TURF-F
4D9,17/35,3200,TURF-G
4E8,11/29,3822,TURF-P
4F1,03/21,2900,ASPH-G
4FA0,H1,42,CON
4FA2,10/28,2000,Turf
4FA3,09/27,2000,TURF-GRVL
4FA4,H1,81,CON
4FA7,14/32,4031,Water
4FA9,H1,40,CON
4FD3,9/27,1320,TURF
4FD4,07/25,4000,WATER
4FD5,13/31,2000,WATER
4FD6,H1,100,CONC
4FD7,18/36,1800,TURF
4FD8,H1,100,CONC
4FD9,H1,81,TURF
4FL0,18/36,3000,TURF
4FL1,18/36,2500,TURF
4FL2,18/36,1800,TURF
4FL3,09/27,4800,TURF
4FL5,15/33,3000,ASPH
4FL7,H1,40,CONC
4FL8,N/S,4000,TURF
4FL9,09/27,1980,TURF
4G1,05/23,2551,TURF-G
4G1,15/33,3006,ASPH-G
4G2,01/19,2465,ASPH-G
4G3,09/27,2912,ASPH-G
K4G7,5/23,2859,ASPH-G
4GA1,18/36,2800,TURF
4GA2,H1/H1,63,Roof
4GA3,H1,30,CONC
4GA4,01/19,1300,TURF
4GA6,14/32,3200,TURF
4GA7,E/W,2000,TURF
4GA8,18/36,3000,TURF
4GA9,09/27,1400,TURF
4GE0,07/25,1875,TURF
4GE0,13/31,3400,TURF
4GE1,08/26,2000,TURF
4GE3,07/25,4017,TURF
4H1,H1,25,CONC-G
4IA0,H1,60,CONC-G
4IA1,H1,50,CONC
4IA2,18/36,2300,TURF
4IA3,H1,60,CONC
4IA4,18/36,3000,TURF
4IA5,H1,50,CONC
4IA7,18/36,1700,TURF
4II0,18/36,2300,TURF
4II3,18/36,1450,TURF
4II5,H1,30,CONC
4II6,18/36,3000,TURF
4II8,09/27,3500,TURF-G
4IL0,H1,30,CONC
4IL2,E/W,1600,TURF
4IL3,01/19,750,TURF
4IL4,09/27,2800,TURF
4IL5,N/S,2040,TURF-GRVL
4IL7,H1,40,CONC
4IL8,10/28,2500,TURF
4IL9,18/36,2200,TURF
4IN1,13W/31W,2700,WATER
2IN,13W/31W,2500,WATER
4IN3,H1,50,TURF
4IN4,18/36,2300,TURF-G
4IN5,N/S,1700,TURF
4IN6,H1,20,TURF
4IN7,07/25,4030,GRVL-P
4IN8,09/27,3660,TURF
4IN9,07/25,2150,TURF
4IS0,H1,40,CONC
4IS2,H1,41,CONC
4IS3,H1,38,PSP
4IS4,H1,40,CONC
4IS5,E/W,1600,TURF
4IS6,18/36,1800,TURF
4IS7,18/36,2200,TURF
4IS8,09/27,1320,TURF
4IS9,09/27,2769,TURF
4K0,09/27,3002,GRVL-G
4K5,08/26,3300,GRVL-G
POKA,08/26,1778,GRVL-P
4KS1,18/36,2600,ASPH
4KS2,18/36,1700,TURF
4KS6,18/36,1200,TURF
K6KS,01/19,2577,TURF
4KS8,12/30,3000,TURF
4KT4,18/36,1600,Turf
4KY1,08/26,1700,TURF
4KY2,H1,50,ASPH
4KY4,01/19,2000,TURF
4KY5,06/24,750,TURF
4KY6,H1,40,MATS
4KY7,08/26,1600,TURF
4KY9,H1,43,MATS
4LA0,NE/SW,15000,WATER
4LA0,NW/SE,15000,WATER
4LA1,H1,25,CONC
4LA3,15/33,3000,ASPH-P
4LA4,H1,900,CONC
4LA5,H1,25,MATS
4LA6,H1,24,CONC
4LA7,H1,112,CONC
4LA8,12/30,2000,TURF
4LA9,03/21,1000,TURF
4LL0,N/S,2400,TURF
4LL1,N/S,3000,TURF
4LL3,N/S,2000,TURF
4LL4,14U/32U,1000,TURF
4LL7,E/W,2800,TURF
4LL8,N/S,2000,TURF
4LL9,E/W,1980,TURF
4M0,09/27,2537,TURF-G
4M5,01/19,2980,ASPH-P
K4M8,18/36,3256,ASPH-F
4MA0,H1,100,TURF
4MA1,H1,75,TURF
4MA2,H1,50,CONC
4MA3,H1,25,ASPH
4MA4,H1,50,TURF
4MA6,H1,50,TURF
4MA7,H1,145,ASPH-CONC
4MA8,H1,100,ASPH
4MA9,H1,90,ASPH
K4MD,H1,45,CONC-G
4MD0,15/33,1600,TURF
4MD1,18/36,3000,TURF
4MD2,10/28,1883,TURF
4MD3,10/28,1775,TURF
4MD4,09/27,1750,TURF
4MD6,15/33,1800,TURF
4MD7,05/23,1600,TURF
4MD8,12/30,2800,ASPH
4MD9,02/20,2600,TURF
4ME4,18W/36W,10000,WATER
4ME7,5W/23W,10000,WAT
4MI1,09/27,2300,TURF-G
4MI4,09/27,2607,TURF
4MI5,H1,200,TURF
4MI6,09/27,2300,TURF
4MI7,E/W,1760,TURF
4MI7,H1,100,TURF
4MN1,17/35,2185,Turf
4MN3,H1,200,TURF
4MN5,17/35,2250,TURF-G
4MN9,H1,55,Roof/Top
4MO,03/21,2360,TURF-GRVL-P
4MO2,15/33,2000,TURF
4MO3,18/36,1800,TURF
4MO4,04/22,2400,GRVL
4MO5,7/25,1200,Turf
4MO6,01/19,2300,TURF
4MO7,15/33,2200,GRVL
4MO8,09/27,2100,TURF-G
4MO9,11/29,1700,TURF
4MS0,08/26,2300,ASPH-TURF-F
4MS1,H1,200,CONC
4MS2,18/36,2700,TURF
4MS3,17/35,3000,TURF
4MS4,18/36,1500,TURF
4MS5,18/36,2450,TURF
4MS6,H1,40,Rooftop
4MS6,H2,40,Rooftop
4MS7,14/32,1550,TURF
4MS8,H1,45,CONC
4MS9,18/36,4000,TURF
4MT1,13/31,2800,TURF
4MT4,11/29,2300,Turf
4MT5,H1/H1,45,Turf/Dirt
4MT8,12/30,1200,Turf
4MY2,H1,40,CON
4N0,18/36,2697,TURF-G
K4N2,03/21,2130,TURF-G
4N4,17/35,2600,TURF-F
4N7,07/25,2665,TURF-G
4NA0,09/27,1800,TURF
4NA1,11/29,1700,TURF
4NA3,17/35,2600,TURF-DIRT
4NA5,09/27,1760,TURF
4NA6,11/29,2000,TURF
4NA6,17/35,1500,TURF
4NC0,11/29,2000,TURF
4NC1,H1,100,TURF
4NC3,09/27,2400,TURF
4NC5,05/23,2750,TURF-G
4NC6,04/22,2680,TURF
4NC7,18/36,1700,TURF
4NC8,15/33,2600,TURF
4NC9,10/28,900,TURF
4ND1,N/S,3440,TURF
4ND4,08/26,2300,TURF
4ND8,13/31,3300,TURF-G
4NE0,09/27,2600,TURF
4NE1,08/26,4000,TURF
4NE1,12/30,2600,TURF
4NE3,H1,80,ASPH
4NE8,13/31,2640,TURF
4NE8,17/35,3000,TURF
4NE9,N/S,3100,TURF
4NJ0,11/29,3600,TURF
4NJ1,H1,100,CONC
4NJ3,H1,100,TURF
4NJ4,H1,85,ASPH
4NJ5,H1,300,TURF
4NJ6,H1,48,TURF
4NK0,H1,45,CONC
4NK1,13/31,2000,ASPH-GRVL
4NK2,01/19,2000,TURF
4NK3,10/28,2000,TURF
4NK3,H1,50,ASPH
4NK4,06/24,2900,TURF
4NK5,08/26,2600,TURF
4NK7,H1,40,TURF
4NK9,H1,70,ASPH
4NY0,02/20,1800,TURF
4NY1,NE/SW,2000,TURF
4NY2,NE/SW,10000,WATER
4NY2,S/N,5000,WATER
4NY2,SE/NW,10000,WATER
4NY3,H1,50,ASPH
4NY4,01/19,1500,TURF
4NY5,H1,30,CONC
4NY6,H1,600,TURF
4NY8,16/34,1115,ASPH
4NY9,H1,75,ASPH
4O1,17/35,2125,ASPH-G
4O7,03/21,2215,TURF-F
4OA8,18/36,2000,TURF
4OH0,H1,100,CONC
4OH1,18/36,2200,TURF
4OH2,H1,40,ASPH-CONC
4OH3,09/27,3000,TURF
4OH6,B1,1000,TURF
4OH7,H1,24,CONC
4OH8,NW/SE,1800,TURF
4OH9,H1,50,CONC
4OI0,H1,40,CONC
4OI1,H1,15,CONC
4OI3,H1,100,ASPH-G
4OI8,09/27,3400,TURF
4OI9,16/34,2600,GRAVEL
4OK3,H1,40,CONC
4OK4,N/S,2600,TURF
4OK5,18/36,3300,TURF-DIRT
4OK8,9/27,823,Turf
4OK9,H1,17,CONC
4OR0,09/27,2500,ASPH
4OR1,H1,200,ASPH
4OR2,H1,60,ASPH
4OR3,16/34,1700,TURF
4OR4,07/25,1800,TURF
4OR5,N/S,1564,TURF
4OR6,09/27,1850,TURF
4OR7,17/35,2200,TURF
4OR8,E/W,1050,TURF-GRVL
4P5,E/W,2640,WATER
4P5,N/S,9000,WATER
4PA1,09/27,1200,TURF
4PA2,H1,60,CONC
4PA4,H1,100,ASPH
4PA5,15/33,2200,ASPH-G
4PA6,03/21,3100,TURF
4PA8,10/28,1500,TURF
4PN0,09/27,2000,TURF
4PN3,H1,60,ASPH
4PN6,H1,100,DIRT
4PN7,05/23,3400,TURF
4PS2,H1,60,CONC
4PS3,09U/27U,1400,TURF
4PS4,06/24,2500,TURF
4PS5,02/20,2700,TURF
4PS8,H1,32,CONC
4PS9,H1,50,TURF
4R6,08/26,2210,TURF-F
4S4,16/34,2000,TURF-GRVL-G
4S5,17/35,2600,ASPH-G
4S6,02/20,2509,TURF-F
4S7,14/32,2800,ASPH-GRVL-F
4SC4,12/30,850,TURF-G
4SC7,04/22,4200,TURF
4SD4,13/31,2400,TURF
4T7,H1,101,TURF-G
4TA0,17/35,3280,ASPH
4TA1,15/33,1800,TURF
4TA2,6/24,1976,Turf
4TA3,17/35,2600,TURF
4TA4,17/35,2250,TURF
4TA5,17/35,1800,TURF
4TA6,15/33,3000,ASPH
4TA7,H1,50,CONC
4TA8,16/34,3300,GRVL
4TA9,H1,100,TURF
4TE2,12/30,2200,GRAVEL
4TE4,08/26,3200,DIRT
4TE4,17L/35R,3600,DIRT
4TE4,17R/35L,4900,DIRT
4TE5,H1,90,ASPH
4TE7,13/31,3800,GRVL
4TE9,08/26,4400,ASPH
4TN0,18/36,1200,TURF
4TN2,11/29,2200,TURF
4TN3,18/36,4000,TURF
4TN4,13/31,2600,TURF
4TN7,H1,50,ASPH
4TN8,H1,60,CONC
4TN9,12/30,2250,TURF
4TS0,H1,63,CONC
4TS2,H1,30,CONC
4TS3,H1,60,CONC
4TS4,H1,25,CONC-G
4TS5,14/32,2200,TURF
4TS6,H1,90,CONC
4TS7,16/34,4500,TURF
4TS8,SE/NW,3000,ASP
4TS9,H1,50,ASPH
4TX0,15/33,3500,TURF
4TX1,H1,40,CONC
4TX2,17/35,2700,TURF
4TX3,18/36,2450,TURF
4TX4,N/S,2000,TURF
4TX5,NW/SE,3200,TURF
4TX6,18/36,2780,DIRT
4TX8,17/35,2600,TURF
3MT4,04/22,3650,TURF-GRVL-F
3MT4,11/29,2254,TURF-F
4U7,02/20,2600,TURF-GRVL-G
4U8,18U/36U,1225,TURF-G
K4V6,11/29,2775,TURF-G
4V8,01/19,2650,ASPH-P
4VA1,18/36,2400,TURF
4VA3,05/23,2250,TURF
4VA5,04/22,2000,TURF
4VA6,04/22,2450,TURF
4VA8,10/28,1600,TURF
4VA9,12/30,1800,TURF
4VG2,06/24,1600,TURF
4VG8,18/36,958,Turf
4VG8,6/24,2384,Turf
4W0,08/26,2344,TURF-F
4W4,03/21,1950,TURF-G
4W9,01/19,2800,TURF-F
4WA0,07/25,3700,ASPH
4WA1,07/25,2000,TURF
4WA2,N/S,2600,TURF
4WA3,H1,40,CONC-G
4WA4,02/20,1850,TURF
4WA7,H1,40,CONC
4WA8,07/25,2200,TURF
4WA9,18/36,2460,ASPH-F
4WI0,06/24,2800,TURF
4WI1,06/24,2600,TURF
4WI2,6W/24W,10000,WAT
4WI4,16/34,2500,TURF
4WI5,04/22,1800,TURF
4WI7,,40,CON
4WN2,09/27,1200,TURF
4WN3,09/27,2500,TURF
4WN5,18/36,2552,TURF
4WN6,H1,50,ASPH
4WN7,H1,107,CONC
4WN8,H1,50,CONC
4WN9,18/36,1600,TURF
4WV4,06/24,2000,TURF
4WV6,H1,43,MET
4XA2,13/31,3100,TURF
4XA3,18/36,2500,TURF
4XA4,01/19,3000,TURF-G
4XA5,17/35,1849,TURF
4XA6,H1,40,CONC
4XA7,H1,30,CONC
4XA8,H1,40,CONC
4XA9,H1,50,CON
4XS0,08/26,5200,TURF
4XS0,17/35,2500,TURF
4XS1,15/33,2500,TURF
4XS2,17/35,1182,TURF
4XS3,H1,120,CONC
4XS4,H1,65,CONC
4XS5,01/19,4000,TRTD
4XS6,15/33,2085,TURF
4XS9,NW/SE,2350,DIRT
4Y1,17/35,2206,TURF-F
4Y8,06/24,2500,TURF-F
4Y9,08/26,2200,TURF-P
4Z2,08/26,1400,GRVL-P
4Z2,17/35,1200,GRVL-P
4Z5,03/21,900,TURF-DIRT-P
4Z7,N/S,10000,WATER
4Z9,12/30,1000,GRVL-P
50AK,16/34,2500,GRVL
50AR,H1,30,ASPH
50AZ,03/21,2500,DIRT
50CA,H1,40,CONC
50CL,H1,50,CONC
50FD,05/23,2100,TURF-F
50FL,18/36,2640,ASPH
50G,09/27,2800,TURF-F
50G,18/36,2582,TURF-F
50GA,18/36,2000,TURF
50ID,H1,50,CON
50II,09/27,3200,TURF
50IL,09/27,1700,TURF-F
50IS,H1,40,CONC
50K,14/32,3375,TURF-G
50KT,H1,40,CON
50KY,07/25,2200,TURF
50LA,H1,12,CONC
50LS,H1,40,CONC
50M,14/32,2200,TURF-G
50ME,H1,46,CON
50MI,09/27,4000,WATER
50MO,H1,35,CONC
50NC,17/35,2450,TURF
50NH,H1,40,CON
50NJ,H1,50,CONC
50NY,N/S,2500,TURF
50OG,H1,50,CONC-G
50OH,18/36,2000,TURF
50OK,H1,50,ASPH
50OR,17/35,5500,DIRT-G
50PA,09/27,2700,TURF
50PN,H1,60,CONC
50S,12/30,2700,ASPH-G
50SC,H1/H1,54,CON
50TA,15/33,2500,TURF
50TN,18/36,2600,ASPH
50TS,H1,900,CONC-TURF
50TX,13/31,3500,ASPH
50VA,H1,40,CONC
50WA,NW/SE,800,TURF
50WY,H1,25,CONC
50XS,13/31,4608,ASPH
51AK,16/34,2500,TURF
51AZ,H1,60,CONC-G
51C,11/29,1700,Turf
51CA,12/30,3010,DIRT
51CL,09/27,2400,ASPH
51CL,18/36,1600,TURF
51CO,01/19,2600,TURF
51FA,H1,40,CON
51FD,10/28,1920,TURF
51FL,18/36,3180,TURF
51G,03/21,1933,TURF-P
51G,14/32,1895,TURF-P
51G,18/36,1802,TURF-F
51GA,01/19,1800,TURF
51ID,14/32,1400,Turf/Gravel
51IN,18/36,2600,TURF
51IS,15/33,1600,TURF
51K,17/35,2440,TURF-G
51KS,17/35,1900,TURF
51KY,H1,32,CONC
51LS,18/36,3600,TURF
K51M,09/27,2800,DIRT-P
51MA,H1,48,Turf
51ME,17/35,3000,Turf
51MI,09/27,2000,WATER
51MN,H1,20,CONC
51MY,9W/27W,5270,WAT
51NC,10/28,2300,TURF
51NJ,H1,120,ASPH-CONC
51OH,09/27,2500,TURF-G
51OI,10/28,2600,TURF
51OK,18/36,1800,TURF
51OK,8/26,1200,TURF
51OR,H1,48,ASPH
51PA,06/24,2300,TURF
51PN,H1,60,ASPH-CONC
51TA,H1,40,CONC
51TE,10/28,2080,TURF-G
51TN,15/33,2000,TURF
51TS,H1,30,CONC
51TT,16/34,1530,Dirt
51TX,18/36,2500,TURF
51VA,09/27,2000,TURF
51WA,16/34,2600,TURF
51WI,09/27,2200,TURF
51WT,17/35,3850,TURF-P
51Z,01/19,2000,GRVL-G
52AL,H1,40,CON
52AR,18/36,2200,TURF
52AZ,NW/SE,4800,DIRT
52B,14/32,6000,WATER
52B,18/36,5000,WATER
52CL,E/W,5100,DIRT
52CL,N/S,3930,DIRT
52CN,09/27,2000,DIRT
52CO,17/35,2200,TURF
52FA,09/27,1400,TURF
52FD,H1,20,CONC
52FL,N/S,2800,TURF
52GA,H1,20,CONC
52I,09/27,3300,TURF-G
52ID,H1,50,Turf
52IL,18/36,1885,TURF
52IN,18/36,2500,TURF
52IS,H1,60,CONC
52K,18/36,2200,TURF-G
52KS,18/36,1800,TURF
52KY,17/35,1300,TURF
52MI,H1,20,Turf
52MN,N/S,3000,TURF
52MY,H1,40,CON
52NC,07/25,2400,TURF
52ND,18/36,3340,TURF
52NE,09/27,1800,TURF
52NH,2W/20W,5575,WAT
52NJ,H1,85,TURF
52NM,13/31,4950,GRVL
52NR,18/36,1447,CON
52NV,H1,40,CON
52NY,01/19,2000,TURF
52OA,4/22,1032,Turf
52OH,H1,30,ASPH
52OI,H1,30,ASPH-CONC
52OK,H1,60,CONC
52OR,14/32,650,TURF
52PA,E/W,2600,TURF
52PN,H1,400,TURF
K52S,08/26,2610,ASPH-G
52TA,18/36,2175,TURF
52TE,04/22,2500,DIRT
52TS,15/33,1800,TURF
52TX,H1,39,MATS
52U,03/21,2200,TURF-GRVL-F
52VA,H2,190,ASPH
52WA,03/21,2400,GRAVEL
52WI,18/36,2500,TURF
52WT,1/19,700,Turf
52XA,16/34,3106,Turf
52XS,H1,60,CONC
52Y,13/31,2765,TURF-G
52Z,N/S,5000,WATER
53AK,02/20,1200,GRVL
53CA,H1,25,CONC
53CL,13/31,3200,GRVL-TRTD
53CN,NW/SE,1800,ASPH
53CO,18/36,2800,TURF
53FD,10/28,1850,TURF
53FL,H1,30,TURF
53GA,06/24,3900,TURF
53IA,01/19,2500,TURF-F
53II,09/27,2600,TURF
53IN,18/36,2300,TURF
53IS,H1,40,CONC
K53K,17/35,2539,ASPH-G
53KS,17/35,1370,TURF
53LA,05/23,4000,WATER
53MI,H1,30,CONC
53MN,10/28,1000,TURF
53MO,H1,30,CONC
53MT,4/22,2220,Turf
53NC,08/26,2000,TURF
53ND,17/35,2000,TURF
53NE,17/35,2000,TURF
53NH,10W/28W,3000,WAT
53NR,16/34,750,Turf
53NY,05/23,1900,TURF
53OH,09/27,3400,TURF
53OI,H1,53,Asphalt/Concrete
53OI,H2,53,Asphalt/Concrete
53OI,HX,50,CONC
53OK,17/35,3000,TURF
53OR,H1,90,CONC
53PA,H1,16,CONC
53PN,H1,70,ASPH
53TE,H1,45,CONC
53TN,H1,50,Mats
53U,15/33,3500,TURF-G
53VA,18/36,2600,TURF
53W,09/27,3700,TURF-G
79WS,3/21,2162,Turf
53WT,H1,40,ASPH-G
53XS,13/31,2600,ASPH
54AK,03W/21W,4500,WATER
54AL,16/34,2300,Turf
54AR,09/27,2600,TURF
54AZ,04/22,1050,DIRT
54AZ,14/32,2100,DIRT
54AZ,17/35,3000,GRVL
54CL,10/28,3593,DIRT
54CN,09/27,1800,DIRT
54CO,H1,40,TURF
54FA,H1,50,CON
54FL,H1,60,CONC
54II,18/36,2500,TURF
54IL,09/27,2407,ASPH-F
54IL,18/36,1800,TURF-F
54IN,H1,60,CONC
54KS,17/35,1800,TURF
54KY,10/28,2750,TURF
54LL,H1,30,CONC
54MA,18/36,3106,TURF-G
54ME,05/23,1500,TURF
54MI,18/36,2600,TURF
54MU,17/35,2500,Turf
54NC,07/25,2700,TURF
54NH,H1,20,TURF
54NR,18/36,1800,Turf
54OH,N/S,1475,TURF
54OI,H1,30,CONC
54OK,07/25,1000,TURF
54OR,H1,60,ASPH-CONC-G
54PA,H1,150,TURF
54PN,H1,100,ASPH
54TA,15/33,2900,TURF
54TN,9/27,1000,Turf
54TS,16/34,1500,TURF
54TX,11/29,2000,TURF-DIRT
54U,H1,20,CONC
54UT,H1,40,CONC
54VA,H1,55,CONC
54WA,H1,20,ASPH
54WI,18/36,1425,TURF
54XA,18/36,2325,Turf/Dirt
54XS,16/34,3000,Turf
55AK,04/22,1700,TURF
55AZ,18/36,2400,DIRT
55CN,H1,100,CONC
55CO,H1,50,CONC
55FD,09/27,2120,TURF-G
55FL,H1,50,CONC
55G,07/25,2570,TURF-G
55G,18/36,2570,TURF-G
55GA,H1,40,CONC-G
55GE,01/19,2000,ASPH
55H,16D/34A,2460,TURF-DIRT-G
55ID,17/35,2465,Turf
55II,H1,53,ASPH
55LL,09/27,3000,TURF
55ME,15/33,1300,TURF
55MO,18/36,2000,TURF
55MT,5/23,1127,Turf
55NC,H1,75,CONC
55ND,09/27,2500,TURF
55NE,H1,30,CONC
55NH,H1,33,Turf
55NK,H1,40,Concrete
55NM,01/19,5000,DIRT
55NM,08/26,5000,DIRT
55NR,9/27,1950,Turf
55NV,H1,34,GVL
55NY,09/27,1850,TURF
55OH,H1,100,CONC-TURF-G
55OI,11/29,3000,TURF
55OK,18/36,1700,TURF
55OL,17/35,2600,GRS
55OR,14/32,2200,TURF
55PA,08/26,1800,TURF
55S,01/19,2357,ASPH-G
55T,17/35,5000,TURF
55TA,H1,40,CONC
55TN,H1,40,CONC
55TX,17/35,2200,TURF
55UT,17/35,1088,Turf/Dirt
55VA,H1,30,CONC
55WA,11/29,2050,TURF
55WI,18/36,2600,TURF
55XS,01/19,4316,ASPH
56AK,13/31,1570,TURF
56AL,18/36,2630,Turf/Dirt
56AZ,11/29,2900,GRAVEL
56CL,16/34,2400,ASPH
56CO,H1,100,ASPH
56FD,18/36,4400,ASPH-G
56FL,02/20,2900,TURF
56G,09/27,3569,TURF-F
56G,18/36,2390,TURF-F
56GA,H1,50,MATS
56II,H1,40,CONC
56IL,09/27,2200,TURF-F
56IN,09/27,2400,TURF
56IS,09/27,2190,TURF
56KY,H1,50,CONC
56LA,18/36,3500,ASPH-TURF
56LL,18/36,3200,TURF
56ME,16/34,2200,Turf
56MI,H1,60,CONC
56MN,E/W,1800,TURF
56MU,H1,30,ASPH
56MU,H2,45,CONC
56NC,09/27,1500,TURF
56NE,08/26,2600,TURF
56NJ,H1,15,TURF
56NY,09/27,3003,TURF
56OG,8/26,900,Turf
56OH,E/W,1500,TURF
56OI,09/27,1200,TURF
56OR,H1,52,CONC
56PA,06/24,2200,TURF
56PA,15/33,1800,TURF
56PN,H1,90,ASPH
56S,16/34,2211,ASPH-G
56TA,H1,60,ASPH
56TE,17/35,3000,TURF
56TN,H1,40,CON
56TS,02/20,650,TURF
56TS,11/29,1050,TURF
56TS,17/35,850,TURF
56TS,H1,75,TURF
56TS,H2,75,TURF
56TX,16/34,1700,TURF
56VA,H1,250,TURF
WT89,H1,40,CONC-G
56WI,09/27,1490,TURF
56WV,13/31,2000,Turf
56XA,H1,45,CON
57A,NE/SW,6000,WATER
57AL,15/33,1400,TURF
57AZ,01/19,4670,ASPH-G
57AZ,HI,44,ASPH-G
57B,01/19,2400,ASPH-E
57B,20EXIT/200IN,40,ASP
57CL,07/25,2290,DIRT-F
57CL,14/32,1900,DIRT-F
57CL,17/35,2400,DIRT-F
57CN,12/30,2100,ASPH
57D,09/27,2500,ASPH-F
57D,18/36,2187,ASPH-TURF-F
57FA,09W/27W,5280,WATER
57FA,17/35,5100,ASPH
57FA,18W/36W,13300,WATER
57GA,18/36,3100,ASPH
57II,E/W,1800,TURF
57IN,H1,40,CONC
57IS,E/W,1600,TURF
57KS,15/33,2583,Turf
57KY,04/22,3000,TURF
57LA,H1,40,TURF
57LS,18/36,1800,Turf
57MD,16W/34W,11936,WAT
57ME,14/32,950,TURF
57ME,18W/36W,3000,WATER
57MN,E/W,14000,WATER
57MN,NE/SW,5200,WATER
57MN,NW/SE,14000,WATER
57MT,12/30,1645,Turf
57MT,5/23,1495,Turf
57NC,10/28,2265,ASPH
57ND,12/30,2100,TURF
57NE,11/29,2400,ASPH-P
57NH,H1,26,ASP
57NJ,H1,46,CON
57NM,01/19,2000,DIRT
57NY,H1,100,ASPH
57OI,09/27,1500,TURF
57OK,H1,30,CONC
57SC,H1,45,CON
57TE,15/33,3600,GRVL
57TN,H1,80,CON
57VG,H1,45,CON
57VT,H1,100,Turf
57WI,H1,47,ASPH
57XA,12/30,1092,Turf/Gravel
58A,NW/SE,4000,WATER
58AK,06/24,3578,TURF
58AZ,01/19,3068,GRVL
58C,18/36,2358,TURF-G
58CA,H1,600,CONC
58CL,08/26,2610,ASPH
58CL,18/36,1100,ASPH-DIRT
58CN,H1,100,TURF
58CO,H1,200,GRVL
58FA,H1,40,CON
58FD,09/27,2300,TURF-G
58FL,H1,60,TURF
58GA,H1,52,CONC
58II,18/36,2350,TURF
58IL,03/21,2200,TURF
58IN,09/27,3400,TURF
58IS,H1,50,CONC-G
58J,14/32,3090,TURF-G
58KS,18/36,2400,TURF
58KY,09/27,1350,TURF
58LA,13/31,2600,TURF
58MA,H1,60,CONC
58MI,H1,40,CONC
58MN,08/26,2380,TURF
58MO,H1,100,ASPH
58MT,9/27,2687,Turf
58MU,1/19,1950,Turf
58N,13/31,1955,ASPH-F
58NC,09/27,2000,TURF-P
58NE,H1,75,CONC
58NJ,12/30,5000,WATER
58NR,18/36,1600,Turf
58NY,H1,40,CONC
58OH,E/W,1500,TURF
58OH,N/S,988,TURF
58OI,H1,20,TURF
58OK,H1,20,ASPH
58OR,07/25,1900,TURF
58PN,H1,36,CON
58S,11/29,2615,TURF-G
58SC,18/36,1727,Turf
58TN,15/33,1417,Turf
58TS,H1,100,TURF
58TT,H1,100,CON
58TX,02/20,2675,TURF
58VA,18/36,2490,TURF
58WA,07/25,2600,ASPH
58WT,H1,50,Turf
58XS,06/24,3410,DIRT(Caliche)
58XS,18/36,2870,TURF
59AK,06/24,1500,GRVL
59AR,9/27,2200,GRS
59AS,09/27,1350,TURF
59AZ,02/20,1500,GRVL-DIRT
59B,13/31,3601,ASPH-G
59CN,16/34,2500,TURF
59FA,9W/27W,2340,WAT
59FD,10/28,5596,ASPH
59FL,H1,71,CONC
59GA,H1,60,CONC
59ID,13U/31U,633,TURF-F
59II,05/23,1700,TURF-DIRT
59II,09/27,1300,TURF-DIRT
59II,09W/27W,800,WATER
59IL,09/27,2200,TURF
59IS,H1,40,CONC
59KY,03/21,2750,TURF-G
59L,H1,50,CONC
59LA,H1,30,CONC
59M,04/22,2400,TURF-F
59M,09/27,3300,TURF-F
59MI,H1,50,CONC
59MN,E/W,2550,TURF-F
59MO,H1,75,ASPH-CONC
59NC,06/24,2200,TURF-G
59NH,H1,33,Turf
59NJ,H1,250,TURF
59NY,09/27,2000,TURF
59OH,08/26,1900,TURF
59OI,H1,100,TURF
59OK,H1,50,CONC
59OR,H1,60,ASPH-G
59TA,H1,100,CONC
59TS,12/30,3000,DIRT
59TX,01/19,3000,TURF-F
59VA,H1,15,GRVL-TURF
59WA,11/29,1400,TURF
59WI,06/24,2000,TURF
59XA,H1,15,CON
59XS,H1,80,CONC
5A2,09/27,2833,TURF-G
5A8,15/33,2030,GRVL-DIRT-F
5AK,NE/SW,2200,WATER
5AK0,17/35,4500,GRVL-DIRT
5AK1,H1,40,GRAVEL
5AK2,06/24,1800,DIRT
5AK3,15/33,2550,GRAVEL
5AK5,07/25,1500,GRVL
5AK6,16/34,1600,ASPH
5AK8,03/21,1000,ASPH
5AK9,06/24,1000,TURF
5AL,16W/34W,4395,WATER
5AL1,17/35,3000,TURF
5AL2,H1,50,CONC
5AL3,17/35,2500,TURF
5AL5,18/36,3000,ASPH
5AL6,H1,30,CONC
5AL7,18/36,1800,TURF
5AL8,13/31,2300,TURF
5AN5,18/36,1800,GVL
5AR1,15/33,3200,ASPH-TURF
5AR2,N/S,2600,TRTD
5AR5,H1,60,CONC
5AR6,H1,40,CONC
5AR7,18/36,2600,ASPH-TURF
5AR9,H1,50,ASPH
5AZ0,H1,30,CONC
5AZ2,H1,12,CONC
5AZ3,08/26,5124,ASPH
5AZ4,H1,50,CONC
5AZ5,H1,90,ASPH-CONC
5AZ6,06/24,2700,DIRT
5AZ7,16/34,2100,ASPH
5AZ8,H1,80,CONC
5AZ9,17/35,3000,DIRT
5B1,14/32,2650,TURF-G
5B4,08/26,2900,TURF-G
5B6,07/25,2298,ASPH-G
5B7,18/36,2670,ASPH-P
5B9,01/19,2511,ASPH-F
5BK,14/32,2250,GRVL-DIRT-P
5BL,NE/SW,3000,WATER
5C5,13/31,8000,WATER
5CA0,H1,64,CONC
5CA1,H1,90,ASPH-CONC
5CA2,H1,65,CONC
5CA3,H1,72,CONC
5CA4,08/26,2604,ASPH
5CA7,16/34,3000,ASPH
5CA8,07/25,1481,DIRT
5CA9,12/30,3000,WATER
5CD,01/19,2529,GRAVEL-F
5CL0,09/27,2800,ASPH
5CL1,07/25,1800,GRVL
5CL2,H1,50,CONC
5CL3,11/29,1800,DIRT
5CL4,H1,74,CONC
5CL5,H1,50,CONC
5CL6,H1,70,CONC
5CL7,11/29,2200,ASPH
5CL8,16/34,2000,TRTD
5CL9,15/33,2000,DIRT
5CO0,04/22,2880,ASPH-P
5CO0,10/28,2485,DIRT-GRVL-F
5CO1,02/20,3000,TURF
5CO2,H1,50,CONC
5CO3,H1,40,CONC
5CO4,08/26,3000,DIRT
5CO5,H1,15,CONC
5CO8,08/26,2300,TURF
5CO9,H1,50,CONC-G
5CT0,13/31,1800,GRVL
5CT1,H1,150,ASPH
5CT3,H1,20,ASPH
5CT4,H1,90,ASPH
5CT5,01/19,1600,TURF
5CT6,03/21,1100,TURF
5CT7,02/20,1800,TURF
5D1,H1,120,ASPH-G
5D2,17/35,3300,TURF-G
5D5,09/27,3663,TURF-G
5D5,16/34,2670,TURF-F
K5D6,09/27,2530,TURF-G
K5D7,H1,40,CONC-G
5D9,18/36,2630,TURF-G
5DC3,H1,55,Rooftop
K5E9,09/27,3470,TURF-G
5F5,18/36,3000,ASPH-TURF-G
5F8,08/26,2900,TURF-G
5FA0,H1,45,CON
5FA1,09/27,2400,TURF-G
5FA2,H1,42,CON
5FA6,H1,66,CON
5FD0,04/22,2800,TURF
5FD1,04/22,3100,TURF-F
5FD2,H1,120,ASPH
5FD4,H1,55,CONC
5FD6,H1,50,CONC
5FD7,09/27,2500,ASPH
5FD8,H1,118,TURF
5FD9,H1,54,CONC
5FL0,18/36,1534,TURF-G
5FL1,01/19,3000,TURF
5FL2,H1,80,CONC
5FL3,H1,40,CONC
5FL4,09/27,2650,TURF
5FL5,H1,40,CONC
5FL7,04/22,2600,TURF
5FL8,18/36,2850,TURF
5G0,10/28,3854,ASPH-G
5G2,14/32,4490,ASPH-G
5G3,SE/NW,15000,water
K5G4,18/36,2308,TURF-F
5G8,02/20,2605,ASPH-F
5GA0,01/19,1800,TURF
5GA2,09/27,3000,TURF
5GA3,13/31,2500,TURF
5GA3,18/36,3500,TURF
5GA4,18/36,2000,TURF
5GA5,18/36,2800,DIRT-G
5GA6,09/27,2900,TURF
5GA7,08/26,2500,TURF
5GE1,18/36,2700,TURF
5H3,02/20,2130,TURF-G
5H3,13/31,3000,TURF-G
5HO,16/34,2000,GRAVEL-P
5I2,09/27,2143,TURF-F
K5I6,18/36,2720,TURF-G
5IA0,H1,75,CONC
5IA2,H1,60,CONC
5IA5,E/W,2600,TURF
5IA8,H1,40,CONC
5ID5,H1,40,ASP
5IG9,1/19,2596,Turf
5II1,18/36,2800,TURF
5II2,N/S,2500,TURF
5II3,H1,21,CONC
5II4,H1,40,CONC
5II7,H1,30,CONC
5II8,E/W,1800,TURF
5II9,09/27,2450,TURF
5IL0,H1,40,ASPH
5IL1,H1,20,CONC
5IL2,18/36,2000,TURF
5IL3,H1,45,ROOF-TOP
5IL6,H1,55,CONC
5IL6,H2,35,CONC
5IL7,H1,50,TURF
5IL9,H1,50,CONC
5IN0,9/27,2400,Turf
5IN1,H1,40,ALUMINUM
5IN3,18/36,2270,TURF
5IN4,N/S,1800,TURF
5IN5,H1,45,CON
5IN6,07/25,2800,TURF-F
57P,13W/31W,4000,WATER
5IN8,05W/23W,3300,WATER
5IN9,09/27,1900,TURF
5IS1,H1,35,CONC-G
5IS2,H1,40,CONC
5IS3,09/27,1825,TURF
5IS4,18/36,1990,TURF
5IS6,H1,200,TURF
5IS7,N/S,2640,TURF
5IS8,H1,65,CONC
5IS8,H2,48,CONC-G
5IS9,E/W,1800,TURF
5J5,04/22,3900,TURF-G
5K0,08/26,3460,TURF-G
5K0,17/35,2270,TURF-G
5K2,17/35,5007,CONC-E
K5K3,H1,3200,TURF
5K4,09/27,3565,TURF-G
5K9,17/35,2900,TURF-F
5KE,E/W,3893,WATER
5KS,01/19,2400,GRAVEL-F
5KS0,ALL/WAY,400,TURF
5KS1,18/36,1650,TURF-G
5KS7,H1,25,CONC
5KS8,N/S,2600,TURF
5KY4,13/31,2930,TURF-G
5KY5,18/36,3150,ASPH
5KY6,3/21,1600,TURF-G
7KY4,17/35,3300,ASPH-F
5KY8,03/21,1400,TURF
5L6,NE/SW,4000,WATER
5LA0,18/36,1000,TURF-G
5LA1,18/36,2800,TURF
5LA2,H1,700,CONC-G
5LA3,H1,40,CONC
5LA3,H2,30,CONC
5LA3,H3,30,CONC
5LA3,H4,40,CONC
5LA5,H1,35,CONC
5LA6,17W/35W,5000,WATER
5LA7,H1,35,CONC
5LA7,H2,35,CONC
5LA7,H3,35,CONC
5LA7,H4,35,CONC
5LA7,H5,35,CONC
5LA7,H6,35,CONC
5LA8,H1,12,CONC
5LL0,18/36,1940,TURF
5LL1,09/27,1780,TURF-G
5LL1,17/35,2102,TURF-G
5LL2,E/W,2500,TURF
5LL2,N/S,1300,TURF
5LL3,E/W,2350,TURF
5LL5,18/36,1800,TURF
5LL7,E/W,2016,Turf
5LL8,09/27,3450,ASPH-CONC
5LL9,H1,40,CONC
5LS0,H1,40,CONC
5LS6,E/W,2200,ASPH
5LS9,01/19,3093,ASPH
5M1,18/36,3204,ASPH-F
5MA0,H1,60,ASPH
5MA2,H1,65,CONC
5MA3,02/20,1800,TURF
5MA4,H1,30,CONC
5MA5,H1,100,TURF
5MA6,H1,60,CONC
5MA7,H1,35,WOOD
5MA8,03/21,4000,WATER
5MD1,08/26,1200,TURF-F
5MD1,H1,90,CONC
5MD5,01/19,3000,TURF
5MD6,H1,50,CONC
5MD8,02/20,2000,TURF
5MD9,H1,60,CONC
5MD9,H2,60,CONC
5ME,17W/35W,7200,WATER
5MI0,H1,80,CONC
5MI1,12/30,1600,TURF
5MI5,H1,125,ASPH-CONC
5MI6,H1,60,CONC
5MI7,05/23,3000,TURF
5MI9,H1,40,ASPH
5MN0,11/29,1400,TURF
5MN2,18/36,2000,TURF
5MN3,H1,50,CONC
5MN5,16/34,1650,TURF
5MN6,13W/31W,5000,WATER
5MN7,04W/22W,10000,WATER
5MN7,09/27,1800,TURF
5MN7,18/36,2400,TURF
5MN9,18/36,2400,TURF
5MO,18/36,2100,ASPH-TURF-P
5MO0,H1,50,CONC
5MO1,04/22,2600,TURF
5MO4,H1,40,TURF
5MO5,H1,52,CONC
5MO5,H2,52,CONC
5MO6,18/36,1800,Turf
5MO9,09/27,1950,TURF
5MS1,17/35,3670,CONC-TURF
5MS2,09/27,2000,CONC-TURF
5MS3,09/27,2000,TURF
5MS5,03/21,5800,TURF-G
5MS6,18/36,1200,TURF
5MS7,H1,50,CONC
5MS8,17/35,2500,TURF
5MS9,H1,60,CONC-G
5MU5,18/36,1600,Turf
5N4,03/21,2157,ASPH-TURF-F
5N4,12/30,2861,ASPH-F
5N5,15/33,3350,TURF-G
5N7,08/26,3600,TURF-G
5NA0,08/26,2000,TURF
5NA0,15/33,1100,TURF
5NA2,17/35,2400,TURF
5NC0,H1,20,ALUMINUM
5NC1,18/36,2100,TURF
KBQ1,13/31,2538,ASPH-G
5NC4,H1,50,CONC
5NC5,3/21,3500,ASPH
5NC6,H1,30,CONC
5NC7,H1,50,CONC-G
5NC8,H1,40,ASPH
5NC9,H1,25,CONC
5ND0,E/W,1400,TURF
5ND0,N/S,1600,TURF
5ND3,15/33,1600,DIRT
5ND3,18/36,1600,DIRT
5ND9,16/34,4400,TURF
5NE2,17/35,2400,TURF
5NE3,N/S,2000,TURF
5NE4,17/35,1800,TURF
5NJ0,H1,200,ASPH
5NJ2,07/25,2800,TURF
5NJ3,H1,100,ASPH
5NJ4,H1,138,CONC
5NJ5,H1,100,TURF
5NJ7,H1,100,ASPH
5NJ8,H1,75,ASPH-G
5NJ9,H1,88,ASPH
5NK,08/26,1950,GRVL-F
5NK,08W/26W,2000,WATER
5NK,14/32,1850,GRVL-F
5NK0,08/26,3000,TURF
5NK1,01/19,2000,TURF
5NK2,H1,83,ASPH-DIRT
5NK3,H1,84,ASPH-DIRT
5NK4,H1,40,ASPH-G
5NK7,H1,60,TURF
5NK8,H1,150,ASPH-G
5NK9,18/36,1500,TURF
5NY1,15/33,3000,TURF
5NY2,H1,40,CONC
5NY4,11/29,2000,TURF
5NY5,12/30,2400,GRVL-TRTD
5NY7,14/32,1500,TURF
5NY8,H1,75,ASPH
5O1,16/34,2565,ASPH-F
5OH1,H1,50,ASPH
5OH2,H1,75,ASPH-CONC
5OH3,H1,34,CONC
5OH5,H1,60,GRVL
5OH8,H1,40,ASPH
5OH9,09/27,2640,TURF
5OI0,07/25,1650,TURF
5OI3,18/36,1850,TURF
5OI5,09/27,2600,TURF
5OI7,N/S,2600,TURF
5OI8,18/36,1900,TURF
5OK0,6/24,1050,Turf
5OK1,H1,40,CONC
5OK2,15/33,3600,TURF
KOK1,09/27,4000,TURF
5OK4,17/35,2645,TURF
5OK5,H1,42,CONC
5OR0,02/20,3000,TURF
5OR1,H1,40,TURF
5OR3,16/34,1300,TURF
5OR4,10/28,2600,TURF
5OR5,06/24,2640,DIRT
5OR6,H1,60,CONC
5OR7,H1,75,TURF
5OR8,15/33,2500,TURF-GRVL
5OR9,16/34,1700,TURF
8SD,13/31,3600,TURF-F
5P5,10/28,3350,TURF-GRVL-G
5PA0,05/23,2000,TURF
5PA1,06/24,1600,TURF
5PA2,08/26,1835,TURF
5PA5,H1,65,ASPH-F
5PA6,04/22,1650,TURF
5PA7,H1,100,TURF
45PN,11/29,1800,TURF
5PA9,13/31,1550,DIRT
5PN2,H1,50,CONC-G
5PN3,H1,65,ASPH
5PN4,H1,60,TURF
5PN6,H1,60,CONC-P
5PN7,12/30,1200,TURF
5PN8,02/20,1420,TURF
5PN9,H1,45,MATS
5PS0,H1,60,CONC
5PS1,H1,45,CONC
5PS2,H1,65,CONC
5PS3,H1,65,CONC
5PS5,07/25,1700,TURF
5PS6,H1,40,ASPH
5PS7,H1,65,TURF
5PS8,H1,40,ASPH
5Q2,H1,40,CONC
5Q2,H2,40,CONC
5QC,12/30,2960,GRVL-G
K5R7,18/36,2000,TURF-G
5S1,10/28,2300,TURF-G
5S4,13/31,1750,ASPH-F
5S5,16/34,2500,ASPH-G
5SC5,H1,40,CONC
5T4,12/30,2230,ASPH-TURF-E
5TA0,E/W,3700,TURF
5TA1,01/19,2200,TURF
5TA2,14/32,2600,TURF
5TA3,16/34,2200,TURF
5TA4,N/S,3100,TURF
5TA4,NE/SW,2500,TURF
5TA5,12/30,2600,TURF
5TA8,17/35,2000,TURF
5TA9,18/36,2675,GRVL-G
5TE0,15/33,5500,ASPH
5TE1,03/21,1800,DIRT
5TE1,08/26,3722,DIRT
5TE1,12/30,2400,DIRT
5TE1,17/35,1600,DIRT
5TE2,14/32,2800,GRAVEL
5TE3,N/S,2200,TURF
5TE4,01/19,4300,ASPH-F
5TE5,16/34,4000,ASPH
5TE6,03/21,1800,TURF
5TE7,06/24,1600,TURF
5TE7,18/36,1600,TURF
5TE8,E/W,2100,TURF
5TE8,N/S,4500,TURF
5TE9,H1,90,DIRT
5TN1,H1,60,ASPH
5TN2,H1,40,CONC
5TN3,H1,20,CONC
5TN4,15/33,2000,TURF
5TN5,H1,35,CONC
5TN6,H1,150,ASPH
5TN7,H1,30,CONC
5TN8,H1,40,CONC
5TN9,09/27,2500,TURF
5TS2,16/34,1500,TURF
5TS3,14/32,2500,TURF
5TS4,17/35,1520,TURF
5TS5,01/19,2000,TURF
5TS6,H1,50,TURF
5TS8,01/19,1800,TURF
5TS9,09/27,3700,TURF
5TX0,16/34,2600,ASPH
5TX2,03/21,2400,TURF
5TX3,H1,57,CONC
5TX7,H1,20,CONC
5U0,09/27,2550,TURF-G
5U6,08/26,3000,TURF-G
K5U8,07/25,2900,ASPH-F
K5V4,17/35,4565,TURF-GRVL-G
5V8,04/22,1600,TURF-F
5V8,12/30,2600,TURF-GRVL-F
5VA0,H1,40,CONC
5VA1,H1,72,CONC-G
5VA2,H1,55,CONC
5VA3,H1,40,TURF
5VA5,09/27,1400,TURF
5VA6,H1,50,TURF
5VA7,H1,20,CONC
5VA8,H1,40,CONC
5VG2,17/35,1300,Turf
5WA0,12/30,2650,TURF
5WA1,03/21,1600,TURF
5WA3,H1,115,ASPH
5WA4,1/19,1690,Turf
32WA,7/25,1392,DIRT
5WA6,H1,20,CONC
5WA7,07/25,2300,TURF
5WA8,06/24,3700,ASPH
5WA9,07/25,2800,TURF
5WI1,10/28,2400,TURF-G
5WI2,09/27,1070,TURF-G
5WI3,04/22,2000,TURF
5WI4,18/36,2600,TURF
5WI5,09/27,2200,TURF
5WI6,18/36,2200,TURF-G
5WI7,H1,30,ASPH
5WI8,18/36,1900,TURF
5WN2,11/29,1900,TURF
5WN8,08/26,2400,TURF
5WN9,13/31,2600,TURF
5WV5,H1,80,CONC
5XA1,15/33,2250,Turf
5XA2,H1,20,CON
5XA9,15/33,3040,Turf
5XS0,01/19,1500,TURF-F
5XS1,H1,50,CONC
5XS2,03/21,2600,ASPH-GRVL
5XS3,17/35,2700,TURF
5XS5,04/22,2600,TURF
5XS6,12/30,3000,ASPH-TURF-F
5XS7,09/27,2680,TURF
5XS8,15/33,3150,TURF
5XS9,14/32,4000,TURF
5Y0,03/21,2140,TURF-G
5Y2,16/34,2750,TURF-F
5Y3,18/36,2524,TURF-G
5Y4,05/23,2200,TURF-F
5Y4,18/36,2600,TURF-F
5Y5,18/36,2500,TURF-G
5Y7,18/36,4000,TURF-P
5Z1,NW/SE,10000,WATER-E
5Z4,H1,200,TURF-G
5Z5,10/28,1887,GRVL-F
5Z9,ALL/WAY,5000,WATER-E
60A,05/23,3000,ASPH-P
60AK,H1,100,ASPH
60AS,18/36,2802,Turf
60AZ,15/33,1900,DIRT
60B,01/19,4000,WATER-E
60B,09/27,5500,WATER-E
60CA,H1,100,CONC
60CL,05/23,1400,ASPH
60CL,16/34,1200,ASPH
60CN,H1/H1,50,CONC-G
60FD,H1,40,CONC
60FL,H1,44,CONC
K60G,08/26,2653,TURF-G
60GA,H1,45,CONC
60GA,H2,45,CONC
60GE,3/21,1004,Turf
60II,H1,40,CONC
60IL,18/36,1000,Turf
60IS,16/34,4000,TURF
60KS,17/35,1200,TURF
60KY,H1,60,CONC
60L,H1,50,ASPH
60LL,H1,42,CONC
60M,01/19,1898,ASPH-F
60MA,H1,20,TURF
60MA,H2,20,TURF
60ME,H1,45,ASP
60MI,18/36,2020,TURF
60MN,N/S,2600,TURF
60MO,H1,50,ASPH
60NC,06/24,2800,TURF-F
60NE,H1,40,CONC
60NH,H1,300,Turf
60NY,H1,125,ASPH
60OA,9/27,2900,Turf
60OI,09/27,2000,TURF
60OR,01/19,2000,GRVL-DIRT
60PA,H1,60,CONC
60PN,H1,70,ASPH
60TE,16/34,3000,ASPH
60TN,H1,40,CON
60TS,H1,40,CONC
60TT,16/34,1846,Turf
60TX,16/34,3600,TRTD
60VA,H1,30,CONC
56WA,14W/32W,4033,WATER
60WA,H1,60,ASPH
60WI,H1,60,CONC
60XA,1/19,1125,GVL
61AK,H1,20,TURF-P
61AK,H2,20,TURF-P
61AR,10/28,2800,ASPH
61AZ,04U/22U,1550,TURF
61AZ,07U/25U,1578,TURF
61CA,08/26,1300,DIRT
61CO,H1,20,CONC
61D,01/19,2550,TURF-G
61D,09/27,2650,ASPH-P
61FA,H1,33,Turf
61FD,H1,60,CONC
61FL,H1,110,CONC
61G,05/23,2175,TURF-G
61GA,18/36,2500,TURF
61ID,7/25,1800,Turf
61II,N/S,1200,TURF
61IN,18/36,2550,TURF
61IS,18/36,2400,TURF
61J,H1,80,CONC-G
61K,12/30,1790,TURF-F
61K,18/36,3160,TURF-F
61KS,17/35,2300,TURF
61KY,17/35,1900,TURF
61L,H1,100,ASPH
61LA,H1,40,CONC
61LL,09/27,1600,TURF-F
61MI,H1,20,TURF
61MO,18/36,2600,TURF
61MU,16/34,2100,ASPH-P
61NC,01/19,4000,TURF
61ND,09/27,2000,TURF
61NE,H1,45,CONC
61NE,H2,45,CONC
61NH,H1,100,ASPH
61NJ,10/28,2000,TURF
61OH,04/22,2250,TURF
61OH,09/27,1600,TURF
61OI,H1,30,WOOD
61OR,07/25,1800,DIRT-F
61PN,05/23,2800,ASPH
61TA,07/25,4000,TURF
61TE,16/34,2400,ASPH
61TS,H1,53,ASPH-G
61TX,02/20,1800,TURF
61VA,03/21,3000,TURF
61WA,E/W,2500,TURF
61WI,N/S,2000,TURF
61XS,H1,45,CON
62AK,09/27,2000,WATER
62AL,11/29,2467,TURF-G
62AR,17/35,1100,Turf
62C,01/19,2425,TURF-F
62C,18/36,1200,TURF-F
62CA,H1,65,CONC
62CL,07/25,3750,DIRT
62CN,H1,100,ASPH-CONC
62CO,17/35,2500,TURF
62FA,H1,40,CON
62FD,06/24,2500,WATER
62FL,09/27,3200,ASPH
62GA,18/36,2930,TURF
62IA,17/35,2200,TURF
62II,H1,67,CONC
62IL,N/S,1925,TURF
62IN,09/27,1600,TURF
62IS,N/S,2640,TURF
62K,18/36,2400,TURF-F
62KS,18/36,2500,Turf
62KY,H1,44,CONC
62LA,17/35,2600,ASPH
62LS,H1,40,CONC
62MA,13/31,1600,Turf
62MD,08/26,1800,TURF
62MN,02/20,2000,TURF
62MN,04/22,1300,TURF
62MN,18/36,1800,TURF
62MO,09/27,2600,TURF
62NC,04/22,2200,ASPH-TURF
62ND,08/26,1700,TURF
62ND,17/35,2600,TURF
62NH,H1,35,CONC
62NJ,16/34,1800,TURF
62NM,04/22,2200,DIRT-P
62NM,10/28,3210,ASPH-F
62NY,H1,155,TURF
62OH,18/36,3400,TURF
62OI,H1,36,ASPH
62OK,09/27,2900,TURF
62OR,H1,110,TURF
62PA,06/24,2600,TURF
62TA,02/20,1550,DIRT
62TE,H1,90,CONC
62VA,09/27,2200,TURF
62WA,H1,60,CONC
62WI,H1/H1,75,ASPH-G
62XA,10/28,2800,ASP
62XS,16/34,2400,TURF
63A,NE/SW,9000,WATER-E
63AK,15/33,1200,GRVL
63AL,H1,50,CON
63AR,08/26,2200,ASPH-F
63AR,17/35,2900,TURF-G
63AZ,H1,60,ASPH
63CA,10/28,3000,DIRT
63CL,NW/SE,2800,TURF
63CN,07/25,1860,GRVL-TRTD
63CO,04/22,2673,TURF-F
63FD,18/36,2290,TURF
63FL,H1,60,CONC-G
63GA,H1,37,CON
63GE,18/36,3200,Turf
63IA,H1,40,CONC
63ID,7/25,1400,GVL
63II,18/36,1650,TURF
63IL,09/27,2525,TURF
63IS,18/36,1780,TURF
63K,17/35,2000,TURF-GRVL-F
63KY,H1,40,CONC
63ME,10/28,1834,Turf
63MI,H1,50,CONC
63MN,NE/SW,2000,TURF
63MO,H1,20,ASPH
63ND,N/S,2500,TURF
63NJ,H1,150,TURF
63NY,18/36,3153,TURF
63OH,15/33,2800,TURF
63OI,10/28,2000,TURF
63OK,H1,100,TURF
63OR,17/35,2300,DIRT
28PA,13/31,1060,Turf
63PN,H1,50,CONC
63S,01/19,2691,ASPH-G
63TE,14/32,2000,TRTD-DIRT
63TN,5/23,1578,Turf
63TS,H1,50,CONC
63VA,H1,30,CONC
63WA,18/36,1600,DIRT
63WI,14/32,2250,TURF
63XA,15/33,2350,Turf
63XS,17/35,4100,ASPH
K63Y,14/32,2517,TURF-G
64AK,09/27,1200,GRVL
64AZ,H1,24,MATS
64CA,H1,65,ASPH
64CL,NW/SE,1200,TURF
64CT,01/19,2200,ASPH
TS95,14/32,3000,GRVL-TURF-F
64FA,09/27,1980,TURF
64FA,18/36,4000,TURF
64FD,H1,46,CONC
64FL,H1,20,CONC
64G,17/35,2600,ASPH-F
64GA,16/34,2050,TURF
64GE,9/27,4409,Gravel/Dirt
64I,18/36,4080,TURF-G
64IG,H1,37,CON
64II,H1,45,CONC
64IL,E/W,2640,TURF
64IN,18/36,2600,TURF
64IS,H1,12,CONC
64LL,H1,75,ASPH-GRVL
64ME,H1,90,TURF
64MI,H1,12,CONC
64MO,03/21,3260,TURF
64NC,01/19,1800,TURF
64ND,15/33,2660,TURF
64NE,H1,50,CONC
64NJ,H1,1000,ASPH
64NR,H1,40,CON
64OG,07/25,5069,ASPH
64OI,H1,50,TURF
64OK,H1,20,CONC
64OR,07/25,2300,TURF
64PA,H1,80,ASPH
64PN,H1,60,ASPH
64TE,02/20,2700,ASPH
64TN,10/28,942,Turf
64TS,H1,64,CONC
64TX,H1,45,CONC
K64V,13/31,2800,ASPH-F
64WA,H1,150,ASPH-G
64XA,14/32,1700,Turf
64XS,H1,50,CONC
65AK,06/24,2700,TURF
65AL,H1,36,CON
65AR,06/24,2600,TURF
65AZ,H1,40,ASPH-CONC
65B,08/26,2024,TURF-GRVL-G
65CA,H1,20,ASPH
65CL,16/34,2400,ASPH
65CN,E/W,2900,TREATED
65CO,11/29,2100,TURF
65FD,H1,20,CONC-G
65FL,H1,50,TURF
65FL,H2,50,TURF
65G,09/27,3050,TURF-G
65G,18/36,2000,TURF-G
65IL,H1,40,CON
65IN,H1,60,TURF
65IS,09/27,2300,TURF
65KS,07/25,2235,TURF
65KS,16/34,1800,TURF
65KY,H1,40,CONC
65LA,02/20,3200,ASPH-F
65LA,02W/20W,5000,WATER
65MD,4/22,1123,Turf
65MI,H1,150,TURF
65MN,E/W,3000,TURF
65MO,H1,30,CONC
65MS,18/36,1700,Turf
65MT,H1,50,Turf
65NC,H1,200,TURF
65NM,17/35,3600,DIRT
65NY,NW/SE,2600,TURF
65OH,08/26,3300,TURF
65OI,H1,25,TURF
65OK,H1,30,TURF
65OR,H1,150,CONC-GRVL
65PA,07/25,1710,TURF
65TE,14/32,2500,TURF-F
65TN,05/23,2200,TURF
65TX,18/36,5000,TURF
65WA,06/24,1300,TURF
65WN,13/31,1800,TURF
65XA,2/20,1625,Turf
65XS,15/33,2200,TURF
66AK,12W/30W,1700,WATER
66AR,18/36,2194,Turf
66AZ,H1,40,CONC
K66B,16/34,1635,TURF-F
66CA,01/19,1800,DIRT
66CN,H1,100,ASPH
66CO,H1,15,CONC-G
66FA,H1,45,CON
66FD,09/27,1340,TURF
66FL,H1,48,CONC
66G,09/27,2530,TURF-G
66GA,09/27,1700,TURF
66II,18/36,2000,TURF
66IL,12/30,2050,TURF
66IN,18/36,1025,TURF-G
66KY,10/28,2400,TURF
66LA,09/27,1600,TURF
66MA,H1,40,GRS
66MI,17/35,2200,TURF
66MN,09/27,2500,TURF
66MO,18/36,900,TURF
66NC,10/28,2800,TURF
66NJ,H1,150,TURF
66NY,18/36,2800,TURF
66OI,16/34,3000,TURF
66OK,07/25,2000,TURF
66PA,H1,50,CONC
66S,15/33,3100,TURF-G
66TA,H1,50,CONC
66TE,17/35,3100,ASPH-TRTD-G
66TN,09/27,2679,GRS
66TS,H1,50,CONC
66TX,15/33,3366,ASPH
66VA,H1,60,ASPH
66VT,2/20,1100,Turf
66WA,07/25,1800,TURF
66WI,N/S,1150,TURF
66XS,13/31,2200,TURF-F
67AK,E/W,2640,GRVL
67AR,17/35,3100,TURF
67CA,09/27,3000,ASPH
67CL,N/S,2000,GRAVEL
67CN,H1,114,ASPH-CONC
67CO,17/35,1400,TURF
67D,18/36,2850,TURF-G
67FA,H1,54,CON
67FD,H1,40,CONC
67FD,H2,40,CON
67FL,18/36,3400,TURF
67GA,06/24,2300,TURF
67II,18/36,1800,TURF
67IL,18/36,1865,TURF
67IS,H1,30,CONC
67KS,18/36,2240,DIRT
67LA,H1,20,Wood
67MD,1/19,1800,Turf
67ME,H1,300,TURF
67MN,NW/SE,2700,TURF
67MO,18/36,2640,TURF
67MU,10/28,2710,Turf
67NC,18/36,3000,Turf
67ND,08/26,2600,TURF
67NE,17/35,2765,TURF
67NJ,06/24,2500,TURF
67OG,10/28,1500,TURF
67OH,09/27,2450,TURF
67OI,H1,30,CONC
67OK,09/27,1000,TURF
67OR,16/34,1960,TURF
67PA,H1,60,TURF
67PN,10/28,2100,TURF-G
67S,14/32,4400,TURF-GRVL-F
67SC,12/30,2042,Turf
67TE,01/19,2400,TURF
67TS,H1,50,TURF
67TT,2/20,3900,Turf
67T,16/34,3164,CONC-G
WA10,9/27,2000,TURF
67WI,18/36,2600,TURF
67XA,9/27,1400,Turf
67XS,H1,80,ASPH
68A,NW/SE,9000,WATER
68AK,H1,20,WOOD
68AR,17/35,1200,Turf
68AZ,03/21,3000,DIRT
68AZ,17/35,1850,DIRT
K68C,04/22,2530,TURF-F
K68C,09/27,1783,TURF-F
K68C,13/31,1745,TURF-F
68CA,15/33,3000,ASPH-F
68CN,09/27,2600,DIRT
68FA,H1/-,40,CON
68FD,09/27,5280,TURF
68GA,H1,40,TURF
68ID,02/20,780,TURF
68II,H1,30,CONC
68IN,09/27,1200,TURF
68IS,09/27,2998,ASPH
68JY,ALL/WAY,10000,WATER
68KY,09/27,2400,TURF
68LA,13/31,3000,TURF
68LS,13/31,1300,Turf
68LS,18/36,2500,Turf/Dirt
68MD,02/20,1700,Turf
68MO,H1,100,ASPH
68NC,14/32,2150,TURF
68NE,02/20,1700,TURF
68NJ,H1,75,ASPH
68NM,13/31,2700,DIRT
68NR,H1,47,CON
68NY,10/28,2000,TURF
68OI,H1,40,ASPH
68OK,H1,60,ASPH
68PA,09/27,1800,TURF
68PN,10/28,2250,Turf
68PS,H1,30,Turf/Gravel
68R,09/27,2580,TURF-F
68TA,H1,20,CONC
68TE,17/35,2630,TURF
68TS,2/20,4600,ASP
68TT,H1,100,CON
68VA,H1,48,CONC-G
68WA,07/25,2000,TURF
68WI,H1,56,ASPH
68XS,07/25,1900,TURF
68XS,17/35,2500,TURF
K68Y,17/35,2897,TURF-G
69AK,06W/24W,2000,WATER
69AZ,H1,50,CONC
69CA,H1,60,CONC
69CL,18/36,2600,ASPH
69CO,H1,87,CONC-G
69CT,H1,60,TURF
69FA,H1/H1,100,Turf
69FD,10/28,1965,TURF-G
69FL,H1,85,CON
69G,18/36,2471,TURF-G
69GA,H1,180,TURF
69II,08/26,2000,TURF
69IL,18/36,2600,TURF
69KS,01/19,2600,TURF-G
69LL,09/27,2275,TURF
69MA,H1,36,CON
69MN,N/S,2500,TURF
69MO,10/28,1800,TURF
69MT,1/19,2949,Turf
69MU,18/36,1568,Turf
69MY,09/27,2600,TURF
69N,01/19,2455,ASPH-G
69NC,08/26,2200,TURF
69ND,N/S,1500,TURF
69NJ,H1,100,Turf
69NY,H1,100,ASPH
69OI,18/36,2400,TURF
69OK,06/24,2100,TURF
69OR,18/36,800,TURF
69PA,08/26,1165,TURF
69S,17/35,1975,GRVL-F
69TA,17/35,2400,TURF-DIRT
69TE,4/22,2000,TURF
69TS,12/30,1500,TURF
69TX,14/32,3898,ASPH
69WT,15W/33W,4226,Water
69WT,4W/22W,5637,Water
69XA,17/35,2400,TURF
69XS,18/36,2800,TURF
6A5,17/35,2550,CONC-TURF-G
6A6,13/31,2600,TURF-G
6A7,ALL/WAY,1200,WATER-E
6AK,11/29,2100,DIRT-P
6AK1,16/34,2000,GRAVEL
6AK2,06/24,1600,GRAVEL
6AK3,15/33,1900,GRAVEL
6AK5,12/30,900,GRAVEL
6AK5,18/36,2000,GRAVEL
6AK7,11/29,2000,TURF
6AK8,18/36,1200,TURF
6AK9,04/22,1320,GRVL
6AL0,9/27,1800,Turf
6AL5,9A/27D,4000,ASP
6AL6,10/28,2500,TURF
6AL8,H1/H1,40,CON
6AR0,07/25,2500,TURF
6AR1,12/30,1200,TURF
6AR3,H1,60,CONC
6AR4,H1,40,CONC
6AR7,H1,40,CONC-G
6AR8,09/27,1400,GRE
6AR8,18/36,2500,GRE
6AR9,09/27,3000,TURF
6AZ0,H1,68,CONC
6AZ2,09/27,3400,DIRT
6AZ2,18/36,5000,DIRT
6AZ6,H1,40,CONC
6AZ7,H1,175,TURF
6AZ8,07/25,2650,ASPH
K6B0,01/19,3206,ASPH-G
K6B4,13/31,2750,ASPH-F
K6B6,03/21,3110,ASPH-F
K6B6,12/30,1600,TURF-GRVL-F
6C0,18/36,2995,TURF-G
6C2,09/27,3112,TURF-G
6CA0,H1,50,ASPH
6CA1,15/33,2300,TURF
6CA2,H1,65,CONC
6CA3,H1,150,ASPH
6CA4,H1,45,CONC
6CA5,09/27,2800,TRTD-DIRT
6CA5,18/36,3000,TRTD-DIRT
6CA6,08/26,4000,ASPH-GRVL
6CA8,01/19,1800,DIRT
6CA9,H1,82,CONC
6CL2,H1,25,TURF
6CL3,H1,40,CONC
6CL4,15/33,1100,TURF
6CL5,H1,75,TURF
6CL7,H1,35,CONC
6CL8,09/27,1700,GRVL
6CO0,08/26,6750,DIRT-TURF-F
6CO1,08/26,4000,TURF
6CO2,16/34,2400,TURF-F
6CO4,09/27,610,ASPH-TURF-G
6CO6,07/25,2600,TURF
6CO7,H1,25,TURF
6CO8,H1,60,ASPH
6CO9,H1,65,ASPH
6D3,12/30,3000,TURF-G
6D7,05/23,1725,TURF-G
6D7,09/27,2480,TURF-G
6F1,01/19,3300,ASPH-G
6F7,02/20,1845,TURF-G
6F7,07/25,3600,TURF-G
6F7,12/30,5000,TURF-G
6FA3,H1,50,CON
6FD0,09/27,2600,TURF
6FD1,H1,35,CONC
6FD2,17/35,2800,TURF
6FD4,H1,100,TURF
6FD5,10/28,3000,TURF-F
6FD6,17/35,2500,TURF
6FD7,02/20,2750,TURF
6FD8,H1,60,CONC
6FL0,18/36,3000,TURF-G
6FL1,H1,40,CONC
6FL3,01/19,4000,ASPH
6FL4,09/27,1800,TURF
6FL5,H1,30,CONC
6FL6,H1,65,CONC
6FL7,H1,465,TURF
6FL8,18/36,2600,TURF-G
6FL9,18/36,2200,TURF
6G6,04/22,2750,TURF-G
6G8,01/19,2829,TURF-G
6GA0,15/33,2500,TURF
6GA1,18/36,2200,TURF
6GA2,H1,100,CONC
6GA3,H1,50,CONC
6GA4,06/24,3000,TURF
6GA5,01/19,2000,TURF
6GA6,H1,50,CONC
6GA7,H1,60,TURF
6GA8,15/33,2200,TURF
6GE2,18/36,1800,TURF
6GE4,13/31,1593,Turf
6H4,09/27,2105,TURF-F
6H8,17/35,3800,TURF-F
6IA0,H1,50,CONC
6IA1,H1,100,ASPH
6IA2,H1,70,ASPH
6IA3,H1,40,CONC
6IA4,H1,36,CONC
6IA7,16/34,1500,TURF
6IA8,H1,30,ASPH
6IA9,H1,50,ASPH-CONC
6ID1,07/25,2200,ASPH-G
6II0,18/36,2700,TURF
6II2,E/W,1400,TURF
6II5,H1,70,ASPH
6II6,N/S,1700,TURF
6II7,18/36,1800,TURF
6II8,02/20,2200,TURF
IL60,N/S,2640,TURF
6IL1,H1,40,CONC
6IL2,07/25,2000,TURF
6IL4,17/35,2200,TURF
6IL5,01/19,1850,TURF
6IL8,H1,100,CONC
6IL9,14/32,1600,Turf
6IN2,18/36,2600,TURF
6IN3,09/27,2600,TURF
6IN4,09/27,2400,TURF
6IN5,18/36,2140,TURF
6IN6,16/34,3000,TURF
KC67,10W/28W,3500,WATER
6IN8,18/36,1800,TURF
K01E,13W/31W,2500,WATER
6IS0,09/27,2200,TURF
6IS1,H1,100,CONC
6IS2,H1,36,CONC
6IS4,H1,44,CONC
6IS5,H1,1000,CONC
6IS7,H1,88,CONC
6IS8,09/27,2260,TURF
6IS9,H1,70,CONC
6J6,11/29,2640,TURF-G
6J6,15/33,1584,TURF-G
6J8,10/28,4990,TURF-G
6J8,16/34,2825,TURF-G
6JY8,H1,80,CONC
6JY8,H2,80,CONC
6K2,17/35,2300,TURF-G
6K7,17/35,2250,TURF-F
K6K9,06/24,2275,TURF-F
6KS0,H1,40,CONC
6KS2,N/S,2600,TURF
6KS4,14/32,3003,TURF
6KS8,17/35,2056,Turf
6KS9,H1,40,ASPH
6KY0,H1,40,CON
6KY2,H1,53,CON
6KY3,01/19,2250,TURF
6KY4,09/27,1800,TURF
6KY6,04/22,1500,TURF
6KY8,H1,40,CON
6LA0,H1,600,TURF
6LA1,03/21,3500,TURF
6LA3,H1,100,TURF
6LA5,18/36,2500,ASPH-TURF
6LA6,18/36,3000,TURF
6LA7,H1,50,GRAVEL
6LL0,N/S,2150,TURF
6LL2,09/27,1600,TURF
6LL4,18/36,1900,TURF
6LL5,E/W,2200,TURF
6LL6,N/S,2400,TURF
6LL7,H1,100,TURF
6LL9,H1,20,CONC
K6M8,18/36,3200,ASPH-G
6MA0,17/35,3000,WATER
6MA1,H1,25,WOOD
6MA2,12/30,2000,TURF
6MA3,HI,150,TURF
6MA4,H1,70,ASPH
6MA5,H1,25,ASPH
6MA6,H1,70,TURF
6MA7,H1,32,CONC
6MA8,02/20,3500,WATER
6MA8,16/34,3500,WATER
6MA9,03/21,2500,WATER
6MA9,09/27,2500,WATER
6MD1,06/24,1488,TURF
6MD3,E/W,1400,TURF
6MD4,13/31,2292,TURF
6MD6,H1,42,CONC
6MD7,10/28,2450,TURF
6MD8,18/36,2750,TURF
6MD9,H1,40,CONC
6MI0,06/24,2100,TURF
6MI1,09/27,1980,TURF
6MI3,03/21,2100,TURF
6MI4,H1,20,CONC
6MI5,H1,90,CONC
6MI6,09/27,1200,TURF
6MI6,14/32,2000,TURF
6MI7,09/27,2000,TURF
6MI9,H1,650,TURF
6MI9,H2,550,TURF
6MN0,18/36,3700,TURF
6MN4,02/20,4000,WATER
6MN4,14/32,6000,WATER
6MN5,16W/34W,4000,WATER
6MN6,01W/19W,5000,WATER
6MN6,12W/30W,5000,WATER
6MN8,N/S,2600,TURF
6MN9,12/30,2000,TURF
6MO0,04/22,2200,TURF
6MO2,13/31,1600,TURF-F
6MO3,02/20,2550,TURF
6MO4,18/36,2340,TURF
6MO5,H1,40,CONC
6MO6,E/W,1800,TURF
6MO7,N/S,2700,TURF
6MS1,09/27,4000,TURF
6MS1,18/36,2800,TURF
6MS2,09/27,2700,TURF
6MT4,11W/29W,12000,Water
6MU4,09/27,2250,TURF
6MU5,1/19,1800,Turf
6MU6,H1,50,CON
6MU8,H1,30,ASP/CON
6MU9,09/27,2000,TURF
6MY2,H1,42,CON
6N5,H1,37,ASPH-CONC-G
6N5,H2,44,ASPH-G
6N5,H3,44,ASPH-G
6N5,H4,44,ASPH-G
6N6,ALL/WAY,5000,WATER
6N7,S/N,10000,WATER
6NA0,08/26,1600,TURF
6NA0,17/35,2640,TURF
6NA5,13/31,3800,TURF-P
6NA6,08/26,1602,TURF
6NC0,03/21,2800,TURF
6NC1,03/21,3000,ASPH-G
6NC2,15/33,1550,TURF
6NC3,04/22,3000,TURF
6NC4,06/24,1400,TURF
6NC4,16/34,1200,TURF
6NC5,03/21,1800,TURF
6NC6,H1,25,CONC
6NC7,05/23,3000,TURF
6NC8,06/24,2500,TURF
6NC9,01/19,3000,TURF
6NC9,13/31,1000,TURF
6ND2,N/S,3500,TURF
6ND3,N/S,2500,TURF
6ND3,NW/SE,2500,TURF
6ND6,08/26,2200,TURF
6ND9,11/29,3100,TURF
6NE0,12/30,3020,TURF
6NE3,18/36,4000,ASP
6NE7,E/W,2100,CONC-TURF
6NE8,15/33,2600,TURF
6NJ2,H1,100,TURF
6NJ3,H1,100,ASPH
6NJ5,H1,75,ASPH
6NJ6,H1,80,TURF
6NJ7,03/21,5000,WATER
6NK,15/33,2660,ASPH-P
6NK0,02/20,1600,TURF
6NK2,16/34,2200,TURF
6NK3,H1,40,ASPH
6NK4,09/27,1800,TURF
6NK5,H1,45,MATS
6NK6,H1,60,CONC-G
5NK5,H1,45,CON
6NK8,09/27,2386,TURF
6NK9,H1,40,ASPH
6NR6,2/20,1250,Turf
6NY1,09/27,1700,TURF
6NY2,N/S,1350,TURF
6NY3,N/S,1600,TURF
6NY4,09/27,2000,TURF
6NY5,H1,50,TURF
6NY6,01/19,3500,WATER
6NY6,12/30,2000,WATER
6NY6,16/34,4500,WATER
6NY7,14/32,2600,TURF
6NY8,H1,60,ASPH
6NY9,H1,50,CONC
6OG3,18/36,3200,TURF-G
6OH0,H1,40,CONC
6OH1,09/27,1350,TURF
6OH2,H1,25,TURF
6OH4,E/W,1000,TURF
6OH4,N/S,1770,TURF
6OH5,H1,60,TURF
6OH6,09/27,2500,TURF
6OH6,18/36,1575,TURF
6OH7,09/27,2100,TURF
6OH8,H1,25,TURF
6OH9,02/20,2700,TURF
6OI4,H1,40,ASPH
6OI5,05/23,2400,TURF
6OI6,H1,118,CONC
6OI8,H1,55,CONC
6OI9,H1,75,TURF
6OK0,17/35,2600,TURF
6OK1,07/25,1970,TURF-F
6OK2,17/35,1986,TURF-G
6OK4,H1/H1,48,CONC
6OK6,17/35,2400,TURF-GRVL
6OK7,05/23,2300,TURF
6OK8,17/35,2500,ASPH
6OK9,17/35,2670,TURF-G
6OR1,08/26,1600,TURF
6OR2,07/25,2500,ASPH
6OR3,H1,80,ASPH
6OR4,12/30,1700,TURF
6OR5,H1,50,CONC
6OR6,15/33,1100,TURF-DIRT
6OR7,07/25,2300,TURF
6OR9,E/W,2800,TURF
K6P3,09/27,2223,ASPH-F
6PA0,N/S,2500,TURF
6PA1,03/21,500,TURF
6PA2,H1,45,CONC
6PA3,E/W,2273,TURF
6PA4,17/35,2000,TURF-G
6PA5,04/22,2400,ASPH
6PA6,N/S,1600,TURF
6PA8,09/27,1550,TURF
6PN2,H1,70,ASPH
6PN3,H1,106,ASPH
6PN4,H1,60,CONC
6PN5,09/27,1300,TURF
6PN6,H1,33,CONC
6PN7,H1,60,CONC
6PN8,H1,200,TURF
6PN9,10/28,2000,TURF
6PS0,H1,40,CONC
6PS2,H1,100,ASPH
6PS3,09/27,1600,TURF
6PS4,H1,50,CONC
6PS5,H1,40,ASPH
6PS6,H1,65,GRVL
6PS8,02/20,1475,TURF
6PS9,H1,95,ASPH
6Q0,H1,27,CONC
6R1,07/25,2700,ASPH-G
6R1,09/27,2200,TURF-G
6R5,03/21,1420,TURF-G
6R5,06/24,1500,TURF-G
6R5,12/30,830,TURF-G
6S4,07/25,1940,TURF-G
6S6,13/31,2500,TURF-G
6S9,13/31,2630,TURF-F
6SC1,07/25,2500,TURF
6SD4,12/30,3468,Turf
6T2,H1,50,CONC-G
6TA0,01/19,4200,DIRT
6TA1,H1,30,CONC
6TA2,18/36,2600,TURF
6TA3,17/35,2500,TURF
6TA6,H1,60,CONC
6TA7,17/35,1800,TURF
6TA8,H1,2200,ASPH
6TE0,08/26,2500,TURF
6TE0,17/35,1350,TURF
6TE1,09/27,4000,TURF-DIRT
6TE3,18/36,2700,TURF
6TE5,14/32,5440,TURF-F
6TE6,01/19,6005,ASPH
6TE7,17/35,4000,GRVL
6TE8,01/19,3455,GRVL-P
6TE8,17/35,2190,DIRT-P
6TE9,09/27,2840,TURF-F
6TN0,H1,20,TURF
6TN1,18/36,3370,TURF
6TN2,H1,20,CONC
6TN3,H1,200,TURF
6TN4,14/32,1800,TURF
6TN6,H1,40,ASPH
6TN7,08/26,3000,TURF
6TN8,H1,40,TURF
6TN9,14/32,1400,TURF
6TNO,08/26,900,Turf
6TS0,17/35,2600,TURF
6TS1,14/32,2000,TURF
6TS4,02/20,2600,TURF
6TS5,H1,30,CONC
6TS6,03/21,2600,GRAVEL
6TS8,02/20,2118,TURF
6TS9,H1,30,CONC
6TX0,13/31,1961,Dirt
6TX4,18/36,3000,DIRT
6TX5,H1,38,CONC-G
6TX6,16/34,2500,DIRT
6TX7,15/33,2600,TURF
6TX8,08/26,1900,TURF
6TX9,01/19,5000,DIRT-TRTD
6U5,07/25,2200,TURF-G
6U5,10/28,2160,TURF-G
6U5,16/34,1960,TURF-G
K6U6,07/25,3140,TREATED-G
K6U6,16/34,1230,TURF-G
6VA0,01/19,1400,TURF
6VA2,15/33,4000,TURF
6VA3,H1,40,ASPH
6VA4,12/30,1400,TURF-G
6VA6,H1,30,CONC
6VA8,H1,50,ASPH
6VA9,15/33,2800,TURF
6W0,05/23,2265,TURF-G
6W4,04/22,1735,TURF-G
6WA0,H1,50,ASPH
6WA1,H1,80,TURF
6WA2,06/24,1800,TURF
6WA2,16W/34W,5000,WATER
6WA3,16/34,2554,TURF
6WA4,N/S,4500,ASPH
6WA5,18/36,2000,TURF-DIRT
6WA6,04/22,3000,GRAVEL
6WA7,H1,45,DIRT
6WA8,H1,16,GRVL
6WA9,H1,40,ASPH
6WI0,18/36,3000,TURF
6WI1,09/27,1400,TURF
6WI2,NW/SE,1700,TURF
6WI4,03/21,2600,TURF
6WI5,08/26,2800,TURF
6WI7,17/35,1800,TURF
6WI8,H1,40,MATS-G
6WI9,10/28,2500,TURF
6WN5,17/35,3000,TURF
6WN6,05/23,2800,TURF
6X0,12/30,2700,TURF-G
6XS0,H1,50,TURF
6XS1,H1,60,CONC
6XS1,H2,50,CONC
6XS2,02/20,1650,TURF
6XS2,14/32,2300,TURF
6XS3,09/27,1980,TURF
6XS7,10/28,1900,TURF
6XS7,17/35,3200,TURF
K6X6,18/36,1700,TURF
6XS9,14/32,1700,TURF
6Y0,03/21,2797,TURF-F
6Y0,09/27,2599,TURF-F
K6Y2,H1,50,ASPH-F
6Y6,12/30,2600,TURF-F
6Y6,18/36,2600,TURF-F
6Y8,09/27,2512,ASPH-G
6Y8,17/35,3500,TURF-F
6Y9,10/28,2600,TURF-G
70AK,03/21,2800,GRVL-DIRT
70AR,09/27,2400,TURF
70AZ,H1,20,CONC
70AZ,H2,20,CONC
70B,ALL/WAY,4000,WATER-E
70CA,H1,50,CONC
70CL,17/35,1625,DIRT
70CO,H1,30,CONC
70D,09/27,2400,TURF-P
70FA,09/27,2682,grass
70FD,H1,50,CONC-G
70II,09/27,1500,TURF
70IL,17/35,1205,TURF
70IN,18/36,2700,TURF
70IS,H1,60,ASPH
70K,17/35,2100,TURF-P
70KY,11/29,2700,TURF
70LA,09/27,2500,TURF
70LL,18/36,3600,TURF
70MA,H1,50,CONC
70ME,5W/23W,4000,Water
70MY,11W/29W,4500,WATER
70MY,18W/36W,10000,WATER
70N,5/23,2431,Asphalt/Gravel
70NC,09/27,3000,TURF
70NJ,07/25,1600,TURF
70NR,17/35,2655,Turf
70NY,H1,150,ASPH
70OI,H1,21,CONC
70OK,17/35,2640,TURF
70OR,01/19,1600,TURF
70PN,08/26,2000,TURF
70PR,H1,40,CON
70S,16/34,2481,ASPH-G
70TN,17/35,1219,Turf
70TS,H1,65,CONC
70TT,18/36,1515,Dirt
70TX,H1,20,CONC
70VA,06/24,1800,TURF
70WA,H1,50,CONC
70XS,09/27,2950,TURF
71AK,03/21,2000,TURF
71AL,18/36,1800,TURF
71AR,18/36,1910,Turf
71AZ,H1,60,ASPH
71CA,H1,100,TURF-DIRT
71CL,16/34,2570,ASPH
71CO,H1,35,CONC
71FD,H1,15,CONC
71FL,H1,60,CONC
71GA,H1,100,TURF
71IL,H1,44,CONC
71IN,18/36,1700,TURF
71K,17/35,2520,ASPH-G
71KS,12/30,1900,TURF
71KY,15/33,1600,TURF
71LL,09/27,2600,TURF
71ME,14/32,1100,TURF
71MI,14/32,1420,Turf
71MO,17/35,2500,TURF
71NC,04/22,3000,TURF
71NC,09/27,1000,TURF
71NY,H1,90,CONC
71OK,18/36,1940,TURF
71OR,11/29,1500,TURF-F
71PA,H1,32,ASPH
71PN,18/36,2000,TURF
71TA,07/25,2000,GRVL
71TA,16/34,4400,GRVL
71TE,18/36,3450,ASPH
71TX,04/22,1500,TURF-G
71VA,H1,40,TURF
71WI,H1,12,CONC
71XA,2/20,2500,Turf
72AK,H1,300,GRVL
72AR,15/33,2200,Turf
72AZ,H1,50,DIRT
72CA,H1,30,CONC
72CL,17/35,3200,ASPH
72CO,14/32,3000,TURF-GRVL
72FA,H1/H1,55,CON
72FD,H1,160,TURF
72FL,09/27,1800,TURF
72GA,06/24,2600,TURF
72II,H1,50,ROOF-TOP
72IL,H1,60,CONC-G
72IN,E/W,2640,TURF
72K,17/35,2550,TURF-F
72KY,06/24,1500,ASPH-TURF
72LA,H1,20,CONC
72LL,09/27,2641,TURF
72ME,01/19,1200,ASPH-G
72MI,09/27,5000,ASPH-G
72MU,H1,40,CONC
72NC,H1,36,WOOD
72ND,N/S,2600,TURF
72NH,11W/29W,4086,WAT
72NM,04/22,4752,DIRT
72OH,10/28,900,Turf
72OK,H1,60,TURF
72OR,08/26,1600,TURF
72PA,H1,90,ASPH
72PN,H1,65,ASPH
K72S,02/20,2807,ASPH-G
72TA,06/24,6000,CONC
72TA,18/36,2913,CONC
72TE,15/33,5200,ASPH
72TN,H1,40,CONC
72TS,17/35,3335,GRAVEL
72TX,H1,70,ASPH
72VA,H1,127,CONC
72VA,H2,44,CONC
72WA,H1,200,TURF
72XA,15/33,2400,Turf
73AK,H1,150,TURF
73AR,18/36,4000,TURF
73AZ,06/24,4800,ASPH
73CA,01/19,3200,DIRT-TRTD
73CL,04/22,2000,ASPH
K73F,16/34,3000,TURF-G
73FD,18/36,2400,TURF
73FL,H1,30,CONC
73GA,H1,40,CONC
73IA,18/36,3250,TURF-G
73II,NE/SW,2000,TURF
73IL,H1,50,CONC
73IN,16/34,1320,TURF
73KS,04/22,1385,TURF
73KS,14/32,2046,TURF
73KS,18/36,1685,TURF
73KY,06/24,2150,TURF
73MD,18/36,2024,Turf
73MI,H1,40,ASPH
73MO,H1,48,CONC
73MU,09/27,1800,TURF
73MU,18/36,1800,TURF
73NC,H1,850,TURF
73NH,H1,20,CON
73NR,H1,74,CON
73NY,01/19,1500,TURF
73OH,09/27,4000,ASPH
73OI,09/27,2200,TURF
73OR,16/34,1300,TURF-G
73PA,04/22,2220,TURF
73PN,06/24,1500,TURF
73S,04/22,2261,ASPH-G
73TA,01/19,3190,TURF-DIRT-F
73TE,15/33,2700,TURF
73VA,H1,70,CONC
73WA,18/36,2600,TURF
73WI,E/W,3200,TURF
73WI,N/S,2700,TURF
73WT,02/20,2700,GRVL
74AR,9/27,2251,Turf
74AZ,18/36,4800,DIRT
74CO,14/32,2500,GRVL
74FA,H1,69,Rooftop
74FD,05/23,2600,TURF
74FL,18/36,6395,TURF-G
74GE,H1,50,Aluminum Rooftop
74II,H1,54,CONC
74IL,H1,40,CONC
74IN,09/27,2000,TURF
74IS,H1,40,CONC
74KS,18/36,2500,TURF
74KY,18/36,2500,TURF
74L,H1,40,CONC
74LA,H1,20,CONC
74LL,H1,16,WOOD
74MD,H1,55,CON
74ME,04W/22W,3500,WATER
74MO,H1,230,TURF-GRVL-G
74MU,01/19,1800,TURF
74N,05/23,2325,ASPH-CONC-G
74NC,17/35,2000,TURF
74ND,18/36,2118,Turf
74NJ,H1,100,CONC-TURF
74NK,15/33,2500,Turf
74NY,02/20,1600,TURF
74OH,H1,40,CONC
74OI,H1,45,ASPH
74OR,15/33,1300,TURF
74PA,14/32,1200,TURF
74PN,H1,70,ASPH
74PS,H1,60,CON
74R,11/29,2360,TURF-G
74R,16/34,2250,TURF-G
74TE,18/36,4191,ASPH
74TN,8/26,1100,Turf
74TS,H1,20,ASPH
74TX,15/33,4170,TURF
74TX,17/35,5500,TURF
74VA,H1,60,ASPH
74VG,3W/21W,4052,WAT
74WA,18/36,2600,GRAVEL
74WI,H1,100,ASPH
75AK,16/34,2640,TURF
75AR,E/W,2700,TURF
75AR,N/S,3000,TURF
75AZ,H1,50,CONC
75B,04/22,2500,WATER-E
75C,01/19,2800,TURF-DIRT-F
75CA,H1,45,CONC
75D,01/19,2100,TURF-G
75DC,17/35,1800,GRVL
75FA,1/19,1981,Turf
75FD,H1,60,CONC
75FL,09/27,3175,TURF-G
75G,18/36,2480,TURF-F
75IA,H1,40,CONC
75IL,H1,40,TURF
75IN,H1,50,ASPH
75IS,N/S,1800,TURF
75K,03/21,2255,ASPH-P
75KY,02/20,2800,TURF
75LA,H1,30,CONC
75MI,18/36,1347,TURF
75MN,E/W,2000,TURF
75MO,H1,72,CONC
75MU,H1,20,CONC
75ND,09/27,1700,TURF
75ND,12/30,3200,TURF
75NE,17/35,2500,TURF
75NK,H1,54,CON
75NR,2/20,1913,Turf
75NY,NE/SW,3000,TURF
75OI,18/36,2000,TURF
75OR,H1,25,CONC
75PA,E/W,2200,TURF-G
75PA,N/S,1950,TURF-G
75PN,07/25,5000,WATER
75RI,H1,20,CONC
75TA,16/34,4725,ASPH
75TE,14/32,1970,TURF
75TN,06U/24U,650,TURF-F
75TS,14/32,1600,TURF
75TX,14/32,4250,ASPH
75U,ALL/WAY,15000,WATER
75VA,H1,50,ASPH
75WA,17/35,1600,TURF
75WI,N/S,900,TURF
75WT,17/35,500,TURF-F
75WV,08/26,1700,TURF
75XA,14/32,3007,Turf
76AK,07/25,3000,GRVL
76AR,9/27,950,Turf
76AZ,H1,40,CONC
76B,16W/34W,15000,WATER
76CA,H1,200,ASPH
76CN,H1,40,CONC
76CO,17/35,2640,DIRT
76DE,H1,20,Turf
76FA,H1,55,Mats
76FD,16/34,2800,TURF
76FL,H1,42,CONC
76GA,08/26,3600,TURF
76II,12/30,1150,TURF
76IL,H1,50,CONC-G
76IS,H1,12,CONC
76KY,E/W,1450,TURF
76LA,H1,61,CONC
76LL,H1,75,TURF
76LS,9/27,2500,Turf
76MD,H1/-,50,CON
76MN,17/35,2200,TURF
76MY,10W/28W,5710,WAT
76N,01/19,2007,ASPH-G
76NC,03/21,3000,TURF
76NE,H1,30,CONC
76NH,H1,50,TURF
KT27,H4,33,ASP/GVL
76OH,H1,100,ASPH
76OK,16/34,4500,TURF-G
24OR,H1,60,CONC
76PN,H1,100,CONC
76T,17/35,3730,TURF-F
46XS,03/21,4524,ASPH
76TE,12/30,4800,DIRT
76TS,H1,50,TURF
76TT,H1,50,Turf
K76V,16/34,4397,TURF-DIRT-F
76WA,07/25,2500,TURF
76WI,H1,20,CONC
76Z,04/22,800,DIRT-P
77AK,01/19,1700,TURF
77AZ,H1,45,ROOF-TOP
77CA,09/27,1700,DIRT
77CL,E/W,3400,DIRT
77CO,H1,63,CONC-G
77FD,H1,60,CONC
77FL,H1,75,CONC
77GA,13/31,2400,TURF
77ID,8/26,1600,Turf
77IL,H1,15,CONC
77IN,H1,80,CONC
77IS,H1,25,CONC
77KY,17/35,1600,TURF
77LA,H1,60,CONC
77MD,H1/H1,60,CON
77ME,18/36,4000,WATER
77MN,09/27,3600,TURF
77MN,18/36,2600,TURF
77MO,16/34,2500,TURF
77MT,1/19,1668,GVL
77NC,17/35,3500,ASPH
77NE,H1,30,CONC
77NJ,H1,20,ASPH
77NR,H1,50,CON
77NV,16/34,4564,ASP
77NV,7/25,4049,ASP
77OH,18/36,1500,TURF
77OI,H1,80,CONC
77OI,H2,128,CONC
77OK,H1,100,CONC
77OR,H1,20,CONC
77PA,E/W,1800,TURF
77PN,10/28,2000,TURF
77TN,17/35,1500,TURF
77TS,18/36,2000,ASPH-G
77UT,H1,100,Concrete/Turf
77WA,H1,40,CONC-G
77XA,17/35,3050,Turf
77XS,06/24,2600,ASPH-TURF
77XS,15/33,1700,TURF
78A,02/20,921,TURF-F
78A,10/28,2600,TURF-F
78AK,09/27,1300,TURF
78B,E/W,3000,WATER
78B,NW/SE,4000,WATER
78CA,H1,30,CONC
78CO,H1,100,TURF
78FA,H1,40,ASP
78FD,08/26,2000,TURF
78FL,02/20,2760,TURF
78GA,02/20,2500,TURF
K78I,10/28,3630,TURF-G
78II,09/27,1850,TURF
78IL,H1,40,CONC
78IN,H1,100,TURF
78IS,HI,40,CONC
78K,E/W,5000,WATER
78ME,18/36,1900,TURF
78MI,18/36,2285,TURF-F
78MN,N/S,3000,TURF
78MO,09/27,1800,TURF
78MO,18/36,1300,TURF
78MU,18/36,2400,TURF
78NC,14/32,2780,TURF-G
78NE,17/35,2600,TURF
78NJ,H1,50,TURF
78NK,H1,40,CON
78NY,E/W,3750,TURF-GRVL
78OH,05/23,1800,TURF
78OH,18/36,2300,TURF
78OI,H1,23,CONC
78OK,H1,50,ASPH
78OR,03/21,2500,GRVL
78PA,H1/H1,45,CONC
78PN,H1,50,ASPH
78TA,03/21,3000,TURF
78TE,06/24,1000,TURF-G
78TE,12/30,1350,TURF-G
78TN,6/24,2460,Turf
78TS,H1/-,50,CONC
78TX,H1,64,CONC
78U,N/S,3000,WATER
78WA,17/35,1600,TURF-GRVL
78WI,H1/H1,40,CONC-G
78XA,18/36,1421,Turf
78XS,09/27,2600,TURF
78Z,N/S,6000,WATER
79AK,11/29,1500,TURF
79AR,N/S,2600,TURF-G
79AZ,2/20,4025,Asphalt/Dirt
K79C,18/36,2439,ASPH-F
79CA,H1,65,ASPH
79CL,03/21,2100,DIRT
79CO,H1,43,CONC
79FA,H1,40,CON
79FD,18/36,2200,TURF
79FL,18/36,1900,TURF
79GA,17/35,1700,TURF
79II,18/36,2600,TURF
79IN,H1,50,CONC
79IS,E/W,3200,TURF
79IS,N/S,3200,TURF
79KY,09/27,5488,CONC
79LA,H1,50,CONC
79MI,06/24,2000,TURF
79MN,N/S,2640,TURF
79MO,06/24,3000,TURF
79MO,17/35,2000,TURF
79MS,01/19,2000,Turf
79MT,10/28,1200,Turf
79MU,04/22,2000,TURF
79N,07/25,3322,ASPH-TURF-F
79NC,18/36,2459,ASPH-F
79NE,H1,40,ASPH
79NJ,H1,40,ASPH
79NR,13/31,3130,Asphalt/Turf
79NY,18/36,1750,TURF
79OH,18/36,1800,TURF
79OR,H1,80,CONC
79PA,10/28,1800,TURF
79PN,H1,55,CONC
79TA,12/30,4000,TURF
79TE,13/31,3400,TURF-G
79TS,17/35,1000,TURF
79TT,H1,40,CON
79UT,H1,45,CONC-G
79VA,H1,30,CONC
79VG,7/25,2250,ASP
79WI,H1/H1,65,ASPH-G
79XS,17/35,3530,TURF
7A7,H1,40,METAL
4GA5,18/36,3255,TURF-G
7AK0,10/28,2000,TURF
7AK2,04W/22W,3000,WATER
7AK2,15/33,2500,GRVL
7AK3,01/19,1488,GRAVEL
7AK3,16/34,2712,TURF
7AK4,06/24,1915,TURF
7AK5,03/21,1400,TURF
7AK6,18/36,1690,DIRT
7AK7,H1,20,WOOD
7AK7,H2,20,WOOD
7AK7,H3,20,WOOD
7AK7,H4,20,WOOD
7AK8,07/25,1300,GRVL-DIRT
7AK9,03/21,1400,GRVL
7AL2,17/35,1000,Turf
AL28,H1,33,CON
7AL9,18/36,2500,TURF
7AR0,07/25,2100,TURF
7AR0,16/34,2100,TURF
7AR1,09/27,2000,ASPH
7AR2,18/36,1600,TURF
7AR3,18/36,2400,ASPH
7AR4,H1,50,Concrete/Dirt
7AR5,H1,30,CONC
7AR6,18/36,2600,Turf
7AR7,17/35,2500,ASP
7AR7,18/36,2200,Turf
7AR8,18/36,3108,Turf
7AZ0,H1,155,CONC
7B1,H1,225,TURF-G
K7B3,02/20,2105,TURF-G
7B4,09/27,3250,TURF-G
K7B9,01/19,1800,ASPH-F
K7C3,18/36,2650,TURF-G
7C5,18/36,2600,TURF-F
7CA1,09/27,4000,DIRT
7CA2,16/34,2700,ASPH
7CA3,H1,75,CONC
7CA4,H1,50,CONC
7CA5,H1,96,ASPH
7CA7,H1,21,CONC
7CA8,H1,95,CONC
7CA9,H1,65,CONC
7CL0,H1,40,CON
7CL1,H1,65,CONC
7CL2,H1,400,TURF
7CL4,5/23,1007,ASP
7CL4,H1,1000,MATS
7NV8,17/35,4450,DIRT-F
7CL9,08/26,2000,TURF
7CO0,08/26,4200,ASPH
7CO0,17/35,2000,DIRT
7CO6,17/35,2200,TURF
7CO7,H1,60,CONC
7CO8,08/26,1300,DIRT
7CO8,14/32,2950,DIRT
7CO9,H1,50,ASPH-G
7D8,08/26,2800,TURF-GRVL-F
7E3,03/21,2640,TURF-G
7FA0,H1,40,CONC
7FA1,10/28,2700,ASPH-GRVL
7FA8,18/36,4642,TURF
7FA8,H1/H1,180,CONC
7FD0,H1,60,CON
7FD2,06/24,2100,TURF
7FD2,16/34,2000,TURF
7FD4,H1,150,CONC
7FD5,H1,45,ASPH
7FD6,12/30,5970,TURF
7FD7,H1,20,CONC
7FD9,18/36,2000,TURF
7FL0,H1,200,TURF
7FL1,H1,25,TURF
7FL4,18/36,2600,TURF
7FL5,H1,50,CONC
7FL6,06/24,4002,ASPH-G
7FL7,09/27,1793,TURF-G
7FL8,11/29,2000,TURF-G
7FL9,H1,42,CONC
7G1,01/19,1200,TURF-G
7G1,04/22,2030,ASPH-P
K7G2,13/31,3136,TURF-F
7PN4,11/29,3415,GRVL-F
7GA0,H1,40,ASPH
7GA1,H1,21,WOOD
7GA2,09/27,2500,TURF
7GA3,17/35,2000,TURF
7GA4,09/27,2400,TURF
7GA5,06/24,1300,ASPH
7GA6,H1,37,MATS-G
7GA7,HI,40,ASPH
7GA8,H1,39,CONC
7GA9,N/S,2350,TURF
7GE5,04/22,2000,TURF
K7I2,09/27,2800,ASPH-F
7IA1,09/27,2400,TURF
7IA3,12/30,2120,TURF-G
7IA5,H1,40,CONC
7IA6,H1,60,CONC
7IA7,06/24,1500,CONC
7IA9,H1,40,CONC
7ID7,H1,45,ROOF-TOP
7II1,H1,25,CONC
7II2,H1,65,CONC-G
7II3,17/35,2200,TURF
7IL0,09/27,2415,TURF
7IL1,H1,35,Turf
7IL4,H1,50,CONC
7IL7,N/S,1900,TURF
7IL8,N/S,3000,TURF
7IN2,18/36,2800,TURF
7IN3,09/27,2400,TURF
7IN4,H1,60,CONC
7IN5,H1,40,MATS
7IN6,11/29,1700,TURF-G
7IN7,02/20,685,TURF
7IN8,11W/29W,2600,WATER
7IN9,18/36,2563,TURF
7IS2,16/34,2500,TURF
7IS3,18/36,2300,TURF
7IS4,H1,40,CONC
7IS5,N/S,2300,TURF
7IS6,HI,40,CONC
7IS7,18/36,2420,TURF
7IS8,H1,50,CONC
7IS9,15/33,2000,TURF
7K2,04/22,2000,WATER
7K7,15/33,3233,CONC-TURF-G
PAKA,13/31,3701,GRVL-E
PAKA,13W/31W,8000,WATER
7KS,2/20,1078,Turf
7KS0,09/27,1600,TURF
7KS1,H1,40,CON
7KS2,01/19,2000,TURF
7KS3,07/25,2700,TURF
7KS4,02/20,1550,TURF
7KS9,17/35,3600,TURF
7KY2,05/23,1800,TURF
7KY3,15/33,2000,TURF
7KY6,H1,40,Wood
7L1,H1,75,CONC
7L5,H1,30,ASPH
7L9,H1,40,CONC-E
7LA0,09/27,3000,TURF
7LA1,03/21,2200,TURF
7LA2,H1,30,CONC
7LA3,01/19,3100,TURF
7LA6,H1,500,CONC-TURF
7LA7,03W/21W,5000,WATER
7LA7,H1/H1,45,WOOD
7LA8,H1,40,CONC
7LL1,H1,40,CONC
7LL2,H1,42,CONC
7LL3,18/36,3365,TURF
7LL4,N/S,2200,TURF
7LL6,E/W,2200,TURF
7LL7,18/36,1900,TURF
7LL9,N/S,1912,TURF
7LS3,H1,1700,CONC-TURF
7LS4,H1,400,CONC-TURF
2AR4,18/36,2400,ASPH-G
7M6,03/21,2700,ASPH-G
7M7,18/36,2550,ASPH-G
7MA0,H1,32,TURF
7MA1,H1,10,TURF
7MA2,03W/21W,4000,WATER
7MA2,16W/34W,2100,WATER
7MD0,03/21,1182,TURF-G
7MD1,09/27,2500,TURF
7MD2,H1,60,CONC-G
7MD3,H1,60,ASPH-CONC
7MD4,H1,24,CONC-G
7MD5,H1,45,CONC
7MD7,04/22,2000,TURF
7MD7,13/31,2600,TURF
7MD8,17/35,2300,TURF
7MD9,03/21,1920,TURF-F
7ME7,16/32,1800,Turf
7MI0,H1,90,TURF
7MI1,H1,350,TURF
7MI3,13/31,3200,TURF
7MI6,18/36,1800,TURF
7MI7,18/36,2000,TURF
7MI8,08/26,1400,TURF
7MN1,H1,40,ASPH-CONC
7MN2,08W/26W,3000,WATER
7MN2,17W/35W,5000,WATER
7MN3,N/S,3000,TURF
7MN4,03/21,2500,TURF
7MN4,09/27,1250,TURF
7MN6,17/35,2500,ASPH-TURF
7MN7,H1,60,CONC
7MN8,18/36,3500,TURF
7MO,18/36,2475,TURF-G
7MO0,H1,35,CONC
7MO1,18/36,3200,TURF
7MO2,N/S,1800,TURF
7MO3,E/W,2250,TURF
7MO4,13/31,2500,TURF
7MO5,02/20,2300,TURF
7MS1,18/36,3800,TURF
7MS3,17/35,2100,Turf
7MS7,17/35,3800,Turf
7MT5,H1,1000,Turf
7MY4,12W/30W,3200,WAT
7MY6,H1,45,CON
7MY9,9/27,2600,TURF
K7N0,H1,80,CONC-G
7N3,01/19,6000,WATER
7N3,12/30,6000,WATER
7N4,18/36,3800,TURF-G
7N6,17/35,2600,TURF-F
7N7,07/25,2419,ASPH-G
7N8,16/34,2420,ASPH-TURF-G
7NA2,14/32,1830,TURF
7NA4,15/33,2000,ASPH-TURF
7NA9,17/35,3900,TURF
7NC1,11/29,4000,TURF
7NC2,17/35,3450,ASPH
7NC3,09/27,3480,TURF
7NC4,H1,40,ASPH
7NC4,H2,40,ASPH
7NC5,04/22,2500,TURF
7NC6,13/31,2400,TURF
7NC7,10/28,1700,TURF
7NC9,17/35,1400,TURF
7ND1,09/27,1500,TURF
7ND5,04/22,3600,TURF
7ND8,17/35,3400,ASPH-TURF
7NE5,N/S,3000,TURF
7NJ0,H1,100,TURF
7NJ1,H1,75,GRAVEL
7NJ2,05/23,1725,TURF-G
7NJ3,H1,40,TURF
7NJ5,H1,88,CONC
7NJ6,H1,1000,TURF
7NJ7,09/27,2000,TURF
7NJ8,H1,50,CONC
7NJ9,12/30,2000,TURF-G
7NK0,14/32,3000,TURF
7NK1,01/19,2400,TURF-G
7NK2,H1,87,ASPH-G
7NK4,18/36,1800,TURF
7NK6,16/34,2200,TURF
7NK7,15/33,1060,TURF
7NK8,H1,45,MATS
7NM1,18/36,2000,Turf
7NY0,01/19,1000,TURF
7NY1,10/28,1100,TURF
7NY3,H1,64,ASPH
7NY4,09/27,2400,TURF
7NY5,H1,60,ASPH
7NY6,07/25,2000,TURF
7NY7,H1,40,ASPH-G
7OA7,09/27,2250,TURF
7OA7,18/36,2615,TURF
7OA7,E/W,3500,TURF
7OH0,H1,45,MATS-G
7OH1,18/36,1700,TURF
7OH2,09/27,1820,TURF
7OH3,09/27,2400,TURF
7OH4,H1,60,CONC
7OH5,16/34,2850,TURF
7OH6,H1,40,ASPH
7OH8,N/S,2100,TURF
7OH9,H1,40,CONC
7OI1,09/27,1320,TURF
7OI1,18/36,1158,TURF
7OI4,H1,10,MATS
7OI5,E/W,2650,TURF
7OI9,11/29,2000,TURF
7OK2,17/35,2400,TURF
7OK3,H1,30,ASPH
7OK6,H1,35,CONC
7OK9,H1,100,CONC
7OR0,N/S,2000,TURF
7OR1,E/W,1500,DIRT-P
7OR2,17/35,1558,Turf
7OR4,17/35,1700,TURF
7OR5,H1,60,CONC
7OR5,H2,50,CONC
7OR6,12/30,1150,TURF
7OR7,16/34,1750,TURF
7OR8,18/36,3200,GRAVEL
7OR9,06/24,1300,TURF
7P5,01/19,2340,TURF-P
7PA1,06/24,1900,TURF-G
7PA2,H1,60,TURF-G
7PA3,18/36,4000,ASPH
7PA5,09/27,500,TURF
7PA9,H1,65,ASPH
7PN0,08/26,2000,TURF-G
7PN2,H1,30,ASPH
7PN3,H1,200,CONC
7PN5,H1,100,ASPH
7PN6,H1,60,TURF
7PN7,H1,40,CONC
7PN9,H1,50,CONC
7PS0,H1,45,ASPH
7PS1,H1,40,CONC
7PS2,H1,85,TURF
7PS3,H1,50,TURF
7PS5,H1,37,CONC
7PS6,H1,20,CONC
7PS7,15/33,1500,TURF
7PS8,H1,65,ASPH-G
7PS9,H1,40,CONC
K7Q7,12/30,3000,TURF-G
7R9,17/35,2060,TURF-G
7S3,02/20,2465,ASPH-G
7S4,01/19,3445,TURF-P
7S8,07/25,2900,TURF-F
7T0,17/35,2400,TURF-G
KNGT,11/29,8000,ASPH-CONC-F
KNGT,17/35,8000,ASPH-G
7TA0,18/36,2200,TURF
7TA1,H1,20,CONC
7TA2,H1,100,TURF
7TA3,N/S,3800,DIRT
7TA4,H1,80,CONC
7TA5,16/34,2800,TURF
7TA7,02/20,3500,TURF
7TA9,H1,18,CONC
7TE0,17/35,2100,TURF
7TE2,12/30,4100,ASPH
7TE3,17/35,2290,TURF-F
7TE4,17/35,3000,TURF
7TE5,01/19,2200,TURF
7TE6,17/35,3300,ASPH
7TE7,09/27,5000,CONC
7TE7,13/31,5150,CONC
7TE7,18/36,5000,CONC
7TE9,14/32,3400,TURF
7TN0,18/36,1900,TURF
7TN1,10/28,3400,TURF-F
7TN2,160I/340E,45,CONC-G
7TN3,15/33,2075,TURF-G
7TN4,08/26,3000,TURF
7TN5,17/35,1500,TURF-F
7TN6,H1,50,CONC
7TN7,H1,30,CONC-G
7TN8,H1,80,TURF
7TN9,H1,80,GRVL
7TS0,17/35,3300,TURF
7TS1,H1,375,TURF
7TS2,17/35,1950,GRVL
7TS4,17/35,2400,TURF
7TS5,H1,30,TURF
7TS6,H1,20,CONC
7TS8,17/35,3800,DIRT
7TX0,17/35,3380,ASPH-P
7TX1,H1,60,ROOF-TOP
7TX2,H1,20,CONC
7TX3,H1,20,CONC
7TX4,17/35,2000,ASPH
7TX5,06/24,4055,ASPH
7TX5,17/35,6080,ASPH
7TX6,H1,200,TURF
7TX7,N/S,2650,TURF
7TX8,01/19,3600,TURF
7TX9,N/S,2000,TURF
7U8,14/32,2690,TURF-DIRT-G
7VA0,H1,80,TURF
7VA1,H1,50,CONC
7VA2,H1,100,TURF
7VA3,H1,100,TURF
7VA4,H1,100,TURF
7VA8,H1,45,CONC
7VA9,4/22,2300,TURF
7VG0,04/22,2215,TURF-G
7VG0,15/33,2000,TURF-G
7VG4,13W/31W,4602,WAT
7W1,10/28,2080,ASPH-G
7W4,08/26,2558,ASPH-F
7W7,18/36,1770,TURF-G
7WA0,07/25,1400,TURF
7WA1,H1,140,ASPH
7WA2,H1,40,ASPH
7WA2,H2,40,ASPH
7WA3,16/34,1800,TURF
7WA4,14/32,2800,TURF-F
7WA5,09/27,2000,TURF
7WA7,05/23,2300,GRVL
7WA8,H1,42,CONC
7WA9,H1,98,ASPH
7WI0,NE/SW,2100,TURF
7WI1,03W/21W,3500,WATER
7WI2,18/36,2800,TURF
7WI3,H1,60,CONC
7WI4,10/28,2400,TURF
7WI5,13/31,3100,TURF
7WI6,06/24,1200,TURF
7WI8,03/21,2000,TURF
7WI9,18/36,2600,TURF
7XA2,16/34,2900,
7XA4,2/20,1500,Turf
7XA7,H1/H1,44,CON
7XS0,11/29,3070,ASPH
7XS3,16/34,2600,TURF
7XS6,17/35,2500,TURF
7XS7,15/33,3300,ASPH
7XS8,H1,50,CONC
7XS9,H1,30,CONC
7Y2,09/27,2900,ASPH-G
7Y2,17/35,2475,TURF-F
7Y3,15/33,3585,TURF-F
7Y9,11/29,2602,TURF-G
7Y9,3/21,2850,TURF
80AK,N/S,4000,WATER
80AL,8/26,2310,ASP
80C,16/34,2000,TURF-G
80CA,NW/SE,1800,TURF-GRVL
80CL,H1,150,GRAVEL
80CO,09/27,2100,GRVL
80FD,14/32,4600,ASPH
80FL,H1,60,ASPH
80G,10/28,3000,TURF-G
80GA,07/25,2000,TURF
80GE,H1,45,CON
80ID,H1,50,CON
80IN,17/35,2500,TURF
80KS,1/19,1720,TURF
80KY,16/34,1700,TURF
K80L,H1,50,ASPH
80MA,H1,20,CONC
80MI,H1,30,Concrete/Gravel
80MO,11/29,2800,TURF
80ND,08L/26R,2000,TURF
80ND,08R/26L,2000,TURF
80OH,N/S,2300,TURF
80OI,H1,60,ASPH
80OR,08/26,2500,GRVL
80PA,H1,60,TURF
80PN,13/31,2719,ASPH-TURF
80S,07/25,3460,TURF-F
80SD,18/36,2670,Turf
80TA,H1,50,CONC
80TE,H1,60,CONC
80TN,05/23,1700,TURF
80TS,13/31,2550,TURF
K80V,06/24,2680,TURF-DIRT-P
K80V,10/28,3170,TURF-DIRT-F
80VA,06/24,2000,TURF
80WI,N/S,2800,TURF
80XA,3/21,1350,Turf
80XS,06/24,3500,TURF-G
81AK,01/19,1650,TURF
81CL,H1,400,GRAVEL
81CO,08/26,2000,TURF-G
81D,16/34,2261,TURF-G
81D,17/35,2200,TURF-G
81FA,H1,35,CON
81GA,05/23,1650,TURF
81II,H1,60,CONC
81IL,E/W,2640,TURF
01L,04W/22W,13309,WATER
81KS,02/20,1720,TURF
81L,H1,100,TURF
81LL,NW/SE,1600,TURF
81LS,H1,70,CONC
81ME,15/33,1668,Asphalt/Turf
81MN,17/35,2300,TURF
81MO,H1,60,GRASS
81MU,H1,100,ASPH
81MU,H2,70,CONC
81NC,04/22,3300,TURF-GRVL-G
81ND,13/31,2400,TURF
81NE,N/S,2182,TURF
81NM,17/35,6000,ASPH
81OI,H1,250,TURF
81OK,17/35,2200,TURF-G
81OR,04/22,2000,TURF-DIRT
81PA,H1,150,TURF-G
81PN,H1,70,ASPH
81TA,H1,12,CONC
81TN,14/32,925,Turf
81VA,13/31,1600,TURF-F
81WA,H1,60,ASPH
81XA,16/34,4165,Turf
81XS,H1,80,CONC
82AR,18/36,2867,Turf
82AZ,9/27,4500,ASP
82CA,H1,20,ASPH
82CD,H1,100,CONC-G
82CD,H2/H2,100,CONC-G
82CD,H3/H3,100,CONC-G
82CL,16/34,1850,ASPH-TURF
82CO,H1,25,CONC
82CO,H2,25,CONC
82GA,02/20,3500,TURF
82IN,18/36,2165,TURF
82IS,13/31,3141,ASPH
82KY,12/30,1700,TURF
82LA,NE/SW,1200,TURF
82LS,18/36,2480,Turf
82MI,H1,36,Turf/Dirt
82MN,H1,40,CON
82MO,H1,60,ASPH-G
82MU,H1,200,TURF
82NC,13/31,1400,TURF
82NE,12/30,4548,Turf
82NH,H1,20,TURF
82NM,03/21,3000,DIRT
82NR,9/27,1000,Turf
82OI,15/33,3000,TURF
82OK,H1,40,ASPH
82OR,16/34,2265,TURF
82PA,12/30,1200,TURF
82TA,H1,50,CONC
82TS,17/35,2950,ASPH-G
82TS,18/36,3270,TURF-F
82TX,H1,50,CONC
82VA,10/28,2200,TURF
82WA,H1,40,CONC-G
82WI,12/30,1650,TURF
82WN,15/33,1900,Turf
82WY,12/30,1695,GRS
82XS,04/22,2600,TURF
83AK,16/34,1500,DIRT
83B,01/19,6000,WATER
83CA,H1,65,CONC
83CO,H1,60,ASPH
83FA,H1,30,CON
83FD,06/24,2700,TURF
83FL,12/30,3150,CONC
83GA,18/36,3450,TURF
83IA,H1,40,CONC
83IL,09/27,2200,TURF
83IL,18/36,1800,TURF
83IN,E/W,3300,TURF
83IN,N/S,2200,TURF
83IS,18/36,2800,TURF
83KY,H1,60,TURF
83L,H1,65,CONC
83LL,17/35,1600,TURF
83MN,03W/21W,5000,WATER
83MN,12W/30W,7500,WATER
83MO,H1,45,CONC
83MY,13W/31W,4000,WAT
83NC,H1,110,TURF
83NH,13W/31W,5129,WAT
83NR,9/27,2020,Turf
83NY,H1,50,ASPH
83OA,9/27,2310,Turf
83OH,18/36,2400,TURF
83OI,H1,50,CONC
83OK,07/25,1747,TURF
83OR,05/23,2200,TURF-GRVL
83PA,H1,60,CONC
83PN,H1,56,ASPH
83Q,13/31,12000,WATER
83TA,14/32,3900,TURF
83TE,15/33,4100,DIRT
83TN,4/22,2420,Turf
83TS,18/36,2500,TURF
83TX,03/21,4500,CON
83TX,13/31,4500,CON
83TX,17/35,4500,CON
83TX,17L/35R,7000,CON
83TX,17R/35L,7000,CONC
83V,13/31,3710,GRVL-DIRT-F
83WA,11/29,1400,TURF
83WI,18/36,2600,TURF
83XA,2/20,3102,Turf/Dirt
83XS,H1,25,CONC
84AL,04/22,1800,TURF-F
WI72,09/27,2540,TURF-P
84CA,H1,50,CONC
84CL,H1,100,CONC
84CO,H1,40,CONC
84CT,H1,66,CON
84FA,H1,20,ASP
84FA,H2,35,Wood
84FD,H1,25,CONC
84FL,H1,100,TURF
84GA,H1,48,CONC
84ID,H1,500,ASPH
84IN,H1,50,CONC
84IS,H1,100,CONC
84K,NW/SE,7000,WATER
84L,H1,20,ASPH
84LA,18/36,800,TURF
84ME,18/36,2100,Turf
84MN,17/35,2950,CONC-TURF
84MO,H1,86,ASPH-CONC
84NC,09/27,2155,TURF
84ND,17L/35R,1850,TURF
84ND,17R/35L,1550,TURF
84NK,H1,40,ASPH
84NM,E/W,5000,DIRT
84NY,07/25,2000,ASPH
84OI,H1,20,CONC
84OL,17/35,2570,ASPH-TURF-P
84OR,17/35,1500,TURF
84PA,H1,50,TURF
84PN,07/25,500,TURF
84SC,H1,55,CON
84TE,17/35,4500,ASPH
84TN,6/24,1576,Turf
84TS,H1,50,TURF
84TT,05/23,1468,Turf
84VA,H1,100,CONC
84WA,11/29,1800,TURF
84WI,H1,50,CONC
84XS,15/33,1820,TURF
84Y,14/32,2700,ASPH-G
85AK,09U/27U,3400,Water
85B,02/20,6000,WATER
85CA,H1,60,ASPH
85CO,H1,30,TURF
85FA,18/36,2200,TURF
85FD,H1,25,CONC
85FL,09/27,2100,TURF
85GA,04/22,1000,TURF
85IL,18/36,2640,TURF
85IN,09/27,2300,TURF
85KS,01/19,1250,TURF
85KY,14/32,3100,TURF
85LL,N/S,2300,TURF
85MA,H1,45,ASPH
85MI,11/29,2700,ASPH
85MN,N/S,2300,TURF
85N,NE/SW,2875,TURF-G
85NC,01/19,800,TURF
85NE,17/35,2400,TURF
85NM,H1,43,ASPH
85NV,H1,50,ASP
85NY,15/33,2700,TURF
85OI,H1,20,ASPH
85OR,15/33,2600,DIRT
85PN,12/30,1470,TURF-G
85SC,H1,50,CON
85TE,14/32,2600,TURF
85TX,S/N,3800,ASP
85U,07D/25A,1650,DIRT-F
K85V,18/36,4500,DIRT-P
85VA,10/28,2200,WATER
85WI,09/27,2640,TURF
86AK,18W/36W,1150,WATER
86AL,H1,30,CON
86CL,02/20,2988,DIRT-GRVL
86CN,H1,54,CONC
86CO,08/26,2600,TURF-DIRT
86FA,H1,40,CON
86FD,09/27,2600,TURF
86FL,H1,40,CONC
86GA,03/21,2000,TURF
86IL,9/27,3200,Turf
86IN,H1,50,CONC
86IS,09/27,2200,TURF
86LA,12/30,1850,TURF
86ME,2W/20W,2592,WAT
86MI,06/24,2460,TURF-P
86MO,H1,100,CONC
86NC,04/22,2900,TURF
86NE,17/35,2200,TURF
86NY,H1/H1,33,Grass
86OH,E/W,2500,TURF
86OI,H1,30,CONC
86OK,H1,60,TURF
86OR,H1,25,CONC
86PA,H1,20,TURF
86PA,H2,20,TURF
86PN,08/26,1535,TURF
86TE,07/25,2000,TURF
86TN,5/23,3100,Turf/Concrete
86TS,02/20,3450,TURF
86TX,17/35,1700,DIRT
86VA,H1,30,CONC
86WA,16/34,2500,ASPH
86XS,16/34,2600,TURF
87AK,07/25,1100,GRVL-F
87B,02/20,5000,WATER
87B,15/33,5000,WATER
87CL,H1,80,ASPH
87CN,H1,20,MATS
87CO,18/36,2400,DIRT
87FA,H1,40,CON
87FD,H1,85,CONC
87FL,H1,29,CONC
87GA,H1,400,ASPH
87IL,N/S,1800,TURF
87IN,18/36,1320,TURF
87KY,H1,23,CONC
87MA,H1,24,Raised Deck
87MN,16/34,2300,TURF
87MO,18/36,3000,TURF-GRVL-G
87N,H1,44,ASPH-E
87NC,06/24,2000,TURF
87NE,17/35,2000,CONC
87NJ,H1,44,CONC
87NR,17/35,1200,Turf
87NY,H1,85,Turf
87OI,01/19,2100,TURF
87OK,H1,30,CONC
87OR,12/30,1700,TURF
87PA,17/35,2600,TURF
87TA,17/35,2100,DIRT
87TE,13/31,2100,TURF
87TS,H1,62,CONC
87VA,15/33,1000,TURF
87WA,H1,60,ASPH
87WI,01/19,1200,TURF
87XS,09/27,3800,TURF-DIRT
88AK,07/25,1300,GRVL
88AZ,17/35,3800,ASP
88C,09/27,2801,TURF-G
88CA,H1,54,ROOFTOP
88CL,H1,80,ASPH
88CO,01/19,3800,TURF-DIRT
88D,11/29,2501,TURF-G
88FD,H1,54,CONC
88FL,H1,40,TURF
88G,09/27,2306,TURF-G
88GA,2/20,2000,Turf
88IS,E/W,2200,TURF
88KY,H1,60,CONC
88LA,07/25,1000,TURF
88LA,11/29,800,TURF
88LA,17/35,400,TURF
88LL,N/S,1600,TURF
88MD,4/22,2600,Turf
88ME,H1,30,Asphalt/Dirt
88MN,18/36,1600,TURF
88MO,15/33,2400,TURF
88MS,1/19,2073,Turf
88NC,18/36,2000,TURF
88ND,17/35,2000,TURF
88NE,16/34,1400,TURF
88NV,04/22,5280,DIRT
88NV,5L/23R,6022,Dirt
88NV,5R/23L,6015,Dirt
88NV,H1,50,Dirt
88NV,H2,50,Dirt
88NV,H3,50,Dirt
88NY,09/27,1800,TURF
88OH,E/W,2600,TURF
88OI,H1,50,NSTD
88OR,09/27,2000,TURF-G
88PA,14/32,1300,TURF
88PN,H1,42,CON
88PS,6/24,1450,Turf
88TA,01/19,4000,TURF
88TN,10/28,3000,ASPH
88TS,H1,600,ASPH
88TT,18/36,1250,Turf
88TX,H1,40,CONC
88VA,04/22,2200,TURF
88VT,03/21,2350,TURF
88WI,03/21,2200,TURF
88WI,18/36,2000,TURF
88WS,9/27,900,Turf
88XA,18/36,2100,Turf
89AK,16/34,2000,GRVL
89D,09/27,2202,ASPH-P
89D,18/36,2270,ASPH-F
89FA,H1,50,CON
89FD,H1,250,TURF
89FL,17/35,5000,WATER
89GE,09/27,2690,ASPH-P
89IN,06/24,3000,TURF
89IS,04/22,1200,TURF
89KS,H1,20,CONC
89KY,H1,40,CONC
89LA,H1,24,STEEL
89MI,H1,140,Turf
89MO,17/35,2560,TURF-DIRT
89NC,05/23,2642,TURF
89ND,17/35,1700,TURF
89NE,18/36,1800,Turf
89NJ,14/32,2200,TURF-SAND-F
89NR,10/28,2700,Turf
89NY,06/24,4280,ASPH-F
89OH,H1,40,CONC
89OI,18/36,1700,TURF
89OK,E/W,1970,TURF
89OR,02/20,1250,GRVL
89PA,H1,26,CONC
89TA,17/35,3200,TURF
KT89,07/25,6501,ASPH
89TN,H1/H1,48,CONC-G
89TN,H2/H2,48,CONC-G
89TN,H3/H3,48,CONC-G
89TN,H4/H4,48,CONC-G
89TN,H5/H5,48,CONC-G
89TS,18/36,5200,ASPH-CONC
89VA,11/29,1400,TURF
89WA,18/36,1400,TURF
89WI,14/32,1584,TURF
89XA,15/33,2100,Turf
89XS,H1,290,TURF
89Y,09/27,2300,TURF-P
8A4,H1,60,CONC-G
8A7,09/27,2943,ASPH-F
8AK1,06/24,1200,DIRT
8AK2,17/35,2600,GRVL-DIRT-F
8AK3,02/20,3000,GRVL
8AK6,16/34,2600,DIRT
8AK8,14/32,1500,GRAVEL
8AK9,10/28,2035,GRAVEL
8AL9,H1,50,CONC
8AN6,05/23,750,TURF
8AR1,13/31,1800,TURF
8AZ5,01/19,2500,DIRT
8B2,09/27,2660,ASPH-F
8C2,08/26,2130,TURF-G
K8C5,17/35,1850,TURF-F
8C6,17/35,2555,TURF-G
8CA0,02/20,2600,ASPH
8CA1,H1,100,TURF
8CA2,H1,40,CONC
8CA4,H1,65,ASPH
8CA6,H1,65,ASPH
8CA7,H1,58,MATS
8CA8,17/35,3488,ASPH
8CA9,H1,100,ASPH
8CD0,H1,43,CON
8CD4,6/24,2464,Turf
8CL0,10/28,2600,TURF
8CL1,03/21,1345,TRTD-DIRT-P
8CL2,11/29,3000,DIRT
8CL4,H1,40,ROOF-TOP
8CL5,H1,40,CONC
8CL6,N/S,1700,ASPH-DIRT
8CL7,H1,690,ASPH
8CO0,07/25,2550,DIRT
8CO1,H1,20,DIRT
8CO2,14/32,3800,DIRT
8CO3,H1,20,DIRT
8CO4,18/36,2600,DIRT
8CO5,04/22,2200,GRAVEL
8CO6,H1,50,ASPH
8CO7,07/25,3400,TURF
8CO8,12/30,2700,TURF
8CO9,16/34,4400,DIRT
8D4,07/25,4033,ASPH-G
8D6,14/32,3700,TURF-GRVL-F
8D8,12/30,2600,TURF-G
8D9,13/31,2656,TURF-G
8D9,18/36,1952,TURF-G
8DC8,H1,50,CON
8FA0,ALL/WAY,7000,WATER
8FA1,9/27,2000,Turf
8FA5,H1,50,CON
8FA7,H1,44,CON
8FA8,9/27,3520,ASP
8FA9,7W/25W,504,WAT
8FD1,18/36,2500,TURF
81FL,9/27,4145,Turf
8FD3,18/36,4000,TURF
8FD4,H1,69,ASPH-G
8FD5,18/36,3400,TURF
8FL0,09/27,2390,TURF
8FL0,18/36,2140,TURF
8FL1,04/22,2800,TURF
8FL2,N/S,2200,TURF
8FL3,18/36,3000,TURF
8FL4,H1,30,CONC
8FL6,18/36,2000,TURF
8FL7,H1,25,TURF-G
8FL8,H1,80,CONC
8G3,10/28,3150,TURF-G
K8G8,09/27,1821,TURF-G
8GA0,H1,20,CONC
8GA1,06/24,2350,TURF
8GA2,H1,40,CONC
8GA3,18/36,3100,ASPH-TURF
8GA6,18/36,2500,TURF
8GA7,17/35,3800,TURF
8GA8,17/35,2000,TURF
8GA9,02/20,2970,TURF
8GE8,H1,40,CONC
8GK,6/24,5000,CON
8I1,09/27,1670,TURF-P
8I3,18/36,2048,TURF-F
8IA0,H1,30,ASPH
8IA1,H1,60,CONC
8IA2,09/27,2450,TURF
8IA8,12/30,600,Turf
8ID8,18/36,2100,TURF-G
8II0,03/21,1800,TURF
8II1,09/27,1320,TURF
8II2,09/27,2500,TURF
8II5,18/36,1700,TURF
8II6,H1,100,TURF
8II7,H1,100,TURF
8II8,H1,100,TURF
8II9,H1,50,CONC
8IL0,N/S,1950,TURF
8IL1,09/27,1980,GRAVEL
8IL2,N/S,2000,TURF
8IL4,H1,40,CONC
8IL5,09/27,1800,TURF
8IL7,02W/20W,3500,WATER
8IL7,05W/23W,4000,WATER
8IL7,09W/27W,2500,WATER
8IL8,H1,40,ASPH
8IN1,H1,40,ASPH
8IN2,09/27,2347,TURF
8IN4,HI,50,ASPH
8IN5,H1,50,CONC
8IN6,H1,50,CONC
8IN7,09/27,2100,TURF
8IN8,H1,40,CONC
8IN9,18/36,2000,TURF
8IS0,H1,30,CONC
8IS1,09/27,3200,TURF
8IS2,09/27,2000,TURF
8IS3,H1,30,CONC
8IS4,H1,40,CONC
8IS5,18/36,2585,TURF
8IS6,H1,45,MATS-G
8IS8,H1,40,CONC
8IS9,H1,40,CONC
8K0,18/36,2560,TURF-F
K3JA,17/35,2765,TURF-F
8K8,11/29,1619,TURF-P
8K8,36/18,3200,CON
8K9,NE/SW,10000,WATER
8KA,06/24,1200,TURF-GRVL-P
8KS0,08/26,2800,TURF
8KS1,17/35,2000,TURF
8KS2,06/24,1000,TURF
8KS2,17/35,1800,TURF
8KS3,17/35,2540,TURF
8KS4,17/35,1200,TURF
8KS5,06/24,2000,TURF
8KS6,H1,80,CONC
8KS7,01/19,1800,TURF
8KS8,05/23,1400,
8KS8,18/36,2400,TURF
8KS9,18/36,2500,TURF
8KT8,15/33,1494,Turf
8KY1,H1,60,CON
8KY2,H1,40,CON
8KY5,H1,30,CON
8KY6,10/28,2000,TURF
8KY9,H1,50,CON
8LA0,H1,40,CONC
8LA0,H2,40,CONC
8LA0,H3,40,CONC
8LA0,H4,40,CONC
8LA0,H5,40,CONC
8LA0,H6,40,CONC
8LA0,H7,40,CONC
8LA1,18W/36W,10000,WATER
8LA1,H1/H1,80,CONC
8LA3,H1,40,TURF
8LA4,H1,60,CONC
8LA5,H1,40,WOOD
8LA7,H1,20,CONC
8LA8,H1,24,TURF
8LL1,09/27,1895,TURF
8LL4,H1,40,CONC
8LL5,H1,40,CONC
8LL6,H1,35,CONC
8LL7,18/36,1900,TURF
8LL8,H1,40,CONC
8M2,01/19,2330,ASPH-TURF-G
K8M6,13/31,2277,TURF-F
K8M6,18/36,2500,TURF-F
K8M7,18/36,2875,TURF-G
8MD0,02/20,1785,TURF
8MD1,H1,80,CONC
8MD2,H1,20,CONC
8MD3,H1,40,ASPH-G
8MD4,17/35,2300,TURF-G
8MD5,18/36,2000,TURF
8MD6,15/33,2200,GRVL-P
8MD7,11/29,2000,TURF-G
8MD8,13W/31W,6595,WAT
8ME2,H1,75,Turf
8MI3,05/23,2000,TURF-F
8MI4,N/S,2500,TURF
8MI6,H1,40,CONC
8MI7,01/19,2000,TURF-GRVL
8MI9,18/36,1500,TURF
8MN2,18/36,2505,ASP
8MN3,17/35,2576,ASPH
8MN6,9/27,1755,Turf
8MN7,HI,40,CONC
8MO0,H1,100,CONC
8MO1,16/34,1354,Turf/Gravel
8MO2,H1,35,CONC
8MO3,09/27,2200,TURF
8MO3,17/35,2500,TURF
8MO5,13/31,2000,TURF
8MO6,H1,30,CONC
8MO7,N/S,2600,TURF
8MO9,H1,135,ASPH
8MS1,18/36,2900,Turf
8MS2,9/27,3900,Turf
8MT4,5/23,2200,Turf
8MY9,13/31,1546,Turf
8N0,H1,60,CONC-G
K8N1,11/29,2720,TURF-G
K8N4,02/20,2405,TURF-F
8N7,08/26,1800,TURF-G
8N7,11/29,1850,TURF-G
8NA0,10/28,2100,TURF
8NA5,12/30,2800,TURF
8NA7,H1,40,CONC
8NA9,08/26,2000,TURF
8NA9,17/35,2500,TURF
8NC0,H1,40,CONC
8NC1,06/24,2400,TURF
8NC2,14/32,2500,TURF
8NC4,16/34,2000,TURF-F
8NC5,01/19,3600,TURF
8NC6,08/26,2200,TURF
8NC7,03/21,2200,TURF
8NC8,14/32,3200,TURF
8NC9,14/32,2400,TURF
8ND0,17/35,2550,TURF
8ND4,17/35,2500,TURF
8ND5,18/36,2500,TURF
8ND6,17/35,2600,TURF
8NE2,02/20,1720,TURF
8NE3,NW/SE,3300,GRAVEL
8NE4,12/30,1800,TURF
8NE5,11/29,3000,TURF
8NE6,16/34,2000,TURF-G
8NE9,17/35,3350,TURF
8NJ0,02/20,980,TURF
8NJ1,H1,62,CONC
8NJ2,H1,92,ASPH
8NJ3,H1,100,ASPH
8NJ4,H1,100,ASPH
8NJ6,H1,80,TURF
8NJ7,H1,20,TURF
8NJ8,H1,200,ASPH
8NK3,04/22,2400,TURF
8NK4,09/27,2800,TURF
8NK5,H1,60,ROOF-TOP
8NK6,15/33,1200,TURF
8NY1,H1,60,ASPH
8NY2,H1,110,ASPH
8NY3,04/22,1800,TURF-G
8NY5,10/28,1820,TURF
8NY8,15/33,900,Turf
8NY9,H1,50,CONC
8OA3,H1,40,CONC
8OA5,E/W,4000,DIRT
8OA5,N/S,3000,DIRT
8OA6,09/27,2600,TURF
8OA7,04/22,2260,TURF-G
8OA9,18/36,1250,TURF
8OH0,H1,45,CONC
8OH1,H1,65,ASPH
8OH2,H1,250,ASPH
8OH3,N/S,1800,TURF
8OH4,09/27,2611,TURF
8OH5,18/36,2640,TURF-G
8OH8,09/27,2600,TURF
8OH9,H1,120,CONC
8OI3,09/27,2700,TURF
8OI4,H1,72,ASPH
8OI5,01/19,1600,TURF
8OI8,H1,45,ASPH
8OI9,03/21,1375,TURF
8OK0,17/35,2200,TURF
8OK1,02/20,1700,TURF
8OK1,04/22,600,TURF
8OK2,17/35,2400,TURF
8OK3,H1,30,CONC
8OK5,H1,60,CONC
8OK8,H1,65,CONC
8OK9,H1,60,CONC
8OL1,17/35,2500,TURF-DIRT-P
8OR0,H1,50,TURF
8OR0,H2,100,CONC
8OR1,H1,60,ASPH
8OR2,14/32,3000,TURF
8OR3,09/27,1800,TURF
8OR4,H1,40,CON
8OR5,18/36,2400,ASPH
8OR6,16/34,1800,TURF-GRVL
8OR7,03/21,1600,TURF
8OR8,H1,60,GRAVEL
8OR9,H1,60,ASPH-TURF
8PA0,08/26,2000,TURF
8PA1,09/27,1800,TURF
8PA2,H1,60,TURF
8PA3,08/26,3500,TURF
8PA4,06/24,1800,TURF
8PA5,H1,34,CONC
8PA6,01U/19U,500,TURF-G
8PA7,H1/H1,100,Turf
8PA8,E/W,1800,TURF
8PA9,H1,30,CONC
8PN2,07/25,1600,TURF
8PN3,01/19,1900,TURF
8PN5,H1,50,CONC
8PN6,H1,80,ASPH
8PN7,H1,70,TURF
8PN8,H1,100,ASPH
8PN9,04/22,1500,TURF
8PS0,11/29,1750,TURF
8PS1,H1,65,ASPH
8PS2,04/22,1856,TURF
8PS3,H1,100,ASPH-CONC
8PS5,H1,80,CONC
8PS7,H1,64,CONC
8PS9,H1,30,ASPH
8S2,07/25,1800,ASPH-G
8S3,06/24,2800,GRVL-F
8S4,12/30,2850,ASPH-F
8TA0,11/29,4050,ASPH
8TA1,N/S,3100,GRVL-TURF
8TA2,H1,50,CONC
8TA3,03/21,4500,TURF
8TA3,11/29,3400,TURF
8TA5,17/35,1500,GRVL
8TA7,16/34,2600,TURF
8TA8,18/36,2600,TURF
8TA9,E/W,2000,ASPH-TURF
8TE2,06/24,2600,GRVL
8TE2,15/33,3300,GRVL
8TE4,07/25,3000,ASPH
8TE5,H1,25,CONC
8TE7,17/35,1700,GVL
8TE8,17/35,2550,ASPH
8TE9,H1,20,CONC
8TN0,H1,40,CONC
8TN1,18/36,1400,TURF
8TN2,10/28,3000,TURF
8TN3,05/23,1300,TURF
8TN4,15/33,2200,TURF
8TN5,10/28,1900,TURF
8TN6,18/36,2000,TURF
8TN7,07/25,2560,TURF
8TN8,16/34,1500,TURF
8TN9,06/24,1716,TURF
8TS0,17/35,3000,GRAVEL
8TS1,17/35,2200,TURF
8TS2,17/35,3180,GRVL-TRTD
8TS3,17/35,2500,TURF
8TS4,H1,30,CONC-G
8TS6,06/24,1835,TURF
8TS7,05/23,3000,TURF
8TS8,17/35,4400,GRAVEL
8TS9,13/31,5000,ASPH
8TX0,18/36,3370,TURF
8TX1,H1,50,CONC
8TX2,04/22,3000,GRVL
8TX4,H1,50,TURF
8TX8,15/33,3800,TURF
8TX9,H1,40,CONC-G
8U0,07/25,3440,TURF-F
8U1,10/28,2400,TURF-F
8U3,07/25,3330,TURF-F
8U4,14/32,3800,TURF-G
8U9,16/34,3200,TREATED-E
8V6,01/19,4200,DIRT-F
8VA0,H1/H1,100,ASP
8VA2,14/32,2300,TURF-G
8VA3,H1,100,ASPH
8VA4,09/27,2709,TURF
8VA5,H1,64,CONC
8VA6,03/21,1400,TURF
8VA7,H1,30,TURF
8VA8,H1,55,CONC
8VG4,10/28,1200,GRS
8VG4,16/34,1700,GRS
K8W3,03/21,2575,ASPH-G
8W9,16/34,2480,TURF-G
8W9,18/36,2750,TURF-G
8WA0,13/31,2200,TURF
8WA1,H1,75,GRVL
8WA2,H1,50,CONC
8WA3,H1,118,ASPH
8WA4,H1,50,CON
8WA5,01/19,3400,TURF
8WA6,07/25,2500,ASPH
8WA7,N/S,2000,TURF-GRVL
8WA8,H1,50,ASPH
8WA9,H1,30,MATS
8WI0,13/31,1800,TURF
8WI1,18/36,2000,TURF
8WI2,18L/36R,2400,GRVL-DIRT
8WI2,18R/36L,2400,ASPH-GRVL
8WI3,09/27,2600,ASPH-GRVL
8WI4,H1,35,CONC-G
8WI5,09/27,1300,TURF
8WI6,18/36,2800,TURF-F
8WI8,18/36,2200,TURF
8WI9,H1,50,CONC
8WN4,H1,40,GRVL
8WN8,18/36,1000,TURF
8WT0,H1/H1,40,CONC
8WV3,10/28,4620,Turf
8WV8,1/19,1015,Turf
8WY6,17/35,5000,GRS
8XA6,18/36,3500,Turf
8XS4,H1,50,CONC-TURF
8XS5,H1,20,CONC
8XS6,18/36,1450,TURF
8XS7,H1,75,TURF
8XS8,08/26,6500,ASPH-CONC-P
8XS8,17L/35R,6500,ASPH-CONC-F
8XS8,17R/35L,10500,ASPH-CONC-G
8XS9,17/35,2324,ASPH
8Y4,N/S,2500,WATER
8Y4,NE/SW,6500,WATER
K8Y5,10/28,2600,TURF-G
90AK,H1,62,WOOD
90AL,H1,40,CON
90CA,17/35,1800,TURF
90CL,09/27,2400,TURF
90FL,18/36,4700,TURF
90GA,H1,30,CONC
90IA,16/34,2400,ASPH-P
90ID,H1,80,CONC
90IL,18/36,2600,TURF
90IN,09/27,2000,TURF
90KS,18/36,2600,TURF
90LA,08/26,1000,TURF
90MD,H1,55,CON
90ME,05/23,1600,TURF
90ME,11W/29W,5000,WATER
90MO,H1,60,CONC-G
90MT,H1,25,TURF-G
90NC,H1,50,MATS
90NJ,H1,60,MATS
90NV,H1,20,CON
90NY,07/25,1425,TURF-G
90OH,H1,100,TURF
90OI,E/W,1200,TURF
90OR,H1,40,CONC
90PA,04/22,2900,TURF
90TA,H1,200,CONC
90TE,15/33,3657,TURF
90TN,H1,42,CON
90TT,12/30,4000,Turf/Dirt
90TX,15/33,4640,TURF
90VA,13/31,1400,TURF-G
90WA,14/32,2700,TURF
90WI,15/33,3000,TURF
90XA,18/36,1616,Turf
90XS,H1,35,CONC
91AK,03W/21W,5000,WATER
91AS,18/36,2393,Turf
K91C,18/36,2936,ASPH-G
91CA,H1,20,ASPH
91CO,H1,100,CONC
91FD,H1,160,TURF
91FL,08/26,3000,WATER
91GA,17/35,1800,TURF
91I,H1,86,CONC
91ID,H1,20,CONC
91IL,18/36,2530,Turf
91IN,18/36,1050,TURF
91IS,18/36,2450,TURF
91KS,01/19,2500,TURF-G
91KY,H1,20,CONC
91LA,05/23,2480,TURF
91LS,09U/27U,2000,TURF-G
91MD,H1,55,CON
91MD,H2,69,CON
91ME,17/35,1100,Turf
91MI,H1,60,CON
91MN,H1,90,CONC
91MO,H1,30,CONC-G
91N,08/26,3148,TURF-F
91NC,H1,50,CONC
91NJ,H1,50,ASPH
91NY,10/28,2100,TURF
91OH,09/27,1650,TURF
91OK,17/35,2300,TURF
91PA,H1,50,CON
91PN,H1,80,ASPH
91TA,18/36,2230,TURF-G
91TE,09/27,2600,TURF
91TN,14/32,2000,GVL
91TS,15/33,3200,CONC
91TX,15/33,4900,ASPH
91VA,05/23,1850,TURF
91WA,07/25,2500,DIRT
91WI,18/36,2600,TURF
91XA,11/29,3200,Dirt
91XA,16/34,2000,Turf
91XS,16/34,2484,Turf
92A,03/21,2600,TURF-G
92AK,H1,40,CONC
92B,07/25,15800,WATER-E
92B,15/33,25000,WATER
92C,03/21,1610,TURF-F
92C,12/30,2955,ASPH-P
92CA,14/32,3600,ASPH
92CL,16/34,2400,ASPH
92CN,H1,36,CON
92CO,03/21,4000,TURF
92FD,H1,25,CONC
92G,14/32,1820,TURF-G
92GA,H1,110,ASPH
92GE,13/31,2600,TURF
92IN,18/36,1720,TURF
92LA,H1,50,CONC
92MA,H1,450,TURF
92MI,07/25,2180,TURF
92MN,17/35,3100,TURF
92MO,H1,100,CONC
92MU,18/36,2000,Turf
92NC,H1,50,CONC
92NH,H1,400,TURF-GRVL
92NJ,E/W,2200,TURF
92NR,H1,40,CON
92NY,E/W,850,TURF
92NY,N/S,3600,TURF
92OH,H1,40,CON
92OI,H1,45,CONC
92OR,H1,220,DIRT
92PN,18/36,2650,Turf
92TA,15/33,1500,TURF
92TE,E/W,2650,DIRT
92TN,12/30,2447,Turf
92TS,H1,48,CONC
92VA,15/33,3100,TURF-G
92WA,H1,25,WOOD
92WI,01/19,2880,TURF-F
92XS,14/32,3000,ASPH
93AZ,08/26,3800,Asphalt
93B,07/25,2099,ASPH-G
93CA,H1,70,CONC-TURF
93CO,09/27,2600,DIRT-F
93FA,18/36,2005,Turf
93FD,18/36,3000,TURF
93FL,H1,50,CON
93GA,H1,50,ASPH
93IA,09/27,2600,TURF
93ID,H1,65,CON
93IN,18/36,1500,TURF
93IS,H1,40,ASPH
93KS,2/20,2600,Turf
93KY,17/35,1880,TURF
93LA,H1,40,CONC
93LL,09/27,1600,TURF
93MD,12/30,2200,TURF
93MN,18/36,2200,TURF
93MS,18/36,2100,CONC-TURF
93MT,13/31,1372,TURF
93NC,H1,50,CONC
93NH,H1,250,CONC
93NY,H1,150,Turf
93OG,H1,50,GRVL
93OI,H1,170,TURF
93OK,17/35,2200,TURF
93OR,H1,42,ASPH
93SC,H1,40,CON
93TA,H1,80,CONC
93TE,01/19,4050,DIRT
93TE,09/27,2200,DIRT
93TE,18/36,5200,DIRT
93TN,14/32,2000,GRS
93TX,H1,50,CONC
93VA,04/22,1400,TURF
93XA,18/36,2425,Turf
94AR,18/36,2640,ASP
94AZ,H1,48,CON
94C,09/27,1250,TURF-F
94CA,H1,65,ASPH
94CL,H1,54,MATS
94CL,H2,51,CONC
94CO,H1,20,WOOD
94D,NE/SW,5000,WATER
94FD,H1,30,CONC
94FL,09/27,3195,ASPH
94GA,18/36,3800,TURF
94IS,N/S,1700,TURF
94KS,17/35,2540,ASPH-TURF
94KY,15/33,1600,TURF
94LA,H1,30,CONC
94MD,10/28,2500,Turf
94MN,17/35,3000,TURF
94NC,07/25,2600,TURF
94NJ,H1,50,ASPH
94NY,N/S,1400,TURF
94OH,H1,40,ASPH
94OI,H1,20,CONC
94OK,H1,60,CONC
94OR,10/28,2350,TURF-G
94PA,H1,200,ASPH-TURF
94PN,H1,60,CONC
94TA,17/35,3024,TURF
94TE,H1,40,CONC-G
94TN,17/35,2983,Turf
94TS,H1,36,ASPH
94TT,7/25,3201,Turf/Dirt
94TX,17/35,3800,ASPH
94WA,14/32,1700,GRAVEL
94Z,03/21,1950,GRVL-F
95AL,H1,40,CON
95CA,17/35,2000,TURF
95CL,H1,79,CONC
95CO,15/33,3500,DIRT-F
95FA,1/19,1850,Turf
95FD,09/27,1850,TURF-F
95FL,H1,250,ASPH
95GA,04/22,2480,TURF-G
95IL,03/21,2750,TURF
95IN,08/26,2000,TURF
95IS,12/30,1760,TURF
95KS,1/19,2400,Turf
95KY,05U/23U,1880,TURF
95LA,H1,20,CONC
95MI,12/30,4000,TURF
95MS,H1,44,CON
95NH,H1,50,Turf
95NJ,H1,75,TURF
95NY,N/S,1500,TURF
95OH,18/36,3050,TURF
95OI,H1,20,CONC
95OK,17/35,2500,TURF
95OR,01/19,2500,TURF
95PN,H1,60,ASPH
95SC,13/31,2395,Turf
95TA,04/22,2700,TURF-G
95TE,H1,50,TURF
95TS,11/29,2200,TURF-G
95TX,SE/NW,4000,ASP
95VA,17/35,1200,TURF
95WA,18/36,2100,ASPH
95WI,18/36,1295,TURF
K95Z,15/33,4100,GRVL-TRTD-F
96AK,18/36,2000,WATER
96AL,18/36,1400,Turf
96C,01/19,2500,ASPH-G
96CA,H1,35,CONC
96CL,H1,100,ASPH
96CO,08/26,1200,TURF
96CO,17/35,2400,TURF
96FA,8/26,4200,Turf
K9FD,17/35,2571,Turf
96FL,18/36,3300,TURF
96G,09/27,2600,TURF-G
96GA,18/36,3000,TURF
96ID,01/19,2550,TURF
96IL,18/36,2400,TURF
96IS,N/S,2640,TURF
96KS,18/36,2500,Turf
96KY,09/27,1800,TURF
96LA,H1,50,CONC
MY63,09W/27W,5280,WATER
96MO,H1,100,TURF
96MT,12/30,1064,Turf
96MT,6/24,1443,Turf
96MT,7/25,1357,Turf
96MU,18/36,2200,TURF-F
96NC,H1,100,ASP
96NJ,H1,40,TURF
96NM,H1,30,CON
96NY,H1,30,CONC
96OI,H1,60,CONC
96OK,17/35,4000,TURF
96OR,12/30,4800,ASPH
96PN,H1,60,ASPH-G
96TA,H1,20,CONC
96TS,09/27,2175,TURF
96TX,N/S,3000,TURF
96VE,14/32,1600,TURF
96WA,16/34,1100,TURF-F
96WI,07/25,1300,TURF
96WI,N/S,10000,WATER
96WY,04/22,1500,TURF-DIRT
96WY,12/30,800,TURF
96XA,13/31,6800,Dirt
96XS,H1,35,CONC
96Z,NW/SE,10000,WATER
97AK,08/26,1800,GRVL
97AL,H1/H1,40,CON
97CL,02/20,1900,GRAVEL
97CO,09/27,2500,DIRT
97F,17/35,2600,ASPH-P
97FA,12W/30W,4000,WAT
97FL,N/S,3700,TURF
K97G,09/27,1528,TURF-G
97GA,10/28,2300,TURF
97GE,H1,100,Turf
97IA,18/36,2000,TURF
97IL,H1,50,ROOF-TOP
97IN,H1,40,CONC
97IS,H1,50,CONC
97KY,H1,80,ASPH
97MN,H1,90,ASPH
97MO,18/36,2650,TURF
97MT,02/20,3400,ASPH
97NC,H1,50,TURF
97ND,17/35,2640,TURF
97OG,17/35,3000,ASPH
97OI,H1,37,ASPH
97OR,14/32,2500,GRVL-DIRT
97TA,H1,300,TURF
97TE,H1,20,CONC
97TE,H2,20,TURF
97TE,H3,20,CONC
97TN,04/22,2800,TURF
97TS,15/33,2500,TURF
97TX,15/33,3600,GRVL
97VA,05/23,1600,TURF
97WA,04/22,2200,ASPH-TURF
97WA,H1/H1,50,ASPH
97WI,09/27,1740,TURF
97WY,H1,20,TURF
97XA,H1,74,CON
97XS,09/27,1100,TURF
97XS,18/36,3150,TURF
97Y,11/29,2517,TURF-G
98AK,09/27,2000,GRVL
98AL,H1/H1,20,CON
98CA,H1,65,ASPH
98CO,H1,40,CONC
98FA,H1,40,Turf
98FD,13/31,1800,WATER
98FL,18/36,2000,WATER
98G,06/24,2150,TURF-G
98G,18/36,2178,ASPH-P
98GA,13/31,3000,TURF
98IA,H1,40,CONC-G
98ID,H1,30,CONC
98IL,H1,40,CONC
98KS,N/S,2440,TURF
K98L,H1,125,ASPH
98LA,H1,20,ASPH
98LL,09/27,2250,TURF
98ME,06/24,2200,TURF
98MI,H1,30,CONC
98MN,18/36,1400,TURF
98MO,18/36,2828,TURF-DIRT
98MT,18/36,2500,TURF
98NC,H1,40,CONC
98ND,17/35,2000,TURF
98NH,H1,50,ASPH
98NJ,H1,36,ASPH
98NM,08/26,5200,TURF
98NY,E/W,1400,TURF
98NY,N/S,1750,TURF
98OH,18/36,2400,TURF
98OI,H1,100,CONC
98OK,17/35,2008,TURF-G
98OR,17/35,1300,TURF
98PN,H1,60,ASPH
98SC,2/20,2700,Turf
98TA,H1,40,CONC
98TE,12/30,1040,TURF
98TN,14/32,3000,ASPH
98TS,2/20,3000,Turf
98TX,H1,30,TURF
98WA,H1,60,CONC
98WI,H1,70,TURF
98WT,H1/-,40,CON
98WY,H1,20,TURF
98XA,10/28,2070,Turf
98XS,H1,25,ASPH
99A,17/35,3800,TURF-G
99AA,H1,15,Wood
99AK,03/21,1200,GRVL-DIRT
99AR,H1,36,Concrete/Turf
0AZ1,8/26,5100,DIRT
99C,ALL/WAY,15000,WATER
99CA,H1/H1,50,CONC
99CL,04/22,3700,ASPH
99CL,07/25,3200,ASPH-P
99CL,16/34,3700,ASPH-P
99CN,H1,86,CONC
99CO,7/25,1500,TURF
99FD,H1,30,TURF-G
99GA,H1,220,TURF
99HI,H1,16,CONC
99IA,18/36,1700,TURF
99ID,H1,42,ASPH-DIRT
99IL,18/36,1600,TURF
99KS,15/33,2750,TURF
99LA,15/33,2000,TURF-G
99ME,H1/H1,80,GRS
99MI,12/30,2600,Turf
99MI,2/20,2600,Turf
99MN,H1,91,CONC
99MO,H1,40,ASPH
99MT,18/36,1600,TURF
99NA,H1,50,CONC-G
99NC,H1,50,CONC
99NJ,H1,75,TURF
99OH,H1,40,CONC
99OI,H1,60,ASPH
99OK,H1,40,TURF
99OR,11/29,1885,TURF
99PN,H1,46,CON
99SC,14/32,2640,TURF
99TA,H1,20,CONC
99TE,18/36,2300,TURF
99TN,H1,50,CONC
99TS,H1,20,CONC
99TT,14/32,2682,GVL
99TX,13/31,3450,DIRT
99UT,08/26,2400,DIRT
99WA,H1,50,CONC
99WI,9/27,2000,Turf
99WY,18/36,2700,TURF-DIRT
99Y,13/31,2800,TURF-F
99Z,ALL/WAY,5500,WATER
PACH,9/27,3401,GRVL-E
9A8,06/24,3100,GRVL-F
9A9,10/28,3340,TURF-G
9AA1,10/28,1250,GVL
9AA9,18/36,1100,Dirt
9AK,07/25,780,GRVL-P
9AK0,07/25,1513,GRAVEL
9AK1,01W/19W,3000,WATER
9AK1,02/20,1700,GRVL
9AK2,09/27,2600,GRVL
9AK3,06/24,4100,GRAVEL
9AK4,15/33,2800,GRAVEL
9AK5,16/34,1800,GRAVEL
9AK6,07/25,1800,TURF
9AK7,04/22,1200,GRVL
9AK8,18/36,2000,GRVL
9AR9,10/28,3000,ASPH
9B7,3W/21W,6996,WAT
9B8,17/35,2000,TURF-G
9C0,NE/SW,9000,WATER
9CA0,05/23,2940,GRVL-DIRT
9CA1,H1,20,ASPH
9CA2,H1,50,CONC
9CA3,H1,40,CONC
9CA4,H1,40,ASPH
9CA5,H1,185,CONC
9CA7,07/25,3018,ASPH
9CA8,H1,50,CONC
9CA8,H2,50,ASPH
9CA9,H1,75,CONC
9CL0,13/31,2075,ASPH-P
9CL2,07/25,3000,ASPH
9CL3,06/24,1960,GRAVEL
9CL4,E/W,3000,DIRT
9CL4,N/S,3000,DIRT
9CL6,H1/-,48,CONC
9CL6,H2/-,48,Concrete
9CL6,H3/-,40,CONC
9CL7,16/34,2300,TURF
9CL8,H1,28,ASPH
9CL9,07/25,2500,DIRT
9CO0,H1,50,CONC
9CO1,H1,60,CONC
9CO2,E/W,2500,TURF-DIRT
9CO3,18/36,2600,TURF-DIRT-G
9CO4,H1,100,ASPH
9CO5,17/35,5280,GRAVEL
9CO6,15/33,3000,DIRT-G
9CO7,17/35,2600,GRVL-F
9CO8,10/28,1400,TURF
9CO9,01/19,2000,TURF-DIRT
9DC9,H1,50,Asphalt/Concrete
9F1,06/24,3028,TURF-F
9F1,14/32,2788,TURF-F
9F5,H1,48,TURF
9FA3,H1,54,CON
9FA5,18/36,1750,Turf
9FA8,H1,75,ASPH
9FD0,09/27,5000,WATER
9FD0,18/36,5000,WATER
9FD1,H1,40,CONC
9FD2,17/35,2300,TURF
9FD3,H1,70,CONC
9FD4,H1,42,Concrete/TurfH1
9FD5,09/27,2500,TURF
9FD6,H1,30,CONC
9FD7,09/27,3000,ASPH
9FD8,H1,50,CONC
9FD9,01/19,2560,TURF
9FL0,02/20,2750,TURF
9FL1,09/27,3415,TURF
9FL2,18/36,3150,TURF
9FL3,12W/30W,4600,WATER
9FL4,H1,60,CONC
9FL5,18/36,3000,TURF
9FL6,H1,90,ASPH
9FL7,18/36,2060,GRAVEL
9FL8,09/27,3000,TURF
9FL9,H1,30,CONC-G
9G0,06/24,2666,ASPH-G
9G1,17/35,3550,ASPH-G
9G5,07/25,2530,ASPH-F
9G6,10/28,2659,ASPH-E
9G9,08/26,1620,TURF-F
9G9,17/35,1150,TURF-F
9GA0,09/27,2300,TURF-DIRT
9GA1,16/34,2600,TURF-G
9GA3,E/W,2600,TURF
9GA5,09/27,1600,TURF
9GA6,06/24,2000,TURF
9GA7,H1,40,CONC
9GA8,12/30,1500,TURF
9GA9,16/34,2900,TURF-G
9GE6,H1,15,CONC
9GE7,15/33,2100,TURF-G
9GE8,H1,30,CONC
K9I0,09/27,2235,TURF-G
9I3,07/25,2400,ASPH-G
9ID0,16/34,1358,Turf
9ID6,14/32,2500,
9II2,E/W,1630,TURF
9II3,09/27,3000,TURF
9II4,09/27,3300,TURF
9II5,H1,48,CONC
9II7,H1,30,CONC
9II8,07/25,2300,TURF-G
9IL0,18/36,1900,TURF
9IL1,H1,25,CONC-G
9IL2,18/36,2664,TURF
9IL4,18/36,1385,TURF
9IL5,H1,140,CONC
9IL6,18/36,2300,TURF
9IL7,01/19,2250,TURF
9IL8,H1,40,CONC
9IL9,H1,50,CON
9IN1,H1,50,CONC
9IN4,18/36,2000,TURF
9IN5,H1,40,CONC
9IN6,02/20,1200,TURF
9IN7,09/27,2000,TURF
9IN8,09/27,2300,TURF
9IN8,18/36,2100,TURF
9IN9,18/36,2400,TURF
9IS0,09/27,3408,ASPH
9IS2,18/36,3177,ASPH-TURF-F
9IS3,H1,48,CONC
9IS5,18/36,680,TURF
9IS7,H1,60,TURF
9IS8,H1,60,ASPH
9IS9,08/26,2100,TURF
K9K0,17/35,2300,TURF-G
9K5,04/22,2455,TURF-F
9K6,18/36,1800,TURF-G
9KS0,H1,200,TURF-DIRT
9KS1,18/36,2600,TURF
9KS2,H1,55,CONC
9KS3,H1,100,TURF
9KS4,16/34,2600,TURF
9KS6,16/34,2600,TURF
9KY1,H1,40,CON
9KY2,H1,40,CON
9KY3,H1,40,ASP
9KY4,16/34,650,GRS
9KY5,H1,40,CON
9KY9,13/31,3239,ASPH-G
9LA4,H1,40,WOOD
9LA4,H2,40,PSP
9LA4,H3,40,CONC
9LA5,H1,36,CONC
9LA6,15/33,2500,TURF
9LA8,H1,200,ASPH-CONC
9LA9,09/27,2400,TURF
9LL0,N/S,1500,TURF
9LL2,E/W,1780,TURF
9LL5,18/36,2200,TURF
9LL7,H1,300,TURF
9LL8,H1,100,CONC-TURF
9LS1,17/35,2500,CONC-TURF
9LS5,08/26,2500,TURF-F
9LS9,10/28,2360,TURF
9MA8,H1,40,ASPH
9MD9,10/28,1650,TURF
9ME9,H1,40,GRS
9MI0,H1,80,CONC
9MI1,H1,22,CONC
9MI2,17/35,2550,TURF
9MI3,H1,30,ASPH
9MI5,E/W,1320,TURF
9MI7,H1,20,CONC
9MI8,H1,30,CONC
9MI9,H1,150,CONC
9MN0,03W/21W,2500,WATER
9MN1,09/27,2100,TURF
9MN2,10/28,6000,WATER
9MN2,16/34,12000,WATER
9MN3,17/35,2780,TURF-G
9MN4,H1,45,ASPH
9MN5,N/S,2000,TURF
9MN6,09/27,1999,TURF
9MN7,H1,45,ASPH
9MO0,H1,50,ASPH
9MO1,H1,74,CONC
9MO2,H1,30,CONC
9MO3,01/19,1800,TURF
9MO4,N/S,1960,ASPH
9MO5,18/36,2300,TURF
9MO6,NE/SW,1800,TURF
9MO8,H1,50,CONC
9MO9,08/26,2800,GRAVEL
9MS9,18/36,2000,Turf
9MT0,07/25,3550,ASP
9MT9,13/31,2500,TURF
9MY7,6/24,2388,Turf
9N1,05G/23G,1340,TURF-G
9N1,07/25,3058,TURF-G
9N2,11/29,9100,WATER-E
9N3,04/22,2500,ASPH-G
9N7,10/28,3410,TURF-G
9NA2,H1,30,CONC
9NA4,17/35,2600,TURF-P
W17,01/19,3000,ASPH-P
W17,1/19,3000,ASP
9NC1,H1,40,CONC
9NC2,04/22,2850,TURF
9NC3,06/24,2650,TURF
9NC5,H1,40,CONC
9NC7,12/30,2300,TURF
9NC8,01/19,3800,TURF-P
9NC9,09/27,1500,TURF
9ND1,17/35,2640,TURF
9ND8,07/25,2100,TURF
9NE1,11/29,2600,TURF
9NE2,17/35,2340,TURF
9NE3,02/20,2900,ASPH-P
9NE4,17/35,2600,TURF
9NE8,12/30,2000,TURF
9NJ1,H1,20,CONC
9NJ2,H1,20,CONC
9NJ3,H1,44,CONC
9NJ4,H1,50,ALUM
9NJ6,18/36,2400,TURF
9NJ8,13/31,1850,TURF
9NK2,H1,36,ASP
9NR0,17/35,1416,Turf
9NR4,3/21,1500,Turf
9NR7,09/27,2200,TURF
9NR8,06/24,2780,TURF
9NR9,H1,104,CONC
9NY1,H1,40,CONC
9NY2,H1,60,ASPH
9NY3,H1,100,CONC
9NY3,H2,70,CONC
9NY4,12/30,2500,TURF
9NY6,16/34,1600,TURF-GRVL
9NY7,12/30,1800,TURF
9NY8,H1,100,ASPH
9NY9,H1,50,ASPH
9OA2,H1,75,TURF
9OA3,09/27,2000,PSP
9OA4,18/36,2200,TURF
9OA5,01/19,2764,ASPH-G
9OA6,H1,75,TURF-G
9OA8,E/W,1700,TURF
9OA9,09/27,2000,TURF
9OG1,H1/H1,50,CON
9OH1,09/27,2500,TURF
9OH2,E/W,2300,TURF
9OH3,H1,25,CONC
9OH7,18/36,2200,TURF
9OH8,N/S,2300,TURF
9OI1,H1,100,TURF
9OI2,H1,50,OON
9OI3,09/27,2900,TURF
9OI4,H1,25,CONC
9OI5,16/34,3500,CONC
9OI8,17/35,1500,TURF
9OI9,H1,90,ASPH
9OK0,H1,100,ASPH
9OK1,H1,50,CONC
9OK1,H2,80,CONC
9OK1,H3,80,CONC
9OK1,H4,80,CONC
9OK2,H1,20,CONC
9OK3,04/22,2200,TURF
9OK5,16/34,2500,TURF
9OK6,H1,30,CONC
9OK7,17/35,1500,DIRT
9OR0,16/34,1800,TURF
9OR1,11/29,3100,TURF
9OR2,H1,50,CONC
9OR3,H1,30,CONC
9OR4,12/30,1500,TURF
9OR5,H1,100,ROOF-TOP
9OR5,H2,45,Asphalt
9OR6,H1,50,ASPH-CONC
9OR7,H1,40,CONC
9OR8,16/34,1820,TURF
9PA0,NE/SW,2000,TURF
9PA2,E/W,1800,TURF
9PA5,08/26,600,TURF
9PA6,H1,100,TURF
9PA7,09/27,1825,ASPH
9PA8,H1,40,ASPH
9PA9,H1,20,ASPH-CONC
9PN1,16/34,1500,TURF
9PN2,H1,52,MATS
9PN5,H1,140,GRAVEL
9PN6,H1,400,TURF
9PN7,06/24,2400,TURF
9PN8,N/S,2000,TURF
9PN9,H1,30,CONC
9PR1,H1,20,CON
9PS0,H1,60,TURF
9PS1,H1,88,CONC
9PS2,18/36,2100,TURF
9PS3,H1,65,ASPH
9PS4,H1,150,TURF
9PS5,H1,42,MATS
9PS6,H1,20,ASPH-G
9PS7,H1,85,TURF-G
9PS8,06/24,2000,TURF-G
9PS9,H1,40,CONC
K9R5,14L/32R,2350,ASPH-P
K9R5,14R/32L,1400,TURF-GRVL-P
9R7,H1,500,CONC
9S3,15/33,2150,TURF-G
K9S7,8/26,4400,ASP
9SD7,13/31,1500,TURF
9SD7,17/35,3000,TURF
9SD8,12/30,2600,TURF
9SD9,17/35,3500,ASPH
9TA1,E/W,2500,TURF
9TA3,07/25,3000,TURF
9TA4,H1,60,CONC
9TA5,H1,85,CONC
9TA6,H1,45,ASPH
9TA7,H1,35,CONC
9TA7,H2,35,CONC
9TA8,15/33,2000,TURF
9TA9,H1,41,CONC
9TE0,17/35,2600,TURF
9TE2,14/32,5301,Asphalt
9TE4,08W/26W,10000,WATER
9TE4,09/27,2300,TURF-GRVL-G
9TE4,17/35,1800,TURF-GRVL-G
9TE4,17W/35W,1900,WATER
9TE5,11/29,2200,TURF
9TE5,17/35,1650,CONC
9TE6,18/36,2984,ASPH-G
9TE7,18/36,2600,TURF
9TN0,H1,50,CONC
9TN1,06/24,2000,TURF
9TN2,01/19,1900,TURF
9TN4,09/27,2250,TURF
9TN5,16/34,1650,TURF
9TN6,H1,30,ASPH
9TN7,09/27,1200,TURF
9TN8,H1,40,MATS
9TN9,06/24,1500,TURF
9TS0,H1,100,TURF
9TS1,H1,60,CONC
9TS1,H2,60,CONC
9TS2,H1,20,CONC
9TS4,H1,329,TURF
9TS6,17/35,1800,TURF
9TS7,H1,35,CONC
9TS8,H1,70,CONC
9TS9,H1,60,ASPH
9TX0,H1,40,CONC
9TX1,13/31,2900,TURF
9TX3,17/35,2560,ASPH-DIRT
9TX4,17/35,2500,TURF
9TX5,10/28,4695,DIRT
9TX6,18/36,5000,TURF
9TX7,18/36,1200,TURF
9TX9,06/24,3500,TURF
9U1,01/19,3100,TURF-G
9V2,01/19,2260,TURF-P
9V2,14/32,2360,TURF-F
9V3,12/30,2800,TURF-P
9VA0,E/W,3700,TURF
9VA1,E/W,2200,TURF
9VA2,H1,35,ASPH
9VA4,03/21,1550,TURF
9VA5,H1,600,CONC
9VA8,H1,35,TURF
9VA9,H1,30,CONC
9VG,03/21,3000,TURF-G
9VG,14/32,1455,TURF-G
9VG9,16/34,1500,TURF
9W3,01/19,1500,TURF-F
K9W8,10/28,2493,TURF-G
9W9,05/23,2598,TURF-G
9WA0,H1,60,ASPH
9WA1,H1,40,CONC-G
9WA2,H1,36,MATS
9WA4,07/25,2100,GRVL-G
9WA5,H1,40,CONC-G
9WA6,H1,52,CONC
9WA7,16/34,2000,TURF
9WA8,H1,150,CONC
9WA9,H1,100,ASPH
9WI1,09/27,1500,TURF
9WI2,N/S,1500,TURF
9WI3,N/S,1336,TURF
9WI4,N/S,2000,TURF
9WI5,15/33,1700,TURF
9WI6,08/26,1800,TURF
9WI7,H1,40,CON
9WI8,E/W,2000,TURF
9WI9,09/27,2500,TURF
9WN1,18/36,3403,ASPH-P
9WN2,04/22,3500,ASPH
9WN3,09/27,1900,TURF-P
9WN3,18/36,1700,TURF-F
9WN5,09/27,1875,TURF-G
9WN9,18/36,2600,GRAVEL
9WS2,18/36,2200,TURF
9WY0,H1,45,CONC
9XS1,06/24,3044,TURF
9XS2,17/35,1150,TURF
9XS4,18/36,1800,TURF-G
9XS6,04/22,2900,ASPH-F
9XS7,04/22,1800,TURF
9XS8,H1,40,ALUMINUM
9XS9,15/33,1334,TURF
9Y0,07/25,2565,TURF-G
9Y2,13/31,2618,TURF-G
9Y5,03/21,6500,WATER
9Y5,07/25,6500,WATER
9Y5,14/32,4500,WATER
9Y7,09/27,2010,TURF-G
9Z3,NE/SW,2100,WATER-E
9Z8,01/19,3284,GRVL-F
9Z9,15/33,2355,GRVL-P
KA05,18/36,4500,TURF-F
A13,14/32,1000,GRAVEL-P
A23,NW/SE,10000,WATER
KA26,09/27,2850,ASPH-P
A27,E/W,2000,WATER
KA28,16/34,3660,GRVL-G
A29,NW/SE,4000,WATER
A43,NE/SW,3000,WATER
KA51,18/36,4230,TURF-G
A57,06/24,1860,TURF-F
A61,02/20,3005,GRAVEL-G
A63,18/36,3000,GRAVEL-G
A67,05/23,2000,TURF-P
A68,13/31,2150,TURF-P
A69,12/30,1800,TURF-F
A77,13/31,1560,GRVL-DIRT-P
A79,08/26,2800,GRVL-F
AA00,02/20,650,TURF
AA01,11W/29W,3800,WATER
AA02,01W/19W,5500,WATER
AA03,H1,80,GRVL
AA04,H1,50,ASPH
AA25,06/24,1104,GRVL
AA06,06/24,1600,GRVL
AA07,H1,50,TURF
AA09,6/24,2100,GVL
AA11,07W/25W,1950,WATER
AA12,15W/33W,2500,Water
AA13,H1,40,CON
AA16,16/34,2700,GVL
AA16,2/20,1370,GVL
AA17,H1,40,Asphalt/Concrete
AA22,15/33,2350,TURF
PPNU,H1,65,ASPH
AA30,05/23,1285,GRVL-G
AA33,18/36,1700,TURF
AA44,H1,55,ROOF-TOP
AA50,04/22,5000,ICE
AA76,15/33,2450,TURF
AA85,06W/24W,2500,WATER
AE-0264,H,82,CON
OAAK,07/25,2480,GRV
OAPJ,03/21,1200,GVL
OATW,18/36,1950,GVL
OAYL,02/20,4200,GVL
TAPB,10/28,6100,ASP
AGAF,06/24,1501,Coral grass
AGAR,11/29,2822,Coral
AGAT,13/31,2769,Crushed coral
AGBT,17/35,2028,grass coral
AGEV,15/33,2297,Gravel dirt
AGGA,18/36,3100,UNK
AGGB,11/29,2187,Coral sand
AGGC,13/31,2164,Sand grass
AGGE,05/23,5413,UNK
AGGF,18/36,1854,Grass
AGGH,06/24,7218,ASP
AGGI,17/35,1953,Grass
AGGJ,14/32,2461,Grass
AGGK,10/28,4377,UNK
AGGL,05/23,2999,Coral
AGGM,07/25,4593,ASP
AGGN,14/32,2871,UNK
AGGO,04/22,3281,UNK
AGGP,12/30,2156,Coral
AGGR,12/30,2206,Coral
AGGS,10/28,3002,UNK
AGGT,11/29,2655,Coral
AGGU,05/23,2001,Coral
AGGV,04/22,2789,Sand grass
AGKG,14/32,2428,Sand/grass
AGKU,13/31,1821,Graded earth
AGKW,08/26,1896,Limestone/Grass
AGLM,10/28,3477,GVL
AGNA,12/30,2657,Soil and Grass
AGOK,07/25,1936,GVL
AGRC,01/19,2461,Coral grass
AGRM,14/32,2500,
AK0,10/28,1000,GRAVEL-P
AK00,16/34,2500,GRVL
AK01,06/24,1750,GRVL
AK02,10/28,1400,GRAVEL
3AK1,3/21,660,GVL
AK05,17/35,800,GRVL
AK06,12/30,4000,GRAVEL
AK07,04/22,1900,GRVL
AK07,14/32,1800,GRVL
AK08,15/33,1650,GRVL
AK09,15/33,2380,TURF
AK1,07/25,1806,GRAVEL-P
AK10,15/33,1875,GRVL
AK11,04/22,1540,GRAVEL-P
AK12,15/33,2000,TURF-P
AK13,08/26,3000,GRVL
AK14,09/27,2000,GRVL
AK16,E/W,1600,GRVL
AK17,01/19,1555,TURF
AK18,12/30,1100,GRVL
AK19,16/34,1975,TURF
AK20,04/22,3500,GRVL
AK21,16/34,1000,TURF
AK22,06/24,4000,GRVL
AK22,06W/24W,3400,WATER
AK24,03/21,1400,TURF
AK25,06/24,1200,TURF
AK26,01/19,1150,DIRT-GRVL-P
AK27,06/24,1800,GRVL
AK28,18/36,4700,GRVL-G
AK28,18W/36W,4000,WATER
AK29,E/W,1600,DIRT
AK30,09/27,1600,TURF
AK31,16/34,2000,TURF
PFNU,H1,50,GRVL
AK33,07/25,970,GRVL-TURF-P
AK33,12/30,1090,GRVL-TURF-F
AK34,NW/SE,4000,WATER
AK35,H1,300,GRVL
AK36,01/19,3000,GRVL
AK37,H1,30,TURF
AK38,H1,130,ASPH-G
AK39,02/20,2500,GRVL
AK40,16/34,4200,GRVL-G
AK41,07/25,1800,TURF
AK43,08W/26W,4000,WATER
AK44,16/34,1600,GRAVEL
AK46,07/25,1000,GRVL
AK47,05/23,1100,TURF
AK49,16/34,2200,GRAVEL
AK5,09W/27W,3500,WATER-E
AK50,06/24,2000,ASPH
PAKX,06R/24L,3849,GRVL
AK52,09/27,1320,TURF
74AK,16/34,3000,TURF-F
AK54,15/33,900,GRVL
AK55,08/26,2000,DIRT
AK56,NE/SW,2000,WATER
AK57,15W/33W,5000,WATER
AK59,06/24,1800,TURF
AK60,06/24,4700,GRAVEL
AK61,18/36,3000,TURF
AK62,N/S,10000,WATER
AK62,NE/SW,10000,WATER
AK63,NE/SW,1800,TURF
PATM,14/32,1950,GRVL-DIRT-P
AK65,05/23,1500,TURF
AK66,09/27,1200,GRVL
AK67,18/36,1400,DIRT
AK68,15/33,1200,GRVL
AK69,15/33,1800,GRVL
AK72,14/32,1950,TURF
AK73,18/36,1500,GRVL
AK74,H1,62,ASPH-CONC
AK75,02/20,3880,GRVL-F
AK76,02/20,1500,TURF-F
AK77,09/27,5500,TURF-GRVL
AK8,04W/22W,3800,WATER
AK8,14W/32W,4000,WATER
AK80,02/20,1800,GRVL-TURF
AK81,N/S,8000,WATER
AK82,H1,100,TRTD
AK83,18/36,2100,TURF
AK84,08/26,2400,GRVL
AK85,07/25,800,TURF
AK86,04/22,850,TURF-GRVL
AK87,H1,50,CONC
AK88,15/33,1300,TURF
AK89,06/24,1000,TURF
AK90,16/34,1800,TURF
AK91,H1,50,ASPH
AK92,17/35,600,DIRT
AK93,02/20,1600,GRVL
AK94,H1,100,GRVL
AK95,09/27,1000,TURF
AK97,04/22,2612,GRAVEL
AK98,17/35,1220,GRAVEL
AK99,02/20,1200,TURF
AL-0003,16/34,10499,asphalt
AL-0012,14/32,3855,GRS
AL-0013,16/34,9186,CON
AL-0013,17/35,7223,CON
AL-0014,01/19,7475,GRS
AL-0015,16/34,2813,GRE
AL05,04/22,5000,ASPH-G
AL07,H1,40,ASPH
AL08,17/35,3100,TURF
AL09,18/36,2450,TURF
AL10,09/27,2500,TURF
AL11,H1,45,MATS
AL12,09/27,4600,ASPH
AL13,H1,50,CONC
AL14,H1,50,CONC
AL16,18/36,2500,TURF
AL17,15/33,3000,TURF
AL18,13/31,1550,TURF
AL19,H1,40,CONC
AL20,H1,40,CONC
AL21,H1,80,CONC
AL24,H1,50,CONC
AL25,09/27,1600,TURF
AL26,H1,50,CONC
AL27,18/36,2000,TURF
AL29,16/34,2500,TURF
AL32,04/22,2600,TURF
AL33,03/21,2100,TURF
AL34,09/27,3500,TURF
AL35,03/21,1450,TURF
AL36,H1,30,CONC
AL37,08/26,1800,TURF-F
AL38,H1,60,ALUMINUM
AL39,H1,50,CONC
AL41,10/28,3300,TURF
AL42,H1,50,CONC
AL43,10/28,3000,TURF
AL46,02W/20W,6200,WATER
AL46,08W/26W,6500,WATER
AL46,17W/35W,11000,WATER
AL48,H1,60,CONC
AL49,H1,70,CONC
AL49,H2,70,CONC
AL50,H1,20,CONC
AL51,12/30,1860,TURF
AL52,H1,60,CONC
AL53,H1,40,PFC
AL54,17/35,2200,TURF
AL55,09/27,2175,TURF-G
AL58,10W/28W,3200,WATER
AL59,H1,60,CONC
AL60,10/28,1800,TURF
AL62,18/36,2600,TURF
AL63,H1,30,CONC
AL65,H1,40,CONC
AL66,H1,64,CONC
AL69,18/36,4000,TURF
AL71,08/26,4500,ASPH
AL74,05/23,1800,TURF
AL75,06W/24W,4330,WATER
AL76,02/20,3200,TURF
AL77,09/27,2200,TURF
AL78,17/35,2200,TURF
AL79,18/36,2500,TURF
AL82,H1,50,ASPH
AL83,H1,20,CONC
AL84,09/27,2650,TURF
AL86,H1,30,CONC
AL87,H1,44,CONC
AL88,09/27,1320,TURF
AL89,07/25,2250,TURF
AL90,H1,50,CONC
AL91,H1,70,CONC
AL92,11/29,3400,TURF
AL93,18/36,2000,TURF-G
AL94,18/36,2600,TURF
AL95,H1,50,CONC
AL95,H2,50,CONC
AL96,05W/23W,3000,WATER
AL97,18/36,2000,TURF
ALZ,NE/SW,10000,WATER
AM-0002,08/26,,paved
AM-0007,15/33,,
AN00,H1,50,Gravel/Dirt
AN01,13/31,2500,DIRT
AN03,5/23,2032,Turf
ANG,05/23,7000,GRVL-F
ANYN,12/30,7054,ASP
AT17,10/28,10824,Blue Ice
ENOE,7/25,9927,Blue Ice
AQ-0011,N/S,9842,Blue Ice
AQ-0013,11/29,10000,ICE
AQ-0013,16/34,10000,ICE
AQ-0014,15/33,10000,ICE
AQY,01/19,2088,GRAVEL-G
SA2X,12/30,3281,GRE
SA2X,2/20,2736,GRE
AR-0008,03/21,3839,GRE
AR-0009,01/19,3937,GRE
AR-0009,9/27,2953,GRE
AR-0010,13/31,3215,GRE
AR-0010,3/21,2953,ASP
AR-0011,5/23,3773,GRE
AR-0012,8/26,1575,GRE
AR-0013,2/20,2953,GRE
AR-0014,1/19,3609,GRE
AR-0017,9/27,3117,GRE
AR-0018,1/19,5741,GRE
AR-0018,9/27,2461,GRE
AR-0019,7/25,2592,ASP
AR-0019,9/27,2434,ASP
AR-0020,H1/H1,66,CON
AR-0021,4/22,3182,GRE
AR-0022,1/19,2887,GRE
SA92,11/29,2953,GRE
SA92,16/34,3609,GRE
SA20,16/34,2625,GRE
SA20,3/21,3425,GRE
SAHI,8/26,3281,GRE
AR-0026,14/32,2625,GRE
AR-0026,18/36,3281,GRE
AR-0026,9/27,2625,GRE
AR-0027,18/36,3445,GRE
AR-0027,8/26,3117,GRE
SA1B,18/36,3281,GRE
SA1B,6/24,2953,GRE
AR-0029,10/28,1929,GRE
AR-0030,18/36,2362,GRE
AR-0031,16/34,3937,GRE
AR-0032,18/36,2461,GRE
AR-0033,10/28,2297,GRE
AR-0034,16/34,2625,GRE
AR-0035,8/26,2461,GRE
AR-0036,2/20,3488,GRE
SA43,1/19,3445,GRE
SA49,18/36,2297,GRE
SA52,18/36,2625,GRE
AR-0044,1/19,3264,GRE
AR-0045,H1/H1,46,GRE
AR-0046,H1/H1,59,MET
AR-0047,2/20,1804,GRE
SA55,14/32,2461,GRE
AR-0049,1/19,3740,GRE
AR-0050,H1/H1,39,ASP
AR-0051,,82,ASP
AR-0052,11/29,2953,GRE
SA58,1/19,2297,GRE
SA58,17/35,2887,GRE
AR-0054,,98,GRE
AR-0056,2/20,2461,GRE
SA2R,18/36,2461,GRE
AR-0060,6/24,3018,GRE
SA4H,4/22,3281,GRE
AR-0062,15/33,1968,GRE
AR-0063,14/32,4265,GRE
AR-0066,6/24,2461,GRE
AR-0067,4/22,1381,GRE
AR-0068,2/20,2625,GRE
AR-0069,,49,CON
AR-0070,1/19,1640,GRE
AR-0071,11/29,2133,GRE
AR-0073,,56,CON
AR-0075,,69,GRE
AR-0076,1/19,2756,GRE
AR-0077,1/19,3609,GRE
AR-0078,1/19,2756,GRE
AR-0079,18/36,2329,GRE
AR-0080,03/21,3100,Grass
AR-0081,17/35,3314,GRE
AR-0081,9/27,2828,GRE
AR-0082,13/31,2625,GRE
AR-0082,18/36,2625,GRE
AR-0082,9/27,2625,GRE
AR-0083,02/20,3639,GRE
AR-0084,5/23,2625,GRE
AR-0085,3/21,2953,GRE
AR-0086,4/22,2552,GRE
AR-0087,,62,CON
AR-0088,15/33,3166,GRE
AR-0091,H,62,CON
AR-0092,,49,CON
AR-0093,,59,CON
AR-0094,18/36,2133,GRE
AR-0096,1/19,3281,GRE
AR-0096,10/28,2625,GRE
AR-0097,1/19,2953,ASP
AR-0098,18/36,2461,GRE
AR-0099,17/35,2133,GRE
AR-0100,4/22,3934,ASP
SA4B,3/21,3281,GRE
SA4B,8/26,2953,GRE
AR-0102,2/20,2953,GRE
AR-0104,,56,GRE
AR-0105,,79,CON
AR-0107,17/35,3609,GRE
AR-0108,18/36,2493,GRE
AR-0109,,46,GRE
AR-0110,2/20,3937,GRE
AR-0111,2/20,2592,GRE
AR-0113,1/19,3445,GRE
AR-0113,10/28,3445,GRE
SABP,10/28,2953,GRE
SABP,18/36,3281,GRE
AR-0115,10/28,4265,GRE
AR-0115,15/33,4265,GRE
AR-0116,1/19,3294,GRE
AR-0117,3/21,2133,GRE
AR-0118,1/19,2621,GRE
AR-0119,7/25,5249,GRE
AR-0120,,56,CON
SAE3,02/20,2461,GRE
AR-0122,15/33,3117,GRE
AR-0123,,66,CON
AR-0124,15/33,4593,GRE
AR-0125,3/21,3117,GRE
AR-0126,,49,CON
AR-0127,5/23,1968,GRE
AR-0128,2/20,3281,GRE
AR-0128,6/24,3281,GRE
AR-0129,,59,CON
AR-0130,18/36,2621,GRE
AR-0132,8/26,2461,GRE
AR-0133,,59,GRE
SAE8,12/30,3281,GRE
SAE8,5/23,7431,ASP
AR-0135,1/19,1837,GRE
AR-0136,8/26,2592,GRE
AR-0137,6/24,3858,GRE
AR-0138,18/36,2621,GRE
SAFT,1/19,2953,GRE
AR-0140,17/35,2461,GRE
AR-0140,7/25,2953,GRE
AR-0141,15/33,3133,GRE
AR-0141,6/24,3077,GRE
AR-0142,3/21,3150,GRE
AR-0143,6/24,5085,ASP
AR-0144,,79,GRE
AR-0145,,59,GRE
AR-0146,,49,GRE
AR-0147,2/20,2789,GRE
SA2Q,9/27,2949,GRE
AR-0152,,59,GRE
AR-0153,7/25,2953,GRE
AR-0154,,43,CON
AR-0155,,56,CON
AR-0156,,62,GRE
AR-0157,18/36,3051,GRE
AR-0158,15/33,3182,GRE
AR-0159,,49,CON
AR-0160,6/24,2461,GRE
AR-0161,18/36,3609,GRE
AR-0162,16/34,3281,GRE
AR-0163,,66,CON
AR-0164,11/29,1804,GRE
AR-0165,02/20,4199,GRE
AR-0165,05/23,2625,GRE
AR-0166,18/36,2379,GRE
AR-0167,17/35,2231,GRE
AR-0168,18/36,4528,GRE
SA6B,1/19,3281,GRE
SA6B,13/31,2625,GRE
AR-0170,12/30,1870,GRE
AR-0172,1/19,2264,GRE
AR-0172,6/24,3937,GRE
AR-0173,17/35,3412,GRE
AR-0174,1/19,3934,GRE
AR-0175,11/29,1050,GRE
AR-0176,17/35,3478,GRE
AR-0176,5/23,2953,GRE
AR-0177,11/29,2461,GRE
AR-0178,6/24,1916,GRE
AR-0179,9/27,2461,GRE
SA6R,13/31,3934,GRE
SA6R,18/36,3934,GRE
AR-0181,2/20,3937,GRE
AR-0182,16/34,2762,GRE
AR-0184,10/28,2297,GRE
AR-0185,,66,GRE
AR-0186,,46,MET
AR-0187,,59,MET
AR-0188,,39,MET
AR-0189,,39,MET
AR-0190,,46,MET
AR-0191,,49,MET
AR-0192,,33,CON
AR-0193,18/36,2782,GRE
AR-0193,5/23,2454,GRE
AR-0194,,56,CON
AR-0195,,49,CON
AR-0196,,49,ASP
AR-0197,,49,CON
AR-0198,18/36,3609,GRE
AR-0199,1/19,2953,GRE
AR-0200,18/36,2559,GRE
AR-0201,2/20,3937,GRE
AR-0202,01/19,4429,GRS
AR-0203,18/36,2461,GRE
AR-0204,18/36,2461,
AR-0205,5/23,2182,GRE
AR-0206,,33,CON
AR-0207,1/19,3412,GRE
AR-0208,2/20,2067,GRE
AR-0209,18/36,2953,ASP
AR-0210,1/19,2625,GRE
AR-0211,18/36,3281,GRE
AR-0212,11/29,4921,GRE
AR-0213,3/21,2297,GRE
AR-0214,5/23,1837,GRE
AR-0215,,52,GRE
AR-0216,01/19,4429,GRE
AR-0217,6/24,3661,GRE
SA28,18/36,3068,GRE
SA28,2/20,2753,GRE
SA28,9/27,2953,GRE
AR-0219,8/26,2388,GRE
AR-0220,,43,CON
AR-0221,,59,GRE
AR-0224,15/33,3937,GRE
AR-0225,13/31,3215,GRE
AR-0226,,49,GRE
AR-0227,1/19,4593,GRE
AR-0228,,33,CON
AR-0229,3/21,2625,GRE
AR-0230,5/23,3281,GRE
AR-0231,1/19,3937,GRE
AR-0232,3/21,2428,GRE
AR-0233,,66,GRE
AR-0234,1/19,2215,GRE
AR-0235,10/28,3281,GRE
AR-0236,,75,GRE
AR-0237,10/28,2133,GRE
AR-0238,12/30,3937,GRE
AR-0240,3/21,2461,GRE
SAEK,17/35,3117,GRE
SAEK,5/23,1968,GRE
AR-0242,,66,GRE
AR-0243,,59,CON
AR-0244,10/28,3937,GRE
AR-0245,8/26,2461,GRE
AR-0246,16/34,3934,ASP
AR-0247,2/20,2625,GRE
AR-0248,1/19,3937,GRE
AR-0249,10/28,656,GRE
AR-0250,,82,GRE
AR-0251,1/19,3445,GRE
SA8Y,15/33,2789,GRE
AR-0253,14/32,2674,GRE
AR-0254,06/24,2460,GRE
AR-0255,12/30,2297,GRE
AR-0255,16/34,3012,GRE
AR-0255,2/20,2297,GRE
AR-0256,1/19,1903,GRE
SA8S,10/28,1968,GRE
SA8S,17/35,2953,GRE
AR-0258,2/20,1968,GRE
AR-0259,,59,GRE
AR-0260,8/26,4806,GRE
AR-0262,18/36,2625,GRE
AR-0263,,82,GRE
AR-0264,14/32,4921,GRE
AR-0264,5/23,4199,GRE
AR-0265,,72,GRE
SA9K,14/32,2133,GRE
AR-0267,18/36,2887,GRE
AR-0268,,33,GRE
AR-0270,,66,GRE
SA9M,1/19,2621,GRE
SA9M,9/27,2165,GRE
AR-0272,18/36,2444,GRE
SASM,4/22,2953,GRE
AR-0274,15/33,3871,GRE
AR-0275,,43,GRE
AR-0276,1/19,3353,GRE
AR-0277,1/19,3281,GRE
AR-0278,18/36,3445,GRE
AR-0278,9/27,2165,GRE
AR-0279,,56,CON
AR-0280,1/19,2838,GRE
SA9Z,7/25,2690,GRE
AR-0282,16/34,2953,GRE
AR-0283,,56,CON
AR-0284,,59,CON
AR-0285,1/19,2457,GRE
AR-0286,,49,GRE
AR-0287,,66,CON
AR-0289,18/36,2303,GRE
AR-0290,1/19,3934,GRE
AR-0291,13/31,1968,GRE
AR-0292,16/34,2953,ASP
AR-0292,8/26,2165,GRE
AR-0293,18/36,2789,GRE
AR-0293,9/27,2621,GRE
AR-0294,14/32,2460,GRE
SAB4,9/27,2625,GRE
AR-0297,,98,GRE
AR-0298,4/22,2110,GRE
AR-0299,,79,CON
AR-0300,,59,ASP
AR-0301,,46,CON
AR-0304,14/32,3379,GRE
AR-0304,4/22,2953,GRE
AR-0305,9/27,2953,GRE
AR-0306,5/23,2635,GRE
AR-0308,10/28,2854,GRE
AR-0308,16/34,3281,GRE
AR-0309,,49,ASP
AR-0310,,59,GRE
AR-0311,14/32,2297,GRE
AR-0312,4/22,4429,GRE
AR-0313,14/32,2953,ASP
AR-0314,15/33,2953,GRE
AR-0315,16/34,3117,GRE
AR-0316,3/21,4593,GRE
AR-0316,8/26,3937,GRE
AR-0317,,49,GRE
AR-0318,18/36,3281,GRE
AR-0319,5/23,3609,GRE
AR-0320,7/25,3419,GRE
AR-0321,3/21,2461,GRE
AR-0322,1/19,2789,GRE
AR-0322,9/27,3970,GRE
AR-0323,12/30,2723,GRE
SA75,1/19,2247,GRE
AR-0325,11/29,1312,GRE
AR-0327,5/23,2461,GRE
AR-0328,18/36,4954,GRE
AR-0329,,82,CON
AR-0330,,49,CON
AR-0331,17/35,2297,GRE
AR-0332,4/22,3609,GRE
SAMI,01/19,3937,GRE
SAMI,03/21,4429,ASP
SAMI,04/22,2297,Earth
AR-0334,18/36,2461,GRE
AR-0335,5/23,6138,ASP
AR-0336,14/32,2461,GRE
AR-0339,,33,CON
AR-0340,,69,CON
AR-0343,,66,CON
AR-0344,16/34,2461,GRE
AR-0344,4/22,1968,GRE
AR-0345,14/32,3609,GRE
AR-0347,,72,CON
AR-0348,,66,CON
AR-0349,10/28,2297,GRE
AR-0350,,66,CON
AR-0351,,98,GRE
AR-0352,1/19,2953,GRE
AR-0353,,66,CON
AR-0354,1/19,2789,GRE
AR-0354,11/29,3304,GRE
AR-0355,14/32,2461,GRE
AR-0356,18/36,3445,GRE
AR-0357,,43,CON
AR-0358,,43,GRE
AR-0359,,52,GRE
AR-0360,,59,GRE
AR-0361,,49,CON
AR-0362,,52,GRE
AR-0363,,49,GRE
AR-0364,,49,CON
AR-0365,,59,GRE
AR-0366,,49,GRE
AR-0367,,59,GRE
AR-0368,,59,GRE
TXO,8/26,3281,GRE
AR-0370,11/29,2461,GRE
AR-0371,,49,CON
AR-0372,3/21,2444,GRE
AR-0373,2/20,2946,GRE
AR-0374,3/21,3937,GRE
AR-0375,14/32,2625,GRE
AR-0375,2/20,3445,GRE
AR-0376,10/28,2953,GRE
SAHV,1/19,2953,ASP
AR-0378,11/29,0,GRE
AR-0378,18/36,3937,GRE
AR-0379,16/34,2428,GRE
AR-0380,18/36,4199,GRE
AR-0381,17/35,3445,GRE
AR-0381,8/26,5905,GRE
AR-0382,16/34,4111,ASP
SA2L,1/19,3937,GRE
SA2L,9/27,4429,GRE
AR-0384,13/31,1968,GRE
AR-0385,2/20,1968,GRE
AR-0386,6/24,3051,GRE
AR-0388,2/20,1968,GRE
AR-0389,17/35,2067,GRE
SA3R,13/31,2625,GRE
SA3R,4/22,5577,GRE
AR-0391,4/22,2461,GRE
AR-0392,4/22,3281,GRE
SA1A,16/34,2625,GRE
SA1A,7/25,2625,GRE
AR-0394,2/20,2297,GRE
AR-0395,4/22,2559,GRE
AR-0396,6/24,2133,GRE
AR-0397,11/29,2500,GRE
AR-0398,2/20,2625,GRE
AR-0399,17/35,3773,GRE
AR-0400,4/22,2625,GRE
AR-0401,4/22,1739,GRE
AR-0402,18/36,2461,GRE
AR-0403,17/35,2621,GRE
AR-0404,17/35,3163,GRE
AR-0405,18/36,2953,GRE
AR-0406,2/20,1968,GRE
AR-0407,15/33,1837,GRE
AR-0408,10/28,2841,GRE
AR-0409,6/24,4265,GRE
AR-0410,1/19,5741,GRE
AR-0411,1/19,2782,GRE
AR-0412,1/19,2953,GRE
AR-0413,18/36,3937,GRE
AR-0414,5/23,2953,GRE
AR-0415,1/19,4429,GRE
AR-0416,4/22,4724,GRE
AR-0417,6/24,3996,GRE
AR-0418,4/22,2297,GRE
AR-0419,5/23,2618,GRE
AR-0420,15/33,656,GRE
AR-0421,6/24,3281,GRE
AR-0422,15/33,1968,GRE
AR-0423,6/24,1959,GRE
AR-0424,14/32,4101,GRE
AR-0424,4/22,3937,GRE
AR-0425,18/36,2457,GRE
AR-0426,11/29,2297,GRE
AR-0427,13/31,2428,GRE
AR-0427,9/27,2582,GRE
AR-0428,18/36,2949,GRE
AR-0429,6/24,3937,GRE
AR-0430,14/32,2789,GRE
AR-0431,12/30,1968,GRE
AR-0432,14/32,1804,GRE
AR-0433,9/27,2133,GRE
AR-0434,1/19,3274,GRE
SA50,18/36,3934,GRE
AR-0436,7/25,3379,GRE
AR-0437,15/33,2215,GRE
AR-0438,1/19,3117,GRE
AR-0439,5/23,2598,GRE
AR-0440,2/20,3051,GRE
AR-0441,5/23,5905,GRE
AR-0442,1/19,2133,GRE
AR-0443,2/20,2182,GRE
AR-0444,17/35,2133,GRE
AR-0445,15/33,2165,GRE
AR-0446,2/20,2953,GRE
AR-0447,1/19,2461,GRE
AR-0447,8/26,2329,GRE
AR-0448,5/23,3117,GRE
AR-0449,15/33,2215,GRE
AR-0450,15/33,1968,GRE
AR-0451,10/28,3937,GRE
AR-0452,10/28,3520,GRE
AR-0453,4/22,2953,GRE
AR-0454,1/19,3051,GRE
AR-0454,8/26,3051,GRE
AR-0455,6/24,2559,GRE
AR-0456,16/34,1093,GRE
AR-0457,1/19,2461,GRE
AR-0458,18/36,2592,GRE
AR-0459,5/23,1968,GRE
SA51,17/35,1968,GRE
AR-0461,14/32,1804,GRE
AR-0463,17/35,3839,GRE
AR-0464,4/22,2625,GRE
AR-0465,7/25,1890,GRE
AR-0466,4/22,2297,GRE
AR-0467,,66,Earth
AR-0468,,82,GRE
AR-0469,,82,GRE
AR-0470,,59,CON
AR-0471,,59,GRE
AR-0472,,98,GRE
AR-0473,,43,CON
AR-0474,,56,MET
AR-0475,,46,MET
AR-0476,,36,MET
AR-0477,,89,CON
AR-0478,,98,STONE
AR-0479,,62,GRE
AR-0480,,72,CON
AR-0481,,59,CON
AR-0482,,59,CON
AR-0483,,69,CON
AR-0484,9/27,2041,GRE
AR-0485,14/32,4593,GRE
AR-0486,4/22,2608,GRE
AR-0487,,59,GRE
AR-0488,,59,GRE
AR-0489,,89,CON
AR-0490,,75,CON
AR-0491,,49,MET
AR-0492,05/23,2195,GRE
AR-0494,09/27,5250,GRE
AR-0513,08/26,3281,GRE
AR-0581,03/21,3609,Earth
AR-0584,18/36,3084,GRS
AR-0585,14/32,4265,GRS
AR-0596,04/22,2215,GRS
AR-0596,09/27,2756,GRS
AR-0596,17/35,3281,GRS
AR-0622,18/36,6562,ASP
AR-0624,01/19,4921,ASP
AR-0627,1/19,3281,GRE
AR-0629,2/20,3051,GRE
AR-0630,1/19,3937,GRS
AR-0631,1/19,3281,GRE
AR-0632,18/36,4100,GRS
AR-0634,1/19,4921,GRE
AR-0638,18/36,2953,GRS
AR-0640,05/23,3281,GRE
AR-0677,09/27,4921,GRE
AR-0734,07/25,1550,GRS
SAWO,16/34,5299,ASP
AR-0740,H,20,CON
AR-0741,,46,Steel
AR-0742,6/24,4265,ASP
AR-0743,18/36,4921,ASP
SACT,1/19,6726,ASP
AR-0745,14/32,5249,ASP
AR-0748,12/30,2297,GRE
AR-0748,16/34,2297,GRE
AR-0753,16/34,3445,GRE
AR-0753,18/36,2297,GRE
AR-0753,7/25,2789,GRE
AR-0756,1/19,3084,GRE
AR-0756,10/28,3084,GRE
AR-0760,10/28,2297,earth
AR-0762,01/19,4724,Earth
AR-0763,17/35,3281,Earth
AR-0764,H,49,CON
AR-0777,03/21,1640,GRS
AR-0784,01/19,,GRS
AR-0799,02/20,3281,GRS
AR-0800,09/27,2625,Earth
AR-0801,03/21,5906,GRS
AR-0803,18/36,4593,GRE
AR-0806,01/19,2953,GRS
AR-0807,01/19,1640,Earth
AR-0812,H,112,CON
AR-0814,05/23,2677,Earth
AR-0815,15/33,2684,Earth
AR-0817,02/20,3281,Earth
AR-0819,17/35,3012,Earth
AR-0820,18/36,2461,Earth
AR02,H1,40,CONC
AR03,09/27,2600,TURF
AR05,18/36,3000,TURF
AR06,10/28,2640,TURF
AR07,H1,40,ASPH
AR08,15/33,800,TURF
AR09,18/36,2600,TURF
AR10,09/27,2600,TURF
AR11,16/34,1800,TURF
AR12,09/27,2300,TURF
AR13,14/32,2000,TURF
AR17,18/36,1200,TURF
AR19,01/19,1500,TURF
AR20,H1,50,CONC
AR21,H1,40,CONC
AR22,18/36,2500,TURF
25AR,16/34,3700,TURF
AR24,H1,40,CONC
AR27,16/34,2100,TURF
AR29,H1,25,CONC
AR30,H1,25,CONC
AR31,H1,30,ASPH
AR32,H1,60,ASPH
AR33,H1,150,TURF
AR34,E/W,2000,TURF
AR35,15/33,2000,TURF
AR35,18/36,1600,TURF
AR36,H1,60,ASPH
AR37,H1,100,CONC
AR40,H1,40,CONC
AR41,H1,30,CONC-G
AR42,H1,96,ASPH
AR43,18/36,2300,TURF
AR44,09/27,2500,TURF
AR45,H1,40,CONC
AR46,18/36,2640,TURF
AR47,H1,31,CONC
AR48,H1,40,CONC
AR49,H1,45,ASPH
AR51,H1,30,CONC
AR53,H1,40,CONC
AR55,18/36,2800,TURF
AR56,N/S,2905,TURF
AR59,H1,40,CONC
AR60,H1,50,ASPH
AR61,H1,40,CONC
AR62,H1,27,CONC
AR62,H2,44,CONC-G
AR62,H3,44,CONC-G
AR63,H1,50,ASPH
AR65,H1,70,CONC
AR66,H1,30,CONC
AR67,H1,300,CONC-TURF
AR68,H1,30,CONC
AR70,H1,30,ASPH
AR71,H1,40,CONC
AR72,H1/H1,60,CON
AR72,H2,60,ASPH
AR72,H3/H3,40,CON
AR73,H1,40,CONC
AR74,H1,36,CONC
AR75,H1,60,ASPH
AR76,H1,40,CONC
AR77,H1,40,CONC
AR78,H1,40,CONC
AR79,09/27,3750,CONC-TURF
AR80,H1,42,CONC
AR81,03/21,2800,TURF
AR82,17/35,1700,TURF
AR83,04/22,1130,TURF
AR85,H1,40,ASPH
91AR,H1,50,CON
AR87,H1,30,CONC
AR88,11/29,2700,TURF
AR89,02/20,2100,TURF
AR90,H1,20,TURF
AR91,18/36,2050,TURF
AR92,H1,145,ASPH
AR93,09/27,2400,TURF
AR95,H1,40,CONC
AR97,18/36,2500,TURF
AS04,18/36,794,Turf
AS11,11/29,2672,Turf
AS91,9/27,4082,Turf
LOBG,A14/D32,50,ASP
LOJZ,,,
AT-0093,16/34,1800,Grass
AT25,17/35,3274,Snow
AU-0006,04/22,2461,GVL
AU-0006,13/31,2953,GVL
AU-0007,04/22,2986,GVL
AU-0008,H,,CON
AU-0014,18/36,2089,gravel
AU-0015,06/24,3937,TURF
AU-0015,12/30,1969,TURF
AU-0016,18/36,2953,TURF
AU-0017,14/32,,
YPFL,09/27,2953,GVL
YPFL,18/36,3018,GVL
AU-0032,01/19,3799,Turf/Grass
YNTI,15/33,1683,gravel
AU-0050,01/19,,Grass
AU-0053,09/27,2297,Grass/Gravel
AU-0053,18/36,2953,Grass/Gravel
AU-0054,08/26,3057,Grass
YSWR,05/23,4933,Asphalt
AU-0204,05/23,,ASP
AU-0220,09/27,2542,G
AU-0220,18/36,3559,B
AU-0221,09/27,2542,G
AU-0221,18/36,3559,B
AU-0243,11/34,2130,grass
YGGG,08/26,4881,Dirt
AU-0256,09/27,1640,GRS
YMRG,12/30,2362,grass
AU-0324,06/24,4921,gravel
YOSN,06/24,6562,grass
AU-0377,10/28,4401,Dirt
AU-0384,01/19,2783,Dirt
AU-0429,06/24,2165,N
AU-0429,13/31,2165,N
AU-0430,04/22,4101,G
YGRM,06/24,6890,ASP
AU-0458,12/30,4154,Dirt
AU-0459,14/32,3582,Dirt
AU-0460,17/35,4516,Dirt
AU-0461,18/36,3247,Dirt
AU-0478,05/23,2461,Gravel/Dirt
AU-0478,07/25,3116,Gravel/Dirt
AU-0479,04/22,3150,Dirt
AU-0538,30/13,700,Grass
YSWS,05/23,12139,Asphalt
YARC,01/19,3450,Turf/Grass
AU-0582,04/22,2953,GVL
PHI,04/22,1968,Dirt
PHI,13/31,4593,Dirt
AU-0617,17/35,1542,G
YCRN,14L/32R,2230,
YCRN,14R/32L,2230,Gravel/Grass
AU-0629,04/22,7759,Asphalt
AU-0629,07/25,6985,Grass
AU-0629,13/31,5049,Asphalt
AU-0634,,4600,GVL
AU-0650,09/27,2625,grass
AU-0650,17/35,2690,grass
AU-0664,16/34,3602,ASP
AU-0665,09/27,2952,G
AU-0665,12/30,2952,N
AU-0666,07/25,2952,X
AU-0666,15/33,3608,X
AU-0671,07/25,1968,G
AU-0671,16/34,2296,G
AU-0672,10/28,3608,G
AU-0673,09/27,2132,G
AU-0677,06/24,3500,X
AU-0677,17/35,2591,B
AU-0678,09/27,3937,X
AU-0679,18/36,2460,G
AU-0680,18/36,2952,X
AU-0681,05/23,3871,X
AU-0685,09/27,3280,N
AU-0686,07/25,2395,X
AU-0686,17/35,3280,N
AU-0687,07/25,2339,S
AU-0688,06/24,1601,G
AU-0689,18/36,2296,S
AU-0690,04/22,2952,X
AU-0693,12/30,5196,X
AU-0700,04/22,2625,
AU-0703,08/26,2624,Dirt
AU-0708,07/25,4011,dirt?
YJBO,08/26,420,GRASS
YJBO,14/32,700,GRASS
AU-0787,16/34,3937,GRS
AU-HIS,17/35,,Water
AWR,NNE/SSW,,GRS
ZBAL,14/32,7874,CON
WATP,03/21,2953,ASP
AYAA,15/33,2300,Grassed red clay
AYAE,14/32,1903,Grassed yellow silt clay
AYAF,03/21,2073,Grassed brown silt clay
AYAG,06/24,2981,Grassed grey gravel
AYAI,16/34,2769,Grassed grey silt clay
AYAK,13/31,2526,Brown silt clay
AYAM,18/36,1900,Grassed red silt clay
AYAN,07/25,1552,Grassed brown clay
AYAO,01/19,3281,GRS
AYAQ,05/23,2559,Grey gravel
AYAT,14/32,2461,Grassed yellow clay
AYAU,14/32,2001,Grassed brown clay
AYAW,18/36,2313,Grassed brown silt clay
AYAX,16/34,1969,Grassed red silt clay
AYAY,14/32,4200,GRS
AYBA,04/22,2953,Grassed black clay
AYBB,11/29,1969,Grassed white coronas
AYBC,07/25,1345,Grassed yellow clay
AYBF,10/28,1549,Grassed red clay
AYBG,10/28,1542,Grassed brown gravel
AYBH,14/32,2772,Grassed brown clay
AYBI,14/32,2500,Yellow gravel
AYBK,04/22,5125,ASP
AYBO,01/19,2395,Grassed yellow silt clay
AYBP,14/32,1624,Grassed brown clay
AYBQ,16/34,1378,Grassed white lime stone
AYBR,12/30,1982,
AYBS,12/30,1640,Grassed black clay
AYBT,11/29,1969,Grassed red silt clay
AYBU,15/33,4373,
AYBW,05/23,1969,grass
AYBX,04/22,1969,Grey clay
AYBZ,05/23,1919,Grassed black silt sand
AYCG,08/26,3543,Grassed gravel
AYCH,03/21,3330,ASP
AYCN,01/19,1968,GRS
AYDB,12/30,2585,Grassed red clay
AYDE,12/30,1549,Grassed white gravel
AYDI,15/33,2198,Grassed brown gravel
AYDK,10/28,2800,
AYDO,10/28,2051,Grassed grey sand
AYDP,06/24,1706,Grassed red silt clay
AYDQ,12/30,1936,Grassed red silt clay
AYDS,10/28,1509,Brown clay
AYDU,14/32,4593,ASP
AYDW,10/28,2129,Grassed brown silt clay
AYDY,10/28,1969,Hard loam
AYEA,15/33,1900,Grassed red silt
AYEB,01/19,1640,Grassed black sand
AYED,02/20,2415,Grassed yellow clay
AYEE,12/30,4773,
AYEF,17/35,1598,Grassed brown clay
AYEG,01/19,1969,Grassed brown clay
AYEH,09/27,4298,
AYEK,09/27,1476,Red silt clay
AYEL,14/32,1739,Grassed brown clay gravel
AYEM,17/35,1969,Grassed black silt clay
AYEN,16/34,1312,Grassed brown silt clay
AYEO,04/22,1804,Grassed yellow clay
AYET,14/32,2297,Grassed brown clay
AYEW,06/24,1549,Grassed red clay
AYEY,02/20,1936,Grassed black silt
AYFE,12/30,2165,Grassed brown clay
AYFK,06/24,1969,Grassed black silt clay
AYFO,12/30,1998,Grassed red silt sand
AYFS,09/27,1532,Grassed red silt clay
AYFU,05/23,2500,Grassed red clay
AYGA,17L/35R,3983,ASP
AYGA,17R/35L,5400,ASP
AYGC,04/22,1490,Grassed brown gravel
AYGD,02/20,1706,
AYGE,12/30,1969,Grassed brown clay
AYGH,03/21,1969,Grassed red clay
AYGJ,12/30,3593,
AYGM,02/20,1837,Grassed brown clay
AYGN,09/27,5546,ASP
AYGO,17/35,2001,Grassed brown clay
AYGQ,11/29,1969,Grassed limestone gravel
AYGR,03/21,5485,ASP
AYGU,10/28,2526,Brown clay gravel
AYGX,08/26,1640,Grassed black clay
AYGY,14/32,2625,Grassed red silty clay
AYHA,03/21,1982,Grassed red clay
AYHB,02/20,1969,Grassed brown clay
AYHE,16/34,1404,Grassed red clay
AYHF,17/35,3097,
AYHH,04/22,1348,Grassed black clay sand
AYHJ,01/19,1969,grass clay
AYHK,12/30,6644,ASP
AYHN,17/35,1968,Grassed brown clay
AYHO,06/24,1641,Grassed brown clay
AYHQ,03/21,1585,Grassed black silt clay
AYHT,14/32,1509,Grassed black clay
AYHU,03/21,1358,Grassed brown clay
AYHW,08/26,1969,Grassed brown silty clay
AYHX,17/35,1969,Grassed brown clay
AYIB,03/21,1969,Grassed river gravel
AYID,09/27,1699,Grassed white gravel
AYII,06/24,1640,
AYIM,18/36,1391,
AYIN,11/29,1640,Grassed grey gravel
AYIP,18/36,1509,Grassed brown silt clay
AYIQ,14/32,5397,ASP
AYIR,05/23,1837,Red clay
AYIS,16/34,1345,Grassed brown clay
AYIU,10/28,3478,
AYIW,05/23,2000,
AYIX,10A/28D,3035,GRS
AYIY,11/29,1969,Grassed brown clay
AYJS,03/21,3117,
AYJW,15/33,2290,GRS
AYKA,14/32,5348,UNK
AYKD,14/32,1148,
AYKH,15/33,1578,Brown gravel
AYKI,07/25,3691,UNK
AYKJ,09/27,1273,
AYKM,14/32,3044,ASP
AYKO,17/35,2805,Grassed black silt
AYKQ,07/25,1467,Grassed brown clay
AYKR,16/34,2953,
AYKT,16/34,1476,Grassed red clay gravel
AYKV,12/30,5592,ASP
AYKY,12/30,3937,UNK
AYLE,02/20,1969,
AYLG,14/32,2132,
AYLH,01/19,1969,Grassed black clay silt
AYLI,09/27,1969,Grassed brown silt clay
AYLL,06/24,2461,
AYLN,17/35,1654,
AYLO,04/22,1640,
AYLS,12/30,2520,
AYLT,07/25,1535,
AYLX,04/22,2015,GRS
AYLZ,10/28,2044,Grassed black silt clay
AYMB,17/35,1998,
AYMD,07/25,5174,ASP
AYMH,08/26,3599,ASP
AYMH,12/30,7185,ASP
AYMJ,08/26,1565,
AYMN,17/35,4411,ASP
AYMO,16/34,6136,ASP
AYMP,10/28,3609,
AYMQ,10/28,2359,
AYMR,09/27,5774,UNK
AYMS,08/26,3937,UNK
AYMU,09/27,2165,GRS
AYMV,14/32,3050,
AYMY,15/33,1969,Grass red silty clay
AYMZ,15/33,1969,
AYNB,02/20,1772,Brown clay gravel
AYNC,05/23,1362,
AYND,15/33,3015,
AYNI,12/30,2799,
AYNJ,06/24,2953,
AYNM,12/30,1499,Grassed brown silt clay
AYNN,09/27,2800,
AYNO,08/26,1627,
AYNS,15/33,1969,Grassed brown gravel
AYNT,09/27,1476,Grassed red clay
AYNU,12/30,2418,Grassed red silt clay
AYNX,12/30,3494,
AYNZ,09/27,8000,ASP
AYOB,14/32,1969,Grassed brown clay
AYOD,10/28,1870,Grassed brown silt clay
AYOE,01/19,2014,
AYOF,06/24,1969,Brown Silt clay
AYOG,12/30,1804,Grassed red clay
AYOH,01/19,2182,Grassed river gravel
AYOJ,10/28,2215,Grassed yellow clay
AYOK,02/20,1224,
AYOL,15/33,1647,Grassed brown silt clay
AYOM,14/32,1640,Grassed black clay
AYOO,12/30,2592,Grassed grey gravel
AYOP,12/30,1968,
AYOS,17/35,1968,
AYOU,18/36,1381,Grassed red silt clay
AYOV,18/36,2018,Grassed black silt clay
AYOX,01/19,1969,Grassed brown silt clay
AYOY,01/19,3524,GRS
AYPA,11/29,1680,Grassed Red Clay
AYPB,01/19,1598,Brown gravel
AYPC,01/19,2396,Grassed clay
AYPD,08/26,2001,Grassed grey clay
AYPE,18/36,2034,Grassed brown clay
AYPI,05/23,1969,Grassed black clay
AYPJ,09/27,2904,Grassed brown silt clay
AYPO,18/36,1706,
AYPQ,01/19,2001,Grassed grey silt sand
AYPS,01D/19A,1640,GRS
AYPY,14L/32R,9022,ASP
AYPY,14R/32L,4625,ASP
AYQB,07/25,1378,Grassed brown clay
AYQL,14/32,1627,Grassed brown gravel
AYQM,16/34,1706,Grassed brown silt clay
AYQQ,16/34,1640,Red clay
AYQR,12/30,1969,
AYQV,15/33,2021,Grassed Sand
AYQW,07/25,1942,GRS
AYRA,07/25,1804,Grassed red clay
AYRE,12/30,2592,
AYRG,15/33,1952,Grassed red clay
AYRI,12/30,2900,
AYRK,15/33,3117,
AYRO,01/19,1640,Grassed red clay
AYRR,08/26,1969,Grassed silt clay
AYRT,16/34,2014,Grassed black silt clay
AYRV,05/23,1969,Grassed brown clay
AYSB,18/36,2953,White gravel
AYSD,12/30,3806,
AYSF,11/29,3543,
AYSI,06/24,1181,Grey silt clay
AYSK,14/32,1640,Red clay
AYSL,18/36,3150,GRS
AYSP,16/34,1526,Grassed grey gravel
AYSR,10/28,2159,Grassed grey clay
AYSS,14/32,2953,Red gravel
AYSW,09/27,2051,Grassed brown silt clay
AYSX,17/35,1263,
AYTA,14/32,5197,UNK
AYTB,14/32,4232,UNK
AYTD,07/25,2953,Grassed white gravel
AYTF,01/19,1854,Grassed black silt clay
AYTG,03/21,8202,concrete
AYTG,14/32,2313,Grassed brown clay
AYTH,08/26,2133,Grassed brown gravel
AYTK,10/28,5643,ASP
AYTM,16/34,1854,Grassed red clay
AYTO,16/34,1673,Grey clay
AYTQ,14/32,1969,Grassed brown clay
AYTR,07/25,2297,Grassed brown silt clay
AYTS,06/24,1804,Brown silt clay
AYTT,18/36,1909,Red clay
AYTU,06/24,2887,Grassed yellow gravel
AYTV,12/30,1969,Grassed brown clay
AYTW,02/20,1529,Grassed red clay
AYTY,10/28,2756,Grassed black silt
AYTZ,04/22,1411,Grassed red clay
AYUA,04/22,1844,Grassed red clay
AYUC,13/31,1598,Grassed red clay
AYUE,09/27,1575,Grassed black clay
AYUG,07/25,1594,Grassed brown clay
AYUI,01/19,1640,Grassed brown loam
AYUK,09A/27D,1178,GRS
AYUM,14/32,2625,Brown clay gravel
AYUN,07/25,1998,Grassed brown clay
AYUO,16/34,1969,Red gravel
AYUP,03/21,1476,White gravel
AYUQ,13/31,2172,GRS
AYUS,14/32,2165,Grassed grey silt clay
AYUT,15/33,1575,Grassed brown clay
AYUV,14/32,1903,Grassed black silt clay
AYUX,04/22,1499,Grassed brown clay
AYUY,09/27,1640,
AYUZ,07/25,2756,Grassed white gravel
AYVA,17/35,2953,GVL
AYVB,10/28,1558,Grassed brown clay
AYVK,01/19,1499,GRS
AYVL,14/32,5250,GRE
AYVM,02/20,2500,Grassed black silt clay
AYVN,12/30,5775,ASP
AYVO,04/22,1969,Grassed brown clay
AYVP,08/26,2625,White gravel
AYWB,14/32,2379,Grassed brown gravel
AYWD,14/32,5052,ASP
AYWE,18A/36D,1968,GRS
AYWH,05/23,1525,
AYWJ,14/32,2625,
AYWK,10/28,5234,ASP
AYWL,18/36,1985,GRS
AYWM,02A/20D,1574,GRS
AYWN,15/33,1440,Grassed Brown Clay
AYWO,11/29,1394,Grassed yellow gravel
AYWY,10A/28D,2198,GRS
AYXA,08A/26D,1804,GRS
AYXB,16/34,2448,Grassed red clay
AYXI,18/36,1384,Grassed grey silt clay
AYXO,10/28,2789,Grassed white gravel
AYXP,09/27,1637,Grassed red clay
AYXW,05/23,2707,GRS
AYXY,11/29,1299,Grassed brown clay
AYYA,07/25,2503,GRS
AYYC,01/19,2615,GRS
AYYD,10/28,1991,Grassed brown clay
AYYI,16/34,1969,Grassed red clay
AYYK,13/31,1526,Grassed red clay
AYYL,03/21,2198,Grassed grey gravel
AYYN,06/24,1558,Brown clay gravel
AYYO,12/30,1355,Red clay
AYYQ,03/21,1493,Grassed brown clay
AYYT,12/30,1500,
AYYU,11/29,1995,
AYYV,14/32,1969,Grassed brown silt clay
AYYW,15/33,1188,
AYYZ,21/03,1500,Grassed brown clay
AYZA,15/33,1598,Grassed brown silt clay
AYZI,15/33,2297,Grassed black silt clay
AYZM,08/26,3740,GRS
AYZN,11/29,1608,Grassed sand clay
AYZQ,11/29,1969,Grassed red clay
AYZS,14/32,2297,Grassed grey clay
AYZU,03/21,2090,Grassed black silt clay
AYZW,17/35,1476,Brown silt clay
AYZZ,14/32,1378,Brown clay
AZ00,05/23,1000,DIRT
AZ01,08/26,2200,DIRT
AZ02,H1,50,CONC
AZ03,04/22,3820,DIRT-F
AZ05,16/34,2750,ASPH
AZ07,H2,20,CONC-G
AZ08,H1,50,ASPH
AZ12,H1,100,CONC-GRVL
AZ13,17/35,2000,DIRT
AZ14,09/27,1950,DIRT
AZ15,H1,30,GRAVEL
AZ16,H1,40,CONC
AZ17,18/36,1000,TURF
AZ18,H1,300,CONC
AZ20,H1,300,TURF
AZ21,17/35,4000,DIRT
AZ22,H1,80,CONC
AZ24,H1,60,CONC
AZ26,03/21,3120,TURF-G
AZ26,08/26,2400,DIRT
AZ27,06/24,4200,DIRT
AZ28,17/35,2600,ASPH
AZ29,H1,150,ASPH
AZ30,H1,400,TURF
AZ31,17/35,3960,DIRT
AZ32,18/36,4700,GRVL
AZ33,H1,30,CONC
AZ34,18/36,1320,DIRT
AZ35,H1,50,TURF
AZ36,H1,50,CONC
AZ37,H1,100,ASPH
AZ38,12/30,1500,ASPH
AZ39,H1,900,TURF
AZ40,08/26,1200,TURF
AZ40,17/35,1200,TURF
AZ41,H1,30,CONC
AZ43,08/26,2650,DIRT
AZ44,H1,210,ASPH-CONC
AZ45,01/19,4500,TURF
AZ45,04/22,3100,TURF
AZ45,12/30,1650,TURF
AZ45,15/33,1950,TURF
AZ46,11/29,2200,DIRT
AZ47,H1,40,CONC
AZ48,H1,129,CONC
AZ50,08/26,1844,DIRT
AZ50,17/35,3900,DIRT
AZ51,H1,30,GRAVEL
AZ52,H1,30,TURF
AZ53,H1,20,WOOD
AZ54,H1,20,CONC
AZ55,H1,20,CONC
AZ56,H1,20,CONC
AZ57,09/27,5250,GRVL
AZ58,H1,70,GRAVEL
AZ59,H1,20,CONC
AZ61,17/35,2640,DIRT
AZ62,H1,50,ASPH
AZ63,04/22,2800,DIRT
AZ64,01/19,2500,DIRT
AZ65,H1,20,CONC
AZ66,H1,60,TURF
AZ67,08/26,5120,DIRT
AZ67,08L/26R,5000,ASPH-DIRT
AZ67,08R/26L,5000,DIRT-TRTD
AZ67,17L/35R,5000,DIRT-TRTD
AZ67,17R/35L,5000,DIRT-TRTD
AZ70,H1,40,CONC-TURF
AZ73,H1,40,ASPH
AZ75,H1,64,CONC
AZ76,H1,60,ASPH
AZ78,14/32,2000,DIRT
AZ79,17U/35U,375,TURF
AZ80,H1,100,CONC
AZ81,H1,90,CONC
AZ81,H2,90,CONC
AZ81,H3,90,CONC
AZ81,H4,90,CONC
AZ81,H5,90,CONC
AZ81,H6,120,CONC
AZ82,03/21,3420,ASPH
AZ83,H1,36,ASPH
AZ85,13/31,3075,DIRT
AZ86,03/21,2500,TURF
AZ87,H1,80,TURF
AZ89,H1,60,CONC
AZ90,08/26,2436,ASPH-G
AZ91,H1,60,TURF
AZ92,H1,40,MATS
AZ93,H1,60,CONC
AZ94,H1,80,ASPH
AZ95,H1,40,CONC
AZ96,H1,40,CONC
AZ97,N/S,4250,DIRT
AZ98,H1,40,CONC
AZ99,H1,40,CONC
AZB,10/28,2871,GRS
KAZU,07/25,4500,TURF-DIRT
B01,16/34,2500,ASPH-P
KB04,02/20,2500,TURF-G
KB04,02W/20W,9999,WATER
KB06,02/20,3000,TURF-G
KB10,02/20,2201,TURF-G
B18,01/19,2600,WATER-E
KB70,12/30,2550,TURF-F
LQCG,11/29,,
BA-0003,01/19,1911,asphalt
EBLT,H1/H1,69,CON
BE-0045,13/31,150,UNK
EBLB,04/22,1936,ASP
BE-0054,07/25,492,grass
BG-0165,11/29,7230,CON
BG-0166,11/29,8275,CON
BG-0167,11/29,7260,ASP
BG-0168,08/26,8200,ASP
BG-0169,09/27,7225,CON
LBSP,07/25,8380,ASP
BG-0171,10/28,8345,CON
BG-0172,11/29,3950,GRE
BG-0173,10/28,1440,ASP
BG-0174,17/35,1420,ASP
BG-0175,02/20,4748,ASP
BG-0176,03/21,6710,ASP
BG-0177,10/28,1213,ASP
BG-0178,15/33,8200,CON
BG-0179,05/23,7523,ASP
LBIA,12/30,8193,CON
BGAA,12/30,2621,UNK
BGAP,H1,197,ASP
BGAR,H1,130,GVL
BGBW,06/24,6004,CON
BGCO,18/36,3281,GVL
BGDH,10T/28T,2132,GRAVEL
BGGD,H1,197,ASP
BGGH,04/22,7217,ASPH
BGGH,05/23,3117,ASP
BGJN,06/24,2772,ASP
BGKK,11/29,3934,UNK
BGKL,,98,GVL
BGMQ,16/34,2621,ASPH
BGNS,04/22,197,ASP
BGNS,10/28,197,ASP
BGPT,17/35,2621,ASP
BGQE,H1,49,GVL
BGQQ,17/35,3314,GVL
BGSF,09/27,9219,ASP
BGSQ,H1,98,GVL
BGSS,13/31,2621,ASP
BGTL,08T/26T,9997,ASP
BGUK,05/23,2621,ASP
BGUQ,15/33,2953,GRAVEL
BH-0002,13/31,,ASP
YBTD,18/36,3937,
BIAR,01/19,8858,ASP
BIBD,04/22,3084,ASP
BIBL,04/22,3182,UNK
BIEG,03/21,7054,ASP
BIFZ,04/22,2510,GRS
BIGF,05/23,2936,Grass
BIGJ,05/23,3150,ASP
BIGR,17/35,3399,Asphalt
BIHK,03/21,3280,UNK
BIHN,18/36,4921,ASP
BIHU,02/20,5266,ASP
BIIS,07/25,4593,ASP
BIKF,01/19,10020,ASP
BIKF,10/28,10056,ASP
BIKR,01/19,6191,asphalt
BINF,08/26,3648,UNK
BIPA,14/32,4593,BIT
BIRF,06/24,3937,Asphalt
BIRF,12/30,2756,Asphalt
BIRG,07/25,3533,UNK
BIRK,01/19,5138,ASP
BIRK,06/24,3116,ASP
BIRK,13/31,4035,ASP
BIRL,02/20,3461,ASP
BISF,05/23,3609,Grass
BISF,15/33,3543,Grass
BISI,06/24,3556,ASP
BISS,15/33,2578,ASPH-G
BIST,07/25,3675,UNK
BITE,14/32,3117,UNK
BITN,01/19,3937,ASP
BIVM,03/21,3806,ASP
BIVM,12/30,3937,ASP
BIVO,04/22,2904,ASP
BKPR,17/35,9974,ASP
BNF,E/W,10000,WATER-E
BNV,18/36,,GRS
BOV,15/33,2024,
BQV,NW/SE,10000,WATER-E
BR-0001,07/25,325,GRVL
BR-0012,7/25,4921,ASP
SND3,18/36,3937,GRE
BR-0030,10/28,3513,PER
BR-0032,10/28,3688,
BR-0039,16/34,4707,ASP
BR-0042,16/34,2625,GRS
SDOS,12/30,1640,ASP
SDLR,04/22,3920,ASP
SJE6,15/33,2297,GVL
SJ3R,06/24,3117,GVL
SDQ1,10/28,2953,Earth
SDC9,09/27,3609,ASP
SDAR,1/19,2598,Dirt
SDAY,14/32,3000,dirt
SWAY,18/36,3281,Earth
SI7E,01/19,2953,GVL
BR-0114,17/35,3281,ASP
BR-0122,14/32,3543,GRE
BR-0123,15/33,2198,GRS
SIWH,08/26,3909,ASP
SDZM,11/29,64,CON
SDBZ,,4101,Dirt
SD09,06/24,4595,ASP
SJPR,03/21,1739,Asphalt
SN9Z,04/22,4004,ASP
SJZ5,07/25,3281,Earth
SWRP,01/19,3281,Gravel
SWSH,08/26,3281,Earth
SDCK,08/26,4265,Dirt
SDCE,,3900,dirt
SDCH,15/33,3282,Dirt
SWNC,01/19,5249,GRS
SWRF,04/22,1804,Soft Gravel
SNWL,01/19,3609,Dirt
SWWR,10/28,2034,Piçarra
BR-0187,H1,64,asphalt
SDDU,H1,66,concrete
SDEE,27,69,CON
SJKK,10/28,2953,GRS
BR-0192,05/23,1969,GRS
SJM1,04/22,3937,Earth
SSDH,09/27,3937,Earth
BR-0199,06/24,3232,Earth
SD7W,16/34,2297,Shaly Clay
SNLC,07/25,3281,ASP
SDKE,15/33,2789,Earth
SSKE,13/31,3609,Earth
SDFE,16/34,3281,Earth
SDFF,04/22,1969,GRS
SDFG,18,96,CON
SDFN,29,79,CON
SD8C,03/21,2625,CON
SJZA,12/30,5249,ASP
SWJO,08/26,2953,GVL
SWZU,H1/H1,75,CON
SS7X,10/28,3282,ASP
SIAP,16/34,2789,GVL
SDKN,H1/H1,79,CON
SDKP,03/21,3289,GRE
SWZM,06/24,3937,GVL
SWZL,14/32,2297,GVL
SWAF,H1/H1,79,GRS
SSLC,H1/H1,64,CON
SDCI,H1/H1,66,GRS
SDEF,03/18,69,CON
SIBJ,05/23,2625,GRE
SIAF,H1/H1,59,CON
SWYU,02/20,5577,GVL
SWYQ,03/21,4564,ASP
SWYL,11/29,2461,Clay
SWYI,10,79,CON
SWYF,30,72,ASP
SWYD,H1/H1,79,CON
SWYC,18/36,3281,GRE
SJKG,11/29,3937,GVL
SJKH,H1/H1,69,CON
SJCO,H1/H1,69,CON
BR-0346,11/29,2625,Piçarra
SNAW,H1/H1,64,CON
SNAZ,H1/H1,75,CON
SNBB,H1/H1,69,CON
SNBE,02/20,2625,GRE
SWAH,H1/H1,70,CON
SNBK,H1/H1,69,CON
SNDI,12/30,4921,ASP
SDFB,H1/H1,64,CON
SDFY,03/21,2297,GRS
SDFZ,12/30,3609,earth
SDGA,17/35,3281,Graded earth
SDGK,H1/H1,69,CON
BR-0370,H1,66,Concrete
SIJQ,03/21,3281,GVL
SDGQ,14/32,2297,GVL
SDGV,H1/H1,64,CON
SDHJ,H1/H1,69,CON
SDHS,01/19,2625,GVL
SNNJ,H1/H1,70,CON
SNNL,03/21,3937,GVL
SIAN,13/31,2461,ASPH
SJQE,H1/H1,69,CON
SSTH,H1/H1,69,GRS
SSSX,H1/H1,59,CON
SIBO,17/35,2625,ASP
SDRV,03/21,3281,GVL
SDRW,15/33,2297,Clay
SDJJ,H1/H1,79,CON
SDJR,05/23,4921,ASP
SDJZ,03/21,2621,GRS
SNJL,12/30,3937,ASPH
SDKW,H1/H1,69,CON
SDKX,11/29,2460,GVL
SDLH,04/22,2789,GRS
SDMA,05/23,1312,GRE
SDMK,04/22,2953,GVL
SDML,H1/H1,66,CON
SDMN,H1/H1,98,CON
SDMP,18/36,3281,GRS
SDNF,H1/H1,66,GRS
SDNG,H1/H1,65,CON
SDNS,02/20,3281,GRE
BR-0422,14/32,3937,GVL
SDNW,15/33,2625,Unknown
SSLL,01/19,4593,GVL
BR-0426,06/24,3937,GVL
SSLX,01/19,3609,GRS
SSMD,H1/H1,69,CON
SSMI,05/23,3609,GVL
SSML,01/19,3281,Clay
SSNL,H1/H1,43,CON
SSNM,H1/H1,66,CON
SSNN,01/19,2621,GVL
SNNR,07/25,2575,GRS
SNNX,14/32,3153,GRS
SNOI,10/28,1312,GRE
SNOO,H1/H1,69,CON
SNOP,11/29,2461,GVL
SNOT,07/25,4265,GRE
SNPG,18/36,4265,GRS
SNPW,18/36,2953,GVL
SNQJ,11/29,2920,GRE
SJ8N,08/26,3281,ASP
SSBO,H1/H1,67,CON
SSBQ,18/36,3117,GVL
SWWJ,H1/H1,59,CON
SWWD,H1/H1,85,CON
BR-0478,01/19,3445,GRS
SDEV,14/32,2953,GVL
SDFA,H1/H1,82,CON
SDNY,05/23,2625,GVL
SDNZ,H1/H1,64,CON
SDOY,11/29,3281,GVL
SDPG,H1/H1,69,CON
BR-0495,01/19,2461,Earth
SDQD,06/24,2953,GRS
SDQH,15/33,4921,ASP
SDQM,14/32,4921,earth
SDQN,14/32,4757,GVL
SDQV,H1/H1,66,CON
SDQW,H1/H1,79,CON
SDRD,15/33,2621,GRS
SDRL,02/21,3608,Earth
SDRY,08/26,1296,GRE
SDSY,H1/H1,43,GRS
BR-0515,10/28,3281,Clay
SDTQ,H1/H1,66,CON
SDTR,02/20,3281,GVL
SDTW,03/21,2625,GVL
SDTZ,13/31,3937,Clay
SDUA,09/27,2297,GVL
SDUG,16/34,1286,GRS
SDUO,H1/H1,66,CON
SDUR,18/36,1542,GRS
SDVK,04/22,3609,Earth
SDVO,18/36,2116,GVL
SDVQ,06/24,3281,GVL
SDVZ,03/21,3471,Clay
SDWE,02/20,2625,GRS
SDWF,18/36,2014,Earth
SDWG,11/29,6726,ASP
SDWJ,18/36,2953,GVL
SDWP,H1/H1,59,CON
SDWW,H1/H1,59,Metal
SDWY,H1/H1,82,CON
SWVN,14/32,2621,GRE
SWVJ,16/34,2625,GVL
SDCF,13/31,1804,GRS
SDQT,18/36,4134,GRS
SDZW,12/30,2625,Earth
SDZV,14/32,3281,GVL
SDZT,H1/H1,43,CON
SDZS,10/28,3937,Earth
SJ6U,16/34,2297,GVL
SD9W,04/22,79,GRS
SSDN,12/30,3445,Earth
SBVC,15/33,6890,ASP
SSVF,H1/H1,69,
SNXD,H1/H1,79,CON
SDXD,07/25,2953,Clay
SJB2,03/21,3904,Earth
SN7P,11/29,3609,GVL
SSDY,14/32,2953,GVL
SSDZ,18/36,5249,Earth
SSFT,H1/H1,59,CON
SWAV,17/35,3251,GVL
SS66,06/24,1737,Piçarra
SWCJ,09/27,3609,GVL
SWCP,10/28,2625,Earth
SNDF,11/29,2559,Earth
SJV6,18/36,1969,GVL
SWDU,15/33,2133,Earth
SWFP,01/19,2621,GVL
BR-0673,H1/H1,59,CON
SWFZ,11/29,2953,Earth
SJBR,17/35,2953,ASP
SJZZ,03/21,5020,ASP
SDBX,10/28,3937,GVL
BR-0698,12/30,3609,SAND
SIIF,H1/11,20,CON
SJCZ,02/20,4265,ASP
SJEJ,12/30,2625,GVL
SJHN,01/19,3773,GRS
SJIL,07/25,3527,GVL
SSVV,16/34,2297,GVL
SSXR,10/26,3281,GVL
SSOM,14/32,4590,ASP
SSOM,14H,69,CON
SWSR,12/H1,59,CON
SNDP,11/29,1968,GVL
SICR,14/32,3937,Clay
SIFC,18/36,4326,asphalt
SIIC,08/26,4167,GVL
SIID,02/20,2625,Clay
SJQV,14/32,4265,GVL
SSEA,08/26,3937,GVL
SNOD,32/-,66,GRS
SNVZ,12/30,3937,Earth
SNZQ,18/36,64,CON
SSFP,02/-,69,CON
SWXR,03/21,3281,Clay
BR-0933,13/31,2297,GVL
SILH,26/-,59,GRS
SIMC,10/28,79,CON
SIMS,12/30,2953,GVL
SIOJ,11/29,2493,Earth
SION,14/-,66,GRS
SIVT,21/-,79,CON
SIWV,03/21,1319,GRS
SIWV,H18A/H36D,79,GRS
SDW2,18/36,1640,GRS
SIYF,05/23,3937,Earth
SIYW,01/19,2297,Earth
SIYY,34/-,66,CON
SD2S,01/19,3937,GVL
SIZW,11/-,66,CON
SJEE,3/17,70,CON-ROOF
SJFY,17/35,3281,GVL
SJGJ,08/26,1716,Earth
BR-1149,11/29,2625,ASP
BR-1150,9/27,3937,GRE
BR-1163,02/20,3500,
SSMF,02/20,3937,GRS
BR-1188,8/26,66,GRS
SNPT,15/33,2621,GRS
SNSZ,30/-,74,CON
SNTU,02/20,4921,GVL
SDBU,02/-,64,CON
BR-1235,06/22,3500,GRE
BR-1237,36/-,69,CON
SD8H,09/27,2625,Sand/Clay
SIXR,14/32,2621,GVL
SJJA,17/-,69,GRS
SJJI,15/33,2934,GVL
SJPL,03/21,1968,Earth
SSYG,04,64,CON
SJPU,01/19,820,ASP
SJVG,18/36,2461,GVL
SJVL,11/29,3527,ASP
SJVQ,17/35,3051,GVL
SWRJ,28,64,GRS
SJYC,04/22,2625,GVL
SJZM,18/36,2625,Clay
BR-1356,3/21,3281,GVL
SNMW,11/29,5249,GVL
SNTG,06/24,4925,ASP
SNTJ,28/-,59,CON
SNUD,15/33,2953,GVL
SNUW,09/27,3281,GRE
BR-1393,18/36,4265,Earth
SWPT,18/36,4593,Earth
SNWE,16/34,3532,asphalt
SNYZ,04/22,3937,Earth
SDK4,11/29,2303,Clay/Sand
SN1X,07/25,2953,Earth
SSFW,07/25,4068,Asphalt
SSGI,13/-,69,CON
SD26,11/29,3373,GRS
SD29,12/30,2231,GVL
BR-1481,09/27,2625,GVL
BR-1482,08/26,2625,Earth
SD4P,18/36,4921,ASP
BR-1485,17/35,2461,GRS
SNK4,12/30,4266,Earth
SSWQ,10/28,1804,GRS
SSWN,03/21,4593,ASP
SSWN,03H/21H,66,ASP
SSWF,01/19,3937,GVL
SWRU,01/19,2789,GVL
SWQJ,17/35,3281,Earth
SWQI,04/22,3281,GVL
SWQD,26/-,59,CON
SWPV,08/26,2132,GVL
SWOV,04/22,3281,GVL
SWOO,16/34,3932,GVL
SWOJ,04/-,69,CON
SWOI,03/21,1640,GVL
SWNZ,09/27,4757,ASP
SWNZ,09H/27H,66,ASP
SWNT,12/30,2625,Earth
SWNP,08/26,3261,Earth
SWNO,03/21,3018,Earth
SWEB,09/27,2625,Earth
SWCV,08/-,69,CON
SWBU,14/-,66,CON
SSUD,01/19,1926,Earth
SSTN,12/-,64,CON
SSQM,15/33,2625,Earth
SSNO,13/31,3608,Earth
SSLF,16/-,69,CON
SSJR,03/21,3937,Earth
SSEN,11/29,3445,Earth
SSBJ,09/27,4593,ASP
SNXM,05/-,79,CON
SNUY,11/-,79,CON
SNUU,13/31,3465,GVL
SNSP,09/27,4593,GVL
SNMM,03/21,3281,Earth
BR-1539,03/21,2789,GRS
SNIY,12/30,2953,Earth
SNTC,01/19,2953,ASP
SNRB,05/23,1312,GRS
SD37,12/30,3281,GVL
BR-1551,16/-,66,GRS
SBPW,H08/H26,1968,ASP
SD62,18/36,2953,Earth
SD63,11/29,4921,GVL
BR-1556,08/26,4921,GVL
BR-1558,18/36,2625,GVL
BR-1559,15/33,3281,GVL
SD6C,08/26,3281,GVL
SDXB,04/22,4429,Earth
SDXM,06/24,2623,GRS
SDYW,12/30,3937,GVL
SWCG,33/-,59,GRS
SWCH,06/24,3937,Earth
SSXB,07/25,2238,Earth
SJWH,13/-,66,CON
SD89,12/-,59,CON
SD8I,8/-,69,CON
SIGL,08/25,1968,GRS
SIYA,01/19,3278,GVL
SJBA,01/19,1968,GRS
SJEW,12/30,3445,GRS
SJOF,19,59,CON
SJSK,02/20,2621,ASP
SWUY,07/25,3281,Earth
SWWK,31,59,CON
SJCX,33,69,GRS
SJCT,9/27,59,CON
BR-1597,08/25,4921,GVL
SD97,08/26,3281,Earth
SSDE,06,64,CON
SSGR,12/30,4593,ASP
BR-1605,16/34,2789,GVL
BR-1606,18/36,3609,Earth
SD79,05/23,2461,GRS
BR-1608,5,59,CON
SSVB,18/36,4921,Earth
SD82,11,66,CON
SD84,10/28,2297,GVL
BR-1613,01/19,3281,GVL
BR-1614,01/19,3609,Earth
SD88,16/34,3281,GVL
SD96,03/21,2461,GRS
SD98,04/22,1312,GVL
SIZI,02/20,3937,ASP
SNPM,22,59,CON
SNQF,09/27,3117,Earth
SSSQ,05/23,3937,GRS
SDE7,07/25,3281,GVL
SSIG,9,59,GRS
SSRI,,92,CON
SNAH,17/35,2953,Earth
SSTZ,01/19,1804,GRS
BR-1638,14/32,5249,Clay/Sand
BR-1655,10/28,1472,CONC
SDZ6,17/35,1968,Earth
BR-1671,11/24,66,CON
SSDC,08/26,656,Earth
SWNB,10/28,6562,ASP
SWOP,25,69,CON
SSGK,10/25,66,CON
SJHP,20,79,CON
BR-1681,17/35,1640,GVL
SJN4,11/29,4101,Earth
BR-1684,18/36,3281,ASP
BR-1685,2/20,3281,GRE
BR-1686,17/35,3281,ASP
BR-1687,1,59,CON
SSJE,05/23,79,CON
SSIT,07/25,2297,GRS
SWTC,15/33,3215,ASP
BR-1699,03/21,4340,ASP
BR-1700,,45,GRS
SSLS,13/31,4160,ASP
SDLI,05/23,2953,ASP
BR-1705,02/20,2625,GVL
SSXK,32/14,64,CON
SSYH,20,64,CON
SSZZ,08,66,CON
SSQJ,17/35,2953,GVL
SSQQ,02/20,2461,GRS
SWNX,03/21,64,CON
SWOF,18/36,2625,GVL
SWOM,14/32,2953,GRS
SWPN,18/36,2625,GVL
SJ2D,20,59,CON
BR-1726,30,69,CON
SSZV,08/26,2822,GRS
SSZU,5A/21D,72,CON
SSUX,4,64,GRS
SDJH,19,59,Steel
BR-1735,2/20,2625,GRE
BR-1736,15/33,3281,GRE
BR-1737,7/25,1969,GRE
SD22,01/19,2625,GRS
SD22,18/36,3937,GRS
BR-1739,02/20,3937,ASP
BR-1740,4/22,2953,ASP
SIZ2,07/25,2625,Piçarra
SJ7C,07/25,2625,Earth
SWSB,08,64,GRS
SNEM,11,69,CON
SNIA,16,64,GRS
SSGX,10/28,3281,ASP
SSET,06/24,2215,GRS
SSID,13,66,CON
SSJS,16/34,3937,GVL
SSJT,22,65,CON
SSKN,21/03,3281,GVL
SSKC,05/23,2953,GVL
SSKV,10,64,CON
BR-1761,05/23,4593,GVL
SSNT,09/27,3281,GVL
SSWY,14,59,CON
SSLZ,31,69,CON
SSOC,07/25,2789,GRS
SSOH,27,59,CON
SSOH,27,59,CON
SSOO,13/31,1640,GRS
SSOR,13,102,CON
SSOR,13,69,CON
SSOV,26,69,Metal
SSOX,02/20,2297,GRS
SSOZ,03/21,2461,Earth
SSPF,17/35,3937,ASP
SSLA,10/28,3937,ASP
SNKW,10,66,CON
SNLK,03/21,2559,GRS
SSPK,21/36,59,CON
SSRD,12,64,CON
SSRH,9/27,69,CON
SWQX,14/32,3609,Earth
SWQZ,15/30,79,CON
SSPP,08/26,3018,GVL
SSPV,11/29,3281,GRS
SSPZ,06/24,3281,Earth
SSQB,12,69,CON
SSQD,12/30,4265,ASP
SSQF,01/16,64,CON
SSQG,04/22,2297,Piçarra
SSQO,09/27,4265,?steel?
SSRL,05/23,1804,GRS
SSRM,13/31,2789,Piçarra
SSRN,15,66,CON
SSRT,09,59,CON
BR-1809,03/21,1575,Clay
SN22,13/31,804,GRS
SN27,14/32,2956,Earth
SN28,19,69,ASP
SN66,15,69,CONC
SN67,06/24,3609,GVL
SNUF,03/21,4921,Earth
SWIO,02/20,69,CON
SN49,20,59,GRS
SJIN,01/19,3281,GRS
SJFR,09/27,4265,Earth
SIYM,01/19,2461,GRS
SDHK,09/27,3281,Earth
SN39,05/23,3937,Earth
SN38,12/30,2625,Piçarra
BR-1843,15/33,2297,GVL
SNRW,05,59,CON
SJXE,11/29,3937,ASP
SD44,01/19,3281,GVL
SDNC,08/26,2624,GVL
SWZV,09/27,3937,GVL
SSRG,11/29,4921,ASP
SSUR,08/26,4921,ASP
SSUR,10/28,3281,GVL
SN86,11/29,3937,Earth
SDLM,10/28,2435,GRS
SIEO,10/28,1968,GRS
SN88,01/19,3281,GRS
SWQM,02,69,GRS
SN83,09/27,2625,Earth
SN84,07/25,3284,Piçarra
SWIE,11/29,4921,ASP
SSXY,10/28,4593,GRS
SSZD,04/22,4593,ASP
SWPA,03/21,3445,GVL
SWPJ,04,82,CON
SWPW,16/34,4528,ASP
SIPV,13/31,3691,GVL
SN73,09/27,2461,Earth
SN75,13/31,3610,GVL
SWMM,21,59,CON
SWWG,20,69,CON
SSEO,31,69,CON
SD04,09/27,1805,Earth
SJXU,09/27,3904,ASP
SIW9,06/24,4593,GVL
SIX9,02/20,4265,GVL
SWID,02,79,CON
SIM6,06/24,3314,Earth
SWLM,10/28,2953,GVL
SIMP,07/25,3773,GRS
SN92,09/27,2625,Earth
SN93,02/20,69,GRS
SN9R,29,79,GRS
SWQR,34,69,CON
BR-1926,16/34,3117,GVL
SNB3,11/29,3609,Earth/Asphalt
BR-1928,06/24,2625,GVL
SI8F,11/29,3937,Piçarra
SWXH,06/21,69,CON
SWNG,31,69,ASP
BR-1935,16/34,3460,ASP
BR-1936,18/36,3660,ASP
BR-1937,09/27,3540,ASP
BR-1938,14/32,4514,ASP
BR-1939,11/29,3937,ASP
BR-1940,12/30,3412,ASP
SD53,,,UNK
SD53,08/26,4921,ASP
BR-1942,18/26,5315,ASP
BR-1943,10/28,3068,ASP
BR-1944,4/22,3937,ASP
BR-1945,18/36,4101,ASP
BR-1946,8/26,4265,ASP
BR-1947,16/34,3445,ASP
SD12,01/19,4921,GVL
BR-1949,15/33,5905,ASP
BR-1950,6/24,3937,ASP
SND6,01/19,4514,ASP
BR-1952,03/21,3435,ASP
BR-1953,15/33,3655,ASP
BR-1954,12/30,3609,ASP
BR-1955,05/23,4593,ASP
BR-1956,1/19,3084,ASP
BR-1957,14/32,3281,ASP
BR-1958,1/19,3937,ASP
BR-1959,16/34,5246,ASP
BR-1960,15/33,4921,ASP
BR-1961,15/33,5823,ASP
BR-1962,11/29,5525,ASP
BR-1963,7/25,3937,GRS
BR-1965,16/34,3937,ASP
BR-1970,4/22,4921,GRE
BR-1971,2/20,3445,ASP
BR-1975,2/20,3937,GRE
BR-1976,16/34,2133,ASP
BR-1983,12/21,66,CON
BR-1984,12/21,59,CON
BR-1985,18/27,59,CON
BR-1986,26,59,CON
BR-1987,18/26,59,MET
BR-1988,25/34,59,CON
BR-1989,6/24,85,CON
BR-1990,12/30,2789,ASP
BR-1991,3/30,59,CON
BR-1992,14/32,59,CON
BR-1993,16/29,85,CON/GRS
BR-1994,22/31,59,MET
BR-1996,14/24,66,MET
BR-1997,16/34,59,CON
BR-1998,24,59,CON
BR-1999,24/33,59,GRS
BR-2000,6/24,72,GRS
BR-2001,7/25,3117,ASP
BR-2002,13/31,2625,GRS
BR-2003,22/33,59,MET
BR-2004,5/23,1411,GRE
BR-2005,1/19,2067,GRS
BR-2007,15/33,1148,GRS
BR-2007,3/21,1246,GRASS
BR-2007,7/25,1312,GRS
BR-2008,6/24,66,CON
BR-2009,3/12,59,CON
BR-2010,6/24,1969,GRS
BR-2011,23/32,59,CON
BR-2012,17/35,2625,GRS
BR-2016,17/35,59,CON
BR-2017,3/12,62,MET/CON
BR-2018,18/27,69,CON
BR-2019,12/30,3773,GRS
BR-2020,14/32,2969,GRS
BR-2021,18/27,59,MET
BR-2023,11/29,79,CON
BR-2024,8/17,69,CON
BR-2025,7/16,59,MET
BR-2026,11/36,59,CON
BR-2027,12,69,GRS
BR-2028,12,62,GRS
BR-2029,2/11,62,CON
BR-2030,9,59,CON
BR-2031,9/27,3281,ASP
BR-2032,30,66,CON
BR-2033,12/30,2297,GRS
BR-2034,3/21,2625,GRS
BR-2035,5/23,3281,GRE
BR-2036,09/27,3281,GRE
BR-2037,18/36,3281,GVL
BR-2038,32,66,CON
BR-2039,9/27,2297,GRE
BR-2040,7/25,3281,GVL
BR-2041,17/35,2625,GRE
BR-2042,5/23,4101,ASP
BR-2043,9/27,89,CON
BR-2045,12/30,2953,ASP
BR-2046,18/36,2461,GRE
BR-2047,24/33,66,MET
BR-2048,10/28,2297,GRS
BR-2049,22/31,59,CON
BR-2050,11/20,59,CON
BR-2051,12/30,1640,GRS
BR-2052,4/22,3609,GRS
BR-2053,1/25,85,CON
BR-2054,8/26,1640,ASP
BR-2055,8/26,3609,GRE
BR-2056,17/35,2608,ASP
BR-2057,6/24,2953,GRE
BR-2058,14/22,62,ASP
BR-2060,18,79,CON
BR-2061,3/21,2625,GRS
BR-2062,10/28,3937,GVL
BR-2063,4,69,CON
BR-2064,30,62,GRS
BR-2065,9/27,59,GRS
BR-2066,6,69,GRS
BR-2068,12/30,2264,GRS
BR-2070,6/24,3839,ASP
BR-2071,11/29,62,ASP
BR-2072,15/33,3609,GVL
BR-2073,16/34,3281,GRE
BR-2074,5/23,3937,ASP
BR-2075,14/32,3281,GRE
BR-2076,6/24,2133,ASP
BR-2078,7/25,3609,GRE
BR-2079,7/25,1969,GRS
BR-2080,3/21,2953,GRS
BR-2081,14/32,3117,GRS
BR-2082,13/31,66,CON
BR-2083,13/31,1969,GRS
BR-2084,16/34,4331,ASP
BR-2085,1/19,2297,GRS
BR-2086,4/22,2625,GRE
BR-2087,3/21,3619,GRVL/PIÇ
BR-2088,15/33,3281,GRS
BR-2089,16/34,3281,GRS
BR-2090,17/35,2625,GRE
BR-2092,7/25,2953,ASP
SS8C,14/32,3281,GRS
SS8C,18/36,2133,GRS
BR-2094,09/27,1772,GRE
BR-2095,3/21,1509,GRS
BR-2096,18/36,2625,GRE
BR-2097,7/25,3281,GRS
BR-2099,9/29,79,ASP
BR-2100,18/36,75,CON
BR-2101,18/36,2789,GRS
BR-2102,8/26,3937,GRE
BR-2103,1/19,4593,GRE
BR-2104,9/27,2953,ASP
BR-2105,7/25,1804,GRE
BR-2106,18/36,2133,GVL
BR-2107,2/20,3609,GRE
BR-2108,6/24,4921,GRE
BR-2111,4/22,62,CON
BR-2113,14/32,2953,GRS
BR-2114,17/35,3002,ASP
BR-2115,11/29,62,CON
BR-2116,15/33,3937,GVL
BR-2117,12/30,3609,GRE
BR-2119,1/19,4921,GRE
BR-2120,3/21,2625,GRS
BR-2121,11/29,3609,GVL
BR-2122,16/34,3248,ASP
BR-2123,11/29,2953,GRS
BR-2124,3/21,3937,GRE
BR-2125,6/24,3937,ASP
BR-2126,5/23,3281,GRE
BR-2127,18/36,3281,GRE
BR-2128,7/25,1969,GRS
BR-2129,12/30,3281,GRS
BR-2130,12/30,2625,GRS
BR-2131,10,59,ASP
BR-2132,16/28,69,CON
BR-2133,23,59,CON
BR-2134,16/34,2625,GRS
BR-2134,3/21,2953,GRE
BR-2135,14/32,3281,GRS
BR-2136,18/36,2625,GRS
BR-2137,1/19,2625,ASP
BR-2139,12/30,2608,GRASS
BR-2140,18/36,2297,GRVL
BR-2141,02/20,2953,GRVL
BR-2142,4/H1,59,CON
BR-2143,17/35,2625,GRVL
BR-2148,13/31,3937,GRE
BR-2149,15/33,4921,ASP
SJD3,16/34,984,Earth
SJW3,03/21,3281,GVL
BR-2152,08/26,4993,CON
BR-2153,12/30,2953,GRE
SIBC,5/23,4593,ASP
BR-2155,18/36,4265,ASP
BR-2156,17/35,3281,ASP
BR-2157,13/31,3150,ASP
BR-2158,2/20,5184,ASP
SW1P,06/24,3284,ASP
BR-2160,16/34,4265,ASP
BR-2161,12/30,3609,ASP
BR-2162,8/26,3478,ASP
BR-2163,8/26,3937,ASP
SS8J,14/32,3786,ASP
BR-2165,18/36,3701,ASP
BR-2166,14/32,3609,ASP
BR-2167,15/33,3609,ASP
BR-2168,15/33,3478,ASP
BR-2169,09/27,4757,ASP
BR-2170,9/27,3937,ASP
BR-2171,12/30,3937,ASP
BR-2172,15/33,3609,ASP
BR-2173,2/20,3543,ASP
BR-2174,16/34,2789,ASP
BR-2175,13/31,4386,ASP
SSYD,12/30,4921,ASP
BR-2177,16/34,2789,ASP
BR-2178,15/33,4593,ASP
BR-2179,14/32,4921,ASP
BR-2180,12/30,3281,SAND
BR-2181,13/31,4101,CON
BR-2182,7/25,3527,ASP
BR-2183,14/32,4921,ASP
BR-2184,12/30,3609,ASP
SD03,01/19,4889,ASP
BR-2186,15/33,3937,ASP
BR-2187,5/23,6693,ASP
BR-2188,1/19,3937,ASP
BR-2189,15/33,4593,ASP
BR-2190,9/27,3346,ASP
SS1H,13/31,3937,ASP
BR-2192,5/23,1969,ASP
BR-2193,15/33,3937,ASP
BR-2194,8/26,5118,ASP
BR-2195,15/33,3937,ASP
BR-2196,09/27,3281,GVL
BR-2197,3/21,3281,ASP
BR-2198,16/30,3937,ASP
SBOM,16/34,3281,ASP
BR-2200,13/31,3937,ASP
BR-2201,17/35,3609,ASP
BR-2202,2/20,4134,ASP
BR-2203,18/36,4593,ASP
SSYO,10/28,5840,GRS
BR-2205,1/19,3281,GRE
BR-2206,3/21,3051,ASP
BR-2207,15/33,2625,GRS
BR-2208,5/23,3281,GRE
SIQX,12/30,1854,ASP
BR-2210,9/27,3937,GRS
BR-2211,11/29,3281,GRE
BR-2212,10/28,3937,ASP
BR-2213,5/23,4206,ASP
SS7W,12/30,3609,ASP
BR-2215,17/35,4921,ASP
BR-2216,12/30,3281,GRS
BR-2217,5/23,1969,GRS
BR-2218,14/32,4101,TER
BR-2219,6/24,3445,GVL
BR-2220,17/35,3937,ASP
BR-2221,6/24,3018,GRS
BR-2222,18/36,3281,ASP
BR-2223,13/31,4167,ASP
BR-2224,15/33,3281,ASP
BR-2225,16/34,3937,GRE
BR-2226,1/19,3281,GRE
BR-2227,11/29,3937,ASP
BR-2228,12/30,3937,ASP
SND4,17/35,4265,ASP
BR-2230,11/29,4265,GRE
BR-2231,8/26,3904,GRS
BR-2232,11/29,4199,GRS
BR-2233,15/33,2297,GRE
BR-2234,6/24,2625,GRE
BR-2235,11/29,2461,GRS
BR-2236,11/29,2953,Saibro
BR-2237,06/24,2625,TER
BR-2238,16/34,2871,GRE
BR-2239,26/35,59,CON
BR-2240,6/32,79,CON
SDOZ,23/35,79,GRS
BR-2242,5/24,66,MET
BR-2243,4/22,3937,ASP
BR-2244,18/27,62,CON
BR-2245,25/34,79,CON
BR-2246,10/28,2953,GRE
BR-2247,6/33,62,CON
BR-2248,11,39,Metal
SN9Y,04/22,2953,Earth
BR-2250,18/36,2461,GRS
BR-2251,10/20,79,GRS
BR-2252,10/28,2953,GRE
BR-2253,2/26,59,CON
BR-2254,12/30,2625,GRS
BR-2255,4/13,59,CON
BR-2256,14/32,2297,GRS
BR-2257,4/22,3281,GRE
BR-2258,22/31,69,CON
BR-2259,10/19,69,CON
BR-2260,18/27,66,GRS
BR-2261,14/32,59,WOOD
BR-2262,9/26,66,GRS
BR-2263,2/11,62,CON
SDIA,28,69,MET
BR-2265,15/33,2297,GRE
BR-2266,2/20,2625,GRE
BR-2267,16/22,79,CON
BR-2268,3/21,2854,GRE
BR-2269,13/31,2723,GRE
BR-2270,2/20,1969,GRS
BR-2271,10/28,3707,GRE
BR-2272,4/13,69,CON
BR-2273,14/32,2953,GRE
BR-2274,17/35,4675,ASP
BR-2275,15,69,GRS
BR-2276,12/30,3281,GRE
BR-2277,13/31,3609,ASP
BR-2278,8/26,2100,GRS
BR-2279,15/33,3609,GRE
BR-2280,12,62,CON
BR-2281,16/34,2461,GRS
BR-2283,1/10,79,CON
BR-2284,1/28,148,CON
BR-2285,19/36,62,MET
BR-2286,3/21,3281,GRS
BR-2287,H1/10,59,CON
SI21,1/19,3281,ASP
BR-2290,8/30,69,CON
BR-2291,12/30,2395,GRS
BR-2292,3/9,59,CON
BR-2293,16/34,79,GRS
BR-2294,8/17,59,CON
BR-2295,15/33,2625,ASP
BR-2296,10/26,2625,GRS
BR-2297,17/35,1969,GRS
BR-2298,18/28,59,CON
SIOR,12/30,2231,GRE
BR-2300,5/15,59,CON
SDWC,7/25,3117,GRE
BR-2302,6/24,66,ASP
BR-2303,23/32,79,CON
BR-2304,10/28,2625,GRS
BR-2305,14/23,69,CON
BR-2306,13/22,59,CON
BR-2307,07/25,3281,GVL
SDZR,7,59,MET
BR-2309,5/23,2297,GRE
BR-2310,13/31,59,GRS
BR-2311,1/19,59,GRS
BR-2312,3/21,2461,ASP
BR-2313,6/24,2953,GRS
BR-2314,18/36,2953,GRS
BR-2315,13/31,1969,GRE
BR-2316,1/19,2297,GRS
BR-2317,9/27,3281,GRE
BR-2318,6/33,59,ASP
BR-2319,17/35,2625,GRS
BR-2320,17/35,1640,TER
BR-2321,7/16,59,CON
BR-2322,9/27,59,CON
BR-2323,4/22,2953,GRE
BR-2324,6/24,3281,GRE
BR-2325,3/21,59,CON
BR-2326,14/32,2625,GRS
BR-2327,7/25,2953,GRS
BR-2328,4/22,2953,GRS
SIIQ,27/36,98,ASP
BR-2330,7/25,2625,GRS
BR-2331,21/30,59,CON
BR-2332,16/34,66,CON
BR-2333,16/34,2625,GRS
SIIB,24,69,GRS
BR-2335,1/19,3281,GRE
BR-2336,12/30,2625,GRE
BR-2337,13/31,2953,GRE
BR-2338,19,62,GRS
BR-2339,H1/H1,79,CON
BR-2340,13,79,GRS
BR-2341,6/15,79,GRS
BR-2342,5/23,3773,GRS
BR-2343,9/27,2953,GRS
BR-2344,1/19,2789,GRS
BR-2345,10/28,3366,GRS
BR-2346,11/26,59,CON
BR-2347,12,79,CON
BR-2348,9/27,4528,ASP
BR-2349,6/24,2953,GRS
BR-2350,9/18,62,CON
BR-2351,8/31,108,CON
BR-2352,18/36,2953,GRS
BR-2353,12/30,1969,GVL
BR-2354,13/31,2953,GRE
BR-2355,11/29,59,GRS
BR-2356,14/32,1969,GRS
BR-2357,18/36,2625,ASP
BR-2358,18/36,3609,ASP
BR-2359,15/33,2625,GRS
BR-2360,2/23,92,CON
BR-2361,H1/H1,59,GRS
BR-2362,12,69,CON
BR-2363,9/27,3117,ASP
BR-2364,10/28,3773,GRE
BR-2365,19,79,CON
BR-2366,24/33,59,CON
BR-2367,1/19,2625,ASP
BR-2368,9,62,CON
BR-2369,H1/H1,62,GRS
BR-2370,4/31,66,GRS
BR-2371,2/20,108,CON
BR-2372,1/19,1969,GRS
BR-2373,16/28,59,CON
BR-2374,1/19,1969,GRE
BR-2375,18/34,92,CON
BR-2376,4/13,79,MET
BR-2377,14/32,3609,GRS
BR-2378,10,66,GRS
BR-2379,3/21,62,CON
BR-2380,14/32,1969,GRS
BR-2381,12/21,59,CON
SIQH,4/22,2953,GRE
BR-2383,6/24,2133,GRS
BR-2384,11/29,3215,GRE
BR-2385,7/34,92,CON
BR-2386,2/20,2625,GRE
BR-2387,9/27,62,CON
BR-2388,23/32,62,CON
BR-2389,04/22,3281,GVL
BR-2390,10/32,69,CON
BR-2391,18/36,2297,GRS
BR-2392,18/36,3281,GRS
BR-2393,3/21,2625,ASP
BR-2394,18/36,3281,ASP
BR-2395,1/19,1804,GRS
BR-2396,9/27,3281,GRS
BR-2397,12/30,3937,ASP
BR-2398,10/28,1969,GRS
BR-2399,H1/H1,33,CON/GRS
BR-2400,5/23,3150,ASP
BR-2401,7/25,2592,GRE
BR-2402,18/36,59,CON
BR-2403,7/16,66,CON
BR-2404,8/35,62,CON
BR-2405,22,69,CON
BR-2406,25,62,GRS
BR-2407,6/24,2789,ASP
BR-2408,6/24,3281,GRS
BR-2409,17/30,69,CON
SIRB,29,66,CON
BR-2411,3/21,92,CON
BR-2412,11/29,2789,GRS
BR-2413,21,59,CON
BR-2414,12/30,2625,GVL
BR-2415,9,59,CON
BR-2416,2,62,CON
BR-2417,1/19,3281,GRS
BR-2418,12,59,CON
BR-2419,3/12,69,CON
SWKG,2/20,69,GRS
BR-2421,12/30,2625,GRE
BR-2422,14/32,3051,ASP
BR-2423,11,59,GRS
BR-2424,9/18,102,CON
BR-2425,12/30,3281,GRE
BR-2426,19/31,75,CON
BR-2427,15/33,2789,ASP
BR-2428,8/26,1969,GRE
BR-2429,7/36,66,CON
BR-2430,10/28,3937,GRE
BR-2431,18/36,2625,ASP
BR-2432,1/19,2625,GRS
BR-2433,9/27,1640,ASP
BR-2434,22/33,72,MET
SD1E,9/27,2625,Piçarra
BR-2436,22,69,GRS
BR-2437,2/20,2395,GVL
BR-2438,17/35,1969,GRE
BR-2439,21,66,CON
BR-2440,14/32,3609,GVL
BR-2441,17,75,GRS
BR-2442,2/20,2953,GRS
BR-2443,12/30,2133,GRS
BR-2444,17/29,66,CON
BR-2445,7,79,CON
BR-2446,H1/H1,59,MET
BR-2447,4/22,2953,GRS
BR-2448,1/19,3117,ASP
BR-2449,15,69,GRS
BR-2450,2/12,62,GRS
BR-2451,16/34,3281,GRS
BR-2452,01/19,2625,GRE
BR-2453,10/28,2133,GRS
BR-2454,3/21,2953,GRS
BR-2455,07/25,4528,GVL
SJVJ,5/30,82,CON
BR-2457,8/26,3281,GRE
BR-2458,3/21,3281,ASP
BR-2459,24,69,CON
BR-2460,12/30,2297,GRE
BR-2461,2/20,3215,ASP
BR-2462,13/31,3281,ASP
BR-2463,10/28,1969,GRE
BR-2464,13/31,3937,GRE
SNL6,18/36,1575,GRS
SIAJ,12/30,3609,GVL
BR-2467,11/20,66,CON
BR-2468,H1/H1,39,CON
BR-2469,2/20,3937,ASP
BR-2470,10/28,1378,GRS
BR-2471,21,66,MET
BR-2472,17/35,2625,ASP
BR-2473,15/33,3281,GRE
BR-2474,12/30,3937,ASP
BR-2475,18,59,WOOD
BR-2476,11,64,GRS
BR-2477,9/27,2953,GVL
BR-2478,14/32,2297,GRE
BR-2479,7/25,2953,GRE
BR-2480,10,69,CON
BR-2481,8/26,2625,ASP
BR-2482,15/33,3281,GVL
BR-2483,01/19,2625,GVL
BR-2484,01/19,2953,GRS
BR-2485,10/28,3281,GRS
BR-2486,28/36,62,CON
BR-2487,1/19,3609,ASP
SI08,6,69,CON
BR-2489,14/32,3937,GVL
BR-2490,14/32,3445,ASP
BR-2491,3/21,3281,ASP
BR-2492,11/29,2625,GRE
BR-2493,4/22,3215,ASP
SJE5,9/27,3609,GRS
BR-2495,6/33,66,CON
BR-2496,18/36,3281,GRS
BR-2497,18/36,2625,ASP
BR-2498,9/27,3937,GRE
BR-2499,19/28,59,CON
BR-2500,6/24,2625,ASP
BR-2501,06/24,3281,GRS
BR-2502,1/19,2625,GRE
BR-2503,10/20,3478,GRS
BR-2504,16/34,2789,GRS
BR-2505,15/33,2625,GRS
BR-2506,6/24,1969,GRE
BR-2507,7/25,1804,ASP
BR-2508,6/24,1640,GVL
BR-2509,11/29,2789,GRS
BR-2510,18/36,2625,GRE
BR-2511,4/31,79,CON
BR-2512,2/20,2625,GRS
BR-2513,14/32,1640,ASP
BR-2514,9/27,3281,ASP
BR-2515,15/33,3117,GRE
BR-2516,10/28,3281,ASP
BR-2517,9/27,2621,GRS
BR-2518,15/33,3871,ASP
BR-2519,18/36,3084,GRS
BR-2520,04/22,2887,GVL
BR-2521,08/26,1640,GVL
BR-2522,4/22,1969,ASP
BR-2523,1/19,1969,ASP
BR-2524,8/26,1640,ASP
BR-2525,10/28,3937,ASP
BR-2526,20,66,CON
BR-2527,10/28,3281,GRE
BR-2528,6/24,2297,ASP
BR-2529,06/24,3117,GVL
BR-2530,17/35,2953,GVL
BR-2531,22/31,69,CON
BR-2532,8/26,3937,ASP
BR-2533,4/22,1985,ASP
BR-2534,23/32,59,CON
BR-2535,10/28,3609,ASP
BR-2536,9/27,3281,ASP
BR-2537,06/24,4593,GVL
BR-2538,05/23,3609,GVL
BR-2539,5/23,2953,ASP
BR-2540,3/21,2625,ASP
BR-2541,15/33,1969,GRS
BR-2542,14/34,62,CON
BR-2543,5/23,2625,GRS
BR-2544,14/32,3281,GVL
BR-2545,10/28,3281,GRS
SDD7,07/25,2953,GVL
BR-2547,16/25,59,GRS
BR-2548,11/29,62,CON
BR-2549,11/29,3642,ASP
BR-2550,13,66,GRS
BR-2551,4,79,ASP
BR-2552,12/21,69,CON
SD8T,8/26,2625,GRS
BR-2554,8/26,2297,ASP
BR-2555,5/23,4921,GVL
BR-2556,2/20,1995,GRS
BR-2557,10/28,2625,ASP
BR-2558,16/34,1640,GRE
BR-2559,15/33,2625,GRE
BR-2560,14/32,3281,ASP
BR-2561,21,62,GRS
BR-2562,13/31,5085,GRE
BR-2563,18,66,CON
BR-2564,18/36,2972,GRS
BR-2565,18/36,1509,GRS
BR-2566,18/36,3117,ASP
BR-2567,10/28,3937,GVL
BR-2568,4/22,1969,GVL
BR-2569,18,66,CON
BR-2570,9/27,3937,GRE
BR-2571,3/21,2625,GRE
BR-2572,12/30,3281,GRS
BR-2573,6/31,95,CON
BR-2574,3/21,1926,GRS
BR-2575,9/27,1804,GRS
BR-2576,16/34,2625,GRS
BR-2577,27,59,GRS
BR-2578,13/31,3937,ASP
BR-2579,29,79,CON
BR-2580,13/31,3281,GRS
BR-2581,9/27,2625,GRE
BR-2582,23,69,CON
BR-2583,9/27,69,CON
BR-2584,30,69,CON
SI5N,12/30,3281,ASP
BR-2586,23/28,62,GRS
BR-2587,9/27,3281,GRE
BR-2588,9/27,2297,GRS
BR-2589,15/33,2621,GRE
BR-2590,24,66,GRS
BR-2591,17/35,2297,GRS
BR-2592,11/29,2231,GRE
BR-2593,15/33,2231,ASP
BR-2594,7/25,1969,GRS
BR-2595,8/26,1969,GRS
BR-2596,3/21,1969,GRS
BR-2597,10/28,1969,GRS
BR-2598,3/21,2625,GRS
BR-2599,3/21,3281,GRE
BR-2600,3/21,2625,GRE
BR-2601,9/27,1969,ASP
BR-2602,18/36,2625,GRE
BR-2603,6/24,69,GRS
BR-2604,9/27,3281,ASP
BR-2605,6/24,4921,GRS
BR-2606,1/14,98,CON
BR-2607,6,66,CON
BR-2608,11/29,1969,GRE
SD1D,6/24,3937,GRE
SNNC,10/28,1640,GRS
BR-2611,1/19,3609,GRE
BR-2612,15/33,3215,ASP
BR-2613,4/34,62,GRS
BR-2614,17/35,2953,GRS
BR-2615,9/27,59,GRS
BR-2616,18/36,3281,ASP
BR-2617,13,69,CON
BR-2618,13/31,2297,GRE
BR-2619,3/21,3937,GRS
BR-2620,15/33,4265,GRS
BR-2621,7/25,3281,ASP
BR-2622,16/34,2625,GRS
BR-2623,14/32,3281,ASP
BR-2624,4/22,2559,GRS
BR-2625,4/22,2953,GRS
SNR4,7,79,CON
BR-2627,21,69,CON
BR-2628,13/31,4265,ASP
SJIF,4/22,5249,GRE
BR-2630,17/26,82,CON
BR-2631,2/20,3281,ASP
BR-2632,12/30,3937,GRE
BR-2633,21/34,66,CON
BR-2634,21/30,69,CON
BR-2635,2/20,2625,GRE
BR-2636,20,62,CON
BR-2637,7/25,2362,ASP
BR-2638,6/24,2231,ASP
BR-2640,9/27,2625,GRE
BR-2641,14,66,GRS
BR-2642,16/34,2231,ASP
BR-2643,1/19,4265,ASP
BR-2644,16/34,2789,ASP
BR-2645,14/32,82,CON
BR-2646,9/27,2953,GRE
BR-2647,5/23,1942,CON
BR-2648,15/33,3281,GRE
BR-2649,H1,69,GRS
BR-2650,9/27,2953,GRE
BR-2651,7/25,1969,ASP
BR-2652,6/24,2461,GRS
BR-2653,6/24,2625,GRE
BR-2654,12/15,79,GRS
BR-2655,04/22,1969,GVL
BR-2656,17/35,2625,GRS
BR-2657,18/36,3937,GRE
BR-2658,9/27,3937,GRE
BR-2659,1/19,2461,ASP
BR-2660,11/29,3117,ASP
BR-2661,3/21,4921,ASP
BR-2662,32,62,CON/MET
BR-2663,10,66,CON
BR-2664,16/34,3281,ASP
BR-2665,7/25,3937,GVL
BR-2666,7/25,1969,GRS
BR-2667,9/27,1804,CON
SWAW,31,66,CON
BR-2669,12/30,1969,GVL
BR-2670,15/33,62,CON
BR-2671,8/26,1969,GRE
BR-2672,8/26,3281,ASP
BR-2673,18/36,4593,GRE
BR-2674,12/30,2428,GRS
BR-2675,35,72,CON
BR-2676,18/36,2953,ASP
BR-2677,7/25,1312,ASP
BR-2678,12/30,2953,GVL
BR-2679,3/21,2625,GRS
BR-2680,18/36,3281,GVL
BR-2681,4,59,CON
BR-2682,6,72,CON
BR-2683,5/23,1936,ASP
BR-2684,3/29,69,CON
BR-2685,10/28,2953,GRE
BR-2686,5/23,3990,ASP
BR-2687,2/20,2297,GRE
BR-2688,6/24,1969,GRE
BR-2689,08/26,2133,GVL
BR-2690,1/19,2953,ASP
BR-2691,27,79,CON
BR-2692,24,69,CON
BR-2693,16/34,1969,GRS
BR-2694,9/27,3609,GRS
BR-2695,18/36,3281,GRS
BR-2696,14/32,3609,GVL
BR-2697,16/34,2625,GRS
BR-2698,7/11,92,CON
BR-2699,3/29,66,CON
BR-2700,7/30,72,MET
BR-2701,,62,ASP
BR-2702,18/36,2953,GRS
BR-2703,25,66,GRS
BR-2704,18/36,3773,ASP
BR-2705,8/26,1969,GRS
BR-2706,12/30,1345,GRE
BR-2707,13/31,3150,GRE
SJU3,1/19,4593,ASP
BR-2709,2/20,1903,GRS
BR-2710,15,59,CON
BR-2711,6/24,4265,GRS
BR-2712,17/26,59,CON
BR-2713,10/28,3937,GRE
BR-2714,9/27,3281,GRS
BR-2715,9,59,CON
BR-2716,12/32,62,CON
BR-2717,8/32,79,CON
BR-2718,10/28,3281,ASP
BR-2719,3/21,3281,ASP
BR-2720,17/35,3281,GRS
BR-2721,15/24,62,CON
BR-2722,3/21,1969,ASP
SJ1L,3/21,2625,ASP
BR-2724,9/18,66,CON
BR-2725,18/36,2953,ASP
BR-2726,7/25,3937,ASP
BR-2727,7/25,1640,
BR-2728,3/21,4265,GRE
BR-2729,18/36,3281,GRE
BR-2730,8/26,2592,GRE
BR-2731,4/22,3937,GRE
BR-2732,12/30,3445,ASP
BR-2733,11/29,3937,ASP
BR-2734,4/22,3281,GRE
BR-2735,12/30,2953,GRS
BR-2736,8/26,3937,ASP
BR-2737,06/24,66,CONC
BR-2738,18/36,1378,GRS
BR-2739,2/11,69,GRS
BR-2740,14/32,1640,GRE
BR-2741,08/26,2297,GVL
BR-2742,8,59,GRS
BR-2743,6/24,2953,GRE
BR-2744,34,59,CON/MET
BR-2745,27,66,GRS
BR-2746,28,69,CON
BR-2747,2/20,3609,GRS
BR-2748,17/35,3281,ASP
BR-2749,11/29,3445,GRE
BR-2750,10/28,3773,GVL
BR-2751,2/20,4429,ASP
BR-2752,6/24,2625,GRS
BR-2753,14/32,2841,GVL
BR-2754,14/32,2953,ASP
SJB3,16/34,2625,GRS
BR-2756,10/28,2100,GRS
BR-2757,14/32,4593,GVL
BR-2758,6/24,2297,GRE
BR-2759,10/28,2953,ASP
BR-2760,10/28,5249,GRS
BR-2761,3/21,1804,ASP
BR-2762,11/29,2625,GRS
BR-2763,06/24,2625,Piçarra
BR-2764,14/32,2625,ASP
BR-2765,1/19,2297,ASP
BR-2766,11/29,3182,Sand
BR-2767,11/29,1969,ASP
BR-2768,2/20,3937,ASP
SSOP,6/24,1969,ASP
BR-2770,9/27,3609,ASP
BR-2771,17/35,2789,GRE
BR-2772,10/28,6562,ASP
BR-2773,13/31,3937,ASP
BR-2774,11/29,3937,GRS
BR-2775,18/36,3937,GRE
BR-2776,16/34,5650,GRE
BR-2777,6/24,1312,GRE
BR-2778,12/30,2953,GRE
BR-2779,13/31,1969,ASP
BR-2780,3/21,1969,GRE
BR-2781,17/35,3937,ASP
BR-2782,2/20,4921,GRE
BR-2783,12/30,2953,GRS
BR-2784,15/33,2953,GRE
BR-2785,11/29,3773,GRE
BR-2786,15/33,3412,GRE
BR-2787,3/21,2953,ASP
BR-2788,6/24,3937,GRS
BR-2789,10/28,3822,GRS
BR-2790,16/34,2297,ASP
BR-2791,13/31,1969,GRE
BR-2792,16/34,3609,ASP
BR-2793,9/27,3379,GVL
BR-2794,10/28,3773,ASP
BR-2795,10/28,1640,Saibro
BR-2796,9/27,3609,ASP
BR-2797,13/31,3543,ASP
BR-2798,24/33,59,CON
BR-2799,2,62,ASP
BR-2800,2/20,2625,ASP
BR-2801,2/20,3937,GVL
BR-2802,16/34,2625,ASP
BR-2803,8/26,2297,GRS
BR-2804,9/27,2625,GRS
BR-2805,4/22,1640,GRE
BR-2806,14/32,2362,ASP
BR-2807,17/35,2953,GRE
BR-2808,9/27,3281,ASP
BR-2809,05/23,2952,GVL
BR-2810,11/29,1969,GRE
BR-2811,16,69,CON
BR-2812,H1/H1,62,GRS
BR-2813,14/32,2133,GRE
BR-2814,4/22,3281,GRE
BR-2815,10/28,3330,ASP
BR-2816,18/36,3281,GVL
BR-2817,5/15,92,CON
BR-2818,13/31,4101,GRE
BR-2819,19/28,59,CON
BR-2820,1/19,3281,GRS
BR-2821,4/22,62,CON
BR-2822,11/29,3658,ASP
BR-2823,15/33,2625,GRS
BR-2824,9/27,2625,GRS
BR-2825,1/19,2953,GRS
BR-2826,6/15,66,CON
BR-2827,3/21,2297,ASP
BR-2828,4/22,69,GRS
BR-2829,4/22,3937,GVL
BR-2830,1/19,1969,GRE
BR-2831,17/35,5906,ASP
BR-2832,10/28,2953,GVL
BR-2833,2/23,66,CON
BR-2834,10/28,2625,ASP
BR-2835,17/35,2395,GRE
BR-2836,6/24,62,CON
BR-2837,1/19,2854,GRS
BR-2838,9/27,2986,GRE
BR-2839,4/22,3281,PIC
BR-2839,6/24,4265,Earth
BR-2840,6/15,79,CON
BR-2841,9/27,2192,ASP
SD14,11/29,3215,GRE
BR-2843,6/24,2625,GRS
BR-2844,2/29,62,CON
SSGS,1/19,3609,GRS
BR-2846,17/35,3281,GRS
BR-2847,9/27,3445,ASP
BR-2848,16/34,2690,ASP
BR-2849,1/19,3445,ASP
BR-2850,18/36,1969,ASP
BR-2851,9/27,1969,GRS
BR-2852,11/29,2625,GRE
BR-2853,15/33,2198,GRE
BR-2854,25/34,59,WOOD
BR-2855,11/29,3937,GRS
BR-2856,2/20,3281,GRS
BR-2857,11/29,3445,ASP
SNZY,6/24,3215,ASP
BR-2859,4/22,3281,GRE
BR-2860,12/30,3445,ASP
BR-2861,15/33,3937,ASP
BR-2862,16/34,3445,GVL
BR-2863,6/24,2625,GRE
BR-2864,15/33,2953,GRS
SD5T,5/23,3445,GRE
BR-2866,5/23,3773,SAND
BR-2867,8/26,3445,GRS
BR-2868,2/20,3937,ASP
BR-2869,17/35,3281,GRS
BR-2870,1/19,3609,ASP
BR-2871,12/30,3281,GRS
BR-2872,1/19,2297,ASP
BR-2873,10/28,2297,GRS
BR-2874,12,66,CON
BR-2875,13/31,2297,GRS
BR-2876,5/23,2953,ASP
BR-2877,04/22,4593,GRE
BR-2878,8/26,3281,GRE
BR-2879,14/32,3281,GVL
BR-2880,6/24,1969,GVL
BR-2881,23/32,59,CON
BR-2882,21/30,66,CON
BR-2883,8/26,3937,GRE
BR-2884,06/24,1969,GVL
BR-2885,9/27,3609,ASP
BR-2886,7/25,3150,GRE
BR-2887,18/36,5085,ASP
BR-2888,18/36,3117,GRE
BR-2889,12/30,1772,ASP
BR-2890,17/35,1542,GRS
BR-2891,31,59,CON
BR-2892,16/34,2297,ASP
BR-2893,14/32,3281,ASP
BR-2894,8/26,2625,GRS
BR-2895,6/24,2953,GRE
BR-2896,2/20,1969,ASP
BR-2897,2/11,69,CON
BR-2898,18/36,2461,GRS
BR-2899,7/25,2756,ASP
BR-2900,18/36,3281,ASP
BR-2901,18/36,2625,ASP
BR-2902,11/29,2953,GRE
BR-2903,1/19,2297,GRE
BR-2904,18/36,2625,GRS
BR-2905,10/28,1969,GRS
BR-2906,2/20,3281,GRS
BR-2907,17/35,3609,GRE
BR-2908,18/36,3937,GRE
BR-2909,3/21,2297,GRS
BR-2910,6/24,1870,GRS
BR-2911,9/27,2133,GRS
BR-2912,4/22,3150,GRS
BR-2913,9/27,2297,GRS
BR-2914,17/35,3606,GRS
BR-2915,6/24,2625,GRS
BR-2916,5/29,59,CON
BR-2917,5/23,1969,GRS
BR-2918,8/26,3281,GRS
BR-2919,2/20,2625,GRS
BR-2920,4/22,2789,GRS
BR-2921,4/22,2625,GRS
BR-2922,15/33,3281,GRE
BR-2923,16/34,3609,GRS
BR-2924,18/36,2953,GRE
BR-2925,13/31,3445,GRS
BR-2926,2/20,2297,GRS
BR-2927,11/29,2953,GRE
BR-2928,5/23,3609,ASP
BR-2929,9/27,2392,GRS
BR-2930,18/36,2487,ASP
BR-2931,2/20,3117,GRS
BR-2932,15/33,2953,GRE
BR-2933,11/29,3281,ASP
BR-2934,18/36,3281,GRS
BR-2935,13/31,2625,GRE
BR-2936,15/33,2969,GRS
BR-2937,15/33,1969,GRS
BR-2938,4/22,2822,ASP
BR-2939,3/21,3609,GRS
BR-2940,5/23,2887,GRE
BR-2941,8/26,3937,GRE
BR-2942,17/35,3281,GRE
BR-2943,7/25,2625,GRS
BR-2944,15/33,3668,ASP
BR-2945,16/34,3609,GRS
BR-2946,3/21,2625,GRS
BR-2947,13/31,2641,GRS
BR-2948,5/23,2133,GRE
BR-2949,2/20,2953,GRS
BR-2950,1/19,2625,GRS
BR-2951,4/22,3281,ASP
BR-2952,7/25,3937,GVL
SS94,1/19,1969,GRS
BR-2954,1/19,3281,GRE
BR-2955,6/24,2953,GRS
BR-2956,9/27,2625,SAND
BR-2957,11/29,3609,ASP
BR-2958,16/34,2625,GRS
BR-2959,8/26,2789,GRS
BR-2960,3/21,2559,ASP
BR-2961,14/33,66,GRS
BR-2962,9/18,59,ASP
BR-2963,7/25,2133,GRE
SD5Y,3/21,4265,GRE
BR-2965,5/23,2953,ASP
BR-2966,24,66,CON
BR-2967,21/35,59,CON
BR-2968,9/27,2625,ASP
BR-2969,9/27,1969,GRS
BR-2970,1/19,3904,GRE
BR-2971,18/36,2493,GRS
BR-2972,11/29,2297,GRE
BR-2973,16/34,3937,ASP
BR-2974,2/20,1969,GRE
BR-2975,18/36,66,CON
BR-2976,8/26,2625,GRS
BR-2977,10/28,2133,ASP
BR-2978,13/31,3937,GRS
BR-2979,10/28,1969,GRE
BR-2980,4/22,1985,GRS
BR-2981,9/27,2822,GRE
BR-2982,9,69,CON
BR-2983,3/29,79,GRS
BR-2984,1,79,CON
BR-2985,7/25,59,CON
BR-2986,8/26,4757,GRS
BR-2987,13/31,3937,GRE
SJ18,11/29,3939,Earth
BR-2989,4/22,2625,GRS
BR-2990,17/35,3937,GRS
BR-2991,14/32,3937,ASP
BR-2992,5/23,3281,GRS
BR-2993,2/20,3281,GRS
BR-2994,18/36,2034,GRS
BR-2995,18/36,2625,GRS
BR-2996,3/21,3281,GRS
SSOW,11/29,2953,ASP
SSOW,14/32,2428,GRE
BR-2998,3/21,1969,GRS
BR-2999,10/28,3281,ASP
BR-3000,5/23,2625,ASP
BR-3001,4/22,2297,GRS
BR-3002,09/27,3182,GRE
BR-3003,12/30,1903,GRS
BR-3004,4/22,2953,GRS
BR-3005,6/24,3937,GRE
BR-3006,6/24,2526,ASP
BR-3007,8/26,3609,ASP
BR-3008,09/27,3117,GVL
BR-3009,7/34,59,CON
SNMP,8/17,59,CON
BR-3011,2/20,2789,ASP
BR-3012,8/26,2297,ASP
BR-3013,19,69,CON
BR-3014,8/26,1969,GRS
BR-3015,5/23,66,CON
BR-3016,18/36,2953,ASP
BR-3017,9/27,3281,GRE
BR-3018,17/35,5033,ASP
BR-3019,03/21,4390,GVL
BR-3019,14/32,3281,GRS
BR-3020,9/27,2953,ASP
BR-3021,3/21,56,CON
BR-3022,9/27,3609,GVL
BR-3023,3/21,56,CON
BR-3024,18/36,2707,GRS
BR-3025,14/32,2625,GRE
BR-3026,5/23,1969,GRS
BR-3027,11/29,2953,GRE
BR-3028,H1/H1,98,ASP
BR-3029,18/36,4134,GRE
BR-3030,10/28,2625,GRS
BR-3031,1/19,2592,ASP
BR-3031,8/26,3937,GRVL
BR-3032,2/20,3445,ASP
BR-3033,16/34,2953,GVL
BR-3034,10/28,2428,ASP
BR-3035,9/27,3609,ASP
BR-3036,3/21,3937,GRS
BR-3037,4/22,1969,GRS
BR-3038,1/19,3445,GRS
BR-3039,4/22,2625,GRE
BR-3040,15/33,2297,ASP
SS6D,04/22,4921,ASP
BR-3042,1/19,3937,ASP
BR-3043,3/21,1969,GRE
BR-3044,10/28,3281,GRS
BR-3045,9/27,2625,ASP
BR-3046,9/27,2625,ASP
BR-3047,18/36,4921,ASP
BR-3048,2/20,2953,GRE
BR-3049,1/19,3281,GRE
BR-3050,12/30,2625,GRE
BR-3051,16/34,3937,GRE
BR-3052,9/27,2789,GRS
BR-3053,3/21,3281,GRE
BR-3054,7/25,2953,GVL
BR-3055,9/27,2953,GRS
BR-3056,09/27,2854,GVL
BR-3057,03/21,5249,GRS
BR-3058,9/27,2953,GVL
BR-3059,5/23,4242,ASP
BR-3060,3/21,3281,ASP
SS9E,18/36,3281,GRE
BR-3062,9/27,3937,GVL
BR-3063,17/35,2953,GRS
BR-3064,4/22,3609,ASP
BR-3065,1/19,3281,GRE
BR-3066,18/36,3281,GRS
BR-3067,7/25,3904,ASP
BR-3068,1/19,2953,GRE
BR-3069,12/30,2953,GRE
BR-3070,3/21,2953,ASP
BR-3071,12/30,2789,ASP
BR-3072,10/28,3609,GRE
BR-3073,5/23,1969,ASP
BR-3074,1/10,72,GRS
BR-3075,18/36,3609,GRE
BR-3076,10/28,3445,ASP
BR-3077,2/20,2953,ASP
BR-3078,10/28,2953,GRE
BR-3079,10/28,2395,GVL
BR-3080,18/36,3281,GRE
BR-3081,3/21,4364,GRS
BR-3082,14/32,2625,GRE
SNP6,16/34,4101,GRS
BR-3084,16/34,3937,GRE
BR-3085,13/31,3445,ASP
BR-3086,14/32,5381,ASP
BR-3087,18/36,2953,GRE
BR-3088,15/33,2297,GRE
BR-3089,18/36,3445,ASP
BR-3090,6/24,3937,ASP
BR-3091,6/24,2953,GRE
BR-3092,1/19,3281,GRS
BR-3093,15/33,2953,GRE
BR-3094,7/25,2789,GRE
SIKS,1/19,2592,GRS
BR-3096,9/27,3937,ASP
BR-3097,18/36,3412,GVL
BR-3098,6/24,3281,GRE
BR-3099,4/22,3445,GRE
BR-3100,7/25,3937,ASP
BR-3101,3/21,3084,GRS
BR-3102,16/34,3609,SAND
BR-3103,3/21,59,CON
BR-3104,7/25,2592,ASP
BR-3105,9/27,3937,GRE
BR-3106,9/27,3379,ASP
BR-3107,18/36,3773,ASP
BR-3108,3/21,2953,GRS
BR-3109,6/24,3609,GRE
BR-3110,07/25,3281,GRS
BR-3111,16/34,2625,GVL
BR-3112,3/21,4101,ASP
BR-3113,8/26,4101,GRE
BR-3114,14/32,3281,GVL
BR-3115,2/20,3215,GRS
BR-3116,18/36,3281,GRE
BR-3117,1/19,2625,GRS
BR-3118,17/35,4429,ASP
BR-3119,7/25,3281,ASP
BR-3120,2/29,59,CON
BR-3121,18/36,2297,GRS
BR-3122,16/34,3609,GRE
BR-3123,13/31,2953,GRE
BR-3124,1/19,3937,GRE
BR-3125,9/27,2034,GRE
BR-3126,11/29,2461,GRE
BR-3127,18/36,2953,ASP
BR-3128,1/19,4101,GRE
BR-3129,13/31,3117,ASP
BR-3130,3/21,3379,ASP
BR-3131,05/22,4921,GRS
BR-3132,14/32,3281,GRE
BR-3133,8/26,4921,ASP
BR-3134,11/29,2953,GRE
BR-3135,13/31,3655,ASP
BR-3136,7/25,2133,GRE
BR-3137,10/28,4921,ASP
BR-3138,18/36,5249,GRE
BR-3139,H1/H1,66,CON
BR-3140,17/35,3937,ASP
BR-3141,3/21,3609,ASP
BR-3142,9/27,3281,ASP
BR-3143,16/34,3281,ASP
BR-3144,9/27,2789,GRS
BR-3145,8/26,2789,GVL
BR-3146,18/36,3281,GRE
BR-3147,02/20,2461,GVL
BR-3148,18/36,3281,GRE
BR-3149,16/25,59,CON
BR-3150,01/19,3937,GRE
BR-3151,09/27,4068,GVL
BR-3152,13/31,3609,ASP
BR-3153,4/22,2625,GRS
BR-3154,15/24,69,MET/CON
BR-3155,14/32,3609,GRS
BR-3156,9/27,3281,GRE
BR-3157,8/26,2625,GRE
BR-3158,2/11,59,CON
BR-3159,5/17,59,ASP
BR-3160,H1,62,ASP
BR-3161,14/32,2336,GRE
BR-3162,15/33,3642,GRE
BR-3163,23/32,59,CON
BR-3164,9/27,2625,ASP
BR-3165,9/27,2625,GRE
BR-3166,02/20,2297,GVL
BR-3167,14/32,2461,GRE
BR-3168,1/19,3281,ASP
BR-3169,5/23,3117,ASP
BR-3170,11/29,3281,ASP
SW1V,10/28,3937,GRE
BR-3172,8/26,2592,GRE
BR-3173,11/29,2625,GRE
BR-3174,6/24,3281,GRE
BR-3175,14/32,2625,ASP
BR-3176,9/13,62,CON
BR-3177,9/27,1969,CON
BR-3178,15/33,4987,ASP
BR-3179,1/19,2953,GRS
BR-3180,10/26,66,CON
BR-3181,1/19,2461,ASP
BR-3182,9/27,69,ASP
BR-3183,06/24,2887,Earth
BR-3184,15/24,69,CON
BR-3185,2/20,3773,ASP
BR-3186,10/28,2953,ASP
BR-3187,14/32,2625,GRE
SDUY,04/22,1640,Earth
SSWG,12/30,2953,GRE
BR-3190,18/36,3937,GRE
BR-3191,1/19,3281,GRVL
SI55,5/23,3281,GRASS
BR-3193,4/22,3281,GRVL
BR-3194,18/36,2986,GRASS
BR-3195,12/30,3937,GRVL
BR-3196,2/20,3937,GRVL
BR-3197,9/27,3937,GRVL
BR-3198,4/22,3281,PIÇ
BR-3199,12/30,1969,GRASS
BR-3200,1/22,98,CONC
BR-3201,2/11,108,CONC
BR-3202,6/30,69,CONC
BR-3203,26,69,GRASS
SS7D,4/13,89,CONC
SI05,27/36,66,CONC
BR-3206,3/21,3281,TER
BR-3207,14/23,69,CONC
BR-3208,25/34,62,CONC
BR-3209,15/33,62,CONC
BR-3210,17,59,CONC
BR-3211,12/30,2953,GRASS
BR-3212,12/30,3117,GRVL
BR-3213,18/36,3281,GRASS
BR-3214,17/35,2953,TER
BR-3215,H1/H1,69,CONC
BR-3216,3/21,3773,GRVL
BR-3217,7/12,52,CON
BR-3218,10/28,3412,GRVL
BR-3219,8/26,2625,GRVL
BR-3220,9/27,3117,GRAVEL
BR-3221,12/22,59,CONC
BR-3222,02/20,2953,CONC
BR-3223,14/32,3280,GRVL
BR-3226,01/19,4265,GVL
SD80,12/30,3051,GRE
BR-3234,H1,74,Concrete
BR-3235,H1,59,Concrete
BR-3236,12/30,2625,Graded Earth
BR-3237,18/36,2643,Turf
BR-3238,H1,72,Turf
SN78,10/28,2625,GRE
BR-3240,H1/H1,65,CON
BR-3241,11/29,2625,GRS
BR-3243,03/21,3609,Earth
SSTY,08/26,2100,GRS
SN65,09/27,4593,Earth
SSYQ,12/30,1640,GRS
SD01,02/20,3937,GVL
SD0A,01,59,GRS
SD05,05/23,3429,ASP
SD13,15/33,4593,ASP
SD02,09/27,3938,ASP
SD00,12/30,3939,Piçarra
SD06,18/36,3936,GVL
SD15,14/32,3282,GVL
SS7C,07/25,2953,GVL
SD19,08/06,3280,Earth
SD51,03/21,3934,GVL
SD50,14,66,CON
SD54,01/19,3495,GVL
SD58,06/24,4595,ASP
SD81,05/23,1969,GVL
SD91,02/20,3938,GVL
SD18,28,59,CON
SD17,15/33,3280,Earth
SN10,02/20,3932,GVL
SD20,03,56,GRS
SN12,12/30,3609,GVL
SDWQ,10/28,3280,asphalt
BS-0018,11/29,5000,ASP
VTSY,,5906,
64AR,18/36,3055,Turf
BW-0022,17/35,3353,Hard Sand
FBCT,13/31,3280,Calcrete
BW-0059,,3600,
BW-0059,,3800,
UMIO,05/23,9845,CON
UMDD,15/33,8202,CON
UMMI,01/19,2459,CON
BY-0022,07/25,7742,CON
UMNL,11/29,8114,CON
BY-9935,./.,,CLOSED
BY-9938,18/36,2379,C
BYA,05/23,2325,GRVL-P
BZ-0008,08/26,9022,ASP
MZCZ,07/25,2198,Asphalt
MZPG,07/25,2372,Asphalt
MZSJ,10/28,2510,
MZSP,06/24,,
MZKT,10/28,2887,GVL
KC00,17/35,2480,ASPH-G
KC01,09/27,2400,TURF-G
C07,07/25,2600,ASPH-G
KC11,08/26,2600,TURF-G
C23,04/22,6000,GRAVEL-F
KC25,11/29,3200,ASPH-F
KC37,03/21,1500,TURF-F
KC37,09/27,2440,TURF-F
KC37,15/33,1380,TURF-F
C39,ALL/WAY,10000,WATER
KC40,09/27,2600,TURF-F
KC40,18/36,2230,TURF-F
KC43,09/27,2314,TURF-G
KC44,17/35,1756,ASPH-E
C45,04/22,2784,ASPH-F
C45,18/36,2188,ASPH-TURF-F
KC54,H1,65,CONC-G
KC55,09/27,2640,TURF-G
KC56,09/27,5002,CONC-E
KC59,18/36,4423,ASPH-L
KC66,02/20,2899,ASPH-G
KC72,13L/31R,3800,TURF-F
KC72,13R/31L,2065,TURF-F
KC82,18/36,2590,TURF-G
KC86,18/36,2600,TURF-G
KC89,08L/26R,2343,TURF-G
KC89,08R/26L,2272,ASPH-E
KC92,18/36,2521,ASPH-G
C94,04/22,3400,TURF-G
KC97,18/36,3041,TURF-G
KC98,18/36,2000,TURF-F
CA-0012,1/19,3000,Hard Surfaced
CA-0012,13/31,3000,Hard Surfaced
CA-0012,6/24,3050,Hard Surfaced
CYKS,13/31,2500,Turf
CA-0084,04/22,5411,concrete
CA-0088,17/35,2800,"Turf, soft during spring thaw"
CGB3,05/23,1320,Turf
CA-0156,14/32,2700,ASP
CA-0156,2/20,2700,ASP
CA-0156,8/26,2700,ASP
CA-0159,01/19,1678,Stone Dust
CA-0159,09/27,3246,Stone Dust
CA-0208,,1800,Sand
CA-0234,N/S,2500,GVL
CA-0238,15/33,2675,ASP
CA-0239,08/26,5000,GVL
CFN6,14/32,3906,Gravel
CA-0304,08/26,1267,turf
CHF4,18/36,3988,TURF
CA-0380,08/26,2033,turf
CCH2,01/19,1400,TURF
CXX2,10/28,5378,GVL
CWH5,04/22,2920,GRS
CA-0412,14/32,6400,GVL
CA-0426,04/22,,GRS
CA-0428,16/34,3000,turf
CPH3,02/20,2200,Turf
CPH3,16/34,3200,Turf
CA-0443,03/21,2750,
CA-0444,12/30,2480,TURF
CA-0452,09/27,2000,TURF
CA-0454,08/26,2000,ASP
CA-0457,05/23,1200,Gravel
CA-0457,14/32,800,Gravel
CA-0464,18/36,4000,asphalt/gravel
CVL2,03/21,3187,ASP
CVL2,09/27,2998,ASP
CVL2,15/33,3076,GVL
CA-0504,12/30,6505,GVL
CNB6,06/24,1700,GRASS
CA-0508,09/27,3000,Grass
CWF3,13/31,2192,TURF
CA-0524,17/35,1000,"dirt, No winter maint."
CTH7,10/28,5384,Gravel
CA-0534,36/18,3000,Ice
CA-0536,03/21,1685,Grass
CA-0537,35/17,1800,grass
CA-0561,09/27,2700,TURF
CRN2,14/32,1753,Turf
CA-0589,,57,GRS
CA-0601,08/26,2110,ASP
CA-0682,12/30,2100,TURF
CA-0683,09/27,2000,WATER
CDU7,07/25,2000,TURF
CDU7,08/26,2000,WATER
CDU7,15/33,2000,TURF
CA-0750,08/26,2000,grass. 26 end has power lines 20ft from threshold. approx 50 ft
CSQ2,16/34,3238,turf
CBX3,15/33,3144,GRS
CA-0874,01/19,3500,Gravel
CEU9,04/22,3501,GVL
CA-0926,04/22,3261,GVL
CDJ8,04/22,1000,GRS
CA-0976,H,91,GVL
CGV4,,20,Wood
CHS2,,64,ASP
CA-1001,06/24,2900,TURF
CA-1003,14/32,2700,TURF
CA-1004,11/29,2700,ASPHALT
CA-1006,08/26,1800,GRAVEL
CA-1008,11/29,2300,GRAVEL
CA-1009,12/30,2000,GRAVEL
CA-1010,01/19,5000,GRAVEL
CA-1011,04/22,2300,GRAVEL
CA-1014,09/27,2500,TURF
CA-1015,17/35,1800,GRASS
CA-1018,05/23,3080,ASP
CA-1019,05/23,2400,ASP
CA-1019,09/27,3500,ASP
CA-1022,07/25,4129,LOOSE GRAVEL
CA-1023,10/28,2950,ASPHALT
CA-1024,07/25,1400,TURF
CA-1024,13/31,2800,TURF
CA-1027,13/31,4500,GRAVEL
CA-1029,08/26,5000,ASP
CA-1030,11/29,2200,GRAVEL
CA-1032,16/34,2460,DIRT
CA-1033,16/34,2500,TURF
CA-1034,18/36,2800,TURF/OIL PACKE
CA-1035,06/24,2000,TURF
CA-1036,09/27,2300,TURF
CA-1037,12/30,4425,GRAVEL
CA-1039,11/29,4400,TURF
CA-1043,12/30,4300,ASP
CA-1051,08/26,2600,OILED GRAVEL
CA-1052,11/29,4000,EARTH/TURF
CA-1053,08/26,2450,Turf
CA-1054,14/32,2900,GRAVEL/TURF
CA-1055,,1500,GVL
CA-1056,13/31,2050,CLAY/GRAVEL
CA-1057,02/20,2500,TURF
CA-1057,14/32,2300,TURF
CA-1059,17/35,2600,TURF
CA-1060,08/26,2660,TURF/EARTH
CA-1061,17/35,3077,TURF
CA-1064,13/31,2500,TURF
CA-1065,15/33,2375,TURF
CA-1066,08/26,2425,TURF
CA-1066,17/35,1680,TURF
CA-1067,11/29,2400,TURF
CA-1068,01/19,3300,TURF
CA-1070,07/25,2000,TURF/ASP
CA-1070,16/34,2460,TURF
CA-1071,PAD/PAD,86,CON
CA-1074,04/22,1600,ASP
CA-1075,11/29,2050,TURF
CA-1076,07/25,2800,ASP
CA-1077,05/23,2580,ASP
CA-1077,10/28,2550,ASP
CA-1077,17/35,2520,ASP
CA-1079,04/22,1400,TURF
CA-1079,13/31,1400,TURF
CA-1079,18/36,3200,TURF
CA-1080,09/27,2000,TURF
CA-1080,13/31,2550,TURF
CA-1082,13/31,3150,TURF
CA-1084,08/26,3100,ASP
CA-1087,03/21,1700,TURF
CA-1088,13/31,3000,TURF
CA-1089,15/33,2475,TURF
CA-1093,08/26,2500,GRVL
CA-1094,06/24,2400,GRASS&amp;GRAVEL
CA-1095,11/29,3000,ASP
CA-1098,08/26,2100,TURF
CA-1099,15/33,2000,TURF
CA-1101,07/25,3000,ASP
CA-1102,16/34,1800,GRASS/GRAVEL
CA-1105,05/23,1400,TURF
CA-1107,04/22,1600,GRASS
CA-1108,03/21,2694,ASP
CA-1108,15/33,3897,ASP
CA-1109,11T/29T,6400,GVL
CA-1110,12/30,5870,ASP
CA-1110,16/34,5700,ASP
CA-1145,08/26,,asp
CA-1145,13/31,,ASP
CA-1151,14/32,2100,Turf
CA-1153,16/34,2550,TURF
CA-1155,14/32,1958,ASP
CA-1159,17/35,2300,GRS
CA-1168,06/24,2006,Turf
CA-1176,H,78,ASP
CRJ2,18/36,2000,GRS
CKS3,17/35,2240,GRS
CA-1240,01/19,1840,Grass
CA-1240,10/28,1280,Grass
CA-1256,02/20,2862,Grass
CA-1261,15/33,1126,GRS
COK3,09/27,2600,GRS
CA00,H1,60,STEEL
CA01,H1,39,CONC
CA03,02/20,3000,TRTD
CA04,16/34,2600,TURF
CA05,14/32,2600,ASPH
CA06,16/34,2200,TURF
CA07,14/32,2100,ASPH-TURF
CA08,H1,35,ASPH
CA09,03/21,1500,DIRT
CA11,17/35,2800,DIRT
CA12,H1,70,CONC
CA13,18/36,2000,TURF
CA15,H1,44,CONC
CA16,N/S,2500,TURF
CA18,14/32,3100,GRVL-TRTD
CA19,09/27,2250,ASPH
CA20,01/19,4000,ASPH
CA21,10/28,1700,TURF
CA22,15/33,2000,DIRT
CA23,H1,54,ROOF-TOP
CA24,H1,32,CONC
CA24,H2,98,CONC
CA25,H1,300,ASPH
CA26,H1,100,ASPH
CA27,H1,60,CONC
CA28,H1,46,CONC
CA29,H1,36,ASPH
CA31,H1,25,CONC-G
CA32,15/33,2500,TRTD-DIRT
CA33,H1,65,CONC
CA35,04/22,2700,ASPH-F
CA37,H1,80,ASPH
CA38,02/20,1800,DIRT
CA39,E/W,2500,DIRT
CA39,N/S,1500,DIRT
CA40,N/S,2600,TRTD-DIRT
CA41,13/31,2400,ASPH
CA42,18/36,1800,GRVL
CA43,H1,42,MATS
CA44,N/S,2800,ASPH-TURF
CA46,H1,62,CONC
CA47,H1,62,ASPH
CA49,15/33,1900,ASPH
CA50,H1,150,ASPH
CA51,12/30,2600,ASPH-G
CA53,08/26,1800,ASPH
CA55,H1,52,ASPH-CONC
CA56,H1,50,CONC
CA57,17/35,1600,TURF
CA58,H1,72,ASPH-G
CA59,17/35,2200,TURF
CA60,16/34,3000,ASPH
CA61,H1,85,ASPH
CA62,10/28,3417,GVL
CA63,H1,42,MATS-G
CA64,H1,56,CONC
CA65,H1,100,ASPH
CA66,10/28,2200,DIRT
CA67,03/21,1562,ASPH
CA68,H1,40,CONC
CA69,12/30,2770,DIRT-F
CA70,07/25,5300,DIRT-F
CA70,12/30,3800,DIRT-F
CA71,14/32,3000,DIRT
CA72,H1,96,CONC-G
CA73,16/34,3220,ASPH
CA74,H1,48,CONC
CA75,16/34,2080,DIRT
CA76,03/21,2000,TURF-DIRT
CA77,H1,50,CONC
CA78,H1,86,CONC-G
CA79,H1,20,CONC
CA81,H1,50,ASPH
CA83,H1,60,ASPH-CONC
CA84,09/27,1500,dirt
CA85,H1,50,ASPH
CA86,H1,30,ASPH
CA87,H1,105,ASPH
CA88,14/32,2000,ASPH-F
CA89,11L/29R,2575,GVL
CA89,11R/29L,2701,GVL
CA89,XX,,
CA90,08/26,5280,ASPH
CA91,H1,74,ASPH
CA92,17/35,3017,ASPH-G
CA95,H1,50,CONC
CA97,09/27,2507,TURF
CA98,H1,60,MATS
CA99,H1,50,CONC
CAA2,03/21,2870,grass
CAA8,15/33,3000,ASP
CAD4,16/34,4000,ASP
CAD5,03/21,4000,ASP
CAD9,H,60,CON
CAF4,04/22,4000,TURF
CAG3,18/36,3200,GRAVEL
CAG4,17/35,4000,GRS
CAH3,13/31,1800,ASPHALT
CAH4,14/32,3950,ASP
CAJ2,16/34,2500,gravel
CAJ3,15/33,3945,ASP
CAJ4,06/24,2738,GVL
CAJ4,13/31,3930,ASP
CAJ7,07/25,4500,ASP
CAJ9,09/27,4700,GRAVEL
CAK3,07/25,2600,TURF
CAL2,H1,31,CON
CAL3,08/26,4600,ASP
CAL4,13/31,7549,ASP
CAM3,13/31,1520,ASP
CAM4,09/27,2500,Turf
CAM5,13/31,3900,ASP
CAN5,08/26,2500,GRS
CAP3,12/30,3246,ASPHALT
CAP6,11/29,6000,GRAVEL
CAQ4,15/33,4800,TURF
CAQ5,12/30,3000,ASP
CAR4,13/31,2400,ASPH
CAR5,05/23,1650,TURF
CAS2,06/24,2750,TURF
CAT1,04/22,2000,TURF
CAT4,11/29,3565,ASP
CAT5,06/24,2400,ASPHALT
CAT5,11/29,3600,GRAVEL
CAU3,18/36,3200,ASP
CAU4,03/21,4496,Grass
CAU4,07/25,5018,ASP
CAU4,16/34,3331,Grass
CAV3,08/26,1900,ASPHALT
CAV4,11/29,2700,ASPHALT
CAV6,11/29,1800,Turf
CAV9,18/36,,GRS
CAW3,03/21,3500,ASPHALT
CAX5,08/26,3200,GRAVEL
CAY5,18/36,2723,turf
CAZ5,15/33,3280,ASP
CBA8,07/25,2461,GRAVEL
CBA9,02/20,5600,GRAVEL
CBB9,12/30,2800,GRAVEL
CBBC,13/31,3700,ASP
CBE2,03/21,3000,TURF
CBF2,03/21,2400,TURF
CBF3,18/36,2100,GRS
CBF9,16/34,2900,TURF
CBG2,18/36,2575,TURF
CBH2,12/30,4520,DIRT
CBH5,18/36,3600,GRS
CBJ4,07/25,3412,ASP
CBK6,07/25,2700,TURF
CBK7,07/25,3000,GRAVEL
CBL3,12/30,4000,TURF
CBL6,16/34,2600,TURF
CBL9,18/36,4000,TURF
CBM6,08/26,3500,TURF
CBN7,11/29,2135,TURF
CBN9,12/30,4500,GRAVEL
CBQ2,08/26,1800,paved
CBQ8,02/20,3350,ASP
CBR2,07/25,3700,ASP
CBR3,17/35,4500,GVL
CBS2,03/21,1490,Turf/Grass
CBS2,12/30,3058,Turf/Grass
CBS4,16/34,2460,GRVL
CBS7,08/26,1900,TURF
CBS8,12/30,3952,ASP
CBT3,02/20,2200,TURF
CBU2,09/27,3600,GRAVEL
CBW2,17/35,3000,GRAVEL
CBW3,13/31,5000,GRAVEL
CBW4,14/32,4200,GRAVEL
CBX7,01/19,4000,ASP
CBZ9,08/26,3900,ASP
CCA3,08/26,2400,TURF
CCA3,14/32,3600,TURF
CCA5,09/27,3500,GVL
CCA6,14/32,2200,GRAVEL
CCC2,15/33,2999,ASP
CCD2,10/28,2800,ASPHALT
CCD3,13/31,3000,TURF/CHIPSEAL
CCD4,06/24,2500,GRAVEL
CCE3,02/20,4021,ASP
CCE4,16/34,2500,GRAVEL
CCE6,06/24,1200,turf
CCE6,18/36,900,turf
CCE7,H1,86,GRS
CCF4,15/33,2400,GRAVEL/TURF
CCF9,05/23,2400,TURF
CCG3,05/23,3000,SAND/GRAVEL/AS
CCG4,08/26,3000,ASP
CCH4,09/27,2500,UNK
CCI9,15/33,1700,GRAVEL
CCJ3,02/20,4000,TREATED GRAVEL
CCK3,16/34,3000,TURF/GRAVEL/AS
CCK4,05/23,2200,GRAVEL
CCK5,09/27,2191,Turf
CCL7,11/29,1300,GRS
CCL9,08/26,3400,Grass/Gravel
CCM3,16/34,3100,TREATED GRAVEL
CCM4,08/26,2700,ASPHALT
CCN2,06/24,3000,ASP
CCN4,09/27,2600,turf
CCN4,15/33,3300,GRASS
CCN4,18/36,3300,turf
CCP2,06/24,,UNK
CCP2,07/25,3930,ASP
CCP4,12/30,2500,GRAVEL
CCQ3,05/23,3000,ASP
CCQ3,09/27,5000,ASP
CCQ3,16/34,5000,ASP
CCR3,18/36,5400,ASP
CCS3,14/32,3000,ASP
CCS4,09/27,4022,ASP
CCS5,07/25,2090,TURF
CCS5,11/29,2860,TURF
CCT2,18/36,3400,TURF
CCU2,10/28,1352,GRS
CCV4,08/26,2300,ASPHALT
CCW3,10/28,3500,ASP
CCW4,02/20,2500,GRS
CCW4,09/27,2400,COM
CCW4,15/33,1600,GRS
CCX3,04/22,4000,TREATED GRAVEL
CCY2,,86,CON
CCY3,04/22,3000,TREATED GRAVEL
CCZ2,11/29,2500,GRAVEL
CCZ3,08/26,3933,ASP
CCZ4,01/19,2500,ASPHALT
CCZ5,05/23,2000,GRAVEL
FZNS,02/20,5676,GVL
CD-0024,03/21,6563,Clay
CD-0039,10/28,2600,grass
CD-0041,01/19,2822,Dirt
CD-0042,05/23,7874,PEM
CD-0069,unknown/unknown,3610,
CD00,H1,100,DIRT
CD01,05/23,3000,TURF
CD02,18/36,1600,TURF
CD03,08/26,4500,DIRT
CD03,17/35,1000,TURF
CD04,H1,75,CONC
CD06,H1,80,CONC
CD07,H1,40,ASPH
CD08,H1,40,CON
CD09,08/26,2900,TURF
CD10,06/24,3000,TURF
CD10,08/26,3000,TURF
CD11,H1,300,ASPH
CD12,H1,50,CONC
CD13,08/26,2300,DIRT
CD14,17/35,2600,DIRT
CD15,16/34,4100,TURF
CD16,H1,100,TURF
CD17,08/26,2200,DIRT
CD18,H1,100,ASPH
CD19,H1,100,TURF
CD20,16/34,1750,ASPH
CD21,H1,100,GRAVEL
CD22,H1,40,CONC
CD23,18/36,2150,TURF
CD24,H1,22,CONC
CD25,H1,100,TURF
CD26,H1,100,TURF
CD27,H1,30,CONC
CD28,16/34,1800,TURF
CD29,H1,100,TURF
CD30,H1,100,GRAVEL
CD31,H1,50,CONC
CD32,04/22,3200,GRVL
CD33,H1,100,TURF
CD34,H1,100,TURF
CD35,H1,100,TURF
CD36,H1,100,TURF
CD37,H1,100,TURF
CD38,H1,100,GRAVEL
CD39,08/26,2500,TURF
CD40,H1,100,TURF
CD41,H1,100,TURF
CD42,H1,100,TURF
CD43,H1,100,TURF
CD44,H1,100,TURF
CD45,NE/SW,2100,TURF
CD46,H1,20,TURF
CD47,H1,45,MATS
CD48,09/27,3500,TURF-F
CD49,H1,100,TURF
CD50,H1,100,TURF
CD52,H1,100,TURF
CD53,H1,40,CONC
CD54,H1,100,TURF
CD55,H1,100,TURF
CD56,H1,100,GRVL-TRTD
CD57,H1,100,TURF
CD59,H1,100,DIRT
CD62,H1,100,TURF
CD63,H1,100,TURF
CD65,H1,100,TURF
CD66,H1,100,GRAVEL
CD68,H1,100,TURF
CD69,16/34,4400,TURF
CD70,H1,100,TURF
CD71,H1,500,TURF
CD72,H1,100,TURF
CD74,H1,100,TURF
CD75,H1,100,TURF
CD77,H1,100,TURF
CD78,H1,100,TURF
CD79,H1,100,TURF
CD80,H1,100,ASPH
CD81,H1,100,TURF
CD82,17/35,3515,TURF
CD90,H1,50,CON
CD97,16/34,1375,TURF
CD99,17/35,1800,TURF-F
CDA4,12/30,3000,ASP
CDA5,18/36,3000,ASP
CDA6,11/29,1660,TURF
CDC3,07/25,2000,Turf
CDC4,11/29,3000,GRAVEL/TURF
KCDD,07W/25W,8000,WATER
KCDD,16W/34W,7000,WATER
CDD3,07/25,1800,GRAVEL
CDD7,H,86,CON
CDE,H1,70,WOOD
CDF7,H1,18,GRS
CDH3,16/34,1500,TURF
CDJ4,14/32,3979,ASP
CDL7,17/35,7894,ICE
CDL8,12/30,1800,Turf
CDM3,06/24,1889,GRS
CDM4,H,40,CON
CDO2,12/30,2400,TURF
CDT5,09/27,5024,ASP
CDU6,11/29,3996,ASP
CDU8,H1,80,CON
CDV2,05/23,4003,ASP
CDY3,10/28,3000,ASP
CDY6,15/33,1728,Gravel/Asphalt mix
CEA3,04/22,1800,GRS
CEA3,10/28,3650,ASP
CEA5,07/25,3000,ASP
CEA6,05/23,3500,ASP
CEB5,03/21,,UNK
CEB5,04/22,3506,ASP
CEB8,10/28,2025,TURF
CEC3,08/26,3500,SAND/GRAVEL
CEC4,02/20,4300,ASP
CED3,04/22,2200,SAN
CED3,14/32,3000,ASP
CED4,10/28,2950,ASPHALT
CED5,05/23,3000,ASP
CED5,13/31,2000,ASP
CED6,16/34,2350,GRAVEL
CED8,04/22,1900,turf
CEE4,04/22,3700,TURF
CEE5,07/25,3544,ASP
CEE6,06/24,2900,TURF
CEE8,13/31,2950,ASPHALT
CEF2,05/23,2000,TURF
CEF3,05/23,3000,ASP
CEF4,04/22,2914,GVL
CEF4,10/28,2926,ASP
CEF4,12/30,5000,ASP
CEF4,16/34,2918,GVL
CEG3,17/35,3004,ASP
CEG4,17/35,3505,ASP
CEG5,10/28,3000,TURF
CEG8,03/21,4737,UNK
CEH2,07/25,3014,TURF
CEH2,14/32,2230,TURF
CEH3,16/34,3097,ASP
CEH4,10/28,3015,ASP
CEH4,16/34,2931,ASP
CEH5,13/31,3542,ASP
CEH6,12/30,5001,ASP
CEJ3,07/25,3000,ASP
CEJ4,03/21,3100,ASP
CEJ4,09/27,3100,ASP
CEJ4,14/32,3100,ASP
CEJ6,08/26,4498,ASP
CEK6,12/30,2952,ASPHALT
CEL3,11/29,2400,Turf / Gravel
CEL4,02/20,1800,GRS
CEL4,12/30,3535,ASP
CEL4,15/33,1418,GRS
CEL5,07/25,3300,ASP
CEL6,12/30,2900,ASPHALT
CEL8,09/27,3930,Gravel
CEM4,04/22,3025,ASP
CEM4,10/28,3025,ASP
CEM4,16/34,3025,ASP
CEM5,10/28,4500,ASP
CEN2,07/25,2950,ASPHALT
CEN3,12/30,3000,ASP
CEN4,07/25,4160,ASP
CEN4,15/33,2726,GVL
CEN5,08/26,3000,ASP
CEN6,05/23,2950,ASPHALT
CEP3,07/25,3500,ASP
CEP5,13/31,4500,GRAVEL
CEP6,06/24,2952,ASPHALT
CEQ3,14/32,4512,ASP
CEQ4,07/25,4363,TURF
CER2,13/31,3000,ASP
CER3,14/32,5066,ASP
CER4,11/29,5437,TREATED GRAVEL
CES2,02/20,3000,Turf
CES3,08/26,3200,GRAVEL
CES3,PAD/PAD,86,GRAVEL
CES4,10/28,3000,ASP
CET2,09/27,5251,CLAY
CET4,13/31,3000,Gravel/Snow
CET9,11/29,2512,GVL
CEU2,07/25,3000,ASP
CEV2,12/30,3200,TURF
CEV3,13/31,4000,ASP
CEV5,12/30,2950,ASPHALT
CEV7,10/28,3000,ASP
CEW3,08/26,3500,ASP
CEW5,05/23,2953,ASPHALT
CEX3,12/30,3876,ASP
CEX9,16/34,4000,TURF
CEY3,06/24,3000,ASP
CEZ3,10/28,2950,ASP
CEZ4,08/26,3000,ASP
CFA2,H1,85,CON
CFA5,03/21,2400,TURF
CFB3,02/20,2600,TURF
CFB3,11/29,2800,TURF
CFB4,04/22,3000,TURF
CFB5,07/25,2000,TURF
CFB6,08/26,4560,ASP
CFB7,17/35,5000,TURF
CFC6,13/31,2500,TURF
CFC7,14/32,2950,TURF
CFD4,05/23,3000,ASP
CFD5,07/25,2940,Turf / Snow
CFF2,09/27,2400,GRAVEL
CFF3,13/31,2400,TURF
CFF7,03/21,3406,GRS
CFF7,11/29,5036,GRS
CFF9,16/34,2000,TURF
CFG3,13/31,3000,ASP
CFG4,07/25,2950,TURF
CFG5,06/24,3360,TURF
CYFI,16/34,6890,Asphalt
CFH2,H1,100,Asphalt
CFH4,15/33,4885,ASP
CFH8,07/25,2400,TURF
CFK2,10/28,2950,TURF
CFK4,10/28,2950,TURF
CFK6,01/19,3700,TURF
CFK6,14/32,4400,TURF
CFL2,02/20,3500,ASP
CFL9,07/25,2500,TURF
CFM2,08/26,2700,TURF
CFM4,07/25,2953,ASPHALT
CFM6,11/29,2400,TURF
CFM7,08/26,3000,TURF
CFN5,07/25,4400,ASP
CFN7,06/24,2439,Grass
CFN7,15/33,4285,ASP
CFP5,16/34,2200,TURF
CYWN,12/30,7349,ASP
CFQ4,07/25,4000,TURF
CFQ7,09/27,3000,TURF
CFR2,16/34,2700,TURF
CFR7,07/25,2868,UNK
CFS4,02/20,2500,GVL
CFS5,06/24,3000,ASP
CFS6,13/31,5900,ASP
CFS7,08/26,2917,UNK
CFS8,04/22,3300,TURF
CFT2,07/25,2700,TURF
CFT5,14/32,3760,UNK
CFT8,07/25,3872,ASP
CFU3,10/28,2600,TURF
CFU4,07/25,3000,TURF
CFU8,10/28,3100,OILED GRAVEL/T
CFV2,16/34,2950,ASPHALT
CFV3,10/28,3600,TURF
CFV6,10/28,4000,TURF/SOIL
CFV7,H1,30,CON
CFV8,H1,86,CON
CFW2,15/33,2200,GRS
CFW4,16/34,2400,TURF
CFX2,16/34,3025,ASP
CFX3,10/28,3000,TURF
CFX4,07/25,5577,ASP
CFX5,06/24,4902,Gravel
CFX6,05/23,2100,TURF
CFX6,16/34,2950,ASPHALT
CFX8,08/26,1057,TURF
CFX8,16/34,2029,TURF
CFY2,13/31,3000,SAND
CFY4,09/27,1930,TURF
CFY4,16/34,2450,TURF
CFY6,06/24,3825,OILED GRAVEL
CFZ3,06/24,1700,TURF
CFZ5,16/34,2000,TURF
CGA,N/S,10000,WATER
CGB2,07/25,1400,TURF
CGB2,16/34,2700,TURF
CGL2,01/19,3000,TURF
CGR3,15/33,5240,ICE
CGR7,12/30,3000,Gravel/Asphalt
CGR8,H,130,ASP
CGS2,14/32,2999,Gravel
CGS2,16/34,6564,ICE
CGV2,08/26,1885,Turf
CGV2,18/36,2108,Turf
CGV6,05/23,2200,Turf
CGV6,13/31,1900,Turf
LSXV,H1,82,Concrete
CH-0042,05/23,3281,ASPH
CH-0043,08/26,7053,ASPH
CH-0044,11/29,1247,GRASS
CH-0045,07/25,2008,GRASS
CHC5,14/32,5354,ICE
CHD4,08/26,2300,turf
CHF2,07/25,2800,TURF
CHG2,09/27,2000,TURF
CHL2,11/29,3070,GRASS
CHL2,18/36,2100,GRASS
CHP,08/26,3650,GRVL-F
CJA3,10/28,3937,ASP
CJA3,17/35,2300,GRS
CJA5,03/21,3665,GRVL
CJB2,17/35,2300,TURF
CJB3,14/32,3000,ASP
CJB5,01/19,1525,TURF/GRAVEL
CJB5,08/26,2700,GRAVEL/CLAY
CJB6,16/34,2500,GRAVEL/SAND
CJB8,08/26,3000,ASP
CJC2,08/26,2100,TURF
CJC2,17/35,1900,TURF
CJC3,13/31,3400,TURF
CJC4,15/33,2400,TURF
CJC5,02/20,3340,GRE
CJC5,12/30,3000,ASP
CJC6,07/25,3650,TURF
CJC8,17/35,2220,GRAVEL
CJD3,09/27,2660,ASPHALT
CJD3,17/35,1800,TURF
CJD5,09/27,3000,ASP
CJE2,11/29,3000,TURF
CJE3,06/24,3000,ASP
CJE3,12/30,4000,ASP
CJE4,03/21,3510,GRAVEL
CJE5,16/34,2600,TURF
CJE7,14/32,2500,TURF
CJE9,H1,54,Wood Hexagon
CJF3,15/33,3908,Asphalt
CJF4,08/26,1350,Turf
CJF4,16/34,3150,Turf
CJF8,09/27,2500,ASPHALT
CJG2,08/26,2500,TURF
CJH2,08/26,2525,TURF
CJH3,12/30,2732,TURF
CJH4,09/27,2930,TURF
CJH8,08/26,2140,TURF
KCJJ,15/33,2949,CONC-G
CJJ2,17/35,2650,TURF
CJJ4,08/26,3980,ASP
CJJ4,17/35,2218,GRS
CJJ5,16/34,2400,CLAY
CJJ8,11/29,3000,ASP
CJK2,12/30,3600,SAND/GRAVEL
CJK3,09/27,3150,GRAVEL
CJK3,10/28,,UNK
CJK4,08/26,3000,ASP
CJK5,03/21,2175,TREATED GRAVEL
CJK5,17/35,2650,TREATED GRAVEL
CJK9,07/25,2525,TURF
CJL2,07/25,6000,SAND/CLAY/GRAV
CJL4,11/29,3000,TREATED GRAVEL
CJL5,09/27,3000,TURF
CJL5,17/35,2500,TURF
CJL6,08/26,2000,GRS
CJL6,17/35,3248,ASP
CJL8,02/20,6150,UNK
CJL9,07/25,2625,TURF
CJM2,11/29,2550,TURF
CJM4,17/35,2500,ASPHALT
CJM5,07/25,3625,ASP
CJM6,17/35,2400,TURF
CJN2,16/34,2500,ASPHALT
CJN4,08/26,2950,ASPHALT
CJN4,13/31,2850,ASPHALT
CJN7,10/28,2625,CLAY/GRAVEL/TU
CJP2,11/29,2550,TURF
CJP2,17/35,1600,TURF
CJP6,06/24,2870,GRAVEL
CJP7,07/25,4250,TURF/GRAVEL
CJP9,04/22,3320,CLAY/GRAVEL
CJQ2,11/29,3000,TURF/ASPHALT
CJQ3,10/28,3150,ASP
CJQ4,06/24,3078,ASP
CJQ4,17/35,1565,GRE
CJQ6,03/21,3700,GVL
CJQ8,13/31,3522,GVL
CJQ8,14/32,2615,Turf
CJQ9,17/35,3450,CLAY/SAND
CJR2,11/29,3000,ASP
CJR3,08/26,3270,GRAVEL
CJR3,17/35,2798,GRAVEL
CJR4,11/29,3000,ASP
CJR4,16/34,1950,GVL
CJR5,08/26,2050,TURF/SNOW
CJR5,18/36,2695,ASPHALT/TURF
CJR7,17/35,3400,TURF
CJR8,17/35,2600,TURF
CJR9,08/26,3050,TURF
CJS2,18/36,4625,GRAVEL/CLAY/SA
CJS3,16/34,5280,GRAVEL
CJS4,13/31,4000,ASPH
CJS5,12/30,3200,PACKED GRAVEL
CJS7,08/26,1960,TURF
CJT2,03/21,2575,GRAVEL
CJT3,03/21,3950,CRUSHED ROCK
CJT4,10/28,2950,TREATED GRAVEL
CJT5,08/26,2000,TURF
CJT5,17/35,2250,TURF
CJT8,08/26,3000,TURF
CJT9,12/30,2400,GRAVEL
CJT9,16/34,3400,TREATED GRAVEL
CJU3,16/34,2400,GRAVEL/TURF
CJU4,10/28,2500,ASPHALT
CJU4,17/35,1840,TURF
CJU5,10/28,2750,TURF/SNOW
CJU6,08/26,2500,TURF
CJU6,17/35,3250,TURF
CJU7,12/30,2540,TURF
CJV2,16/34,2600,GRAVEL/TURF
CJV4,18/36,2500,GRAVEL/CLAY
CJV5,04/22,3510,ASP
CJV7,17/35,3500,GRVL
CJV8,13/31,3119,GRAVEL
CJV9,02/20,2165,ASPHALT
CJV9,10/28,2600,ASPHALT
CJW2,09/27,2650,TURF/CLAY
CJW3,10/28,2400,TURF
CJW4,01/19,,UNK
CJW4,18/36,2850,GRAVEL
CJW5,14/32,1900,GRS
CJW5,17/35,3400,ASP
CJW7,17/35,5100,GRAVEL/SAND
PACJ,13/31,1997,GRVL-DIRT-P
CJX4,08/26,2529,ASPHALT
CJX5,08/26,2200,GRS
CJX5,14/32,2900,ASP
CJY3,08/26,2200,GRS
CJY3,14/32,3000,ASP
CJY3,17/35,2100,GRS
CJY4,05/23,3000,TREATED GRAVEL
CJY5,17/35,2950,TURF
CJZ2,09/27,1950,TURF
CJZ2,14/32,2800,TURF
CJZ2,18/36,2050,TURF
CJZ3,08/26,3000,ASP
CJZ4,08/26,2430,TURF
CKA4,12/30,2875,TURF/GRAVEL/CL
CKA8,01/19,3000,TURF/EARTH/GRA
CKA9,03/21,2125,CLAY/GRAVEL
CKB2,14/32,3000,GRAVEL
CKB6,12/30,3600,GRVL
CKB7,13/31,3510,ASP
CKB8,14/32,2575,TURF/SNOW
CKC6,08/26,4400,TURF
CKC7,08/26,2400,TURF
CKC8,08/26,2500,TURF
CKC9,17/35,2600,TURF
CKD2,08/26,2550,TURF
CKD2,17/35,2540,TURF
CKD5,10/28,3001,ASP
CKD7,17/35,3500,TURF
CKD9,10/28,3500,GRVL
CKE2,08/26,2500,TURF
CKE8,02/20,1065,GRE
CKE8,11/29,3000,ASP
CKF2,17/35,2475,TURF
CKF4,07/25,2950,TURF
CKF6,07/25,2350,TURF
CKF6,17/35,2400,TURF
CKF8,09/27,1800,GRASS
CKF9,08/26,3020,CONC/GRVL
CKG2,17/35,3000,TURF/GRAVEL/SN
CKG5,08/26,2570,TURF
CKG8,09/27,2120,TURF/SNOW
CKH2,12/30,3950,ASP
CKH3,13/31,3000,TURF
CKH7,16/34,2500,TURF
CKH8,15/33,3700,TURF
CKJ2,17/35,2050,TURF/GRAVEL
CKJ4,11/29,2700,TURF
CKJ7,08/26,1900,TURF
CKJ7,13/31,3000,TURF
CKJ7,17/35,2550,TURF
CKJ8,09/27,4360,GRAVEL
CKJ9,08/26,2000,TURF
CKK2,16/34,3500,TREATED SAND
CKK4,03/21,2215,TURF
CKK4,12/30,2430,TURF/EARTH
CKK7,07/25,1834,GRASS
CKK7,18/36,3112,ASPH/TURF
CKL2,11/29,3000,GRAVEL
CKL3,16/34,3500,GRVL
CKL5,10/28,3289,ASP
CKL6,02/20,2200,SAND
CKL9,14/32,2565,EARTH
CKM2,06/24,3300,TURF
CKM4,18/36,3150,GRAVEL/SAND
CKM6,12/30,2600,GRAVEL/CLAY
CKM8,12/30,4850,GRVL
CKN5,11/29,2900,TURF
CKN8,06/24,2200,CLAY/SAND
CKP2,17/35,3000,TURF/GRAVEL
CKQ2,02/20,3000,TURF
CKQ3,13/31,3500,GRVL
CKQ5,08/26,3012,ASP
CKQ6,09/27,3000,ASP
CKQ7,10/28,2800,GRVL
CKQ7,18/36,2650,TURF/GRVL
CKQ8,18/36,5280,GRAVEL/SAND/CL
CKQ9,04/22,3950,OILED GRAVEL
CKR4,06/24,2680,TURF
CKR4,12/30,3850,TURF
CKR7,08/26,2665,TURF/SNOW
CKS3,04/22,2500,TURF
CKS6,07/25,1500,TURF
CKS6,11/29,2700,TURF
CKS7,10/28,2500,GRAVEL
CKS8,18/36,3185,CLAY
CKS9,13/31,2400,TURF
CKT5,11/29,2050,TURF
CKT5,17/35,1870,TURF
CKT7,11/29,2700,TURF/TREATED G
CKU,06/24,1800,GRVL-G
CKU,09W/27W,8000,WATER
CKU2,09/27,2600,TURF
CKU2,17/35,1750,TURF
CKU4,07/25,4000,TURF
CKU5,17/35,2300,TURF
CKU6,08/26,2200,TURF
CKU7,07/25,2600,CLAY/GRAVEL
CKU7,13/31,3300,TURF
CKU7,17/35,2500,TURF
CKV2,17/35,2500,Turf
CKV6,17/35,2450,TURF
CKV7,16/34,2600,TURF/CLAY
CKW6,04/22,1770,TREATED SAND
CKX,13/31,2500,GRAVEL-G
CKX4,17/35,1600,TURF
CKX5,04/22,2150,TURF
CKX8,15/33,3300,TREATED GRAVEL
CKY2,10/28,2500,TURF
CKZ3,06/24,3800,CLAY
CKZ6,08/26,2950,TURF
CKZ7,08/26,2900,TURF/ASPHALT
CKZ7,17/35,1540,TURF
SCMN,03/21,1516,GRS
CL-0014,09/27,4570,Dirt
SCPD,14/32,4920,ASPH
CL-0018,9/27,1641,GRV
CL-0019,03/21,3281,ASP
CL-0020,13/31,4590,ASP
CL-0022,7/25,2297,GRV
CL-0023,,1959,GRS
CL-0024,14/32,2133,GRE
CL-0025,10/28,2362,GRASS
CL-0027,7/25,2625,GRASS
CL-0028,6/24,5643,GRE
CL-0029,14/32,1641,GRASS
CL-0030,3/21,1673,GRV/GRASS
CL-0032,12/30,1969,GRV/GRASS
SHGF,H,66,CON
SHRZ,13/31,66,CON
SHOL,22/36,82,GRS
SHBI,04/22,89,CON
CL-0044,06/24,59,CON
SCAD,08/26,2625,Cmpctd Maicillo
SC49,09/27,4472,ASP
CL00,H1,55,ASPH
CL01,12/30,2300,ASPH-G
CL02,H1,44,CONC
CL02,H2,44,CONC
CL03,H1,74,CONC
CL04,E/W,1950,ASPH
CL05,H1,40,ASPH
CL06,H1,42,CONC
CL07,H1,80,ASPH
CL08,H1,51,CONC
CL10,H1,65,TURF
CL11,07/25,1680,DIRT
CL12,H1,70,MATS
CL13,03/21,1462,DIRT
CL14,H1,50,CONC
CL14,H2,40,CONC
CL15,H1,20,ASPH
CL16,H1,100,ASPH
CL17,H1,40,CONC
CL19,H1,65,CONC
CL21,H1,60,CONC
CL22,H1,50,CONC
CL23,15/33,2600,ASPH
CL24,02/20,2000,DIRT
CL25,11/29,2350,TURF
CL26,H1,52,CONC
CL27,H1,40,CONC
CL28,H1,15,CONC
CL29,12/30,3000,DIRT
CL31,H1,74,CONC
CL32,H1,65,CONC
CL33,11/29,2700,ASPH
CL35,08/26,3500,ASPH-GRVL
CL37,H1,75,CONC
CL38,H1,61,MATS
CL39,H1,100,TURF
CL40,H1,20,ASPH
CL45,H1,100,CONC
CL46,08/26,3100,ASPH
CL47,H1,50,ASPH-CONC
CL49,H1,65,CONC
CL50,H1,50,CONC
CL51,H1,68,CONC
CL52,H1,95,CONC-G
CL53,H1,100,ASPH
CL54,H1,65,CONC
CL55,H1,80,ASPH
CL56,14/32,2156,ASPH-P
CL57,H1,81,CONC
CL58,H1,65,ASPH
CL59,H1,20,CONC
CL60,H1,40,CONC
CL61,H1,66,CONC
CL62,H1,50,DIRT
CL63,H1,60,ASPH
CL64,H1,50,ASPH
CL65,H1,100,ASPH
CL66,H1,20,CONC
CL67,H1,66,MATS
CL68,H1,65,MATS
CL69,H1,60,ASPH
CL71,H1,120,CONC
CL72,H1,60,CONC
CL74,07/25,2600,DIRT
CL75,H1,32,ASPH
CL76,H1,100,CONC-G
CL77,12/30,2200,ASPH
CL78,H1,30,CONC
CL79,H1,20,CONC
CL80,H1,52,CONC
CL81,H1,100,TURF
CL82,H1,50,CONC
CL83,H1,80,TURF
CL84,08/26,2617,ASPH
CL85,H1,75,ASPH
CL86,H1,40,CONC
CL87,H1,107,ASPH
CL91,H1,60,ASPH
CL92,H1,35,ASPH
CL93,H1,75,GRVL
CL94,H1,65,ASPH
CL95,H1,20,CONC
CL96,H1,40,CONC
CL97,H1,40,MATS
CL99,H1,50,CONC
CLA4,08/26,1960,ASP
CLA5,06/24,2000,turf
CLA6,07/25,2400,TURF
CLB2,07/25,1980,TURF
CLC2,07/25,2000,TURF
CLF,2/20,1520,Dirt
CLG3,10/28,3210,GRAVEL
CLH5,17/35,1943,GRASS
CLH7,H,20,Wood
CLH8,H,86,CON
CLM2,01/19,3832,ASP
CLV2,16/34,1950,TURF
CLW3,09/27,2200,TURF
CLW6,11/29,2000,GRASS
CMA2,06/24,2000,TURF
CMB2,12/30,4529,GVL
CMB7,16/34,3308,ASP
CMF2,07/25,2000,Turf
CMF3,07/25,2600,TURF
CML8,13/31,2840,ASP
CMN4,17/35,4495,Gravel
CMN5,10/28,4004,Gravel
CMN6,16/34,2336,Turf
CMT,10/28,4000,ASP
CMW3,06/24,1500,Grass
CMZ2,05/23,1100,turf
CMZ2,14/32,1800,turf
CN-0002,06L/24R,8858,concrete
CN-0012,02/20,2625,CON
CN-0023,13/31,2700,
CN-0036,04/22,8202,CON
ZUBZ,07/25,8530,CON
ZGSG,15/33,9186,
CN-0080,11/29,9186,
ZSGS,08/26,8530,Concrete
CN-0090,17/35,8235,
CN-0102,01/19,,
CN-0149,08/26,7874,CON
ZSJX,12/30,11155,
CN-0157,18/36,3937,ASP
CN-0164,16/34,11811,
CN-0164,17/35,11811,CON
CN-0166,01/01,,
ZBNJ,18/36,12467,Asphalt
CN-0218,01/19,7169,ASP
ZUDR,09/27,14764,CON
ZWTK,,12467,
CN-0284,20/02,2620,hard
CN-0316,10/28,2146,CON
CN-0317,10H/28H,2350,CON
ZSTZ,08/26,2625,concrete
CN-0331,06/24,,
CN-0334,03H/12H,,
CN-0343,H01/H18,,
CN-0351,05/23,,
ZUPL,15/33,15000,concrete
CN-0357,01H/19H,1695,CON
ZWZS,Unknown/Unknown,9186,
CN-0399,./.,12467,CON
CN-0399,./..,12467,CON
CN-0399,../..,12467,CON
CN-0418,08L/26R,11155,ASP
CN-0418,08R/26L,12467,ASP
CN-0438,18/36,5906,CON
CN-0439,16/34,7874,Asphalt
CN-0442,11/29,8530,CON
CN-0443,04/22,8530,CON
CN-0444,03/21,8202,concrete
ZBNY,18/36,10499,ASP
CN-0446,09/27,9186,Concrete
ZSBA,07/25,8530,concrete
CN-0505,18/36,7087,GVL
CN01,H1,50,CONC
CN02,H1,54,CONC
CN06,H1,80,ASPH
CN11,H1,40,CONC
CN12,16/34,2500,ASPH
CN13,09/27,2260,TURF-G
CN14,H1,50,ASPH
CN15,16/34,2180,TURF
CN17,H1,80,CONC
CN19,16/34,1900,TURF
CN20,ALL/WAY,15000,WATER
CN23,07/25,2640,DIRT
CN25,H1,50,CONC
CN26,H1,50,ASPH
CN27,H1,80,ASPH
CN28,H1/-,65,Blacktop on granite
CN29,N/S,1700,TURF
CN33,H1,40,CONC
CN37,01/19,3988,DIRT
CN37,17/35,3060,OILED DIRT
CN38,14/32,1385,TURF
CN39,H1,40,CONC
CN40,H1,36,Turf
CN42,06/24,3400,TURF-DIRT
CN43,H1,65,CONC
CN44,02/20,1800,TURF
CN45,H1,100,ASPH
CN46,H1,25,CONC
CN47,H1,40,CONC
CN48,H1/H1,40,CON
CN50,H1,40,Asphalt/Concrete
CN51,H1,54,CONC
CN51,H2,54,CONC
CN51,H3,44,CONC
CN53,H1,54,CONC-G
CN57,H1,54,CON
CN70,H1,57,CON
CN86,15/33,2606,Turf
CN95,13/31,2837,ASP
CN98,06/24,2500,DIRT
CN99,12/30,2873,Concrete
CNA3,07/25,2100,COP
CNA4,12/30,2500,TURF
CNA4,17/35,2000,CLAY/TURF
CNA9,05/23,2400,ASP/TURF
CNA9,18/36,1200,TURF
CNC3,08/26,2500,Asphalt
CNC3,15/33,3500,COP
CNC4,05/23,2100,ASP
CNC4,14/32,2500,TURF/ASP
CND4,09/27,2500,ASP
CNE3,07/25,3500,GRVL
CNE4,07/25,2555,GRS
CNE4,14/32,3999,ASP
CNE4,18/36,2930,GRS
CNE9,09/27,1935,TURF
CNF3,08/26,2550,OLD ASP
CNF3,13/31,2650,TURF
CNF3,17/35,2550,OLD ASP
CNF4,03/21,2642,GRS
CNF4,13/31,3500,ASP
CNF9,15/33,4400,GRVL
CNJ3,10/28,2350,ASP
CNJ4,04/22,1900,TURF
CNJ4,12/30,3000,ASP
CNK4,17/35,4901,ASP
CNK9,16H/34H,30,CON
CNL3,04/22,4500,ASP
CNL3,16/34,2207,GRS
CNL4,06/24,3800,TURF
CNL8,16/34,1985,TURF
CNM2,14/32,1800,TURF
CNM3,01H/34H,86,ASP
CNM5,12/30,3520,GRVL/CLAY
CNN3,08/26,2000,TURF
CNN8,06/24,2530,ASP
CNN8,12/30,2530,ASP
CNN8,18/36,2530,ASP
CNP3,10/28,3955,ASP
CNP3,16/34,2500,GVL
CNP6,16/34,1800,Turf
CNP7,05/23,2000,TURF/ASP
CNP8,03/21,1800,TURF
CNP8,16/34,2230,TURF
CNQ3,05/23,3493,ASP
CNQ3,11/29,2341,TURF
CNQ3,16/34,2663,ASP
CYTB,02/20,2348,TURF
CYTB,08/26,5502,ASP
CYTB,14/32,2258,TURF
CNR4,12/30,3180,ASP
CNR6,17/35,2240,TURF
CNR9,03/21,1850,TURF
CNS3,18H/27H,86,
CNS4,07/25,2020,TURF
CNT6,10/28,2600,ASP/TURF
CNU4,08/26,3280,TURF/GRVL
CNU8,09/27,2013,ASP
CNV3,28H/28H,86,ASP
CNV4,09/27,1775,TURF
CNV8,08/26,3014,ASP
CNV8,13/31,3936,ASP
CNV8,17/35,1900,Turf
CNV9,06/24,3000,Asphalt
CNW3,12/30,2200,SAND/GRVL
CNX3,10/28,3170,GRVL
CNX8,12/30,2810,TURF
CNY3,01/19,2450,GRS
CNY3,13/31,5000,ASP
CNY4,18/36,2300,TURF/SNOW
CNZ4,11/29,2400,TURF
CNZ4,13/31,1700,TURF
CNZ8,04/22,2870,ASP
CO-0054,07/25,8268,ASP
CO-0493,16/24,1968,GRS
CO00,08/26,2500,TURF-F
CO00,14/32,3900,TURF-F
CO00,17/35,2620,ASPH-F
CO01,H1,67,CONC-G
CO02,N/S,3500,TURF
CO03,02/20,2500,DIRT
CO05,H1,120,CONC
CO06,14/32,4420,TURF
CO07,E/W,2000,TURF
CO10,N/S,3000,TURF-GRVL
CO11,18/36,2000,DIRT
CO12,12/30,3681,ASPH
CO15,09/27,1700,TURF
CO15,17/35,3800,ASPH
CO16,H1,85,CONC-G
CO17,08/26,1500,DIRT
CO17,17/35,2500,DIRT
CO18,11/29,3300,TURF
CO18,17/35,4000,TURF
CO19,08/26,3000,GRAVEL
CO20,17/35,2400,TURF
CO21,H1,20,DIRT
CO22,01/19,4000,GRVL
CO22,10/28,1800,GRVL
CO23,H1,90,ASPH-CONC
CO24,H1,40,CONC
CO25,16/34,3700,ASPH
CO27,N/S,2200,DIRT
CO30,H1,40,MATS
CO31,H1,40,CONC
CO32,H1,68,ASPH
CO34,H1,32,CONC
CO35,H1,42,CONC
CO35,H2,42,CONC
CO36,H1,30,CONC
CO37,H1,48,ASPH
CO38,17/35,3000,DIRT
CO40,H1,60,CONC
CO41,H1,60,TURF
CO42,08/26,3700,TURF
CO42,17/35,2000,TURF
CO43,05/23,3400,DIRT
CO44,H1,75,ASPH-G
CO45,H1,20,TURF-G
CO46,H1,100,CONC
CO47,03/21,2500,TURF
CO48,17/35,2640,DIRT-SAND
CO50,H1,50,CONC
CO51,H1,100,ASPH
CO52,14/32,850,GRAVEL
CO53,18/36,2700,TURF-G
CO54,14/32,4000,DIRT
CO55,16/34,4000,ASPH
CO56,17/35,4280,DIRT
CO57,H1,40,TURF
CO58,18/36,2800,DIRT
CO59,17/35,1500,TURF
CO60,18/36,2500,TURF
CO62,H1,150,TURF
CO63,H1,36,WOOD
CO64,H1,45,ASPH
CO65,07/25,4200,GRVL
CO68,H1,63,CONC
CO69,H1/-,20,CON
CO71,H1,57,CONC
CO72,H1,18,TURF
CO73,18/36,3500,TURF
CO74,H1,40,DIRT
CO75,H1,50,GRVL
CO76,18/36,3000,DIRT
CO78,H1,125,ASPH
CO79,H1,150,TURF-G
CO80,04/22,3240,ASPH
CO80,12/30,2850,DIRT-P
CO82,08/26,1200,CONC
CO82,17/35,3000,ASPH
CO84,17/35,4250,DIRT
CO85,H1,20,DIRT
CO87,H1,17,CONC-G
CO88,H1,74,CONC
CO89,17/35,2600,TURF
CO90,17/35,3487,ASPH
CO93,16/34,5700,GRVL
CO95,10/28,1500,TURF
CO95,18/36,4000,TURF
CO96,13/31,3800,TURF
CO97,02/20,2837,TURF
COB4,14/32,2730,TURF
COL2,09/27,1918,TURF
COP5,07/25,2180,GRS
COR3,17/35,1467,GRASS
CPA4,16/34,2200,TURF
CPB5,12/30,1680,TURF
CPB9,01/19,2460,TURF
CPC3,03/21,1750,TURF
CPC3,05/23,1900,TURF
CPC3,12/30,2650,TURF
CPC3,14/32,2800,TURF
CPC3,17/35,2550,TURF
CPC5,,24,Wood
CPC6,18/36,2450,TURF
CPC7,01/19,3500,water
CPC7,09/27,12000,water
CPC8,,40,Wood
CPD2,04/22,2805,TURF/SNOW
CPD4,04/22,2500,TURF
CPD4,17/35,1700,TURF
CPE3,10/28,2000,TURF/SNOW
CPE4,17/35,3745,ASP
CPE5,03/21,2200,TURF
CPE6,04/22,3200,TURF
CPE6,12/30,2648,ASPH
CPF2,11/29,2850,ASP
CPF2,18/36,4415,ASP
CPF4,02/20,1500,TURF
CPF4,12/30,2000,TURF
CPF6,02/20,2850,ASP
CPF6,09/27,1815,TURF
CPF7,13/31,1670,GRVL/ASP
CPG4,09/27,1800,ASP/TURF
CPG5,10/28,2600,TURF
CPG7,05/23,2300,TURF
CPH2,15/33,2700,TURF
CPH9,18/36,2400,TURF
CPJ5,09/27,2350,TURF/ASP
CPK2,11/29,2000,TURF
CPK7,H/H,34,ASP
CPK9,05/23,2400,TURF
CPL3,08/26,1800,TURF
CPL4,07/25,2340,GRVL
CPL6,08/26,2274,ASPH
CPM5,09/27,1800,TURF
CPM5,16/34,3085,TURF
CPM7,09/27,2000,TURF
CPN5,04/22,2000,TURF
CPN8,08/26,1986,TURF
CPN8,17/35,2090,TURF
CPP3,18/36,2200,TURF
CPP6,07/25,1350,TURF
CPP6,16/34,2800,ASP
CPR2,08/26,2260,TURF
CPR3,09/27,3000,TURF
CPR3,13/31,2200,TURF
CPR5,06/24,3100,GRVL/TURF
CPR7,13/31,4000,ASP
CPR9,04/22,2170,TURF
CPR9,14/32,1584,TURF
CPS2,06/24,2800,TURF
CPS4,09/27,3100,TURF
CPS5,09/27,2400,TURF
CPT2,06/24,3500,ASP
CPT3,03/21,2445,TURF
CPT3,10/28,1730,TURF
CPT3,18/36,2600,TURF
CPU3,15/33,2200,TURF
CPU6,06/24,3000,ASP
CPU6,09/27,4270,ASP
CPU6,15/33,2575,ASP
CPV2,09/27,2200,TURF
CPV4,08/26,1900,TURF
CPV4,15/33,1400,TURF
CPV8,13/31,3500,GRVL
CPV9,15/33,1591,Turf/Grass
CPY9,14/32,1900,TURF
CPZ3,06L/24R,4800,GVL
CPZ3,06R/24L,5000,ASP
CPZ3,10/28,3026,ASP
CPZ3,16/34,3000,ASP
CRB2,01/19,2000,TURF
CRB5,11/29,5528,Gravel
CRB5,12/30,5526,gravel
CRE3,17/35,1800,TURF
CRE3,9/27,1500,TURF
CRF5,08/26,2999,Dirt
CRHA,02/20,9300,Asphalt
CRJ2,10/28,2100,TURF
CRL2,07/25,3000,TURF/GRVL
CRL4,08/26,4920,UNK
CRL9,01/19,1400,GRASS
CRL9,04/22,1600,GRASS
CRML,01/19,2250,TURF
CRP2,08/26,3000,GRAVEL
CRT2,10/28,2300,SNOW
CSA2,03/21,1800,GRASS
CSB2,11/29,1500,Sand
CSB3,15/33,2581,ASP
CSB5,09/27,2750,TURF
CSC3,06/24,6003,ASP
CSC9,04/22,1190,TRTD GRVL
CSC9,13/31,2260,TRTD GRVL
CSD3,06/24,2800,TURF/GRAVEL
CSD4,08/26,4000,ASP
CSD7,08/26,1392,SAND/TURF
CSD8,H,46,Wood
CSE3,04/22,2750,GRAVEL/TURF
CSE4,10/28,3989,ASP
CSE5,08/26,3000,ASP
CSF3,17/35,4025,GRAVEL
CSG3,15/33,3250,ASP
CSG5,02/20,3100,ASP
CSG5,06/24,2550,GVL
CSH2,07/25,1670,ASPHALT
CSH4,15/33,3712,ASP
CSH5,05/23,3000,TURF/GRAVEL
CSJ2,04/22,3000,SAND/GRAVEL
CSJ4,09/27,3000,ASP
CSJ5,15/33,2300,GRAVEL
CSK4,09/27,2800,ASPHALT
CSK5,09/27,2400,TURF
KCSL,H1,2430,ASPH
CSL3,03/21,3000,ASP
CSL3,16/34,2000,ASP
CSL5,06/24,2000,TURF
CSL7,12/30,2960,Turf
CSL7,8/26,2350,Turf
CSL8,17H/24H,80,CON
CSL8,36H/05H,80,CON
CSL9,05/23,2900,SAND
CSM3,06/24,4500,ASP
CSM5,16/34,3000,GRAVEL
CSN7,11/29,2500,GRAVEL
PACA,H1,50,WOOD
CSP3,06/24,2345,TURF
CSP5,14/32,2000,GRAVEL/TURF
CSP6,07/25,2600,GRS
CSQ3,05/23,3750,COP
CSR,02/20,5000,GRVL-TRTD
CSR2,13/31,3506,GVL
CSR3,06/24,5530,ASP
CSR8,18/36,4700,ASP
CSS4,15/33,1950,GRAVEL/GRASS
CST3,02/20,2825,ASPHALT
CST3,08/26,2275,GRASS
CST7,06/24,2600,TURF
CSU2,14/32,3792,GRAVEL
CSU3,02/20,3823,COP
CSU5,18/36,2500,GRAVEL
CSU8,H1,78,CON
CSV8,11/29,2400,TURF
CSW5,06L/24R,1000,Asphalt
CSW5,06R/24L,800,Asphalt
CSX3,13/31,2600,GRAVEL
CSX5,15/33,1900,TURF
CSX7,09/27,3100,TURF/SNOW
CSY3,03/21,4000,ASP
CSY4,12/30,2400,SAND/GRAVEL
CSZ3,02/20,3300,TURF
CSZ4,05/23,3572,ASPHALT
CT00,H1,200,TURF
CT01,01/19,2050,TURF
CT02,H1,45,ASPH
CT03,H1,45,DECK
CT05,H1,2600,TURF
CT06,H1,80,ASPH
CT07,09/27,1500,TURF
CT09,16/34,1360,TURF
CT10,H1,60,CONC
CT11,N/S,1250,TURF
CT12,H1,40,STEEL-CONC
CT13,02/20,1700,TURF
CT14,13/31,2400,TURF
CT15,18/36,1800,TURF
CT16,18/36,5000,WATER
CT17,H1,93,CONC
CT18,H1,500,TURF
CT19,03/21,1800,TURF
CT20,NW/SE,1600,TURF
CT21,1/19,2004,Dirt
CT23,H1,80,TURF
CT24,03/21,3100,TURF
CT25,H1,30,ASPH
CT27,H1,40,ASPH
CT28,H1,100,TURF
CT29,17/35,2538,ASP
CT32,N/S,2000,TURF
CT35,H1,60,ASPH
CT36,02/20,2150,TURF
CT37,H1,750,ASPH
CT37,H2,600,ASPH
CT38,H1,43,TURF
CT39,15/33,1400,TURF
CT40,H1,60,ASPH
CT41,H1,150,ASPH
CT42,18/36,1600,TURF
CT43,16/34,1725,TURF
CT44,17/35,2000,TURF
CT45,H1,60,ASPH
CT46,H1,100,ASPH
CT47,H1,60,CONC
CT48,18/36,1800,TURF
CT49,H1,75,ASPH
CT50,H1,30,CONC
CT51,N/S,2000,TURF
CT52,N/S,2000,TURF
CT53,H1,20,CONC
CT54,H1,100,ASPH
CT55,H1,100,ASPH
CT57,H1,100,ASPH-TURF
CT59,N/S,2700,TURF
CT60,H1,20,TURF
CT62,H1,30,CONC
CT66,13/31,1400,TURF
CT68,H1,100,ASPH-GRVL
CT69,H1,50,CONC
CT70,H1,130,ASPH-GRVL
CT71,H1,80,ASPH
CT73,H1,50,TURF
CT74,N/S,1300,TURF
CT75,H1,55,CONC
CT76,H1,325,TURF
CT77,H1,100,ASPH
CT78,15/33,2900,WATER
CT79,H1,40,CONC
CT80,04/22,1700,TURF
CT82,N/S,4000,WATER
CT83,H1,80,CONC
CT84,H1,50,ASPH
CT85,08/26,2000,TURF
CT86,H1,800,TURF
CT87,02/20,5000,WATER
CT89,H1,35,ASPH
CT90,H1,32,CONC
CT92,H1,18,ASPH
CT93,H1,42,CONC
CT95,H1,64,CONC
CT96,16/34,1800,ASPH
CT97,H1,60,ASPH
CT98,H1,45,MATS
CT99,H1,60,ASPH
CTA3,17/35,2500,TURF/GRAVEL
CTA4,10/28,4489,ASP
CTB6,18/36,1640,GRAVEL
CTE5,06/24,2200,EARTH/SNOW
CTF3,03/21,3000,GRAVEL
CTF4,05/23,1800,Turf
CTG3,08/26,4982,ASP
CTH2,05/23,1001,GVL
CTH3,10/28,1500,ASPHALT
CTH8,09/27,2028,GRASS
CTK2,17/35,4000,SOFT SAND
CTK6,10/28,1640,GRAVEL
CTK7,18/36,3000,Turf/Snow
CTN6,17/35,3100,GRAVEL/TURF
CTP,7/25,3166,GRS
CTP9,11/29,6529,GRAVEL
CTQ2,01/19,2600,TURF
CTQ6,08/26,1750,TURF
CTR6,15/33,2000,GRASS/SNOW
CTT5,11/29,3938,ASP
CTU2,09/27,4900,GRAVEL
CTY5,06/24,2200,GRASS
CU-0102,05/23,3269,ASP
CU-0103,07/25,5893,CON
CU-0104,08/26,5248,ASP
CU-0105,08/26,3675,ASP
CVA3,H-East,40,CON
CVA3,H-West,40,CON
CVB2,11/29,5000,Gravel
CVF2,14/32,1920,TURF
CVF3,01/19,2000,GRASS
CVL3,06/24,1312,GRASS
CVS2,10/28,2900,Turf
CWC1,08/26,1320,TURF
CWC1,12/30,1500,TURF
CWF2,08/26,1500,TURF
CWH6,H1,86,CON
CWL3,08/26,1396,Turf
CWL3,16/34,2534,Turf
CWR2,14/32,4000,GRS
CXC,13/31,2850,GRVL-DIRT-G
CY-0007,12/30,514,CON
CY-0066,12/30,3940,Asphalt
CY-0087,04/22,3676,asphalt
CY-0087,08/26,6000,asphalt
CY-0087,14/32,9725,concrete
CYAB,13/31,3935,Gravel
CYAC,11/29,3900,GRVL
CYAD,10/28,5000,GRAVEL
CYAG,03/21,2600,ASP
CYAG,12/30,4500,ASP
CYAH,09/27,5000,GRAVEL
CYAL,09/27,2900,ASPHALT
CYAM,04/22,6000,ASP
CYAM,12/30,6000,ASP
CYAQ,03/21,3500,GRVL
CYAS,03/21,3521,UNK
CYAT,06/24,3500,GRVL
CYAU,07/25,3937,ASP
CYAV,04/22,2850,ASP
CYAV,13/31,3000,ASP
CYAV,18/36,3000,ASP
CYAW,10/28,5692,ASP
CYAW,16/34,8998,ASP
CYAW,16H/34H,3500,Asphalt
CYAX,18/36,3600,ASP
CYAY,10/28,4000,ASP
CYAZ,07/25,4999,CON
CYAZ,11/29,4997,CON
CYAZ,16/34,5000,CON
CYBA,18/36,3000,TURF/SNOW
CYBB,05/23,5000,GVL
CYBC,10/28,6000,ASP
CYBD,05/23,4200,ASP
CYBE,05/23,,UNK
CYBE,06/24,3935,Asphalt/concrete
CYBF,08/26,4434,ASP
CYBG,11/29,10000,CON
CYBG,18/36,6000,ASP
CYBK,16T/34T,4200,GVL
CYBL,12/30,6499,ASP
CYBP,02/20,2400,GRAVEL
CYBP,12/30,2800,ASPHALT
CYBQ,06/24,3200,CRUSHED ROCK
CYBQ,07/25,3201,Gravel
CYBR,02/20,2795,ASP
CYBR,08/26,6500,ASP
CYBR,14/32,3000,GVL
CYBT,03/21,3500,CRUSHED ROCK
CYBU,03/21,2930,ASPHALT
CYBU,12/30,2900,TURF/SNOW
CYBV,09/27,2900,CRUSHED ROCK
CYBW,08/26,3423,ASP
CYBW,17/35,5000,ASP
CYBX,05/23,4500,ASP
CYCA,08/26,2500,GRAVEL
CYCB,13T/31T,5000,GVL
CYCC,10/28,3500,ASP
CYCD,16/34,6602,ASP
CYCE,10/28,5012,ASP
CYCE,16/34,4400,ASP
CYCG,15/33,5300,ASP
CYCH,04/22,5200,ASP
CYCH,09/27,10006,ASP
CYCH,10/28,7500,ASP
CYCH,15/33,5513,ASP
CYCK,06/24,5000,ASP
CYCL,12/30,6000,ASP
CYCN,13/31,4500,ASP
CYCO,12T/30T,5500,GVL
CYCP,01/19,5000,ASP
CYCQ,05/23,4484,ASP
CYCR,05/23,3990,CRUSHED ROCK
CYCS,12T/30T,3600,UNK
CYCT,11/29,3000,ASP
CYCW,07/25,3990,ASP
CYCY,02T/20T,3500,GVL
CYCZ,16/34,6005,ASP
CYD,01/19,2208,Dirt
CYD,14/32,2036,Dirt
CYDA,03/21,5000,CON
CYDB,11/29,5006,GVL
CYDC,04/22,3932,ASP
CYDF,07/25,8005,ASP
CYDL,02/20,6000,ASP
CYDM,08/26,5000,GRVL
CYDN,02/20,2000,GVL
CYDN,08/26,2700,ASP
CYDN,14/32,5000,ASP
CYDO,11/29,4971,ASP
CYDP,06/24,2000,GRAVEL
CYDQ,07/25,5001,ASP
CYEA,11/29,2953,ASPHALT
CYEE,16/34,3998,ASP
CYEG,02/20,11000,ASP
CYEG,12/30,10200,ASP
CYEK,15T/33T,4000,GVL
CYEL,12/30,4500,ASP
CYEM,02/20,3500,ASP
CYEN,08/26,5000,ASP
CYEN,15/33,3000,ASP
CYER,15/33,3500,GRVL
CYES,16/34,4499,ASP
CYET,07/25,6000,ASP
CYEU,10T/28T,4836,GVL
CYEV,06/24,6000,ASP
CYEY,14/32,5000,ASP
CYFA,10/28,3601,GRVL
CYFB,16/34,8605,ASP
CYFC,09/27,8005,ASP
CYFC,15/33,6000,ASP
CYFD,05/23,5000,ASP
CYFD,11/29,2600,ASP
CYFD,17/35,2600,ASP
CYFE,09/27,5000,ASP
CYFH,09/27,3500,GRVL
CYFJ,02/20,5587,ASP
CYFO,19/01,5004,ASP
CYFR,13/31,4001,GVL
CYFS,14/32,6000,ASP
CYFT,09/27,2500,GRAVEL
CYGB,14/32,3000,ASP
CYGD,05/23,1870,GRS
CYGD,10/28,3000,ASP
CYGD,14/32,5000,ASP
CYGE,14/32,4500,ASP
CYGH,07/25,4434,GVL
CYGK,01/19,6001,ASP
CYGK,07/25,3933,ASP
CYGL,13/31,6500,ASP
CYGM,15/33,6800,ASP
CYGO,14/32,3810,CRUSHED ROCK
CYGP,10/28,5488,ASP
CYGQ,08/26,5000,ASP
CYGR,07/25,4500,ASP
CYGR,16/34,3600,ASP
CYGT,15T/33T,4095,GRAVEL
CYGV,08/26,4500,ASP
CYGW,03/21,5052,SAND/GRAVEL
CYGX,05/23,5000,GRAVEL
CYHA,18/36,3520,UNK
CYHB,06/24,5000,ASP
CYHB,10/28,2000,ASP
CYHD,05/23,2000,SAN
CYHD,12/30,5993,ASP
CYHE,07/25,3960,TURF
CYHF,04/22,4500,ASP
CYHH,09/27,5000,GRAVEL
CYHI,06T/24T,4300,GVL
CYHK,13T/31T,4400,GVL
CYHM,06/24,6010,ASP
CYHM,12/30,10006,ASP
CYHN,07/25,3500,ASP
CYHO,06/24,2500,GRAVEL
CYHP,13/31,3500,CLAY/GRVL
CYHR,07/25,4500,ASP
CYHS,01/19,4000,ASP
CYHS,09/27,2500,ASP
CYHT,04/22,5000,GRVL
CYHU,06L/24R,7840,ASP
CYHU,06R/24L,3920,ASP
CYHU,10/28,2800,ASP
CYHY,05/23,4001,COM
CYHY,14/32,6000,ASP
CYHZ,05/23,10500,ASP
CYHZ,14/32,7700,ASP
CYIB,04/22,3500,ASP
CYID,06/24,3950,ASP
CYIF,01/19,4590,ASP
CYIK,07/25,3521,GVL
CYIO,02T/20T,4000,GVL
CYIV,12/30,4000,CRUSHED ROCK
CYJA,13/31,3990,TURF
CYJF,03/21,2946,GRVL
CYJM,10/28,4000,ASP
CYJN,02/20,2474,ASP
CYJN,06/24,2765,ASP
CYJN,11/29,4000,ASP
CYJQ,10/28,2954,ASP
CYJT,02/20,3900,PEM
CYJT,09/27,10011,ASP
CYKA,05/23,1875,ASP
CYKA,09/27,8000,ASP
CYKC,02/20,5200,GRAVEL
CYKD,12/30,3000,GRVL
CYKD,13/31,3002,GVL
CYKF,08/26,7003,ASP
CYKF,14/32,4103,ASP
CYKG,14/32,3511,GRAVEL
CYKJ,03/21,5200,GRAVEL
CYKL,17/35,5000,ASP
CYKM,05/23,2087,ASP
CYKM,13/31,4085,ASP
CYKO,08/26,3510,GVL
CYKP,09/27,3500,GRVL
CYKQ,06/24,3511,GRAVEL
CYKX,08/26,4500,ASP
CYKY,08/26,3507,ASP
CYKY,17/35,2281,GRS
CYLA,04/22,,UNK
CYLA,05/23,3521,GRAVEL
CYLB,11/29,5700,ASP
CYLD,05/23,3000,ASP
CYLD,10/28,5000,ASP
CYLH,08/26,3500,GRVL
CYLI,14/32,3990,ASP
CYLJ,09/27,5000,ASP
CYLJ,17/35,2290,ASP
CYLK,08T/26T,2996,UNK
CYLL,08/26,5577,ASP
CYLL,11/29,1500,GRS
CYLQ,01/19,5000,ASP
CYLR,18/36,3000,ASP
CYLS,10/28,6001,ASP
CYLT,05T/23T,5500,GVL
CYLU,16/34,3521,GRAVEL
CYLW,16/34,8900,ASP
05AA,NW/SE,10000,WATER
CYMA,07/25,4856,GVL
CYME,09/27,5500,ASP
CYMG,05/23,3600,ASP
CYMH,11/29,2500,GRAVEL
CYMJ,03/21,3400,ASP
CYMJ,11L/29R,8326,ASP
CYMJ,11R/29L,7280,ASP
CYML,14/32,4501,ASP
CYMM,08/26,7503,ASP
CYMO,06/24,4000,ASP
CYMO,14/32,3500,COM
CYMT,04/22,6496,ASP
CYMU,02/20,3500,GRAVEL
CYMW,03/21,4920,ASP
CYMX,06/24,12000,CON
CYMX,11/29,8852,CON
CDP2,10/28,3937,ASP
CYNA,14/32,4494,ASP
CYNC,10/28,3511,GRAVEL
CYND,09/27,6000,ASP
CYNE,06/24,3902,Gravel
CYNH,05/23,5200,ASP
CYNJ,01/19,2100,ASPHALT
CYNJ,07/25,2743,Asphalt
CYNL,16/34,6000,GRAVEL
CYNM,15/33,5000,ASP
CYNN,17/35,3350,GRAVEL/SAND
CYNR,17/35,6000,UNK
CYOA,02T/20T,6411,GVL
CYOC,04/22,4900,GVL
CYOD,04/22,8270,ASP
CYOD,13L/31R,12600,ASP
CYOD,13R/31L,10000,ASP
CYOH,04/22,3828,CRUSHED ROCK
CYOH,05/23,,UNK
CYOJ,13/31,5000,ASP
CYOO,05/23,2654,ASP
CYOO,12/30,4750,ASP
CYOP,09/27,4539,ASP
CYOS,18/36,3932,ASP
CYOW,04/22,3300,ASP
CYOW,07/25,8000,ASP
CYOW,14/32,10000,ASP
CYPA,08/26,5000,ASP
CYPA,16/34,2500,GRS
CYPC,02T/20T,4000,GVL
CYPD,11/29,5000,ASP
CYPE,04/22,5000,ASP
CYPE,08/26,1900,GRS
CYPG,02/20,3045,ASP
CYPG,09/27,2670,ASP
CYPG,13L/31R,3130,ASP
CYPG,13R/31L,7000,ASP
CYPH,06/24,3500,GRAVEL
CYPK,08L/26R,2485,ASP
CYPK,08R/26L,5003,ASP
CYPK,18/36,2484,ASP
CYPL,09/27,4921,ASP
CYPM,09/27,3500,GRVL
CYPN,11/29,4886,ASP
CYPO,11/29,3520,Gravel
CYPP,06/24,2975,GRAVEL
CYPQ,09/27,7005,ASP
CYPQ,13/31,2000,ASPH
CYPR,13/31,6000,ASP
CYPS,06/24,3917,ASP
CYPT,10/28,3300,ASP
CYPT,19/01,1850,GVL
CYPU,05/23,6012,ASP
CYPW,09/27,3627,ASP
CYPX,01/19,6299,GVL
CYPY,04/22,5000,ASP
CYPZ,11/29,5000,ASP
CYQA,09/27,2180,GRS
CYQA,18/36,6000,ASP
CYQB,06/24,9000,ASP
CYQB,11/29,5700,ASP
CYQD,13/31,5901,ASP
CYQF,12/30,3449,ASP
CYQF,17/35,7500,ASP
CYQG,07/25,9000,ASP
CYQG,12/30,5150,ASP
CYQH,09/27,5504,ASP
CYQI,06/24,6000,ASP
CYQI,15/33,5000,ASP
CYQK,08/26,5800,ASP
CYQL,06/24,6500,ASP
CYQL,13/31,5500,ASP
CYQM,06/24,10001,ASP
CYQM,11/29,8000,ASP
CYQN,06/24,3200,GRS
CYQN,09/27,3500,ASP
CYQN,16/34,3200,GVL
CYQQ,12/30,10000,PEM
CYQQ,18/36,5000,ASP
CYQR,08/26,6200,ASP
CYQR,13/31,7900,ASP
CYQS,03/21,2607,ASP
CYQS,09/27,5013,ASP
CYQS,15/33,2610,ASP
CYQT,07/25,7318,ASP
CYQT,12/30,5297,ASP
CYQU,07/25,6200,ASP
CYQU,12/30,8502,ASP
CYQV,04/22,4800,ASP
CYQV,13/31,3000,COM
CYQW,06/24,2565,ASP
CYQW,12/30,5000,ASP
CYQX,03/21,10200,ASP
CYQX,09/27,1875,ASP
CYQX,13/31,8900,ASP
CYQY,06/24,7070,ASP
CYQY,18/36,5997,ASP
CYQZ,13/31,5500,ASP
CYRB,17T/35T,6500,GVL
CYRC,06/24,3734,ASP
CYRC,12/30,6087,ASP
CYRC,18/36,3769,ASP
CYRI,05/23,6000,ASP
CYRJ,16/34,5000,ASP
CYRL,08/26,5001,ASP
CYRM,13/31,5500,ASP
CYRO,09/27,3300,ASP
CYRP,04/22,2205,GVL
CYRP,10/28,3937,ASP
CYRQ,05/23,9006,ASP
CYRS,09/27,3555,CRUSHED ROCK
CYRT,13T/31T,6000,ASP
CYRV,12/30,4800,ASP
CYSA,05/23,5000,ASP
CYSA,17/35,2829,ASP
CYSB,04/22,6600,ASP
CYSB,12/30,5000,ASP
CYSC,13/31,6000,ASP
CYSC,14/32,6000,ASPH
CYSE,14/32,2400,ASPHALT
CYSF,06/24,5050,TREATED GRAVEL
CYSG,06/24,5108,ASP
CYSH,06/24,4000,ASP
CYSH,15/33,1500,grass
CYSJ,05/23,7000,ASP
CYSJ,14/32,5100,ASP
CYSK,09/27,3800,GRAVEL
CYSL,18/36,4000,ASP
CYSM,03/21,1800,COM
CYSM,12/30,6000,ASP
CYSN,01/19,2500,ASP
CYSN,06/24,5000,ASP
CYSN,11/29,2000,ASP
CYSP,16/34,3933,ASP
CYSQ,19/01,3950,GRVL
CYST,04/22,3400,CRUSHED ROCK
CYSU,05/23,8000,ASP
CYSU,12/30,5300,ASP
CYSU,18/36,5460,ASP
CYSW,17/35,4000,ASP
CYSY,08T/26T,4000,GVL
CYSZ,14/32,3977,ASP
CYTA,17/35,5000,ASP
CYTE,13T/31T,4000,GVL
CYTF,13/31,5000,ASP
CYTH,06/24,5800,ASP
CYTH,15/33,5079,GVL
CYTL,14/32,3900,GRVL
CYTN,06/24,5377,ASP
CYTN,10/28,2200,ASP
CYTQ,05/23,3519,GRAVEL
CYTR,06/24,10000,ASP
CYTR,13/31,3025,ASP
CYTS,03/21,6000,ASP
CYTS,10/28,4903,ASP
CYTZ,06/24,2933,ASP
CYTZ,08/26,3988,ASP
CYTZ,15/33,2780,ASP
CYUB,10/28,4600,GVL
CYUL,06L/24R,11000,ASP
CYUL,06R/24L,9600,ASP
CYUL,10/28,7000,ASP
CYUT,16T/34T,3400,GVL
CYUX,12T/30T,5410,GVL
CYUY,08/26,7485,ASP
CYVB,13/31,5985,ASP
CYVC,11/29,2396,GVL
CYVC,18/36,5000,ASP
CYVD,08/26,4000,ASPHALT
CYVG,10/28,3300,ASP
CYVK,05/23,3360,ASP
CYVM,03T/21T,3800,GVL
CYVO,18/36,10000,ASP
CYVP,07/25,6000,ASP
CYVP,13/31,5000,GVL
CYVQ,10/28,5998,ASP
CYVR,08L/26R,9940,CON
CYVR,08R/26L,11500,ASP
CYVR,13/31,7300,CON
CYVR,XX/26A,3500,CON
CYVT,06/24,2297,ASP
CYVT,12/30,5006,ASP
CYVV,05/23,5021,ASP
CYVV,11/29,3100,GVL
CYVZ,13/31,3500,GRVL
CYWA,17/35,3800,GRS
CYWG,07/25,4500,ASP
CYWG,13/31,8841,ASP
CYWG,18/36,11000,ASP
CYWJ,08/26,3933,GRVL
CYWK,18/36,6002,ASP
CYWL,12/30,7000,ASP
CYWM,17/35,4000,ASP
CYWP,02/20,3500,GRVL
CYWV,13/31,3000,ASP
CYWY,11/29,3500,GVL
CYXC,16/34,6000,ASP
CYXE,09/27,8300,ASP
CYXE,15/33,6200,ASP
CYXH,03/21,5000,ASP
CYXH,09/27,2820,ASP
CYXJ,03/21,6698,ASP
CYXJ,12/30,6909,ASP
CYXK,07/25,4600,ASP
CYXL,03/21,2200,GVL
CYXL,16/34,5300,ASP
CYXN,15T/33T,4000,UNK
CYXP,06T/24T,2920,GVL
CYXQ,14/32,3745,GRVL
CYXR,08/26,5998,ASP
CYXR,16/34,3019,GVL
CYXS,01/19,3769,ASP
CYXS,06/24,5624,ASP
CYXS,15/33,11450,ASP
CYXT,03/21,5373,ASP
CYXT,15/33,7497,ASP
CYXU,09/27,6300,ASP
CYXU,15/33,8800,ASP
CYXX,01/19,5328,ASP
CYXX,01L/19R,1500,GRS
CYXX,07/25,9600,PEM
CYXY,02/20,1239,ASP
CYXY,14L/32R,6597,ASP
CYXY,14R/32L,9497,ASP
CYXZ,03/21,4429,ASP
CYYB,08/26,10000,ASP
CYYB,13/31,2500,GRS
CYYB,18/36,4474,ASP
CYYC,08/26,6200,ASP
CYYC,11/29,8000,ASP
CYYC,17L/35R,14000,CONC
CYYC,17R/35L,12675,ASP
CYYD,15/33,5000,ASP
CYYE,04/22,6400,ASP
CYYE,07/25,,UNK
CYYE,08/26,3575,ASP
CYYF,16/34,6000,ASP
CYYG,03/21,7002,ASP
CYYG,10/28,7000,ASP
CYYH,15T/33T,4020,GVL
CYYJ,03/21,5027,ASP
CYYJ,09/27,7000,ASP
CYYJ,14/32,5001,ASP
CYYL,08/26,2520,GVL
CYYL,17/35,5000,ASP
CYYM,03/21,3600,TURF
CYYM,11/29,4330,TURF
CYYN,04/22,2500,ASP
CYYN,13/31,4250,ASP
CYYO,09/27,3000,ASP
CYYQ,07/25,4000,GVL
CYYQ,15/33,9200,ASP
CYYR,08/26,11046,ASP
CYYR,15/33,9580,ASP
CYYT,02/20,5028,ASP
CYYT,10/28,8502,ASP
CYYT,16/34,7005,ASP
CYYU,10/28,3590,ASP
CYYU,17/35,5500,ASP
CYYW,12/30,4000,ASP
CYYW,18/36,2940,ASP
CYYY,06/24,6000,ASP
CYYY,15/33,3934,ASP
CYYZ,05/23,11120,ASP/CONC
CYYZ,06L/24R,9697,ASP
CYYZ,06R/24L,9000,ASP
CYYZ,15L/33R,11050,ASP
CYYZ,15R/33L,9088,ASP
CYZD,09/27,3164,ASP
CYZD,15/33,7003,ASP
CYZE,11/29,5500,ASP
CYZF,10/28,5000,ASP
CYZF,16/34,7500,ASP
CYZG,03/21,3523,Gravel
CYZH,10/28,5561,ASP
CYZP,13/31,5120,ASP
CYZR,06/24,2989,ASP
CYZR,15/33,5100,ASP
CYZS,16T/34T,5000,GVL
CYZT,08/26,4000,ASP
CYZT,11/29,5000,ASP
CYZT,16/34,4000,ASP
CYZU,11/29,5800,ASP
CYZV,05/23,5900,ASP
CYZV,09/27,6552,ASP
CYZV,13/31,5771,ASP
CYZW,09/27,5028,GVL
CYZX,08/26,8000,ASP
CYZX,12/30,8000,ASP
CYZY,17/35,5033,ASP
CZ-0049,02/20,980,grass
CZ-0050,15/33,1100,grass
CZ-0058,10/28,1640,
CZ-0059,11/29,1542,grass
CZ-0060,11/29,2002,grass
CZ-0061,11/29,1313,grass
CZ-0061,18/36,1575,grass
CZ-0064,09/27,1493,Asfalt
CZ-0065,16/34,1969,grass
CZ-0066,09/27,1476,grass
CZ-0067,06/24,1526,grass
CZ-0069,17/35,1444,grass
CZ-0071,11/29,2198,G
CZ-0072,09/27,1804,G
CZ-0073,02/20,2789,G
CZ-0074,12/30,2313,G
CZ-0095,07/25,1640,G
CZ-0096,07/25,,
CZ-0097,08/26,2625,G
CZ-0100,09/27,1969,G
CZ-0101,14/32,1870,G
CZ-0102,06/24,1476,G
CZ-0103,09/27,1640,Asfalt
CZ-0104,09/27,1706,ASP
CZ-0104,09G/27G,2625,GRS
CZ-0105,05/23,1936,G
CZ-0129,18/36,1772,G
CZ-0151,01/19,984,G
CZ-0156,08/26,1348,A
CZ-0157,05/23,,G
CZ-0163,12/30,2700,G
CZ-0171,W/E,1968,ASP
CZ-0192,15/33,2042,GRAS
CZ-0193,15/33,2608,GRASS
CZ-0193,15R/33L,3396,GRASS
CZ-0194,16/34,1903,ASP
CZ-0244,10/28,1500,Grass
CZ-0268,05/23,3937,UNK
CZ-0268,11/29,5905,UNK
CZAC,10/28,3395,CRUSHED ROCK
CZAM,14/32,4260,ASP
CZBA,09/27,2464,asphalt
CZBA,14/32,3775,Asphalt/Turf
CZBB,03/21,4865,ASP
CZBB,07/25,5606,ASP
CZBB,13/31,5605,ASP
CZBD,09/27,3000,CRUSHED ROCK
CZBF,10/28,5613,ASP
CZBM,05/23,5000,ASP
CZBM,05R/23L,3200,GRS
CZEE,12/30,2590,GRAVEL
CZEM,02/20,3512,GRAVEL
CZF2,02/20,1036,Turf
CZFA,09/27,4000,GVL
CZFD,10/28,3800,TREATED GRAVEL
CZFG,15/33,3000,CRUSHED ROCK
CZFM,12/30,3500,GVL
CZFN,07/25,3935,GRAVEL
CZGF,07/25,4300,ASP
CZGI,09/27,3540,CRUSHED ROCK
CZGR,18/36,2800,CRUSHED ROCK
CZHP,07/25,3933,ASP
CZJG,15/33,3800,GRAVEL
CZJN,02/20,3933,ASP
CZJN,08/26,1950,GRS
CZKE,06/24,3903,GRVL
CZLQ,12/30,2220,CRUSHED ROCK
CZMD,05/23,3500,GRVL
CZML,15/33,5293,ASP
CZMN,05/23,2200,CRUSHED ROCK
CZMT,13/31,5000,ASP
CZN,12/30,3000,TURF-GRVL-F
CZNG,10/28,2500,CRUSHED ROCK
CZNL,04/22,3100,ASP
CZO,01/19,2060,TURF-GRVL-P
CZPB,10/28,3500,GRVL
CZPC,08/26,6600,ASP
CZPO,16/34,3000,GRAVEL/CLAY
CZRJ,03/21,3500,GRVL
CZSJ,11/29,3500,GRVL
CZSN,18/36,3509,CRUSHED ROCK
CZST,18/36,3900,ASP
CZTA,18/36,3000,CRUSHED ROCK
CZTM,01/19,4006,GRAVEL
CZUC,05/23,3512,ASP
CZUM,13/31,5500,ASP
CZVL,08/26,5001,ASP
CZVL,16/34,3500,ASP
CZWH,03/21,3500,CRUSHED ROCK
CZWL,17/35,3793,Asphalt/Concrete
D03,12/30,2800,TURF
D030,H1,50,ASPH
KD06,17/35,2396,CONC-TURF-F
D072,H1,50,ASPH
D12,H1,22,CONC
D12,H2,20,CONC
D125,H1,54,concrete
D15,11/29,2582,ASPH-G
D154,H1,50,ASPH
KD20,09/27,2300,TURF-F
D24,08/26,2940,TURF-G
D28,15/33,10000,WATER
D29,17/35,2596,ASPH-P
D304,H1,64,concrete
D32,15/33,2512,TURF-F
D346,H1,50,ASPH
D346,H2,65,concrete
D371,H1,52,concrete
D372,H1,50,ASPH
KIUA,13/31,5500,ASPH-G
D41,17/35,2700,ASPH-G
D415,H1,50,ASPH
D429,H1,88,concrete
D43,01/19,1495,TURF-G
D43,07/25,1425,TURF-G
D430,H1,50,concrete
D431,H1,50,ASPH
D447,H1,80,concrete
D49,07/25,2560,TURF-F
D51,10/28,2500,TURF-E
D52,05/23,5000,TURF-G
D58,12/30,3300,TURF-F
D58,17/35,2400,TURF-F
D59,09/27,3430,TURF-G
D61,03/21,2810,TURF-G
D61,16/34,2732,TURF-G
KD63,09/27,2504,ASPH-G
D65,17/35,3400,TURF-G
D66,07/25,2500,GRVL-G
D66,13/31,1600,DIRT-F
NY95,15/33,1245,ASPH-TRTD
D69,09/27,1471,TURF-E
D71,01W/19W,5000,WATER
D72,N/S,3500,WATER
D75,ALL/WAY,3800,WATER
D79,06/24,1840,TURF-G
D79,13/31,2750,TURF-G
D80,06/24,2408,TURF-GRVL-F
D80,09/27,2500,TURF-F
D81,15/33,2500,ASPH-G
D82,01L/19R,2200,TURF-G
D82,01R/19L,2800,ASPH-GRVL-G
85NK,08/26,2495,TURF-E
KD88,08/26,2600,TURF-F
D90,10/28,2050,TURF-F
D90,18/36,3400,TURF-F
D91,E/W,2450,TURF-G
DA10,05/23,5490,SAN
DA10,09/27,7794,GRE
DAOM,09/27,9843,ASP
DA12,12/30,6608,BIT
DA13,05/23,12737,SAN
DA13,06/24,7740,ASP
DA14,05/23,3550,BIT
DA14,13/31,2275,BIT
DA15,18/36,4248,ASP
DA16,09/27,6565,BIT
DA16,09L/27R,12700,ASP
DA16,09R/27L,7765,ASP
DAAB,06/24,5833,ASP
DAAD,04/22,7218,ASP
DAAE,08/26,7874,ASP
DAAF,08/26,6285,
DAAG,05/23,11483,ASP
DAAG,09/27,11483,ASP
DAAJ,02/20,7874,ASP
DAAJ,13/31,9843,ASP
DAAK,04/22,11883,CON
DAAN,08/26,8216,PEM
DAAP,09/27,9843,ASP
DAAQ,09L/27R,10696,ASP
DAAQ,09R/27L,10696,ASP
DAAS,09/27,9498,ASP
DAAT,02/20,11811,ASP
DAAT,08/26,10171,ASP
DAAV,17/35,7874,ASP
DAAY,06/24,11780,ASP
DAAY,17/35,9436,ASP
DAAZ,07/25,4265,ASP
DABB,05/23,7513,ASP
DABB,18/36,9843,ASP
DABC,13/31,7874,ASP
DABC,16/34,9843,ASP
DABS,11/29,9843,ASP
DABS,12/30,7874,ASP
DABT,05/23,9843,ASP
DAFH,08/26,9835,ASP
DAFH,09/27,4695,ASP
DALH,03/21,3280,Loam
DAOB,08/26,9843,ASP
DAOE,07/25,9834,CON
DAOF,08L/26R,9840,ASP
DAOF,08R/26L,9840,ASP
DAOI,07/25,5413,ASP
DAOI,08/26,8793,ASPH
DAOL,08/26,9037,ASP
DAON,07/25,8530,ASP
DAOO,07L/25R,11811,ASP
DAOO,07R/25L,9843,CON
DAOR,06/24,12245,ASP
DAOR,18/36,9840,ASP
DAOS,10/28,4868,ASP
DAOV,08/26,5577,ASP
DAOY,04/22,9843,ASP
DATG,08/26,7218,ASPH
DATM,08/26,9843,ASPH
DAUA,04/22,9843,ASP
DAUB,13/31,9469,ASP
DAUE,10/28,5906,ASP
DAUE,18/36,9843,ASP
DAUG,12/30,10171,ASP
DAUG,18/36,7874,ASP
DAUH,01/19,,UNK
DAUH,18/36,9843,ASP
DAUI,05/23,9843,ASP
DAUK,01/19,9843,ASP
DAUL,16L/34R,12486,ASP
DAUL,16R/34L,12477,ASP
DAUO,02/20,6562,ASP
DAUO,13/31,9843,ASP
DAUT,06/24,9843,ASP
DAUU,01/19,9843,ASP
DAUU,18/36,10171,ASP
DAUZ,05/23,9843,ASP
DAUZ,14/32,7218,ASP
DBBB,06/24,7906,ASP
DBBP,04/22,5249,UNK
DC01,H1,139,ASPH
DC02,H1,20,CONC
DC03,H1,40,ASPH-CONC
DC03,H2,70,ASPH-CONC
DC04,H1,300,ASPH
DC06,H1,60,CONC
DC07,H1,60,CONC
DC08,H1,70,CONC
DC08,H2,100,CONC
DC09,H1,100,CONC-TURF
DC11,H1,32,ASPH
DC16,H1,40,ASPH
DC17,H1,60,CONC-G
DC52,H1,75,ASPH
PODC,08/26,4780,GRAVEL-P
PADT,05/23,1200,GRAVEL-G
EDES,07/25,3610,asphalt
DE-0005,02/20,1824,Grass
EDSV,06/24,1968,grass
EDSV,07/25,820,grass
DE-0062,13/31,2953,grass
DE-0075,04/22,2887,ASPH
DE-0076,17/35,2942,Asphalt
DE-0081,08/26,1691,GRS
DE-0094,18/36,1470,ASPH
EDHY,12/30,2296,Grass
DE-0111,03/21,2200,gras
EDWT,09/27,3280,Gras
EDSC,10/28,2450,GRASS
EDSC,10G/28G,985,GRASS
EDSC,10L/28R,984,GRASS
DE-0118,08L/26R,1623,grass
DE-0118,08R/26L,1475,grass
DE-0121,05/23,3091,Grass
DE-0137,14/32,2100,Gras
DE-0150,09/27,,grass
DE-0152,05/23,1476,Grass
DE-0152,07/25,1640,Grass
DE-0178,26,820,Gras
DE-0178,12/30,984,Gras
DE-0179,12/30,3280,grass
DE-0190,A/B,2625,Turf
DE-0194,04/22,1311,grass
DE-0195,10/28,1000,concrete blocks
DE-0201,14/32,1181,grass
EDTE,06/24,2736,grass
DE-0207,09/27,2132,grass
DE-0210,08/26,1755,Grass
DE-0215,05/23,3085,GRASS
DE-0229,15/33,1000,grass
DE-0230,09/27,3281,GRS
DE-0234,18/36,1640,G
DE-0238,04/22,1017,grass
DE-0238,05/23,2461,GRASS
DE-0238,05G/23G,4038,grass
DE-0240,04/22,1640,grass
DE-0247,08/26,3345,grass
DE-0247,08G/26G,821,GRASS
DE-0247,08L/26R,821,grass
EDUP,11/29,4200,grass
DE-0267,H1,50,concrete
D442,H1,54,concrete
DE-0273,09/27,,
DE-0276,08/26,1312,grass
DE-0279,13/31,2295,GRS
DE-0282,15/33,625,grass
DE-0282,16/34,2954,grass/asphalt
DE-0285,08/26,2625,G
DE-0286,06/24,1640,GRS
DE-0293,04/22,1969,G
EDSM,16/34,2297,G
DE-0304,13/31,2722,grass
DE-0309,09/27,2237,GRS
DE-0309,11/29,1280,GRS
DE-0311,07/25,1492,turf
DE-0311,07G/25G,657,grass
DE-0311,07L/25R,3183,gravel
DE-0313,10/28,3068,grass
DE-0313,10G/28G,819,grass
DE-0315,08/26,3396,GRASS
DE-0321,08/26,1578,grass
DE-0322,16L/36R,3280,grass
DE-0322,16R/34L,3280,grass
DE-0324,11/29,1772,GRS
DE-0326,10/28,2034,GRASS
DE-0328,05/23,3282,GRASS
DE-0332,07/25,2076,GRS
DE-0336,10/28,1477,concrete
DE-0337,05/23,1641,grass
DE-0338,06/24,1542,grass
DE-0339,09/27,985,grass
DE-0345,09/27,1149,grass
DE-0348,12/30,1706,grass
DE-0394,09/27,1417,grass
DE-0408,08/26,1085,Grass
DE-0412,10/28,1280,Gras
DE-0416,07/25,2201,ASPH
DE-0440,07L/25R,11811,ASP
DE-0440,07R/25L,,
DE-0456,09L/27R,6870,concrete
DE-0456,09R/27L,6036,cocrete
DE-0478,09/27,656,GRS
DE-0478,13/31,1771,GRS
DE-0481,12/30,5249,dirt
DE-0498,07/25,2953,UNK
DE-0519,09/27,2200,
DE-0520,02/20,2625,concrete
DE-0533,09/27,860,GRASS
DE-0875,07/25,8149,CON
DE-0875,07L/25R,6562,GRS
DE-0876,08L/26R,9918,Asphalt
DE-0876,08R/26L,7966,asphalt
DE-0877,06/24,9843,CON
DE-0878,07/25,4918,CON
DE-0879,09/27,3281,CON
DE-0880,07/25,2160,ASP
DE-0880,16/34,3937,ASP
DE-0881,10/28,3007,ASP
DE-0882,10/28,8136,PEM
DE-0883,07/25,6777,CON
DE-0884,08/26,3937,CON
DE-0885,09/27,9003,CON
DE-0886,09/27,7388,ASP
DE-0887,04/22,1805,G
DE-0888,10/28,2843,UNK
DE-0889,11/29,2802,UNK
DE-0892,11/29,2789,UNK
DE-0901,07L/25R,2671,CON
DE-0901,07R/25L,9199,CON
DE-0903,09/27,6892,Asphalt
DE-0905,11/29,1640,gras
DE-0908,09/27,6893,Asphalt
DE-0929,H1,70,concrete
D324,H1,100,concrete
DE-0931,02/20,1476,GRASS
DE00,16/34,2000,TURF
DE02,H1,60,CONC
DE03,H1,300,TURF
DE04,16/34,1000,TURF-G
DE09,15/33,2243,TURF
DE14,14/32,2600,TURF
DE15,09/27,2600,TURF-G
DE16,H1,66,CONC
DE17,03/21,2300,TURF
DE19,17/35,2600,TURF
DE20,02/20,3300,TURF
DE21,10/28,3000,TURF
DE23,10/28,2500,TURF-G
DE24,H1,50,TURF
DE25,14/32,3500,TURF
DE26,H1,120,CONC
DE28,H1,25,CONC
DE29,14/32,2600,TURF
DE30,H1,83,CONC
DE32,04/22,2335,TURF
DE34,04/22,3300,TURF-F
WAVD,07/25,6398,ASP
DFFD,04/22,9843,ASP
DFFD,04R/22L,6269,LAT
DFOH,08/26,2560,GRS
DFOH,18/36,1920,GVL
DFOO,06/24,10826,ASP
DGAA,03/21,11165,ASP
DGAH,5/23,5266,Asphalt
DGLE,05/23,7999,ASP
DGLW,03/21,6612,ASP
DGSI,02/20,7612,ASP
DGSN,07/25,4594,ASP
DGTK,04/22,5745,ASP
88WA,18W/36W,4001,WAT
DIAP,03/21,9843,ASP
DIBK,03/21,10827,ASP
DIBU,03/21,4921,UNK
DIDL,04/22,6562,CON
DIKO,09/27,6890,CON
DIMN,04/22,6726,CON
DISP,03/21,6234,ASP
DIYO,05/23,9843,ASP
DJ-0003,09H/27H,,
EKTO,09/27,,grass
DK-0005,09/27,1345,G
EKAS,09/27,3300,Grass
EKAS,11/29,3500,Grass
EKVO,06/24,1804,Grass
DM-0001,15/33,9843,ASP
PPDM,H1,64,CONC-E
DN50,06/24,4170,ASP
DN51,06/24,4983,ASP
DN53,05/23,8612,ASP
DN54,05/23,4950,ASP
DNEK,01/19,4266,ASP
DNES,13/31,5085,ASP
DNKT,04/22,11352,ASP
DNAA,04/22,11842,ASP
DNAI,03/21,11811,
DNAK,03/21,9195,ASP
DNAS,11/29,11155,ASP
DNBB,10/28,5577,ASP
DNBC,17/35,11154,ASP
DNBE,05/23,7870,ASP
DNBI,04/22,3900,ASP
DNBY,06/24,12139,ASP
DNCA,03/21,8040,ASP
DNDS,06/24,9840,ASP
DNEN,08/26,7879,ASP
DNFB,04/22,5582,ASP
DNFD,02/20,3165,ASP
DNGO,05/23,10827,ASP
DNGU,05/23,4800,LAT
DNIB,05/23,7875,ASP
DNIL,05/23,10169,ASP
DNIM,17/35,8858,ASP
DNJO,10/28,9845,ASP
DNKA,05/23,9843,ASP
DNKN,05/23,8040,ASP
DNKN,06/24,10831,ASP
DNMA,05/23,9846,ASP
DNMK,05/23,9830,CON
DNMM,18L/36R,8997,ASP
DNMM,18R/36L,12794,ASP
DNMN,05/23,11153,ASP
DNPO,03/21,9843,ASP
DNSO,08/26,9844,ASP
DNSU,06/24,6868,ASP
DNYO,13/31,5160,ASP
DNYO,17/35,9840,ASP
DNZA,05/23,5462,ASP
DO-0011,11/29,6570,ASP
DO-0012,09/27,2953,UNK
DRRL,07/25,3950,Dirt
DRRM,09/27,6070,ASP
DRRN,09L/27R,10499,LAT
DRRN,09R/27L,9843,BITUM
DRRT,06/24,7053,ASP
DRZA,07/25,9843,ASP
DRZD,04/22,5249,ASP
DRZF,09/27,5906,ASP
DRZI,01/19,4438,
DRZR,05/23,5988,ASP
DT1,H1,84,CONC-G
DT70,08/26,3952,ASP
KDTG,09/27,2364,ASPH-TURF-F
KDTG,18/36,1900,TURF-G
DTKA,09/27,9416,ASP
DTMB,07/25,9678,ASP
DTNH,09/27,10827,ASPH
DTTA,01/19,10499,ASP
DTTA,11/29,9318,ASP
DTTB,08/26,9845,PEM
DTTB,11/29,3975,CON
DTTD,02/20,7812,ASP
DTTF,05/23,9514,ASP
DTTG,06/24,3702,ASP
DTTI,13/31,3407,ASP
DTTJ,09/27,10171,ASP
DTTR,11/29,8858,ASP
DTTX,15/33,9843,CON
DTTZ,09/27,10581,ASP
DXNG,03/21,8202,CON
DXXX,04/22,9847,ASP
DZ-0003,12/30,8450,
DZ-0016,17/35,8858,ASP
18T,12/30,2920,ASPH-G
18T,5/23,2990,ASPH-F
E20,13/31,7000,WATER
E20,14/32,13000,WATER
E20,15/33,10500,WATER
E32,07/25,3300,DIRT-G
E36,16/34,2979,ASPH-G
E37,07/25,1650,DIRT-G
E37,18/36,2950,DIRT-P
KE40,17/35,2175,TURF-F
KE53,7/25,2523,TURF-F
KE55,13/31,2504,ASPH-F
E61,ALL/WAY,21120,WATER
E66,H1,32,TURF-G
E66,H2,12,CONC-G
E66,H3,20,MATS-G
KE68,06C/24C,1995,DIRT-F
KE68,06L/24R,1910,DIRT-F
KE68,06R/24L,2520,ASPH-F
KE68,07/25,3740,DIRT-F
E70,16/34,3415,ASPH-E
E79,12/30,2473,ASPH-F
KE81,04/22,3250,GRAVEL-P
E85,02/20,3320,DIRT-F
E85,07/25,3100,DIRT-F
E85,13/31,3430,DIRT-F
E92,08/26,4000,GRVL-F
E94,01/19,3700,DIRT-F
EBAM,11/29,2000,GRS
EBAR,09/27,492,GRS
EBAW,11/29,4954,ASP
EBBE,04L/22R,10085,ASP
EBBE,04R/22L,8038,ASP
EBBL,05L/23R,10158,PEM
EBBL,05R/23L,7874,PEM
EBBR,01/19,9800,ASP
EBBR,07L/25R,11936,ASP
EBBR,07R/25L,10535,ASP
EBBT,16/34,2621,CON
EBBX,06/24,7874,CON
EBBY,05/23,827,GRS
EBBY,14/32,981,GRS
EBBZ,15/33,1469,
EBCF,12L/30R,2625,grass
EBCF,12R/30L,2215,grass
EBCI,06/24,10023,ASP
EBCV,08/26,8197,ASP
EBDT,06/24,2461,Turf
EBFN,02/20,2621,CONC
EBFN,11/29,8786,PEM
EBFS,08L/26R,11105,ASP
EBFS,08R/26L,7381,ASP
EBGB,01/19,2016,GRS
EBGG,03/21,600,grass
EBHC,04A/13D,69,GRS
EBHN,15/33,,Grass
EBIS,17/35,495,G
EBKH,07/25,2264,GRS
EBKT,06/24,6234,Asphalt
EBLE,08/26,1969,Asphalt
EBLG,04L/22R,7677,ASP
EBLG,04R/22L,12106,ASP
EBML,09/27,1311,Grass
EBMO,04/22,650,grass
EBNM,06/24,2284,A
EBNM,06L/24R,2064,grass
EBNM,06R/24L,2264,ASP
EBOS,08/26,10499,CON
EBOS,14/32,2057,Grass
EBSG,09/27,2296,ASP
EBSH,05/23,1969,GRS
EBSH,14/32,2621,GRS
EBSL,06/24,9777,ASP
EBSP,05/23,2621,ASP
EBST,06/24,3597,ASP
EBSU,07/25,8528,CON
EBTN,06/24,2148,ASPHALT
EBTN,17/35,2560,ASPHALT
EBTX,06/24,2421,GRS
EBTY,11/29,2067,GRS
EBUL,07/25,9777,concrete
EBWE,07/25,9777,CON
EBZH,09/27,1967,Grass
EBZR,05/23,2621,CON
EBZU,17/35,400,UNK
EBZW,03L/21R,2622,ASPH
EBZW,03R/21L,2148,grass
EC-0003,09/27,3255,ASP
SEOH,02/20,1968,Earth
SEVA,06/24,2133,Earth
SEJR,07/25,1706,Earth
SEAK,08/26,3323,Earth
SEHT,13/31,1745,Earth
SEUX,18/36,1476,Earth
EC-0021,09/27,1640,GRS
SEOZ,14/32,2133,Earth
SEAW,10/28,2329,Earth
SEPH,14/32,1985,Earth
SEAT,13/31,1968,Earth
SEYA,15/33,2625,Earth
SEKJ,10/28,1444,Earth
SELC,18/36,3281,ASP
SEBS,09/27,2625,ASP
SESQ,12/30,2625,ASP
SENX,16/34,2133,ASP
SEPL,02/20,1444,ASP
SEHG,05/23,1608,Earth
SENH,13/31,1368,GRS
EC-0063,02/20,6365,ASP
EC-0064,14/32,5493,ASP
EC-0070,17/35,10236,ASP
EDAB,07/25,7218,CON
EDAB,07L/25R,3281,GRS
EDAC,04/22,7988,CON
EDAD,09/27,3281,ASP
EDAE,11/29,3839,ASP
EDAG,10/28,3281,GRS
EDAH,10/28,7562,ASP
EDAH,10L/28R,4347,GRS
EDAH,10R/28L,1969,GRS
EDAI,10/28,2625,GRASS
EDAJ,06/24,3002,ASPH
EDAK,11/29,4642,CON
EDAK,11R/29L,3117,GRS
EDAM,08/26,3740,CON
EDAN,09/27,3937,GRS
EDAN,18/36,2953,grass
EDAO,10/28,2936,GRS
EDAP,11/29,2625,Asphalt
EDAQ,11/29,3675,ASP
EDAR,11/29,2953,GRS
EDAS,08/26,3133,GRS
EDAT,08/26,3117,GRS
EDAU,09/27,2461,GRS
EDAU,12/30,3281,ASP
EDAU,12R/30L,1969,GRS
EDAV,10/28,5046,CON
EDAW,09L/27R,3937,GRS
EDAW,09R/27L,3937,GRS
EDAX,07/25,7808,CON
EDAY,05/23,3937,CON
EDAY,05R/23L,3937,GRS
EDAZ,07/25,4954,ASP
EDAZ,12/30,2297,ASP
EDAZ,12G/30G,2493,GRS
EDBA,09/27,2854,ASP
EDBC,07/25,8202,ASP
EDBC,07G/25G,2625,GRS
EDBE,10/28,2395,GRS
EDBF,10/28,2952,ASPH
EDBG,09/27,2789,GRS
EDBH,09/27,5528,ASP
EDBH,09L/27R,2953,GRS
EDBI,05/23,3609,GRS
EDBJ,02/20,3839,ASP
EDBJ,08/26,2034,GRS
EDBK,14/32,3281,ASP
EDBK,14R/32L,3281,GRS
EDBL,09/27,2362,grass
EDBM,09/27,3281,ASP
EDBM,09L/27R,2298,GRS
EDBN,09/27,7522,CON
EDBO,08/26,2788,ASP
EDBO,08R/26L,2461,GRS
EDBP,01/19,2625,GRS
EDBP,11/29,1640,GRS
EDBQ,07/25,2887,GRS
EDBQ,12/30,2953,GRS
EDBR,17/35,6562,ASP
EDBR,17R/35L,3937,GRS
EDBS,07/25,3035,GRS
EDBT,07/25,3937,CON
EDBU,08/26,2723,GRS
EDBV,05/23,2953,GRS
EDBW,08/26,2624,CON
EDBY,15/33,2953,UNK
EDBZ,08L/26R,2789,UNK
EDBZ,08R/26L,2625,UNK
EDCA,09/27,3281,ASP
EDCA,09R/27L,2953,GRS
EDCB,09/27,2247,asfalt
EDCE,06/24,3937,GRS
EDCG,09/27,2953,Asphalt
EDCI,10/28,2887,UNK
EDCJ,06/24,2953,asphalt
EDCK,07/25,2625,UNK
EDCM,03/21,3609,CON
EDCM,03L/21R,3609,GRS
EDCO,11/29,4757,ASP
EDCP,13/31,7874,CON
EDCQ,11/29,3445,UNK
EDCR,08/26,2100,grass
EDCS,09A/27D,3281,GRS
EDCT,07/25,1965,Grass
EDCU,09/27,2297,Grass
EDCV,09/27,2953,UNK
EDCW,08/26,2099,Grass
EDCX,04/22,3609,grass
EDCY,03/21,6562,CONC
EDDB,06L/24R,11811,ASPH
EDDB,06R/24L,13123,concrete
EDDC,04/22,9350,CON
EDDE,09/27,8530,ASP
EDDF,07C/25C,13123,ASP
EDDF,07L/25R,9186,CON
EDDF,07R/25L,13123,CON
EDDF,18/36,13123,CON
EDDG,07/25,7119,ASP
EDDH,05/23,10663,ASP
EDDH,15/33,12028,ASP
EDDK,06/24,8067,CON
EDDK,13L/31R,12516,ASP
EDDK,13R/31L,6112,ASP
EDDL,05L/23R,8858,CON
EDDL,05R/23L,9842,CON
EDDM,08L/26R,13123,CON
EDDM,08R/26L,13123,CON
EDDN,10/28,8858,ASP
EDDP,08L/26R,11811,CON
EDDP,08R/26L,11811,CON
EDDR,08/26,6562,ASP
EDDR,08L/26R,1788,GRS
EDDS,07/25,10974,CON
EDDS,H-NORTH,98,ASPH
EDDS,H-SOUTH,98,ASPH
EDDV,09C/27C,2548,ASP
EDDV,09L/27R,12434,CON
EDDV,09R/27L,7677,CON
EDDW,05/23,2297,ASP
EDDW,09/27,8642,ASP
EDEG,08/26,2657,UNK
EDEH,04/22,,G
EDEL,01/19,1476,grass
EDEN,36/18,2200,A
EDEP,15L/33R,3435,GRASS
EDEP,15R/33L,3612,GRASS
EDEQ,08/26,2953,UNK
EDER,06/24,2030,asphalt
EDER,08R/26L,1200,grass
EDEW,06/24,2690,UNK
EDFA,06/24,2100,G
EDFB,09/27,820,Grass
EDFB,18/36,4265,Asphalt
EDFC,08/26,2756,Asphalt
EDFE,08/26,4593,ASP
EDFE,08R/26L,2198,GRS
EDFG,07/25,2756,Gras
EDFH,03/21,12467,ASP
EDFK,17/35,2641,UNK
EDFM,09/27,3497,ASP
EDFM,09C/27C,2756,GRS
EDFM,09L/27R,2626,GRASS
EDFN,03/21,2461,GRASS
EDFO,08/26,1800,Asphalt
EDFQ,11/29,4068,ASP
EDFR,03/21,3117,asphalt
EDFS,10/28,3215,UNK
EDFT,06/24,2230,grass
EDFV,06/24,2625,CON
EDFV,06G/24G,3018,GRS
EDFW,11/29,2198,Asphalt
EDFX,14/32,2756,UNK
EDFY,07/25,2460,Asphalt
EDFZ,07/25,3281,ASP
EDFZ,07R/25L,3281,GRS
EDGB,07/25,2953,UNK
EDGE,10/28,5643,CON
EDGM,15/33,2017,Asphalt
EDGO,18H/36H,1640,GRASS
EDGP,02/20,2625,UNK
EDGS,04/22,1640,GRS
EDGS,12G/30G,984,GRASS
EDGS,13/31,5315,ASP
EDGS,13G/31G,820,GRASS
EDGS,13L/31R,1969,GRS
EDGZ,17/35,2543,UNK
EDHB,09/27,1640,Grass
EDHE,09/27,3609,GRASS
EDHF,02/20,3412,CON
EDHF,09/27,2323,GRS
EDHG,07/25,3215,UNK
EDHI,05/23,8629,PEM
EDHK,08/26,4134,ASP
EDHK,08L/26R,1476,GRS
EDHL,07/25,6896,ASP
EDHM,05/23,2496,asphalt
EDHO,05/23,1969,Asfalt
EDHS,10/28,2132,Asphalt
EDHW,11/29,2625,UNK
EDJA,06/24,8629,ASP
EDKA,07/25,3805,Asphalt
EDKB,11/29,2625,concrete
EDKF,04/22,1969,grass
EDKH,09/27,3117,UNK
EDKL,15/33,3035,GRS
EDKM,04/22,2953,Asphalt
EDKN,10/28,2952,grass
EDKO,07/25,2460,asphalt
EDKP,10/28,1410,Grass
EDKR,09/27,2952,grass
EDKU,03/21,1837,GRASS
EDKV,06/24,3510,ASP
EDKW,07/25,2657,UNK
EDKZ,07/25,3839,ASP
EDLA,05/23,3461,ASP
EDLB,07/25,2870,ASPHALT
EDLC,07/25,1968,GRASS
EDLD,08/26,4921,CONCRETE
EDLE,06/24,5095,ASP
EDLF,07/25,2215,GRASS
EDLH,06/24,2953,CONCRETE + GRASS. MTOM 2t
EDLI,11/29,4121,ASP
EDLK,06/24,2099,Grass
EDLM,07/25,2723,ASPH
EDLN,13/31,3937,ASP
EDLO,04/22,1950,ASPH
EDLO,04G/22G,3780,GRS
EDLP,05/23,7152,ASP
EDLR,06/24,3904,UNK
EDLS,11/29,4068,ASP
EDLT,10/28,2789,ASP
EDLV,09/27,8005,PEM
EDLW,06/24,6562,ASP
EDLZ,07/25,2690,UNK
EDMA,07/25,5230,ASP
EDMA,07R/25L,3325,GRS
EDMB,04/22,4314,ASP
EDMC,10/28,2857,grass
EDMD,10/28,2050,Grass
EDME,08/26,3806,ASP
EDMG,05/23,1882,grass
EDMH,06/24,2378,asphalt
EDMI,07/25,2290,grass
EDMJ,07/25,1437,Asphalt
EDMK,07/25,2789,grass
EDMK,17/35,2953,grass
EDML,06/24,2953,ASP
EDMN,15/33,3770,ASP
EDMO,04/22,7500,ASP
EDMQ,08/26,2297,ASPH
EDMS,09/27,4429,ASP
EDMT,09/27,3353,Grass
EDMU,10/28,1837,grass
EDMV,12/30,3734,ASP
EDMY,08/26,2789,Concrete
EDNA,09/27,2920,Grass
EDNE,03/21,2182,grass
EDNF,16/34,,
EDNG,17/35,1564,ASPH
EDNH,08/26,2641,UNK
EDNI,02/20,2789,UNK
EDNJ,08/26,2099,Grass
EDNL,05/23,3346,ASP
EDNO,04/22,2460,ASPH
EDNP,07/25,3200,grass
EDNR,10/28,2116,Asphalt
EDNS,08/26,2789,UNK
EDNT,14/32,2116,GRASS
EDNU,08/26,1640,Grass
EDNV,06/24,1959,asphalt
EDNW,08/26,2132,Grass
EDNX,07/25,2651,ASP
EDNY,06/24,7729,ASP
EDNY,06L/24R,2163,GRASS
EDNZ,06/24,2625,UNK
EDOA,01/19,2625,UNK
EDOB,07/25,2296,Grass
EDOD,10/28,4199,UNK
EDOE,06/24,3117,UNK
EDOE,11/29,2625,UNK
EDOH,05/23,2953,UNK
EDOI,12/30,2821,GRS
EDOJ,06/24,3346,UNK
EDOK,07/25,2625,UNK
EDOM,10/28,1476,grass
EDON,08/26,7874,CON
EDOQ,08/26,2723,UNK
EDOR,08/26,2756,UNK
EDOS,06/24,2953,UNK
EDOT,05/23,1640,Grass
EDOV,08/26,6552,CON
EDOV,08L/26R,2297,GRS
EDOW,04/22,2625,UNK
EDOX,07/25,3281,UNK
EDOZ,07/25,2625,UNK
EDPA,09L/27R,3116,ASP
EDPA,09R/27L,3117,GRS
EDPB,15/33,1765,grass
EDPC,16/34,2526,Grass
EDPF,11/29,2756,UNK
EDPH,10/28,1574,Asphalt
EDPJ,07/25,1588,ASPH
EDPM,09/27,1968,ASPH
EDPT,08/26,2460,GRASS
EDPU,16/34,2953,UNK
EDPY,12/30,2575,UNK
EDQA,03/21,3622,ASPH
EDQA,04/22,3773,ASP
EDQC,12/30,2073,CONC
EDQD,06/24,3392,ASP
EDQE,08/26,3190,ASP
EDQE,08L/26R,2317,GRS
EDQF,09/27,2559,UNK
EDQG,08/26,6502,CONC
EDQH,07/25,2297,ASP
EDQI,07L/25R,1575,ASP
EDQI,07R/25L,1476,GRS
EDQK,09/27,2340,ASPH
EDQL,04/22,2300,GRS
EDQM,08/26,4856,ASP
EDQN,09/27,1970,ASP
EDQP,09/27,2461,
EDQR,14/32,1700,gras
EDQT,11/29,3609,ASP
EDQW,14/32,1700,Concrete
EDQY,07/25,2515,gras
EDQZ,08/26,2900,UNK
EDRB,05/23,10026,ASP
EDRF,08/26,1968,ASPH
EDRG,06/24,2133,GRASS
EDRI,05/23,2428,G
EDRJ,07/25,2625,ASPH
EDRK,06/24,3855,ASP
EDRL,11/29,3281,UNK
EDRM,18/36,2400,grass
EDRP,04/22,2625,ASPH
EDRT,05/23,3937,CON
EDRY,16/34,5501,ASP
EDRY,16R/34L,3281,GRS
EDRZ,03/21,8776,CON
EDSA,09/27,3435,GRS
EDSB,03/21,9787,ASP
EDSG,12/30,2625,GRASS
EDSH,10/28,1640,Grass
EDSI,07/25,3882,grass
EDSK,04/22,2247,Grass
EDSL,06/24,2462,grass
EDSN,09/27,4094,ASP
EDSO,07/25,1640,grass
EDSP,17/35,1335,Asphalt
EDSP,17G/35G,820,grass
EDSR,01/19,2329,GRS
EDST,06/24,1706,grass-asphalt
EDST,12G/30G,984,GRASS
EDST,12L/30R,2099,Grass
EDST,12R/30L,2099,GRASS
EDSW,07/25,2756,UNK
EDSX,07/25,2771,grass
EDSZ,08/26,2635,ASHP
EDTB,03/21,2460,GRS
EDTB,03G/21G,985,GRASS
EDTB,03L/21R,1380,GRASS
EDTC,11/29,1641,grass
EDTD,18/36,4232,ASP
EDTF,16/34,4390,ASP
EDTG,05/23,5413,ASP
EDTG,05R/23L,1969,GRS
EDTH,07/25,2461,CON
EDTL,03/21,9842,ASP
EDTM,07/25,5138,Asphalt
EDTM,07L/25R,2298,grass
EDTN,14/32,2019,GRS
EDTO,02/20,2986,UNK
EDTP,01/19,2000,grass
EDTQ,10/28,2204,ASPH
EDTQ,10R/28L,2368,GRASS
EDTS,04/22,1869,ASPH
EDTW,14/32,2310,ASPH
EDTY,10/28,5053,CON
EDTY,10L/28R,2460,GRS
EDTZ,12/30,3281,GRASS
EDUA,04/22,2264,G
EDUF,08/26,3937,CON
EDUS,09/27,3937,CON
EDUS,09R/27L,2904,GRS
EDUW,17/35,3280,CON
EDUW,17L/35R,1640,GRS
EDVC,04/22,2953,GRASS
EDVE,08/26,7546,ASP
EDVE,08R/26L,2953,GRS
EDVH,03/21,2953,Grass
EDVI,13/31,2671,Asphalt
EDVJ,11/29,3117,UNK
EDVK,04/22,4921,ASP
EDVK,04L/22R,2297,GRS
EDVK,09/27,8202,ASPH
EDVM,07/25,4003,ASP
EDVR,11/29,1989,Paved
EDVU,08/26,2625,ASPH
EDVY,05/23,2822,Concrete
EDWC,10/28,2296,ASP
EDWE,07/25,4265,ASP
EDWF,08/26,3937,ASP
EDWG,01/19,1640,GRS
EDWG,09/27,2789,ASP
EDWH,06/24,2552,TURF
EDWI,02/20,4787,ASP
EDWI,16/34,2018,ASP
EDWJ,06/24,1640,Grass
EDWJ,07/25,2296,Paved
EDWJ,07G/25G,1404,Grass
EDWJ,12/30,1558,Grass
EDWL,05/23,1968,concrete
EDWM,18/36,2789,UNK
EDWN,05/23,2953,ASPH
EDWO,09/27,2625,UNK
EDWQ,08/26,2743,paved
EDWR,05/23,2657,GRS
EDWR,12/30,2854,GRS
EDWR,13/31,3281,ASP
EDWS,16/34,2362,ASP
EDWU,09/27,3051,GRS
EDWV,12/30,1673,Gras
EDWX,06R/24L,1870,Asphalt
EDWY,08/26,3281,ASP
EDWZ,09/27,1181,concrete
EDXA,07/25,3084,UNK
EDXB,11/29,2362,ASPHALT
EDXC,08/26,2887,Grass
EDXE,10/28,2093,Gras
EDXF,04/22,2297,GRS
EDXF,11/29,4003,ASP
EDXF,11L/29R,3937,GRS
EDXG,09/27,2520,UNK
EDXH,03/21,1217,concrete
EDXH,06/24,846,concrete
EDXH,15/33,1574,concrete
EDXI,08/26,2789,UNK
EDXJ,03/21,4757,ASP
EDXK,12/30,2690,GRS
EDXL,12/30,2526,UNK
EDXM,07/25,2297,Hard
EDXN,08/26,2871,UNK
EDXO,07/25,2198,Asphalt
EDXP,08/26,1673,ASP
EDXQ,08/26,2644,UNK
EDXR,03/21,3150,ASP
EDXR,12/30,1969,GRS
EDXS,06/24,1477,G
EDXT,03/21,1640,Grass
EDXW,06/24,5564,CON
EDXW,14/32,6955,CON
EDXY,02/20,2165,Grass
EDXY,10/28,1984,Grass
EDXZ,12/30,1902,Grass
EE-0009,03/21,1312,ASP
EERE,09/27,2461,G
EEAA,06/24,2067,GRS
EECL,H1/-,26,CON
EEEI,06/24,6562,CON
EEHA,05/23,1378,grass
EEJI,05/23,1969,GRAS TURF
EEKA,14/32,4987,ASP
EEKE,05/23,2621,ASP
EEKE,17/35,6561,ASP
EEKI,16/34,2215,GRS
EELM,06/24,1345,GRS
EENA,09/27,2000,GRAS TURF
EEPU,03/21,6463,CON
EERD,08/26,1969,GRS
EERI,18/36,3937,GRS
EERU,13/31,1967,GRAS reinforced
HEBR,13L/31R,9930,ASP
HEBR,13R/31L,9840,ASP
HEBR,15/33,9530,ASP
EETN,08/26,11417,ASP
EETU,08/26,5905,ASP
EEVI,04/22,2625,GRS
EEVU,03/21,1312,Hard
EFAA,14/32,2834,ASPH/GRVL
EFAH,12/30,2624,ASPH/GRVL
EFAL,08/26,2460,Asphalt
EFET,03/21,6565,ASP
EFEU,11/29,3281,ASP
EFFO,04/22,2690,ASPH/GRASS
EFGE,07/25,2066,grass
EFHA,08/26,8533,ASP
EFHK,04L/22R,10039,ASP
EFHK,04R/22L,11483,ASP
EFHK,15/33,9518,ASP
EFHL,06/24,1640,sand/grass
EFHM,07/25,3000,ASP
EFHN,03/21,5249,ASP
EFHP,12/30,2526,Oilgravel
EFHV,04/22,4134,ASP
EFHV,12/30,2592,ASP
EFII,17/35,2165,Asphalt
EFIK,10/28,1520,GVL
EFIK,18/36,3051,ASP
EFIM,01/19,3609,ASP
EFIM,09/27,4929,GVL
EFIT,01/19,4921,ASP
EFIV,04/22,8199,ASP
EFIV,08/26,2625,ASP
EFJM,09/27,2723,Asphalt
EFJM,15/33,2723,Oilgravel
EFJO,10/28,8202,ASP
EFJO,17/35,3937,COM
EFJY,12/30,8533,ASP
EFKA,17/35,8858,ASP
EFKE,18/36,8212,ASP
EFKG,15/33,1968,ASPH
EFKH,12/30,2788,GRVL
EFKI,07/25,8199,ASP
EFKJ,07/25,3806,ASP
EFKK,01/19,8202,ASP
EFKK,11/29,2297,ASP
EFKM,17/35,4593,ASP
EFKN,11/29,2296,ASPH/GRVL
EFKO,05/23,3937,ASP
EFKR,09/27,2296,GRVL/GRASS
EFKS,12/30,8202,ASP
EFKT,16/34,8202,ASP
EFKU,06/24,4921,ASP
EFKU,15/33,9186,ASP
EFKV,12/30,2952,ASPH
EFKY,16/34,2765,ASPH
EFLA,07/25,3937,ASP
EFLA,12/30,1640,GVL
EFLA,18/36,1804,COM
EFLL,04/22,1115,GRASS
EFLN,11/29,3084,ASP
EFLP,06/24,8202,ASP
EFMA,03/21,6243,ASP
EFME,04/22,3937,ASP
EFMI,11/29,5584,ASP
EFML,12/30,2461,A
EFMN,04/22,1312,GRASS
EFNS,05/23,1443,GRASS
EFNU,04/22,3937,ASP
EFNU,09/27,2132,ASP
EFOP,06/24,2950,Oilgravel
EFOP,14/32,3083,Oilgravel
EFOU,12/30,8205,ASP
EFPA,16/34,2625,Oligravel/GRVL
EFPI,12/30,3322,ASP
EFPI,17/35,3773,ASP
EFPK,15/33,2427,ASPH/GRVL
EFPN,16/34,1640,ASPH/GRVL
EFPO,12/30,7713,ASP
EFPO,17/35,2628,ASP
EFPR,15/33,3280,Asphalt
EFPU,08/26,6528,ASP
EFPY,15/33,3281,ASP
EFRA,05/23,1640,SAN
EFRA,18/36,4035,Oilgravel
EFRH,10/28,3281,ASP
EFRN,18/36,3101,ASP
EFRO,03/21,9849,ASP
EFRU,15/33,3937,ASPH
EFRV,15/33,2755,ASPH
EFRY,08L/26R,2854,ASP
EFRY,08R/26L,3346,COP
EFRY,12L/30R,4167,COP
EFRY,12R/30L,1575,ASP
EFSA,12/30,7546,ASP
EFSE,04/22,3609,GVL
EFSE,12/30,4344,ASP
EFSI,14/32,6562,ASP
EFSO,16/34,4921,ASP
EFSU,05/23,2624,Oilgravel/sand
EFTO,09/27,1181,GRASS
EFTP,06/24,8858,ASP
EFTU,08/26,8202,ASP
EFUT,07/25,6562,ASP
EFVA,11/29,4921,ASP
EFVA,16/34,8727,ASP
EFVI,16/34,951,GRASS
EFVL,09/27,2624,GRVL
EFVP,10/28,2950,ASPH/GRVL
EFVR,14/32,6562,ASP
EFVT,08/26,2427,GRVL
EFWB,07/25,2263,GRASS
EFYL,15/33,4921,ASP
EG-0059,2H/20H,10971,ASP
EG-0077,07/25,5507,ASP
EG-0078,04/22,7221,ASP
EG-0078,18/36,,
EG34,01/19,2006,asphalt
EG74,06/24,9842,ASP
EG74,06R/24L,2953,GRE
EGAA,07/25,9121,ASP
EGAA,17/35,6204,ASP
EGAB,14/32,3996,ASP
EGAC,04/22,6001,ASP
EGAD,03/21,3346,ASP
EGAD,08/26,1824,ASP
EGAD,15/33,2112,ASP
EGAE,02/20,3955,ASP
EGAE,08/26,6460,ASP
EGAH,08/26,3280,Snow
EGAR,18/36,2875,GRAVEL
EGBB,15/33,10013,ASP
EGBC,14/32,755,GRS
EGBD,05/23,1794,Grass
EGBD,10/28,1486,Grass
EGBD,17/35,1949,Grass
EGBE,05/23,5988,ASP
EGBF,08/26,3592,Concrete
EGBF,11/29,2788,Grass
EGBG,04/22,1608,ASP
EGBG,06/24,1099,GRS
EGBG,10/28,3084,ASP
EGBG,15/33,1624,ASP
EGBG,16/34,1371,GRS
EGBJ,03/21,3225,ASP
EGBJ,08/26,4695,ASP
EGBJ,18/36,2625,ASP
EGBK,03L/21R,4160,Concrete
EGBK,03R/21L,2201,Grass
EGBK,05/23,1975,Grass
EGBK,14/32,1476,Grass
EGBM,08/26,3904,Asphalt
EGBN,03/21,2693,ASP
EGBN,09/27,3445,ASP
EGBO,04/22,2083,ASP
EGBO,10/28,2624,ASP
EGBO,16/34,3878,ASP
EGBP,03/21,1148,GRS
EGBP,08/26,6591,ASP
EGBP,08L/26R,1476,GRS
EGBP,13/31,1787,ASP
EGBS,08/26,2743,ASPH
EGBT,03/21,1607,Grass
EGBT,09/27,4120,Asphalt
EGBT,09G/27G,2483,Grass
EGBW,05/23,1926,ASP
EGBW,18/36,3009,ASP
EGCA,11/29,2165,Grass
EGCB,02/20,1749,GRASS
EGCB,08L/26R,2103,GRASS
EGCB,08R/26L,2051,GRASS
EGCB,14/32,1305,GRASS
EGCC,05L/23R,10000,ASP
EGCC,05R/23L,10007,CON
EGCF,04/22,2907,UNK
EGCG,08/26,2693,asphalt
EGCJ,01/19,1919,Grass
EGCJ,06/24,2601,Grass
EGCJ,11L/29R,2723,Asphalt
EGCJ,11R/29L,2021,Grass
EGCK,02/20,3534,ASP
EGCK,07/25,2887,ASP
EGCL,08/26,2198,Grass
EGCL,18/36,1968,Grass
EGCS,09/27,2691,ASP
EGCS,14/32,1509,ASP
EGCV,05/23,2621,Asphalt
EGCV,18/36,2542,Asphalt
EGCW,04/22,3346,ASP
EGDC,10/28,6014,ASP
EGDJ,05/23,,Grass
EGDM,05/23,10538,PEM
EGDM,05N/23N,2513,ASP
EGDM,17/35,6278,PEM
EGDN,04/22,2099,Grass
EGDN,11/29,3582,Grass
EGDO,01/19,4610,ASP
EGDO,05/23,5984,ASP
EGDO,10/28,4295,ASP
EGDO,13/31,3005,ASP
EGDR,06/24,3372,ASP
EGDR,11/29,6006,ASP
EGDR,18/36,3448,ASP
EGDI,03/21,4245,UNK
EGDI,09/27,6007,UNK
EGDI,16/34,3704,UNK
EGSY,07/25,5997,ASP
EGDY,04/22,4797,CON
EGDY,08/26,7580,CON
EGEA,10H/28H,,Grass
EGEC,11/29,4633,ASP
EGED,07/25,1729,Graded Hardcore
EGED,18/36,1896,Grass
EGEF,06/24,1761,Gravel
EGEI,07/25,2529,Asphalt
EGEL,02/20,1640,ASP
EGEN,03/21,1082,Graded Hardcore
EGEN,10/28,1729,Graded Hardcore
EGEN,14/32,1240,Grass
EGEO,01/19,4147,ASP
EGEO,04/22,2953,ASP
EGEP,04/22,1729,Graded Hardcore
EGEP,07/25,1096,Grass/Graded Hardcore
EGEP,18/36,1125,Grass
EGER,02/20,1689,Graded Hardcore
EGER,06/24,1348,Grass
EGER,10/28,1325,Grass
EGES,03/21,1532,Graded Hardcore
EGES,11/29,1397,Grass
EGES,17/35,1266,Grass
EGET,02/20,5787,Asphalt
EGEW,01/19,954,Grass
EGEW,09/27,1729,Graded Hardcore
EGEW,13/31,1381,Grass
EGEW,H,52,ASP
EGEY,11/29,1643,asphalt
EGFA,08/26,3031,ASP
EGFC,H02/H20,984,Grass/Helipads Concrete
EGFD,05/23,4328,ASP
EGFD,15/33,4207,ASP
EGFD,17/35,7500,ASP
EGFE,03/21,5000,ASP
EGFE,09/27,3412,ASP
EGFF,12/30,7723,ASP
EGFH,04/22,4429,CON
EGFH,10/28,2812,ASP
EGFP,04/22,2614,Concrete/Asphalt
EGGD,09/27,6598,ASP
EGGP,09/27,7497,ASP
EGGW,07/25,7093,ASP
EGHA,08/26,2621,Grass
EGHC,02/20,1585,Grass
EGHC,07/25,2274,ASPH
EGHC,12/30,1571,Grass
EGHC,16/34,2572,ASPH
EGHE,09/27,1713,ASP
EGHE,14/32,2277,asphalt
EGHE,18/36,1312,Grass
EGHF,05/23,3375,Asphalt
EGHF,10/28,2590,Asphalt
EGHF,16/34,2200,Asphalt
EGHG,09/27,3878,Grass
EGHH,08/26,7454,ASP
EGHI,02/20,6191,ASP
EGHJ,12/30,2713,Concrete
EGHL,09/27,5896,ASP
EGHN,05/23,2900,GRASS
EGHO,07/25,3179,Asphalt
EGHO,12/30,2493,Grass
EGHP,03/21,2953,Grass
EGHP,08/26,2920,Grass
EGHQ,12/30,9003,ASP
EGHR,06/24,2805,GRS
EGHR,10/28,2297,GRS
EGHR,14/32,4140,GRS
EGHR,14L/32R,2382,GRS
EGHS,06/24,2378,Asphalt
EGHT,08/26,1187,Grass
EGHU,08/26,1968,Grass
EGHY,14/32,1771,GRASS
EGJA,03/21,1631,grass
EGJA,08/26,2877,ASP
EGJA,13/31,2405,grass
EGJB,09/27,5194,ASP
EGJJ,08/26,5594,ASP
EGKA,02/20,3385,ASP
EGKA,06/24,2621,GRASS
EGKA,13/31,1339,GRASS
EGKB,03/21,5925,ASP
EGKB,11/29,2598,ASP
EGKH,03/21,,Grass
EGKH,10/28,4101,Grass
EGKK,08L/26R,8402,ASP
EGKK,08R/26L,10883,ASP
EGKL,06/24,1499,Grass
EGKR,06/24,1640,ASPH
EGKR,07H/25H,574,Grass
EGKR,07L/25R,2241,Grass
EGKR,07R/25L,2943,Grass
EGKR,18/36,2792,Grass
EGLA,03/21,1574,Grass
EGLA,13/31,2001,Grass
EGLC,09/27,4948,CON
EGLD,06/24,2543,ASP
EGLD,12/30,1791,Grass
EGLF,06/24,8005,ASP
EGLJ,06/24,4229,ASP
EGLJ,13/31,5909,ASP
EGLJ,18/36,4167,ASP
EGLK,07/25,4380,ASP
EGLL,09L/27R,12799,ASP
EGLL,09R/27L,12001,ASP
EGLM,03/21,3363,GRS
EGLM,07L/25R,3642,GRS
EGLM,07R/25L,2585,Grass
EGLM,11/29,3051,GRS
EGLP,06/24,2034,grass
EGLS,06/24,2562,Grass
EGLW,03/21,114,Concrete
EGMA,07/25,2309,GRASS
EGMC,05/23,6089,ASP
EGMD,03/21,4938,ASP
EGMD,14/32,2264,ASP
EGMF,06/24,1246,Grass
EGMJ,03/21,1410,Grass
EGMJ,10/28,1870,Grass
EGMJ,12/30,2132,Grass
EGMT,07L/25R,2640,grass
EGNC,01/19,2904,ASP
EGNC,06/24,6000,ASP
EGNC,13/31,4057,U
EGNE,02/20,3933,ASP
EGNE,08/26,2662,ASP
EGNE,14/32,2624,ASP
EGNF,06/24,1847,Grass
EGNF,18/36,1253,Grass
EGNG,06/24,2329,Grass
EGNH,07/25,2621,ASP
EGNH,10/28,6129,ASP
EGNH,13/31,3274,ASP
EGNI,03/21,2622,G
EGNI,11/29,2133,G
EGNJ,02/20,7218,ASP
EGNJ,08/26,3248,ASP
EGNL,05/23,3438,ASP
EGNL,12/30,1326,ASP
EGNL,17/35,3318,ASP
EGNM,14/32,7381,CON
EGNO,07/25,7946,ASP
EGNO,14/32,4189,ASP
EGNR,04/22,6867,ASP
EGNS,03/21,3934,ASP
EGNS,08/26,6923,ASP
EGNS,17/35,2963,ASP
EGNT,07/25,7644,ASP
EGNU,04/22,2533,Grass
EGNU,07/25,1312,Tarmac
EGNU,16/34,2460,
EGNV,05/23,7516,ASP
EGNW,03/21,1738,Asphalt
EGNW,16/34,1630,Asphalt
EGNX,09/27,9495,ASP
EGNY,12/30,2329,Grass
EGOE,05/23,3215,ASP
EGOE,10/28,3110,ASP
EGOQ,04/22,5180,ASP
EGOS,04/22,4523,ASP
EGOS,18/36,6018,ASP
EGOV,01/19,5377,ASP
EGOV,08/26,2200,ASP
EGOV,13/31,7513,ASP
EGOW,03/21,5405,ASP
EGOW,08/26,3505,ASP
EGOW,16/34,3291,
EGPA,06/24,3881,ASP
EGPA,09/27,4690,ASP
EGPA,14/32,2222,ASP
EGPB,06H/24H,1781,ASP
EGPB,09/27,4915,ASP
EGPB,15/33,4672,ASP
EGPC,08/26,3399,ASP
EGPC,13/31,6007,ASP
EGPD,05/23,1893,CON
EGPD,14/32,2165,ASP
EGPD,16/34,6407,ASP
EGPD,18/36,853,ASP
EGPE,05/23,6194,ASP
EGPE,11/29,2300,ASP
EGPF,05/23,8730,ASP
EGPF,09/27,3622,ASP
EGPG,07/25,2690,ASPH
EGPH,06/24,8392,ASP
EGPH,08/26,2621,ASP
EGPH,12/30,5730,ASP
EGPI,07/25,2083,ASP
EGPI,12/30,5098,ASP
EGPJ,06/24,2296,Asphalt
EGPK,02/20,6253,ASP
EGPK,12/30,9800,PEM
EGPL,06/24,6027,ASP
EGPL,17/35,3963,ASP
EGPN,09/27,4593,ASP
EGPO,06/24,3281,ASP
EGPO,18/36,7218,ASP
EGPR,07/25,2621,Sand
EGPR,11/29,2231,Sand
EGPR,15/33,2776,Sand
EGPS,10/28,1640,Concrete
EGPT,03/21,2798,Asphalt
EGPT,09/27,1998,Asphalt
EGPT,15/33,2034,Grass
EGPU,05/23,4600,ASP
EGPU,11/29,2690,ASP
EGPU,17/35,2598,CON
EGQL,04/22,4803,ASP
EGQL,08/26,8491,ASP
EGQS,05/23,9091,ASP
EGQS,10/28,6066,ASP
EGSA,02/20,2828,UNK
EGSC,05/23,6444,ASP
EGSC,05G/23G,2949,GRS
EGSC,10/28,2293,GRS
EGSD,10H/28H,1574,Grass
EGSD,18H/36H,1181,Grass
EGSF,10/28,3238,ASP
EGSF,16/34,2625,ASP
EGSG,03L/21R,3283,grass
EGSG,03R/21L,3475,grass/asphalt
EGSG,10/28,2152,grass
EGSH,04/22,4154,ASP
EGSH,09/27,6043,Concrete/Asphalt
EGSI,03/21,2624,Grass
EGSJ,06/24,2624,UNK
EGSL,09/27,0,UNK
EGSL,09L/27R,2621,Grass
EGSL,09R/27L,2621,Grass
EGSM,09/27,3169,GRS
EGSO,13/31,2520,Grass
EGSP,06/24,3067,Grass
EGSP,15/33,1807,Grass
EGSQ,18/36,1961,Grass
EGSR,06L/24R,3080,Grass
EGSR,06R/24L,2552,Asphalt
EGSS,04/22,10003,ASP
EGST,05/23,2920,Grass
EGSU,06/24,4750,ASP
EGSU,06L/24R,2887,GRS
EGSV,02/20,1404,Grass
EGSV,07/25,2618,Asphalt
EGSV,07L/25R,1335,Grass
EGSX,02/20,6332,ASP
EGSX,13/31,3005,ASP
EGTB,06/24,2411,ASP
EGTB,06G/24G,2001,GRS
EGTB,17/35,2280,GRS
EGTC,03/21,5902,ASP
EGTC,18/36,2033,ASP
EGTD,07/25,6168,ASP
EGTE,08/26,6811,ASP
EGTE,13/31,4393,ASP
EGTF,06/24,2667,asphalt
EGTH,02/20,2621,Grass
EGTK,01/19,5006,ASP
EGTK,03/21,2887,GRS
EGTK,09/27,2887,GRS
EGTK,11/29,2493,ASP
EGTO,02L/20R,2713,Grass
EGTO,02R/20L,2264,Grass
EGTO,16/34,3159,Grass
EGTP,01/19,2054,ASP
EGTP,05/23,3084,ASP
EGTP,09/27,2461,ASP
EGTR,08/26,2135,Asphalt
EGTU,04/22,3176,ASP
EGTU,09/27,2845,ASP
EGTU,17/35,3159,ASP
EGTW,04/22,2788,Grass
EGTW,17/35,2575,Grass
EGUB,01/19,5981,ASP
EGUB,06/24,4782,ASP
EGUD,08/26,3500,Asphalt
EGUD,18/36,5911,Asphalt
EGUL,05/23,8998,PEM
EGUN,10/28,9213,PEM
EGUW,05/23,7953,ASP
EGVA,09/27,9994,ASP
EGVH,08H/26H,492,ASP
EGVN,07/25,10007,ASP
EGVO,09/27,6030,ASP
EGVP,04H/22H,984,ASP
EGVP,09/27,3596,Grass
EGVP,17/35,3874,Grass
EGWC,06/24,3890,ASP
EGWE,02/20,3146,Grass
EGWE,09L/27R,2500,Grass
EGWE,09R/27L,3169,Grass
EGWE,13/31,2624,Grass
EGWN,02/20,3077,Grass
EGWN,07/25,2786,Grass
EGWU,07/25,5545,ASP
EGXC,07/25,9003,CON
EGXE,16/34,7516,ASP
EGCM,06/24,6158,ASP
EGCM,16/34,5466,ASP
EGXH,09/27,9012,ASP
EGXT,07/25,9052,ASP
EGXW,02/20,9642,ASP
EGXY,06/24,5994,ASP
EGXY,11/29,4239,ASP
EGXY,15/33,4419,ASP
EGXZ,02/20,5948,ASP
EGXZ,13/31,4088,ASP
EGYD,01/19,4803,ASP
EGYD,03/21,3619,GRS
EGYD,06/24,3927,GRS
EGYD,08/26,6831,ASP
EGYE,06/24,5722,ASP
EGYE,10/28,4193,ASP
EGYE,18/36,2608,ASP
EGYM,01/19,6116,CON
EGYM,05/23,9131,ASP
EGYP,05/23,5003,ASP
EGYP,10/28,8497,ASP
EGZL,3/21,2952,grass
EHAL,08/26,2822,GRASS
EHAM,04/22,6627,ASP
EHAM,06/24,11283,ASP
EHAM,09/27,11329,ASP
EHAM,18C/36C,10826,ASP
EHAM,18L/36R,11155,ASP
EHAM,18R/36L,12467,ASP
EHBD,03/21,3934,ASP
EHBD,03G/21G,1969,grass
EHBK,03/21,9022,ASP
EHDL,01/19,3431,PEM
EHDR,07/25,2395,CON
EHEH,03/21,9843,ASP
EHGG,01/19,4922,ASP
EHGG,05/23,8202,ASP
EHGR,02/20,6549,ASP
EHGR,10/28,9081,ASP
EHHO,09/27,3904,Grass
EHHV,07/25,1969,GRASS
EHHV,12/30,2165,GRASS
EHHV,18/36,2297,GRASS
EHKD,03/21,4183,CON
EHLE,05/23,8858,ASPH
EHLE,05L/23R,4495,grass
EHLW,05/23,8045,ASP
EHLW,09/27,6562,ASP
EHMZ,09/27,3281,grass
EHOW,06/24,2625,Asphalt
EHRD,06/24,7218,ASP
EHSE,06/24,2723,ASPH
EHST,06/24,1639,grass
EHTE,08/26,3934,ASPH
EHTE,08G/26G,3196,grass
EHTL,04C/22C,4101,grass
EHTL,04L/22R,4000,grass
EHTL,04R/22L,4100,grass
EHTL,12/30,3600,grass
EHTL,14L/32R,4500,grass
EHTL,14R/32L,4500,grass
EHTW,05/23,9801,ASP
EHTW,11/29,6558,Demo'd asphalt
EHTX,03/21,3637,grass
EHTX,12/30,2041,grass
EHVK,06L/24R,9922,ASP
EHVK,06R/24L,9931,ASP
EHWO,07L/25R,7151,
EHWO,07R/25L,8015,ASP
EIAB,10/28,2034,Bituminous
EIBF,03/21,1650,Grass
EIBN,07/25,1279,ASP
EIBR,36/18,1870,Grass
EIBR,NE/SW,300,UNK
EIBT,07/25,1476,GRASS
EICA,05/23,1968,UNK
EICK,07/25,4298,PEM
EICK,16/34,6998,ASP
EICL,09/27,2526,ASP
EICM,08/26,4003,ASP
EICN,10/28,1375,UNK
EIDL,02/20,4908,BIT
EIDW,10L/28R,10203,CON
EIDW,10R/28L,8652,ASPH
EIDW,11/29,4393,ASP
EIDW,16/34,6798,ASP
EIER,06/24,1968,Grass
EIFR,08/26,1466,ASP
EIFR,H,65,ASP
EIHH,07/25,1739,GRS
EIHH,09/27,1640,GRS
EIHN,16/34,375,UNK
EIIH,18/36,1312,Grass
EIIM,14/32,520,UNK
EIIR,13/31,1706,UNK
EIKH,01/19,1988,Grass
EIKH,11/29,1804,Grass
EIKK,09/27,3051,Grass
EIKN,08/26,7546,ASP
EIKY,07/25,4035,ASP
EIKY,08/26,6562,ASP
EILT,08/26,1969,GRASS/HARDCORE
EIME,04/22,4800,ASP
EIME,10/28,6001,ASP
EIMH,11/29,1312,grass
EIMN,05/23,869,
EIMN,15/33,1791,Bituminous
EINC,18/36,2263,Grass
EINN,06/24,10495,ASP
EIRT,09/27,1476,UNK
EISG,10/28,3517,ASP
EITM,10/28,1837,UNK
EIWF,03/21,4701,ASP
EIWT,07/25,3038,ASPH
ZBEN,12/30,6562,CON
EKAH,10L/28R,9111,PEM
EKAH,10R/28L,8865,PEM
EKAT,03/21,2133,grass
EKBI,09/27,10172,ASP
EKCH,04L/22R,11811,ASP
EKCH,04R/22L,10827,ASP
EKCH,12/30,9186,ASPH
EKCR,12/30,3280,Grass
EKEB,08/26,8527,ASP
EKEL,11/29,2133,grass
EKFR,02/20,1400,Turf / Grass
EKGH,11/29,3294,ASP
EKGL,09/27,2592,G
EKGR,01/19,2296,Grass
EKHE,09/27,1545,Turf/Grass
EKHG,09/27,3934,Asphalt
EKHG,09GL/27GL,2854,Grass
EKHG,15/33,2188,Grass
EKHK,10/28,1854,GRS
EKHL,H1,39,Concrete
EKHM,10/28,3609,G
EKHO,07/25,3935,ASP
EKHV,10/28,3675,ASP
EKKA,03/21,2818,PEM
EKKA,09/27,2789,GRS
EKKA,09L/27R,9816,ASP
EKKA,09R/27L,9607,PEM
EKKA,14/32,2296,PEM
EKLS,07/25,3045,ASP
EKMB,09/27,3937,ASP
EKML,09/27,999,grass
EKMN,09/27,1640,grass
EKOD,06/24,6053,ASP
EKOD,13/31,2280,GRS
EKPB,04/22,3524,ASP
EKRD,07/25,2953,UNK
EKRK,03/21,4921,ASP
EKRK,11/29,5709,ASP
EKRN,11/29,6568,ASP
EKRS,05/23,2405,GRASS
EKSB,14/32,5895,ASP
EKSN,08/26,3934,ASP
EKSP,10L/28R,9863,PEM
EKSP,10R/28L,9750,PEM
EKSS,10/28,2280,Grass
EKST,11/29,2953,UNK
EKSV,14/32,3933,ASP
EKTD,12/30,2871,UNK
EKTS,10/28,5249,ASP
EKVD,01/19,3301,ASP
EKVD,07/25,2310,GRS
EKVG,12/30,5905,ASP
EKVH,11/29,3976,ASP
EKVH,17/35,1804,GRE
EKVJ,09/27,4757,ASP
EKYT,08L/26R,8707,PEM
EKYT,08R/26L,8363,ASP
ELLX,06/24,13123,ASPHALT
ELNT,08/26,2155,grass
ELUS,10/28,2625,grass
ENAE,01/19,1968,ASP
ENAL,06/24,7592,ASP
ENAN,03/21,5486,ASP
ENAN,14/32,8097,ASP
ENAS,12/30,3040,ASP
ENAT,11/29,7165,ASP
ENBL,07/25,3084,ASP
ENBM,09/27,3281,ASP
ENBN,03/21,3937,ASP
ENBO,07/25,9167,CON
ENBR,17/35,9810,ASP
ENBS,03/21,3281,ASP
ENBV,06/24,3372,ASP
ENCN,03/21,6677,ASP
ENDI,08/26,5905,ASP
ENDO,09/27,2427,Grass
ENDU,10/28,8015,ASP
ENEG,04/22,5790,Asphalt
ENEN,05/23,1969,grass
ENEV,17/35,9236,ASP
ENFA,4/22,2624,ASP
ENFD,H1/H1,33,ASP
ENFG,15/33,6722,ASP
ENFL,07/25,4144,ASP
ENFY,01/19,2624,ASP
ENGK,05/23,3674,Asphalt
ENGM,01L/19R,11811,ASP
ENGM,01R/19L,9678,ASP
ENGN,07/25,3281,Gravel
ENGS,4/22,1936,Gravel/Grass
ENHA,15/33,2625,Asphalt
ENHD,13/31,6957,ASP
ENHF,04/22,3061,ASP
ENHK,11/29,3179,ASP
ENHL,16/34,1575,GRS
ENSM,15/33,2906,Asphalt
ENHS,10/28,2066,Grass
ENHT,09/27,2346,Concrete
ENHV,08/26,2887,ASP
ENJA,06/24,4921,Gravel
ENJB,18/36,2624,ASP
ENKA,01/19,3937,Gravel
ENKB,07/25,7841,ASP
ENKJ,12/30,5321,ASP
ENKL,11/29,1968,Asphalt
ENKL,11G/29G,3281,Grass
ENKR,05/23,6939,ASP
ENLI,14/32,9809,CON
ENLK,03/21,2881,ASP
ENLU,11/29,2296,Grass
ENMH,17/35,2887,ASP
ENML,07/25,6922,ASP
ENMS,16/34,3015,ASP
ENNA,16/34,9147,ASP
ENNM,07/25,2749,ASP
ENNO,12/30,5745,ASP
ENOL,15/33,10755,ASP
ENOP,07/25,3071,ASP
ENOV,06/24,3510,ASP
ENPY,H1,100,Gravel
ENRA,13/31,2759,ASP
ENRG,2/20,2411,Gravel/Grass
ENRI,10/28,2624,ASP
ENRK,15/33,3543,Asphalt
ENRM,04/22,2887,ASP
ENRO,13/31,5643,ASP
ENRS,02/20,3386,ASPH
ENRV,16/34,2001,Gravel
ENRY,12/30,8012,ASP
ENSB,09/27,7608,ASP
ENSD,08/26,3182,ASP
ENSG,06/24,3150,Asphalt
ENSH,36/18,3104,ASP
ENSI,01/19,1722,Grass
ENSK,08/26,3031,ASP
ENSN,01/19,4596,ASP
ENSO,14/32,3937,ASP
ENSR,14/32,3015,ASP
ENSS,15/33,3707,ASP
ENST,02/20,4619,ASP
ENSU,10/28,2034,Grass
ENTC,18/36,8041,ASP
ENTE,H1/H1,66,ASP
ENTO,17/35,9216,ASP
ENTS,15/33,2428,Gravel
ENTY,05/23,3084,Grass
ENUL,05/23,1903,Grass
ENVA,09/27,9052,ASP
ENVA,13/31,1771,ASP
ENVA,14/32,1117,ASP
ENVD,07/25,3278,ASP
ENVE,1/19,2624,ASP
ENVR,03/21,194,Asphalt
ENZV,10/28,8035,ASP
ENZV,18/36,9369,ASP
KEOD,05/23,5000,CONC
KEOD,H/-,90,CON
EPAR,16/34,3914,ASP
EPBA,07/25,1476,Grass
EPBA,09/27,1673,Grass
EPBB,14/32,1968,Grass
EPBC,10L/28R,3280,Grass
EPBC,10R/28L,4265,CON
EPBK,01/19,2887,UNK
EPBK,08/26,3116,UNK
EPBY,08/26,8202,CON
EPCD,18L/36R,3346,CON
EPCD,18R/36L,2625,GRS
EPCE,07/25,8214,ASP
EPDE,12/30,8202,ASP
EPEL,08/26,2995,Grass
EPEL,10/28,2296,Grass
EPGD,11/29,9186,ASP
EPGI,13/31,3477,grass
EPGL,08L/26R,2296,grass
EPGL,08R/26L,2952,Ashpalt
EPGL,10/28,2231,Grass
EPIN,08/26,2493,Grass
EPIN,13/31,2264,Grass
EPIN,18/36,1280,Grass
EPIR,05/23,1312,GRE
EPKA,11L/29R,2952,grassy
EPKA,11R/29L,3789,asphalt concrete
EPKB,09/27,2034,Concrete
EPKI,11/29,2625,Grass
EPKK,07/25,8366,CON
EPKM,05L/23R,3640,CON
EPKM,05R/23L,1968,GRS
EPKM,07/25,1574,GRS
EPKN,11/29,3937,CON
EPKP,09L/27R,2297,grass
EPKP,09R/27L,3281,grass
EPKP,12/30,3445,grass
EPKR,11L/29R,3395,GRASS
EPKR,11R/29L,3608,ASP
EPKR,16/34,2395,Grass
EPKS,07/25,5850,PEM
EPKS,12/30,8202,CON
EPKT,08/26,10499,CON
EPKW,13/31,3264,ASP
EPLB,07/25,8268,ASPHALT
EPLK,10/28,9843,CON
EPLL,07/25,8202,ASPH-CONC
EPLL,07R/25L,2296,Grass
EPLS,05L/23R,2296,grass paved with a plastic grille
EPLS,05R/23L,4331,Grass
EPLS,18/36,3084,grass
EPLU,11/29,2952,grass
EPLU,13L/31R,3281,ASP
EPLU,31L/13R,2788,grass
EPLY,10/28,8202,ASP
EPMB,07/25,8202,CON
EPMI,12/30,8202,CON
EPML,08L/26R,1804,GRASS
EPML,08R/26L,8176,CON
EPML,17/35,2156,CON
EPMM,09/27,8245,CON
EPMO,08/26,8202,ASP
EPMR,09L/27R,1870,grass
EPMR,09R/27L,1690,grass
EPMR,17/35,2772,grass
EPMY,15/33,3018,grass
EPNL,04/22,2625,UNK
EPNT,12/30,5512,UNK
EPOD,09L/27R,2789,ASP
EPOD,09R/27L,2789,GRS
EPOK,08/26,1890,ASP
EPOK,13/31,8190,CON
EPPI,03/21,7876,PEM
EPPK,02/20,2296,grass
EPPK,07/25,2460,grass
EPPO,02/20,2296,grass
EPPO,10/28,8215,ASP
EPPR,09/27,3825,ASP
EPPT,03/21,3117,CON
EPPW,10L/28R,8940,CON
EPPW,10R/28L,11565,CON
EPRA,07/25,8202,ASP
EPRJ,08L/26R,2447,GRS
EPRJ,08R/26L,2953,ASPH
EPRS,36/18,,G
EPRU,08/26,6562,CON
EPRZ,08L/26R,2448,GRASS
EPRZ,08R/26L,2953,CONC/ASPH
EPRZ,09/27,10498,CON
EPRZ,09ES/27ES,6840,GRS Emergency Strip
EPSC,13/31,8202,ASP
EPSD,09/27L,3280,Grass
EPSD,09L/27R,,UNK
EPSN,11/29,8200,CON
EPST,12/30,3051,Grass
EPSU,08/26,4328,ASP
EPSL,07/25,8268,asphalt
EPSY,01/19,8202,CON
EPTM,11/29,6560,ASP
EPTO,02/20,3900,CON
EPTO,02L/20R,,
EPTO,10/28,4163,CON
EPTO,10L/28R,2791,GRS
EPVA,13/31,4445,grass
EPWA,11/29,9186,ASPH
EPWA,15/33,12106,ASPH
EPWK,08/26,3281,UNK
EPWR,11/29,8212,CONC-ASPH
EPWS,14/32,2526,Grass
EPZA,12R/30L,2625,UNK
EPZB,10/28,,
EPZG,06/24,8202,CON
EPZI,12/30,1673,Grass
EPZP,06/24,2887,UNK
ERO,H1,70,WOOD
LETJ,07/25,3937,Asphalt
ES-0002,18/36,1640,asphalt
LESI,16/34,3852,ASP
ES-0010,06/24,2953,ASP
ES-0011,15/33,1640,Earth
ES-0012,06/24,1312,GRE
LENF,07/25,1969,GRS
ES-0016,13/31,1640,GRS
ES-0021,12/30,1658,asphalt
ES-0024,15/33,1440,ASP
ES-0026,12/30,1640,GRS
ES-0031,08/26,1099,GRS
ES-0039,07/25,1312,Asfalt
ES-0044,01/19,2953,ASP
ES-0048,12/30,2854,
LEVY,16/34,3937,asphalt
ES-0065,09/27,1640,ASP
LEIR,12/30,1700,Asfalto
LEIR,17/35,2190,Zahorra compactada
LEBI,17/35,2854,ASP
ES-0073,15/33,2625,
ES-0088,12/30,3281,Graded Earth
ES-0089,16/34,1476,Earth
ES-0091,10/28,3600,
ES-0094,09/27,1640,GVL
ES-0098,01/19,1640,ASP
LEUM,18/36,1968,ASP
ES-0111,07/25,600,rough
ES-0111,14/32,1200,rough
ES-0123,11/29,1100,Herba (grass)
ES-0132,04/22,1500,
ES-0148,03/21,600,rough
ES-0158,15/33,1968,grass
ES-0167,14/32,935,soil
ES-0167,18/36,1148,grass
LEMZ,,,
LEMZ,15/33,2379,
ES-0178,17/35,1300,concrete
ES-0205,16/34,1478,GRS
ES-0215,05/23,820,dirt
LERN,06/24,1279,Graded
ES-0234,16/34,820,GRS
ES-0256,07/25,820,Earth
ES-0263,05/23,3300,asphalt
ES-0268,18/36,1312,
LEDC,10/28,6372,ASP
ES-0355,02/20,550,Asphalt
ES-0358,18/36,6004,CON
ES-0378,13H/31H,984,ASPH
LEAK,12/30,,
ESCF,01/19,7265,ASP
ESCF,08/26,6135,ASP
ESCM,03/21,6250,ASP
ESCM,08/26,6594,ASP
ESDF,01/19,7648,ASP
ESEG,H1/H1,16,asphalt
ESEK,H1/H1,18,asphalt
ESEL,H1/H1,21,asphalt
ESES,H1/H1,25,asphalt
ESEY,H1/H1,35,asphalt
ESFA,04/22,2723,Grass
ESFR,18/36,6517,ASP
ESFS,17/35,1967,Grass
ESGA,06/24,2558,Grass
ESGC,03/21,2230,Grass
ESGE,04L/22R,2625,ASP
ESGE,04R/22L,2625,GRE
ESGF,09/27,2296,Grass
ESGG,03/21,10823,ASP
ESGI,01/19,1970,grass
ESGJ,01/19,7228,ASP
ESGJ,11/29,1969,GRE
ESGK,04/22,4318,ASP
ESGL,06/24,6529,ASP
ESGM,06/24,2230,grass
ESGN,12/30,1969,GRAS TURF
ESGO,04/22,2952,ASP
ESGP,01/19,3560,ASP
ESGP,04/22,2858,ASP
ESGR,01/19,5696,ASP
ESGS,03/21,2972,Grass
ESGT,15/33,5610,ASP
ESGU,03/21,2148,Grass
ESGV,12/30,1837,Grass
ESHC,H1/H1,,asphalt
ESHD,H1/H1,,asphalt
ESHG,H1/H1,50,asphalt
ESHJ,H1/H1,20,asphalt
ESIA,06/24,7472,ASP
ESIB,01/19,7428,ASP
ESIB,11/29,6342,ASP
ESKA,05/23,5972,ASP
ESKC,03/21,2067,GRASS
ESKC,08/26,1542,GRASS
ESKC,14/32,1427,GRASS
ESKD,03/21,2624,ASP
ESKK,03/21,4919,ASP
ESKM,16/34,5951,ASP
ESKN,08/26,9442,ASP
ESKN,16/34,6690,ASP
ESKO,03/21,2296,Grass
ESKS,15/33,8202,ASP
ESKT,16/34,2788,ASPH
ESKT,16GRASS/34GRASS,1968,GRASS
ESKU,01/19,2526,Grass
ESKV,01/19,3773,ASP
ESMB,03/21,2459,Grass
ESMC,01/19,3281,Grass
ESME,06/24,1969,Grass
ESME,12/30,2621,Asphalt
ESMF,17/35,1739,Grass
ESMG,01/19,3780,ASP
ESMH,06/24,1673,Grass
ESMH,14/32,2624,Grass
ESMI,12/30,2625,grass
ESMJ,11/29,2625,Grass
ESMK,01/19,7267,ASP
ESML,12L/30R,3445,GRS
ESML,12R/30L,3871,ASP
ESMO,01/19,4921,ASP
ESMP,04/22,3281,ASP
ESMQ,05/23,2179,ASP
ESMQ,16/34,6726,ASP
ESMS,11/29,2615,ASP
ESMS,17/35,9186,ASP
ESMT,01/19,7419,ASP
ESMU,03/21,1982,Grass
ESMV,04/22,6726,ASP
ESMX,01/19,6900,ASP
ESMY,04/22,2625,Asphalt
ESMZ,15/33,1969,Asphalt
ESNA,14/32,3281,ASP
ESNB,14/32,2623,ASP
ESNC,06/24,3281,ASP
ESND,09/27,5579,ASP
ESNG,12/30,5623,ASP
ESNJ,14/32,6562,ASP
ESNK,17/35,6565,ASP
ESNL,14/32,6564,ASP
ESNM,15/33,2460,GRS
ESNM,18/36,3282,ASP
ESNM,18R/36L,2884,GRS
ESNN,16/34,6857,ASP
ESNO,12/30,6607,ASP
ESNP,16/34,3281,ASP
ESNQ,03/21,8209,ASP
ESNR,03/21,3281,ASP
ESNR,15/33,2953,GRS
ESNS,10/28,8268,ASP
ESNU,14/32,7551,ASP
ESNV,10/28,4928,ASP
ESNX,12/30,8201,ASP
ESNY,03/21,2625,ASP
ESNY,12/30,8281,ASP
ESNZ,12/30,8202,ASP
ESNZ,12L/30R,4034,ASP
ESOE,01/19,10728,ASP
ESOH,18/36,4951,ASP
ESOK,03/21,8255,ASP
ESOK,03L/21R,1840,GRE
ESOL,06/24,2026,ASP
ESOW,01/19,8468,ASP
ESPA,14/32,10990,ASP
ESPE,11/29,7316,ASP
ESQO,15/33,6562,ASP
ESSA,01L/19R,10830,ASP
ESSA,01R/19L,8201,ASP
ESSA,08/26,8202,ASP
ESSB,12/30,5472,ASP
ESSC,05/23,2625,G
ESSD,14/32,7579,ASP
ESSE,03/21,2133,grass
ESSE,11/29,2853,grass
ESSF,12/30,6383,CON
ESSG,01/19,2687,ASP
ESSH,03/21,2787,ASP
ESSI,01/19,1968,Grass
ESSI,15/33,2624,Grass
ESSK,18/36,6562,ASP
ESSL,11/29,7004,ASP
ESSN,07/25,2624,Asphalt
ESSP,09/27,7228,ASP
ESSP,11/29,1948,GRS
ESST,16/34,5219,ASP
ESSU,18/36,6187,ASP
ESSV,03/21,6562,ASP
ESSV,10/28,3611,GRS
ESSW,15/33,3934,ASP
ESSX,05/23,2788,ASP
ESSZ,03/21,2526,grass
ESSZ,15/33,2296,Grass
ESTA,04/22,613,ASP
ESTA,14/32,6381,ASP
ESTF,06/24,2624,Grass
ESTL,11L/29R,6596,ASP
ESTL,11R/29L,7449,ASP
ESTL,12L/30R,2588,ASP
ESTL,12R/30L,2590,ASP
ESTT,03/21,2395,Grass
ESUB,18/36,2296,grass
ESUD,15/33,7490,ASP
ESUE,15/33,5100,ASP
ESUG,17/35,3084,grass
ESUH,10/28,2624,Gravel
ESUI,09/27,2787,Grass
ESUJ,14/32,2722,Grass
ESUK,05/23,3017,ASP
ESUK,11/29,3014,ASP
ESUK,17/35,3949,ASP
ESUL,09/27,2131,Grass
ESUM,12/30,2590,ASP
ESUP,11/29,7552,ASP
ESUR,14/32,2427,Grass
ESUS,12/30,3937,UNK
ESUT,15/33,5254,ASP
ESUV,04/22,2395,grass
ESUY,11/29,2296,grass
ESVB,09/27,2218,ASP
ESVB,16/34,2218,ASP
ESVK,15/33,2295,Grass
ESVQ,06/24,2755,Grass
ESVS,14/32,2750,Asphalt
ET-0010,17/35,6561,ASP
ET-0014,,3500,
ET-0017,,4100,
ETAD,05/23,10007,ASP
ETAR,08/26,10498,ASP
ETAR,09/27,9278,ASP
ETHA,09/27,2297,ASPH
ETHB,08/26,6010,ASP
ETHC,08/26,6007,ASP
ETHE,08/26,1673,ASP
ETHF,11/29,3413,ASP
ETHL,03/21,1968,GRS
ETHL,09/27,5400,ASP
ETHL,09G/27G,657,grass
EDRE,08/26,5342,ASP
ETHN,07/25,3320,ASP
ETSR,09/27,1755,ASP
ETHS,06/24,1312,GRS
ETHS,09/27,8005,ASP
ETHS,09L/27R,3281,GRS
ETIC,14/32,3300,ASP
ETIH,09/27,2187,ASP
ETIK,6H/24H,2800,CON
EDGY,06/24,2625,CON
ETMN,08/26,8002,CON
ETND,08/26,4209,ASP
ETNG,09/27,10009,CON
ETNH,08/26,8005,CON
ETNL,09/27,8202,CON
ETNN,06/24,8003,ASP
ETNS,05/23,8003,ASP
ETNS,07/25,6554,ASP
ETNT,07/25,8005,ASP
ETNW,02/20,5573,ASP
ETNW,08/26,8199,ASP
ETNW,08R/26L,3569,GRS
ETOI,10/28,3500,ASP
ETOR,05/23,3004,ASP
ETOU,07/25,7065,ASP
ETSB,03/21,8225,ASP
ETSH,09/27,7936,PEM
ETSI,06L/24R,8002,CON
ETSI,06R/24L,9646,PEM
ETSL,03/21,8012,CON
ETSN,09/27,8005,ASP
ETWM,06/24,1968,grass
EVAD,15L/33R,,G
EVAD,15R/33L,2130,A
EVLI,17/35,1250,ASP
EVGA,18/36,8202,ASP
EVKA,07/25,2361,CON
EVLA,06/24,6568,ASP
EVRA,18/36,10499,ASP
EVRS,14/32,3281,ASP
EVJA,13/31,8197,ASP
EVTE,03/21,1262,ASP
EVVA,03/21,4259,PEM
EXI,NW/SE,1000,WATER
EYDR,03/21,2953,GRASS
EYKA,08/26,10663,ASP
EYKD,16/34,6562,ASP
EYKL,06/24,1935,Grass
EYKL,07/25,1640,Asphalt
EYKS,09L/27R,2756,GRASS OR EARTH NOT GRADED OR ROLLED
EYKS,09R/27L,2756,ASP
EYMM,07/25,2625,Grass
EYMO,06/24,1280,concrete
EYNA,07/25,2953,UNK
EYNI,08/26,2650,ASP
EYPA,01/19,7480,ASP
EYPI,12/30,1967,ASP
EYPP,13/31,6562,CON
EYPR,04/22,2188,CON
EYPR,09/27,2953,GRA
EYPR,18/36,3609,GR
EYRK,01/19,3609,UNK
EYRO,09/27,2625,GRASS OR EARTH NOT GRADED OR ROLLED
EYSA,14L/32R,11483,CON
EYSA,14R/32L,10761,CON
EYSB,10/28,3281,ASP
EYSE,07/25,3281,UNK
EYSI,09/27,1605,asphalt
EYSI,09G/27G,2459,GRS
EYTL,05L/23R,,ASP
EYTL,05R/23L,1903,GRE
EYTL,11/29,1509,GRS
EYVI,01/19,8251,ASP
EYVK,13/31,1772,ASP
EYVP,04/22,1968,Grass
EYVP,15H/33H,620,paved
EYVP,18/36,,Grass
F09,17/35,2000,ASPH-F
F13,18/36,2600,TURF-G
F23,01/19,3415,TURF-G
F23,18/36,1850,TURF-G
2CL1,06/24,2326,ASPH-CONC-G
F57,01/19,3600,WATER
F78,17/35,3000,GRVL-G
KF92,17/35,2580,TURF-G
F95,18/36,2859,TURF-F
FA00,H1/H1,64,CON
FA01,H1,40,CONC
FA04,H1,45,CONC-G
FA05,N/S,3900,WATER
FA06,H1,50,CONC
FA08,04/22,5090,TURF
FA08,14/32,2500,TURF
FA09,09/27,2700,TURF
FA11,03/21,2450,TURF
FA12,H1,72,CONC-G
FA13,4W/22W,3000,Water
FA15,H1,50,CONC
FA16,H1,50,ASPH-G
FA17,13/31,1800,WATER
FA18,09/27,4000,TURF
FA19,H1,50,CONC
FA20,H1,20,CONC
FA21,H1,50,CONC
FA22,H1,93,CONC
FA23,H1,40,CONC
FA23,H2,48,CONC
FA24,18/36,1800,ASPH
FA25,14/32,1415,TURF-G
FA26,09/27,2500,TURF
FA28,H1,53,CON
FA29,03/21,2350,TURF
FA30,18/36,2700,TURF
FA32,03/21,2332,TURF
FA33,H1,25,CONC
FA34,H1,50,TURF
FA35,09/27,4000,TURF
FA36,18/36,3909,ASPH
FA37,18/36,4400,ASPH
FA38,03/21,2900,ASPH-TURF
FA40,05/23,4425,ASPH-G
FA41,H1,30,CONC
FA42,09/27,1780,TURF
FA42,18/36,2000,TURF
FA43,15/33,2700,TURF
FA44,09/27,3600,TURF
FA45,H1,25,CONC
FA47,H1,114,ASPH-GRVL
FA48,H1,36,CONC
FA49,09/27,5280,TURF
FA50,18/36,2500,TURF
FA51,09/27,4000,TURF
FA52,H1,62,CONC
FA53,H1,500,TURF
FA54,05/23,6000,ASPH-F
FA55,18/36,2650,TURF
FA56,H1,45,MATS
FA57,H1,40,ASPH
FA59,H1,48,CONC
FA60,09/27,3000,TURF
FA61,H1,50,CONC
FA62,N/S,3600,TURF
FA64,09/27,3100,TURF
FA64,18/36,2300,TURF
FA65,H1,60,CONC
FA69,18/36,2600,ASPH
FA70,H1/H1,45,CONC
FA71,N/S,2200,TRTD
FA73,E/W,7000,WATER
FA73,NW/SE,7000,WATER
FA74,12/30,1860,TURF
FA76,H1,65,CONC
FA78,02W/20W,3500,WATER
FA79,H1,300,TURF
FA81,08/26,2175,TURF
FA83,18/36,4000,TURF
FA84,18W/36W,2000,Water
FA88,18/36,2750,TURF
FA89,9/27,5500,Turf
FA91,H1/H1,62,CON
FA92,18W/36W,6500,WAT
FA94,13W/31W,5444,Water
FA99,10/28,2100,TURF-G
FAAB,01/19,6063,ASP
FAAB,07/25,5499,GVL
FAAB,11/29,4823,GVL
FAAG,07/25,6824,ASP
FAAL,10/28,4757,ASP
FABA,03/21,,paving
FABA,09/27,,gravel
FABB,18/36,5902,ASP
FABE,08/26,8202,ASP
FABL,02/20,8396,ASP
FABL,12/30,7202,ASP
FABM,11/29,3855,ASP
FABM,13/31,4301,GRS
FABO,07/25,4003,ASP
FABR,17/35,3300,GRS
FACT,01/19,10502,ASP
FACT,16/34,5581,ASP
FACV,09/27,4101,ASP
FADA,03/21,5171,UNK
FADA,11/29,4040,UNK
FADA,15/33,3802,UNK
FADA,18/36,4483,UNK
FADD,18/36,3343,Asphalt
FADK,04/22,4003,CON
FADU,18/36,3215,asphalt
FADX,20/02,2410,Asphalt
FADY,12/30,7480,ASPH
FAEC,01/19,4026,UNK
FAEL,06/24,5200,ASP
FAEL,11/29,6362,ASP
FAEO,13/31,5085,ASP
FAFB,08/26,4593,ASP
FAGC,17/35,6004,ASP
FAGG,11/29,6562,ASP
FAGM,11/29,5617,ASP
FAGM,17/35,4898,ASP
FAGR,02/20,4921,ASP
FAGR,15/33,2801,GVL
FAGT,04/22,3871,GRS
FAGT,12/30,2756,GRS
FAGT,16/34,3937,ASP
FAGY,06/24,5328,ASP
FAHA,08/26,3809,ASP
FAHA,15/33,2999,GRE
FAHG,06/24,3923,Asphalt
FAHG,16/34,2362,Grass
FAHG,O6/24,2639,Grass
FAHL,03/21,3963,UNK
FAHR,15/33,3937,ASP
FAHS,09/27,6939,ASP
FAHS,18/36,13095,ASP
FAHS,09/27,6939,ASP
FAHS,18/36,13094,ASP
FAHV,10/28,4298,ASP
FAHV,15/33,3694,ASP
FAKD,05/23,2953,GRE
FAKD,15/33,3281,GRE
FAKD,18/36,4921,ASP
FAKM,02/20,9843,ASP
FAKM,10/28,8002,ASP
FAKN,05/23,10171,ASP
FAKP,11/29,4265,ASP
FAKR,08/26,2684,ASP
FAKR,15/33,2260,GRE
FAKS,03/21,2953,GRS
FAKS,07/25,5824,ASP
FAKS,12/30,3937,GRS
FAKT,01/19,2658,Asphalt
FAKU,02/20,5578,ASP
FAKZ,02/20,4921,ASP
FALA,06L/24R,10000,ASP
FALA,07/25,9996,ASP
FALC,15/33,5249,ASP
FALD,18/36,3000,
FALE,06/24,12139,Asphalt
FALI,06/24,2592,GRE
FALI,18/36,4154,ASP
FALL,04/22,4462,UNK
FALM,10/28,13189,ASP
FALM,10L/28R,1640,ASP
FALO,10/28,3937,ASP
FALW,02L/20R,7680,ASP
FALW,02R/20L,7689,ASP
FALW,07/25,4935,ASP
FALW,16/34,6533,ASP
FALY,11/29,3937,ASP
FAMB,02/20,4413,GVL
FAMB,14/32,5905,ASP
FAMD,16/34,4145,ASP
FAMG,05/23,4495,ASP
FAMI,06/24,3281,ASP
FAMJ,14/32,4921,ASP
FAMM,04/22,15157,ASP
FAMN,09/27,4101,ASP
FAMO,10/28,3757,TAR
FAMS,03/21,5046,ASP
FAMU,17/35,6070,ASP
FANC,11/29,4921,ASP
FANG,15/33,3658,
FANS,04/22,3419,UNK
FANY,10/28,3970,ASP
FAOB,10/28,6926,ASP
FAOB,17/35,10220,ASP
FAOH,04/22,5577,ASP
FAOR,03L/21R,14495,ASP
FAOR,03R/21L,11155,ASP
FAPA,07/25,3608,Grass
FAPA,10C/28C,4304,Grass
FAPA,10L/28R,5996,Grass
FAPA,10R/28L,3936,Grass
FAPA,18/36,2624,Grass
FAPE,08/26,7087,ASP
FAPE,17/35,5502,ASP
FAPF,15/33,4498,UNK
FAPG,12/30,4003,ASP
FAPH,01/19,4491,ASP
FAPI,08/26,7218,ASP
FAPJ,09/27,3610,ASP
FAPL,16/34,2290,ASP
FAPM,16/34,5043,ASP
FAPN,05/23,9022,ASP
FAPP,01/19,8400,ASP
FAPP,05/23,7612,ASP
FAPS,03/21,4885,ASP
FAPS,15/33,3281,GRS
FAPT,01/19,2559,
FAPT,06/24,3600,Hard Gravel
FAPT,12/30,2696,Hard Gravel
FAPX,08/26,3281,Compacted Gravel
FAPY,06/24,4406,ASP
FAPY,11/29,2387,GRE
FAQT,12/30,3937,Tar - lights 5 clicks on 124.8
FARB,05/23,4265,ASP
FARD,14/32,,
FARG,16/34,4019,ASP
FARO,04/22,3728,Grass
FARS,10/28,4921,ASP
FARS,14/32,2395,Grass
FASB,10/28,5213,ASP
FASC,11/29,3609,ASP
FASD,02/20,4665,ASP
FASE,17/35,4921,ASP
FASH,01/19,2492,ASP
FASI,03/21,5249,ASP
FASI,04/22,,Grassnow taxiway only!!
FASI,14/32,1818,GRE
FASK,02/20,6520,ASP
FASK,06/24,6589,GRE
FASR,05/23,3845,Grass
FASR,10/28,3149,Grass
FASS,17/35,5709,ASP
FASX,06/24,1800,GRE
FASX,15/33,3291,LAT
FASZ,17/35,5085,ASP
FATA,11/29,3655,Tar
FATF,03/21,4920,ASP
FATF,07/25,3614,GVL
FATF,16/34,4593,GVL
FATP,01/19,4265,ASP
FATP,10/28,3937,ASP
FATT,04/22,4941,ASP
FATZ,06/24,4659,ASP
FAUL,02/20,3395,ASP
FAUL,05/23,5381,ASP
FAUP,01/19,7998,Asphalt
FAUP,08/26,2736,Asphalt
FAUP,17/35,16076,ASP
FAUS,18/36,4440,ASP
FAUT,09/27,4921,GRE
FAUT,14/32,8530,ASP
FAVB,18/36,3937,ASP
FAVG,05/23,3035,ASP
FAVM,08/26,5085,ASP
FAVR,08/26,4265,COM
FAVV,03/21,5266,ASP
FAVV,15/33,3724,ASP
FAWA,03/21,3937,tar
FAWB,06/24,4200,ASP
FAWB,11/29,5998,Asphalt
FAWI,04/22,4134,ASP
FAWI,09/27,1000,dirt
FAWI,17/35,2500,grass
FAWK,01/19,11001,ASP
FAWK,06/24,6299,ASP
FAWM,07/25,6578,ASP
FAWN,05/23,2952,hard
FAWN,14/32,2296,concrete
FAWT,15/33,4921,"Soil, rough gravel"
FAWV,6/24,2132,gravel
FAYP,02/20,5200,ASP
FAZR,04/22,6480,ASP
FBPM,11/29,7218,ASP
FBPM,13/31,9843,ASP
FBPM,16/34,4147,GVL
FBGH,08/26,3148,Asphalt
FBJW,08/26,5495,ASP
FBKD,09/27,3437,Dirt
FBKE,08/26,6562,ASP
FBKI,15/33,2861,Gravel
FBMN,08/26,6562,ASP
FBMU,05/23,4933,Asphalt
FBNW,11/29,2007,gravel
FBNX,12/30,2562,Dirt
FBSK,08/26,13123,CON
FBSN,11/29,5381,ASP
FBSP,12/30,5840,ASP
FBSV,04/22,7218,Dirt
FBSW,09/27,6102,Asphalt
FBTL,12/30,4938,ASP
FBPT,08/26,9850,ASP
FBPT,08L/26R,6585,ASP
FCBB,05/23,10827,ASP
FCBD,04/22,6725,ASP
FCOD,04/22,10827,CON
FCOE,14/32,6726,ASP
FCOM,07/25,5906,UNK
FCOO,09/27,5905,ASP
FCOU,01/19,6726,ASP
FCPD,14/32,6725,ASP
FCPP,17/35,8530,ASP
FD00,H1,50,CONC
FD02,16/34,3000,TURF
FD03,07/25,1800,TURF
FD04,18/36,6247,TURF
FD05,H1,40,CONC
FD06,H1,40,TURF
FD07,H1,405,CONC-TURF
FD08,09/27,5180,TURF
FD09,N/S,3000,TURF
FD11,H1,50,ASPH
FD12,15W/33W,3000,WATER
FD14,01/19,3000,TURF
FD15,09/27,2700,ASPH-G
FD16,18/36,3000,TURF
FD17,H1,25,CONC
FD18,H1,54,CONC
FD19,H1,70,ASPH
FD20,01/19,3800,TURF
FD22,05/23,4600,ASPH-TURF-G
FD24,E/W,2873,TURF
FD25,N/S,2000,TURF
FD26,18/36,1800,TURF
FD27,09/27,3250,TURF
FD28,H1,100,CONC
FD29,09/27,3000,TURF-G
FD30,09/27,2600,ASPH-TURF
FD31,18/36,2600,TURF
FD33,18/36,2600,TURF
FD34,H1,25,CONC
FD35,18/36,4200,TURF
FD36,H1,50,ASPH
FD37,09/27,2200,TURF
FD38,16/34,4055,ASP
FD39,14/32,2345,TURF
FD41,H1,20,CONC
FD42,09/27,3500,TURF
FD44,18/36,3200,TURF
FD44,18W/36W,3300,WATER
FD45,H1,40,CONC
FD46,13W/31W,17000,WATER
FD47,H1,55,CONC
FD48,18/36,6425,ASPH
FD49,E/W,4000,GRAVEL
FD50,18/36,3465,TURF
FD51,12/30,2550,ASPH
FD52,H1,60,CONC
FD53,18/36,2000,TURF-F
FD55,09/27,2190,TURF
FD56,H1,75,ASPH
FD57,18/36,1900,TURF
FD58,H1,60,CONC
FD60,H1,25,CONC
FD61,18/36,2600,TURF
FD62,H1,500,TURF
FD63,18/36,2600,TURF
FD64,H1,50,CONC
FD64,H2,80,ASPH
FD65,H1,15,TURF
FD66,H1,50,CONC
FD67,H1,60,ASPH-G
FD70,15/33,3875,TURF
FD71,18/36,2400,TURF-G
FD72,18/36,2500,TURF-G
FD74,18/36,2640,TURF
FD76,H1,60,TURF
FD77,09/27,2700,TURF-G
FD78,17/35,2000,WATER
FD79,09/27,2800,WATER
FD80,18/36,2400,WATER
FD81,09/27,1800,TURF-G
FD83,15/33,1900,TURF-G
FD84,09/27,2350,TURF-G
FD85,H1,70,CONC
FD86,05/23,2800,TURF
FD87,H1,58,CONC
FD88,09/27,3150,TURF
FD89,09/27,2600,TURF
FD90,15/33,3200,TURF
FD91,H1,68,ASPH
FD92,11/29,2120,TURF
FD93,09/27,2550,TURF
FD94,09/27,1400,TURF
FD96,18/36,1500,TURF
FD97,H1,48,CONC
FD98,09/27,5000,WATER
FD99,H1,33,CONC
FDMS,07/25,8530,ASP
FDNS,03/21,3970,GVL
FDSK,02/20,11811,ASP
FEFF,16/34,8530,ASP
FEFN,17/35,4921,UNK
FEFR,14/32,5906,UNK
FEFT,17/35,5446,ASP
FEFY,08/26,3920,GRS
KFEW,H1,30,CONC-G
FGAN,05/23,6177,CON
FGBT,03/21,10860,ASP
FGBT,04/22,7001,ASP
FGMY,18/36,9843,ASP
FGSL,04/22,9647,CON
FHAW,13/31,10019,ASP
KFHK,H1,1800,ASPH
KFHK,H2,1800,ASPH
KFHK,H3,1800,ASPH
KFHK,H4,1800,ASPH
KFHK,H5,1800,ASPH
KFHK,H6,1800,ASPH
FHSH,01/19,6398,ASP
FI-0018,09/27,3360,ASP
FI-0018,18/36,4396,ASP
FI-0019,05/23,3937,ASP
FIMP,14/32,11056,ASP
FIMR,12/30,4223,ASP
FJ-0004,01/19,538,water
FJDG,13/31,12003,CON
FKKB,03/21,5906,UNK
FKKC,05/23,4512,ASP
FKKD,12/30,9350,ASP
FKKF,08/26,4495,UNK
FKKI,02/20,6234,UNK
FKKL,13/31,6890,ASP
FKKM,04/22,6889,ASP
FKKN,02/20,8858,ASP
FKKR,09/27,11032,ASP
FKKU,15/33,8203,ASP
FKKV,17/35,8202,ASP
FKKY,03/21,6519,ASP
FKYS,01/19,11155,ASP
FL00,17/35,3000,TURF
FL01,14/32,3125,TURF
FL02,13/31,2480,TURF
FL04,08/26,5000,WATER
FL07,10/28,2163,TURF
FL08,18/36,1800,TURF
FL09,11/29,2600,TURF
FL10,09/27,2668,TURF
FL10,18/36,3375,TURF
FL11,09/27,1800,TURF
FL12,12/30,5400,TURF
FL13,09/27,2800,TURF
FL16,18/36,3000,TURF
FL17,18/36,3300,TURF
FL18,E/W,2600,TURF
FL19,18/36,3900,TURF
FL20,H1,150,CON
FL21,H1,2000,TURF
FL22,H1,45,CONC
FL24,H1,40,CONC
FL27,05/23,3175,TURF
FL28,15/33,4856,TURF
FL29,09/27,4000,TURF
FL30,H1,60,ASPH-G
FL31,18/36,1350,TURF
FL32,H1,60,CONC
FL33,09/27,1950,TURF
FL34,18/36,4629,ASPH
FL35,03/21,3000,TURF
FL37,09/27,4000,TURF
FL38,H1,80,CONC
FL38,H2,40,CONC
FL39,H1,100,CONC-G
FL41,09/27,3700,ASPH
FL42,ALL/WAY,4500,WATER
FL43,15/33,2400,TURF
FL44,H1,250,TURF
FL45,H1,24,CONC
FL48,09U/27U,1300,TURF
FL49,H1,40,TURF
FL50,12/30,3513,TURF
FL51,H1,40,ASPH
FL52,01/19,2000,TURF
FL53,H1,24,CONC
FL54,09/27,5000,TURF
FL54,18/36,4000,TURF
FL55,09W/27W,4000,WATER
FL58,18/36,3543,TURF
FL59,06/24,2726,CONC
FL59,14/32,4416,CONC
FL60,05/23,5000,ASPH-P
FL61,09/27,3365,TURF
FL61,18/36,2650,TURF
FL62,09/27,2100,TURF
FL64,H1,46,Turf
FL66,18/36,1965,TURF
FL67,09/27,3000,ASPH
FL68,H1,65,CONC
FL69,H1,50,TURF
FL70,H1,36,CONC
FL71,H1,100,CONC
FL72,05W/23W,4000,WATER
FL74,17/35,2567,TURF
FL75,11/29,3464,TURF-G
FL77,14/32,1835,TURF
FL78,09/27,2000,TURF
FL80,18/36,3000,TURF
FL81,N/S,1800,TURF
FL82,07/25,3000,TURF
FL84,05/23,2000,TURF
FL85,H1,52,CONC
FL86,09/27,2000,CONC-TURF
FL87,H1,50,ASPH
FL88,E/W,3700,TURF
FL90,E/W,1800,TURF
FA02,08/26,3721,TURF
FL92,H1,50,CONC
FL93,H1,36,ASPH
FL94,H1,60,CONC
FL95,18/36,2200,TURF
FL96,H1,45,CON
FL97,09/27,2600,TURF
FL98,H1,50,CONC
FL99,18/36,2640,TURF
FLCP,18/36,4823,UNK
FLIK,15/33,4400,Dirt
FLJK,07/25,3232,
FLKE,11/29,4698,ASP
FLKJ,,3100,
FLKS,13/31,6148,Gravel
FLLC,08/26,6594,ASP
FLHN,10/28,9843,ASP
FLHN,15/33,4501,Dirt
FLKK,10/28,12998,ASP
FLKK,15/33,2700,GRS
FLMF,09/27,7349,ASP
FLMG,09/27,4800,BRI
FLND,10L/28R,8250,CON
FLND,10R/28L,4000,CON
FLRZ,08/26,5574,
FLSK,09/27,11483,ASP
FLSO,11/29,6562,ASP
FLSW,08/26,8858,ASP
PAFT,08/26,4045,TURF-GRVL-P
FMNK,13/31,8211,PEM
FMFZ,03/21,,ASP
FMCH,02/20,9514,ASP
FMCI,13/31,4265,ASP
FMCV,10/28,4429,ASP
FMCZ,16/34,6330,ASP
FMEE,12/30,10499,ASP
FMEE,14/32,8760,ASP
FMEP,15/33,7000,ASP
FMMA,12/30,8237,ASP
FMME,05/23,4921,ASP
FMMI,11/29,10171,ASP
FMMN,16/34,3609,ASP
FMMS,01/19,3451,ASP
FMMT,01/19,7218,ASP
FMMV,10/28,4921,ASP
FMMV,14/32,4413,ASP
FMMZ,12/30,3937,grass
FMNA,13/31,4921,ASP
FMNC,11/29,4101,ASP
FMND,02/20,4153,ASP
FMNE,11/29,4921,ASP
FMNH,18/36,3914,ASP
FMNL,11/29,3937,COP
FMNM,14/32,7218,ASP
FMNN,05/23,7185,ASP
FMNQ,08/26,4046,BIT
FMNR,14/32,4265,ASP
FMNS,16/34,4577,ASP
FMNV,14/32,4236,ASP
FMNW,01/19,4921,ASP
FMNZ,15/33,4450,ASP
FMSD,08/26,5280,ASP
FMSF,08/26,4101,ASP
FMSG,13/31,3445,ASP
FMSJ,09/27,5249,dirt
FMSK,05/23,3886,ASP
FMSM,04/22,4921,ASP
FMSR,04/22,4265,ASP
FMST,04/22,6562,ASP
FMST,11/29,2625,ASP
FMZJ,10/28,4265,
FN18,10/28,8015,ASP
FN19,08/26,9830,ASP
FNBC,16/34,5905,ASP
FNBG,14/32,5315,ASP
FNBJ,06L/24R,12467,ASP
FNBJ,06R/24L,13123,PEM
FNCA,36/18,8202,ASP
FNCT,02/20,12139,ASP
FNCX,XX/XX,5906,
FNDU,03/21,6468,ASP
FNGI,13/31,10640,ASP
FNHU,01/19,3281,UNK
FNHU,11/29,8727,ASP
FNKU,08/26,8202,ASP
FNLB,16/34,4920,ASP
FNLU,05/23,12190,ASP
FNLU,07/25,8530,ASP
FNLZ,04/22,4915,ASP
FNMA,13/31,7283,ASP
FNME,13/31,11483,ASP
FNMO,08/26,8202,ASP
FNNG,16/34,7874,ASP
FNPA,07/25,3379,ASP
FNSA,13/31,11155,ASP
FNSO,06/24,5905,ASP
FNSU,05/23,3115,ASP
FNUA,17/35,5112,
FNUB,10/28,10335,ASP
FNUE,11/29,7875,ASP
FNUG,01/19,6562,ASP
FNXA,03/21,7400,ASP
FNZG,08/26,5906,ASP
FO03,09/27,4600,Earth
FOGK,15/33,5841,ASP
FOGM,17/35,5891,ASP
FOGO,03/21,5906,ASP
FOGQ,08/26,4921,ASP
FOGR,04/22,7555,LAT
FOGR,05/23,,UNK
FOOB,13/31,5726,LAT
FOOD,12/30,6234,ASP
FOOD,14/32,5906,UNK
FOOG,02/20,6234,ASP
FOOH,14/32,5285,ASP
FOOK,06/24,5892,ASP
FOOL,16/34,9844,ASP
FOON,15/33,10105,ASP
FOOT,15/33,5906,UNK
FPPR,18/36,4331,ASP
FPST,11/29,7283,ASP
FQ49,17/35,3280,BIT
FQBR,06/24,3018,ASP
FQBR,12/30,7874,ASP
FQBR,17/35,5660,ASP
FQCH,01/19,7874,ASP
FQIN,06/24,2625,SAN
FQIN,16/34,4921,ASP
FQLC,08/26,8300,ASP
FQLU,01/19,4921,ASP
FQMA,05/23,12008,ASP
FQMA,10/28,5577,ASP
FQMD,16/34,7714,ASP
FQMP,03/21,6562,ASP
FQMR,15/33,5660,ASP
FQNC,01/19,10171,ASP
FQNP,05/23,6562,ASP
FQNP,13/31,5135,GVL
FQPB,08/26,2625,ASP
FQPB,17/35,5905,ASP
FQQL,09/27,2980,GVL
FQQL,18/36,5905,ASP
FQSG,16/34,2953,ASP
FQTT,01/19,8225,ASP
FQUG,16/34,5900,ASP
FQVL,10/28,2461,ASP
FQVL,17/35,4823,ASP
FQXA,02/20,5906,concrete
FR-0009,17/35,656,GRS
FR-0020,05H/23H,82,GRS
FR-0020,09/27,1050,GRS
FR-0158,04/22,1575,Grass
FR-0158,08/26,3675,Grass
FR-0158,12/30,2133,Grass
LFTB,13/31,3280,WATER
FR-0247,02/20,910,G
FR-0255,04D/22A,1312,GRS
FR-0278,08/26,1640,SNO
FR-0289,09/27,590,SNO
FR-0289,15/33,492,SNO
FR-0299,09/27,492,grass
FR-0300,07/25,1312,Snow
FR-0300,16/34,1640,Snow
FR-0302,01/19,1083,Grass/Snow
FR-0309,10A/28D,1214,Dirt
FR-0314,XX/XX,4921,dirt
FR-0320,08/26,2493,
FR-0321,08/26,1132,Earth
FR-0323,02/20,2297,G
FR-0328,01/19,984,GRS
FR-0331,05/23,2395,G
FR-0335,03/21,1969,grass
FR-0335,09/27,1427,grass
FR-0338,17/35,2461,GRS
FR-0349,11/29,3117,G
FR-0353,01/19,820,GRS
FR-0382,05/23,755,GRS
FR-0391,12/30,660,Earth
FR-0392,04/22,1148,Earth
FR-0394,13/31,2297,ASP
FR-0401,08/26,2198,GRS
FR-0402,17/35,1542,GRS
FR-0410,05/23,984,GRS
FR-0412,11/29,984,GRS
FR-0413,16/34,820,SNO
FR-0414,10/28,1247,GRS
FR-0416,09/27,1968,GRS
FR-0420,14A/32D,1345,Earth
FR-0423,14/32,1312,Earth
LFTA,17/35,2625,GRS
FR-0429,10/28,1444,GRS
FR-0445,05/23,1050,GRS
FR-0451,07/25,1969,GRS
FR-0465,06/24,656,GRS
FR-0465,17/35,656,GRS
FR-0466,18/36,1312,GRS
FR-0467,03/21,1968,GRS
FR-0469,02/20,591,GRS
FR-0475,14/32,4101,GRS
FR-0487,15/35,1640,Grass
FR-0490,11/29,1411,GRS
FR-0491,10/28,1312,GRS
FR-0492,06/24,1476,GRS
FR-0493,08/26,820,GRS
FR-0494,16/34,656,GRS
FR-0496,ALL/WAY,656,GRS
FR-0499,15/35,1837,GRS
FR-0500,13/31,722,GRS
FR-0501,18/36,1148,GRS
FR-0502,15/33,1312,grass
FR-0507,10/28,1804,GRS
FR-0511,17/35,1968,GRS
FR-0512,09/27,1312,GRS
FR-0513,01/19,1476,GRS
FR-0514,01/19,984,GRS
FR-0515,16/34,492,GRS
FR-0517,02/20,1378,GRS
FR-0518,16/34,1312,GRS
FR-0519,16/34,984,GRS
FR-0521,02/20,820,GRS
FR-0522,06/24,1476,GRS
FR-0523,13/31,2100,GRS
FR-0524,06/24,1640,GRS
FR-0535,15/33,1312,GRS
FR-0564,12/30,984,GRS
FR-0567,17/35,984,grass
FR-0569,06/24,3281,GRS
FR-0570,01/19,984,GRS
FR-0571,01/16,919,GRS
FR-0572,01/19,1332,GRS
FR-0573,17/35,1600,grass
FR-0574,01/19,1640,GRS
FR-0574,13/31,1312,GRS
FR-0598,ALL/WAY,656,GRS
FR-0624,16/34,360,Grass
FR-0640,03/21,984,GRS
FR-0722,03/21,1170,grass
FR-0722,09/27,1170,grass
FR-0733,07/25,984,GRS
FR-0740,03/21,1247,GRS
FR-0851,05/23,1017,GRS
FR-0974,13/31,820,GRS
FR-0980,13/31,1085,GRS
FR-1003,06/24,1312,gravel
FR-1014,15/33,755,grass
FR-1016,12/30,656,GRS
FR-1175,13/31,1280,GRS
FR-1184,,3400,
FR-1185,360,492,GRS
FR-1237,14/32,4593,ASP
FR-1238,10/28,8264,ASP
FR-1239,01/19,7973,ASP
FR-1240,01/19,7874,ASP
FR-1241,07/25,8143,ASP
FR-1242,07/25,7874,ASP
FR-1245,14/32,3018,UNK
FR-1246,02/20,3281,UNK
FR-1249,04/22,2854,ASP
FR-1250,18/36,3117,UNK
FR-1252,05/23,9843,UNK
FR-1253,03/21,4101,UNK
FR-1253,10/28,3215,UNK
FR-1255,NW/SE,3937,
FR-1260,16/34,5577,UNK
FR-1269,03/21,9318,CON
FR-1275,03D/21A,1460,Earth
FR-1277,17/35,1968,Hard
FR-1278,01/19,1968,GRS
FR-1323,06/24,1083,GRS
FSAL,15/33,3983,CON
FSAS,16/34,1210,concrete
FSDR,12/30,4531,CON
FSFA,13/31,3035,CON
FSIA,13/31,9800,CON
FSPP,15/33,4318,ASP
FSSC,13/31,,concrete
FTTA,04/22,5906,UNK
FTTC,09/27,9186,ASP
FTTD,04/22,5906,ASP
FTTI,09/27,6025,PER
FTTJ,05/23,9186,ASP
FTTY,06/24,9186,ASP
FUB,07/25,1985,
FV76,08/26,3704,ASP
FV76,12/30,5612,GRE
FVGM,05/23,5108,ASP
FVJN,02/20,4419,ASP
FVJN,13/31,8491,ASP
FVCN,09/27,3569,ASP
FVCP,06/24,3937,ASP
FVCP,14/32,3035,ASP
FVCZ,14/32,5785,BIT
FVDA,09/27,3000,
FVFA,12/30,13123,ASP
FVRG,05/23,15502,ASP
FVKB,09/27,5413,ASP
FVKK,13/31,3281,ASP
FVMA,14/32,2625,Asphalt
FVMD,10/28,3650,ASP
FVMT,09/27,3609,BIT
FVMU,12/30,3117,MAC
FVMV,10/28,3937,GRS
FVMV,17/35,5663,BIT
FVOT,11/29,3642,ASP
FVSH,16/34,3942,MAC
FVTL,13L/31R,8766,ASP
FVTL,13R/31L,7826,ASP
FVWN,08/26,15091,ASP
KFWB,03/21,5002,CONC-G
FWCL,10/28,7628,ASP
FWCL,15/33,4501,ASP
FWCM,11/29,3800,
FWDW,14/32,3980,
FWKA,14/32,4200,ASP
FWKG,08/26,3937,ASP
FWKI,14/32,11614,ASP
FWLE,09/27,4462,ASP
FWLE,17/35,4615,GRS
FWSU,15/33,4100,Asphalt
FWUU,17/35,4291,BIT
FWZA,09/27,4100,ASP
FXMM,04/22,10498,ASP
FXMM,11/29,3314,ASP
FXMU,04/22,4531,ASP
FXMU,11/29,1542,GRE
FYAA,09/27,4260,Dirt
FYAD,07/25,2952,Sand
FYAK,14/32,7123,Gravel
FYAR,10/28,6300,ASP
FYEN,09/27,5735,ASP
FYGF,08/26,11680,ASP
FYGF,17/35,3412,ASP
FYHV,06/24,5085,Earth
FYKB,05/23,4930,
FYKB,17/35,2750,
FYKM,09/27,7520,ASP
FYKT,04/22,7598,ASP
FYKT,18/36,4705,GVL
FYLS,11/29,4298,UNK
FYLZ,04/22,6004,ASP
FYLZ,12/30,3830,GVL
FYMG,02/20,4828,Gravel
FYML,01/19,6562,ASP
FYML,12/30,4921,GVL
FYOA,08/26,9800,ASP
FYOA,16/34,4423,GVL
FYOG,02/20,5252,ASP
FYOG,07/25,3000,GVL
FYOG,16/34,3500,GVL
FYOS,17/35,4921,Asphalt
FYRC,11/29,7122,ASP
FYRC,16/34,5403,ASP
FYRU,08/26,11004,ASP
FYRU,18/36,4806,GVL
FYSA,17/35,5741,UNK
FYSL,05/23,4600,sand
FYSO,02/20,4593,Gravel
FYTF,10/28,6550,ASP
FYTM,12/30,4823,ASP
FYVF,01/19,5249,SAND
FYVF,08/26,6562,SAND
FYWB,09/27,11483,ASP
FYWE,01/19,7381,ASP
FYWE,09/27,3297,GVL
FYWH,08/26,15010,ASP
FYWH,16/34,5000,ASP
FZAA,06/24,13123,CON
FZAB,08/26,5526,ASP
FZAG,04/22,4864,ASP
FZAJ,03/21,3346,Gravel
FZAM,01/19,5150,Dirt
FZAR,08/26,3700,GRS
FZBA,08/26,3937,dirt
FZBI,11/29,4692,GVL
FZBO,11/29,4528,ASP
FZCA,06/24,5151,ASP
FZCI,12/30,2100,GRS
FZEA,18/36,7223,ASP
FZEN,06/24,4856,Dirt
FZFD,07/25,10499,ASP
FZFE,07/25,4134,Dirt
FZFK,11/29,6550,ASP
FZFP,05/23,6626,LAT
FZFU,11/29,5578,
FZGA,05/23,7200,GVL
FZIA,10/28,7218,ASP
FZIC,13/31,11483,ASP
FZJF,07/25,3232,GRS
FZJH,13/31,8202,ASP
FZKA,09/27,8202,ASP
FZKJ,07/25,6890,ASP
FZKN,05/23,2952,GRS
FZMA,17/35,6562,ASP
FZNA,17/35,9695,ASP
FZNI,03/21,3600,grass
FZNP,11/29,6600,ASP/GVL
FZOA,18/36,7218,ASP
FZOK,13/31,291,grass
FZQA,07/25,10623,ASP
FZQG,01/19,4265,dirt
FZQM,11/29,5741,ASP
FZRF,06/24,5741,ASP
FZRQ,11/29,6234,
FZSA,13L/31R,8858,ASP
FZSA,13R/31L,8858,ASP
FZSB,10/28,4823,dirt
FZSK,02/20,4035,Grass
FZUA,11/29,7218,ASP
FZUK,16/34,5249,Gravel
FZVA,09/27,5249,TURF
FZVO,11/29,6582,ASP/GVL
FZVR,08/26,3937,GRS
FZVS,07/25,4117,grass
FZWA,16/34,6558,ASP
FZWB,07/25,2051,Dirt
G05,14/32,2497,ASPH-F
FOGX,13/31,5906,ASP
GA00,03/21,3000,GRVL
GA03,03/21,2000,TURF
GA04,07/25,4500,TURF
GA06,14/32,3900,TURF-G
GA09,03/21,1850,ASPH
GA10,12/30,2100,TURF-G
GA11,H1,40,MATS
GA11,H2,40,MATS
GA14,09/27,5600,ASPH
GA16,10/28,2100,TURF
GA17,18/36,3500,TURF
GA18,09/27,2800,TURF
GA1A,07/25,3802,ASP
GA2,13/31,2400,TURF-F
GA20,15/33,3600,TURF
GA21,11/29,2000,TURF
GA22,08/26,3000,TURF
GA23,02/20,2750,TURF
GA24,H1,150,TURF
GA25,15/33,2200,TURF
GA26,H1,40,CONC
GA28,H1,90,CONC
GA29,07/25,1650,TURF
GA31,04/22,3200,TURF
GA32,H1,40,CONC
GA33,H1,105,TURF
GA35,13/31,2700,TURF
GA37,H2,45,ALUMINUM
GA38,H1,30,CONC
GA39,12/30,2640,TURF
GA40,H1,250,CONC
GA43,08/26,2300,TURF
GA44,18/36,1700,TURF-DIRT
GA47,18/36,2350,TURF
GA48,18/36,2000,TURF
GA50,02/20,2000,TURF
GA51,H1,40,CONC
GA52,H1,40,TURF
GA54,H1,85,CONC
GA55,H1,60,CONC
GA57,H1,16,WOOD
GA58,H1,25,CONC
GA59,05/23,2500,TURF
GA60,H1,100,ASPH
GA61,NE/SW,2400,TURF
GA62,18L/36R,3000,ASPH
GA62,18R/36L,3000,TURF
GA64,H1,45,MATS
GA66,H1,45,CONC
GA67,03/21,1610,TURF
GA68,02/20,2200,TURF
GA70,H1,40,CONC
GA71,H1,74,ASPH
GA72,17/35,1500,TURF
GA73,08/26,2400,TURF
GA74,08/26,2500,TURF
GA75,18/36,2700,TURF
GA76,09/27,1550,TURF
GA78,H1,40,CONC
GA79,18/36,2000,TURF
GA80,15/33,2600,ASPH
GA81,18/36,3000,TURF
GA83,14/32,2000,TURF
GA84,H1,320,TURF
GA85,H1,75,CONC
GA86,17/35,3000,TURF
GA87,02/20,2000,TURF-G
GA89,02/20,2700,ASPH-G
GA90,09/27,2000,TURF
GA92,06/24,1100,TURF
GA94,N/S,1433,TURF
GA95,05/23,1500,TURF
GA96,H1,400,TURF
GA98,17/35,2100,TURF-G
GA99,18/36,3600,TURF
GABS,06/24,10498,ASP
GAGM,05/23,4921,UNK
GAGO,07/25,8202,ASP
GAKL,09/27,6234,TURF
GAKD,09/27,8858,ASP
GAMB,05/23,8340,ASP
GANK,03/21,1299,Brown clay gravel
GANR,08/26,4921,UNK
GASK,08/26,9350,Dirt
GASO,08/26,5255,ASP
GATB,07/25,6923,ASP
GATS,05/23,,UNK
GATS,05L/23R,8201,ASP
GATS,05R/23L,4912,GVL
GATS,15/33,3924,GVL
GATS,16/34,,UNK
GB-0002,08/26,2592,Grass
GB-0006,18/36,2296,Grass
EGTN,08L/26R,2624,Grass
EGTN,08R/26L,3608,Asphalt
GB-0008,16/34,2133,Grass
GB-0015,11/29,3608,Grass
GB-0023,15/33,,
GB-0026,08/26,1512,Grass
GB-0030,01/19,3000,concrete
GB-0030,07/25,2000,concrete
GB-0031,14/32,,Grass
GB-0033,18/28,2723,Grass
GB-0034,06/24,,Grass
GB-0035,12/30,820,Grass
GB-0035,18/36,,Grass
GB-0037,96/24,1700,Grass
GB-0038,01L/19R,2001,Asphalt
GB-0038,01R/19L,2001,Grass
GB-0038,08/26,1804,Asphalt
GB-0042,04/22,2126,Grass
GB-0044,09/27,1312,Grass
GB-0044,18/36,1968,Grass
GB-0045,08/26,1453,Grass
GB-0045,15/33,1299,Grass
GB-0046,02/20,711,Grass
GB-0047,04/22,2017,Grass
GB-0047,15/33,1263,Grass
GB-0048,06/24,2952,Grass
GB-0049,09/27,1040,Grass
GB-0050,09/27,1640,Grass
GB-0051,02/20,1404,Grass
GB-0052,11/29,2067,Grass
GB-0053,07/25,,Grass
GB-0054,10/28,1312,Grass
GB-0058,09/27,2034,Grass
GB-0060,03/21,1443,Grass
GB-0061,12/30,1377,Grass
GB-0062,10/28,1968,Grass
GB-0063,10/28,1804,Grass
GB-0063,18/36,1804,Grass
EGCR,09/27,1706,Grass
EGCR,12/30,1968,Grass
EGCR,13/31,2132,Grass
EGCR,17/35,1148,Grass
GB-0065,18/36,2296,Grass
GB-0067,02/20,2198,Grass
EGEJ,07/25,2132,Grass
GB-0069,06/24,1115,Grass
GB-0071,08/26,1476,Grass
GB-0073,06/24,2297,ASP
GB-0073,09/27,,GRS
GB-0075,08/26,3000,Tarmac
GB-0077,10L/28R,1968,
GB-0077,10R/28L,2299,
GB-0078,04/22,2952,Concrete
GB-0078,10/28,1476,Concrete
GB-0078,14/32,1312,Concrete
GB-0084,06L/24R,2297,G
EGLB,01/19,1377,Tarmac
GB-0146,03/21,3839,CON
GB-0146,08/26,5735,CON
GB-0146,09/27,3215,GRS
GB-0146,14/32,4134,CON
GB-0150,09/27,1250,GRASS
GB-0157,04L/22R,1378,grass
GB-0157,15R/33L,1640,grass
GB-0179,04/22,3700,concrete
GB-0179,10/28,2419,concrete
GB-0180,09/27,1740,grass
GB-0185,10/28,1640,Grass
GB-0198,01/19,2034,Grass
GB-0200,05/23,1969,GRA
GB-0201,03/21,1411,
GB-0202,13/31,1795,grass
GB-0203,03/21,1608,G
GB-0203,08/26,1673,Grass
GB-0203,15L/33R,1477,G
GB-0203,15R/33L,1477,CON
GB-0204,12/30,820,G
GB-0204,15/33,1050,G
GB-0208,04/22,1805,G
GB-0223,06/24,3281,GRS
GB-0233,10/28,3215,Grass
GB-0242,05/23,2363,G
GB-0248,05/23,2100,concrete
GB-0249,04/22,2624,Grass
GB-0249,13/31,1243,Grass
GB-0279,08/26,1722,G
GB-0287,07/25,1969,Asphalt
GB-0303,06/24,1568,Grass
GB-0316,08/26,1969,G
GB-0324,07/25,1476,GRS
GB-0336,07/25,984,GRS
GB-0336,16/34,984,GRS
GB-0357,09/27,1634,G
GB-0365,11/29,1640,G
GB-0368,09/27,1880,G
GB-0368,17/35,,Grass
GB-0369,02/20,2133,G
GB-0376,02/20,2400,Grass
GB-0376,06/24,1675,Grass
GB-0382,06/24,,GRS
GB-0388,11/29,1476,G
GB-0393,06/24,1968,Grass
GB-0420,03/21,5249,Asphalt
GB-0420,08/26,2296,Asphalt
GB-0420,15/33,4101,Asphalt
GB-0425,09/27,1837,GRS
GB-0441,08/26,3117,grass
GB-0449,06/24,2132,Grass
GB-0464,08/26,,Grass
GB-0464,14/32,,Grass
GB-0472,05/23,1230,G
GB-0547,07/25,,G
GB-0550,07/25,1968,GRS
GB-0550,17/35,1640,GRS
GB-0562,02/20,2099,Grass
GB-0562,15/33,1804,Grass
GB-0577,09/27,1837,G
GB-0615,04/22,2953,grass
GB-0616,05/23,,grass
GB-0622,12/30,1739,Grass
GB-0639,11/29,3412,G
GB-0743,H,82,CON
GB-0762,01/19,2100,Grass
GB-0762,09/27,1200,Grass
GB-0815,10/28,1673,Grass
GB-0815,16L/34R,2772,Grass
GB-0815,16R/34L,1863,Grass
GB-0852,11/29,1312,G
GB-0859,04/22,2625,Grass
GB-0872,02/20,,G
GB-0879,08/26,2509,G
GB-0882,08/26,3593,Tarmac
GB-0882,17/35,3051,Tarmac
GB-0887,,2067,
GB-0968,06/24,1033,G
GB-0978,07/25,1804,Turf
GB-0980,03/21,1214,G
GB-1015,01/19,1476,G
GB-1015,04/22,1542,G
GB-1056,04/22,,G
GB-1057,11/29,2198,G
GB-1095,07/25,5100,Concrete
GB-1095,13/31,4200,Concrete
GB-1095,18/36,4200,Concrete
GB-1098,04/22,4187,Concrete
GB-1098,08/26,5627,Concrete
GB-1098,17/35,4192,Concrete
GB-1102,08/26,1640,Grass
GB-1136,08/26,1920,Grass
GB-1136,15/33,1150,
GB-1170,H,328,GRS
EGYJ,05/23,2750,concrete/grass
EGYJ,17/35,4142,concrete
GB-1211,07/25,7519,ASP
GB-1212,02/20,9495,ASP
GB-1213,06/24,7828,ASP
GB-1213,18/36,5991,ASP
GB-1214,06/24,2641,ASP
GB-1214,13/31,3809,ASP
GB-1215,10/28,9029,ASP
GB-1216,06/24,2070,GRS
GB-1216,12/30,3458,ASP
GB-1217,06/24,4462,ASP
GB-1218,07/25,7582,ASP
GB-1219,10/28,3973,ASP
GB-1220,09/27,8094,CON
GB-1221,01/19,3593,ASP
GB-1221,07/25,5459,ASP
EGUY,08/26,8255,ASP
EGUY,08G/26G,2621,GRS
EGUY,08H/28H,1365,ASP
EGUY,15/33,2500,ASP
GB-1223,10/28,4469,ASP
GB-1223,15/33,6096,ASP
GB-1224,04/22,9004,ASP
GB-1225,04/22,8990,ASP
GB-1226,03/21,6020,ASP
GB-1226,10/28,4394,ASP
GB-1227,11/29,3599,ASP
GB-1229,02/20,1755,
GB-1229,04/22,1805,
GB-1232,02/20,1804,Grass
GB-1233,08/26,1224,Grass
GB-1234,11/29,2870,TURF
GB-1236,04/22,3300,C
GB-1237,08/26,7480,ASPH
GB-1240,06/24,1864,Asphalt
GB-1240,18/36,2077,Asphalt
GB-1241,06/24,3280,Grass
GB-1244,04/22,7500,Asphalt
GB-1247,04/22,2395,grass
GB-1247,11/29,2838,Grass
GB-1249,06/24,8999,Concrete
GB-1249,13/31,6001,Concrete
GB-1249,18/36,6001,Concrete
GB-1273,02/20,1958,Asphalt
GB-1275,10/28,2788,
GB-1278,06/24,1640,
EGYO,05/23,2493,G
EGKC,02/20,1995,Asphalt
GB-1281,07/25,4265,Grass
GB-1282,02/20,2788,Grass
GB-1319,01/09,1640,Grass
GB-1319,07/27,1181,Grass
GB-1361,00/00,1591,grass
GB-1364,06/24,3751,Concrete
GB-1364,10/28,4235,Concrete
GB-1364,17/35,3615,Concrete
GB-DOC,10/28,2460,Grass
EG3G,18/36,1252,
GB-OUK,09/27,1195,
GB-PSV,02/20,1450,GVL
GB-ULL,07/25,2559,Grass
GBYD,14/32,11811,ASP
GCFV,01/19,11220,ASP
GCGM,09/27,4921,ASP
GCHI,16/34,4101,ASP
GCLA,36/18,7218,ASP
GCLP,03L/21R,10171,ASP
GCLP,03R/21L,10171,ASP
GCRR,03/21,7874,ASP
GCTS,07/25,10499,ASP
GCXM,11H/29H,932,ASPH
GCXO,12/30,10404,ASP
GDY,04/22,2256,ASPH-G
GE00,09W/27W,5000,WATER
GE01,18/36,2500,TURF
GE02,H1,70,CONC-GRVL
GE04,18/36,1600,TURF
GE05,02/20,2400,TURF
GE11,10/28,2800,TURF
GE12,10/28,4693,TURF
GE14,H1,20,CONC
GE15,H1/-,800,Turf
GE20,18/36,1500,Turf
GE21,18/36,3350,Turf
GE22,H1,30,CONC
GE24,H1,45,ALUMINUM
GE25,18/36,2500,TURF
GE26,06/24,2000,TURF
GE27,09/27,2800,TURF
GE28,H1,50,CONC
GE30,10/28,1900,TURF
GE33,17/35,1300,TURF
GE34,H1,20,ROOF-TOP
GE35,10/28,1400,TURF
GE53,5/23,2461,Turf
GE61,1/19,1000,
GE72,12/30,1002,Turf
GE72,9/27,834,Turf
GE92,H1,12,CON
GE99,05/23,5062,CONC
GECE,07/25,787,ASP
GEML,15/33,4701,ASP
SOOK,09/27,3630,Asphalt
GF-0003,01/19,1940,Dirt
GF-0011,03W/21W,3281,WAT
GF-0013,06W/24W,3281,WAT
GFBO,04/22,4003,Dirt
GFKE,04/22,3770,TURF
GFLL,12/30,10498,ASP
GFYE,15/33,3000,TURF
GG64,14/32,3958,ASP
GGCF,06/24,6231,BIT
GGOV,03/21,10499,ASP
GL-0002,04/22,17388,Snow
GL-0003,,,ICE
GL-0006,18/36,15000,ICE
BGQO,11/29,4924,ASP
GL-0016,07/47,1500,Gravel
GL-0017,H1,131,ASP
GLMR,05/23,6000,ASP
GLRB,04/22,11000,ASP
GMAA,10/28,9547,ASP
GMAD,09/27,10499,ASP
GMAT,03/21,6562,ASP
GMFB,09/27,10499,ASP
GMFF,09/27,10499,ASP
GMFI,03/21,6920,ASP
GMFK,13/31,10499,ASP
GMFM,08/26,6420,ASP
GMFM,09/27,9252,ASP
GMFO,06/24,9843,BIT
GMFO,13/31,9843,ASP
GMMA,16/34,9843,ASP
GMMB,14/32,10085,ASP
GMMD,05/23,8169,ASP
GMME,03/21,11483,ASP
GMMH,03/21,9842,ASP
GMMI,16/34,8553,BIT
GMML,02/20,8861,ASP
GMML,04/22,8202,ASP
GMMN,17L/35R,12205,ASP
GMMN,17R/35L,12205,ASP
GMMT,18/36,3687,asphalt
GMMW,08/26,9842,ASP
GMMX,10/28,10170,ASP
GMMP,03/21,6035,ASP
GMMP,07/25,7995,CON
GMMZ,12/30,9842,ASP
GMSL,07/25,11302,ASP
GMTA,17/35,10511,ASP
GMTN,06/24,7546,CON
GMTN,07/25,10784,CON
GMTT,07/25,6562,ASP
GMTT,10/28,11483,ASP
GN-0003,05/23,4642,ASP
GNU,05/23,2835,GRVL-F
GO66,02/20,5230,SAN
GOBD,01/19,11483,ASP
GODK,02/20,4927,ASP
GOGG,10/28,5069,ASP
GOGS,14/32,6573,ASP
GOOK,06/24,5249,ASP
GOOY,03/21,4866,ASP
GOOY,18/36,11450,ASP
GOSM,13/31,6299,GVL
GOSR,08/26,5085,
GOSS,01/19,4300,GRE
GOSS,18/36,6230,ASP
GOTB,07/25,5741,MAC
GOTK,11/29,5906,ASP
GOTT,06/24,6562,ASP
GP-0004,ALL/WAY,984,WAT
GQNA,04/22,5245,BIT
GQND,07/25,5249,ASP
GQNF,07/25,8202,ASP
GQNI,09/27,6890,ASP
GQNK,07/25,8202,ASP
GQNO,06/24,7875,concrete
GQNO,16/34,11155,concrete
GQNS,07/25,5249,MAC
GQPA,04/22,9855,ASP
GQPP,02/20,7961,ASP
GQPT,01/19,7515,ASP
GQPZ,09/27,8202,ASP
GR-0001,08/26,2461,compacted earth
GR-0009,09/27,1936,Grass
GR-0014,09/27,2230,Asphalt
GR-0095,13/31,3412,ASP
GR-0096,09/27,9875,ASP
GR-0097,06/24,4275,ASP
GR-0098,15L/33R,11483,ASP
GR-0098,15R/33L,10331,ASP
LGTL,02/20,9875,Asphalt
GR-0110,17/35,2778,ASP
GT-0037,09/27,4200,Dirt
GT-0038,,5600,Dirt
GT-0039,,7000,Dirt
GUBE,15/33,6000,asphalt
GUCY,06/24,10826,ASP
GUFA,06/24,5249,ASP
GUFH,09/27,7595,ASP
GUGO,11/29,5249,dirt
GUKR,07/25,5118,ASP
GUKU,01/19,5922,dirt
GULB,06/24,9843,dirt
GUMA,07/25,4921,GRS
GUNZ,18/36,4921,dirt
GUOK,02/20,5052,dirt
GUSA,04/22,3773,dirt
GUSB,12/30,4921,dirt
GUSI,11/29,4905,GVL
GUXN,NE/SW,,
GVAC,01/19,10760,ASP
GVAC,07/25,4921,ASP
GVAN,14/32,1476,ASP
GVBA,03/21,6890,ASP
GVMA,01/19,3937,ASP
GVNP,03/21,6890,ASP
GVNP,03L/21R,4209,ASP
GVNP,03R/21L,6876,ASP
GVSF,14/32,3937,UNK
GVSN,01/19,4593,ASP
GVSV,07/25,6561,ASP
GXUD,10/28,9843,ASP/GVL
H07,18/36,2200,TURF-G
H11,07/25,5000,WATER
H27,01/19,1895,TURF-G
H27,16/34,1645,TURF-G
H28,07/25,4440,TURF-G
KH43,H1,50,ASPH
H47,14/32,2980,ASPH-G
H49,03/21,2450,TURF-E
KH57,17/35,2050,ASPH-G
KH63,E/W,6000,WATER
KH66,17/35,2500,ASPH-P
KH66,5/23,2440,TURF-P
H75,14/32,3340,TURF-G
H77,NE/SW,10000,WATER
H80,08/26,2400,TURF-G
H97,18/36,2130,TURF-G
HAAB,07L/25R,12139,ASP
HAAB,07R/25L,12467,ASP
HAAL,12/30,3839,ASP
HAAM,03/21,9170,ASP
HAAX,16/34,7874,ASP
HABD,04/22,9842,PEM
KHAD,07/25,3810,DIRT-G
HADD,15/33,6168,Asphalt
HADR,15/33,8791,ASP
HAGM,18/36,8248,CON
HAGN,17/35,9072,ASP
HAGO,04/22,7505,PEM
HAGR,,3900,Soft
HAGR,,3900,Soft
HAHM,16/34,5940,ASP
HAJJ,3/21,8202,Asphalt
HABC,12/30,8612,ASP
HAJM,13/31,10236,ASP
HAKD,08/26,8202,Concrete
HALA,01/19,9843,ASPH
HALL,10/28,7990,ASP
HAMK,11/29,11811,ASP
HASM,13/31,8202,CON
HASO,11/29,8218,ASP
HBBA,02/20,,UNK
HBBA,17/35,11811,ASP
HBBE,12/30,3248,Dirt
HBBO,12/30,3281,grass
HCMC,04/22,3610,
HCMD,15/33,4017,sand
HCME,06/24,3445,Graded earth
HCMF,01/19,3550,SAN
HCMF,09/27,7874,ASP
HCMH,06/24,12139,ASP
HCMI,05/23,13582,ASP
HCMK,4/22,12139,ASP
HCMM,05/23,10446,ASP
HCMN,04/22,7218,Gravel
HCMR,05L/23R,9859,ASP
HCMR,05R/23L,9859,TURF
HCMV,04/22,7875,dirt
HCGR,06/24,6562,ASP
HDAM,09/27,10335,PEM
HDCH,10/28,7795,ASP
HDDK,11/29,5770,ASP
HE11,13/31,6562,ASP
HE12,04/22,8481,ASP
HE12,09/27,8646,ASP
HE17,14/32,9863,ASP
HE18,16L/34R,9837,ASP
HE18,16R/34L,9864,ASP
HE19,13/31,6555,ASP
HE20,14/32,7835,ASP
HE21,15/33,7000,ASP
HE23,16/34,9500,ASP
HEMN,16L/34R,9842,ASP
HEMN,16R/34L,9842,ASP
HE27,11/29,9840,ASP
HE28,15/33,9925,ASP
HE28,18/36,10568,ASP
HE30,15/33,7847,ASP
HE30,16/34,9078,ASP
HE31,14/32,5750,ASP
HE32,14/32,9084,ASP
HE32,17/35,9047,ASP
HE33,13/31,6583,ASP
HE34,14L/32R,8805,ASP
HE34,14R/32L,8805,ASP
HE35,09/27,9752,ASP
HE35,11/29,9712,ASP
HE36,15/33,8241,ASP
HE37,04/22,11480,ASP
HE37,09L/27R,5100,ASP
HE37,09R/27L,8200,ASP
HE37,17L/35R,9960,ASP
HE37,17R/35L,5140,ASP
HE38,02L/20R,9886,ASP
HE38,02R/20L,9886,ASP
HE39,02C/20C,9855,ASP
HE39,02L/20R,9857,ASP
HE39,02R/20L,9836,ASP
HE40,16L/34R,9882,ASP
HE40,16R/34L,9882,ASP
HE41,16L/34R,9855,ASP
HE41,16R/34L,9853,ASP
HE42,16/34,9054,ASP
HE46,07/25,2623,ASP
HEAL,13/31,11479,ASP
HEAR,16L/34R,9905,ASP
HEAR,16R/34L,9905,ASPH
HEAT,13/31,9905,ASP
HEAZ,05/23,3917,ASP
HEAZ,18/36,6726,ASP
HEAX,14L/32R,11156,ASP
HEAX,14R/32L,11155,ASP
HEAX,XX,,
HEBL,15/33,9843,ASP
HEBS,01/19,11565,ASP
HEBS,06/24,9843,ASP
HECA,05C/23C,13123,Asphalt
HECA,05L/23R,10827,Asphalt
HECA,05R/23L,13124,Asphalt
HECP,01L/19R,11980,ASP
HECP,01R/19L,10531,ASP
HECP,02/20,10922,ASPH
HECW,10/28,9125,ASP
HECW,16L/34R,11939,ASP
HEDK,15/33,8166,ASP
HEGN,16L/34R,13171,ASP
HEGN,16R/34L,13168,ASPHALT
HEGO,16/34,5249,ASP
HEGR,08/26,7874,ASP
HEGR,17/35,7874,ASP
HEGS,11/29,9460,ASP
HEGS,12/30,9473,ASP
HEIS,13/31,10555,ASP
HEKG,18/36,11483,ASP
HELX,02/20,9843,ASP
HEMA,15/33,11253,ASP
HEMM,06/24,9843,ASP
HEMM,15/33,9843,ASP
AYHG,12/30,1411,Grassed brown clay
HEOC,01/19,6562,ASP
HEOW,36L/18R,11483,ASP
HEOW,36R/18L,11483,ASP
HEPS,10/28,7707,ASP
HESC,17/35,6939,ASP
HESG,15/33,9843,Asphalt
HESH,04L/22R,10108,ASP
HESH,04R/22L,10108,ASP
HESN,17/35,11161,ASP
HE24,16/34,5905,ASP
HESX,16R/34L,11975,PEM
HETB,04/22,,UNK
HETB,04L/22R,13123,ASP
HETB,04R/22L,13123,ASP
HETR,10/28,9843,ASP
KHEY,17/35,476,ASPH
KHGT,14/32,570,CONC
HHAS,07/25,9842,ASP
HHAS,12/30,5951,ASP
HHMS,07/25,11483,ASP
HHSB,12/30,11531,PEM
HI01,05/23,3560,ASPH-F
HI03,NE/SW,1600,ASPH
HI04,H1,86,ASPH
HI05,E/W,1800,ASPH-G
HI07,H1,26,ASPH-G
HI12,H1,55,CONC
HI18,H1,40,CONC
HI23,05/23,1800,ASPH-GRVL
HI24,H1,52,ASPH
HI25,NE/SW,2000,GRVL-TRTD
HI27,NE/SW,1400,ASPH
HI28,N/S,1650,GRVL-TRTD
HI33,NE/SW,2400,ASPH
HI38,H1,61,CONC
HI40,H1,90,CONC
HI46,NE/SW,2000,ASPH-CONC
HI49,07/25,1920,TURF
HI50,H1,232,CONC
HI52,H1,90,ASPH
HI53,H1,65,TURF
HI55,H1,40,CONC
HI57,H1,60,ASPH
HI58,H1,125,ASPH
HJJJ,13/31,10171,ASP
HK-0099,13/31,11122,Asphalt
HKAM,08/26,3284,ASP
HKEL,08/26,11480,ASP
HKEM,14/32,5246,Asphalt
HKGA,17/35,3556,asphalt
HKJK,06/24,13507,ASP
HKKG,07/25,3420,BIT
HKKI,06/24,10823,ASP
HKKT,04/22,4757,ASP
HKKU,05/23,3116,ASP
HKLK,09/27,6195,ASP
HKLO,09/27,,UNK
HKLO,09L/27R,1645,GRE
HKLO,09R/27L,3281,ASP
HKLU,08/26,3054,GRE
HKLU,15/33,6561,ASP
HKLU,XX/XX,,
HKMA,05/23,3609,UNK
HKMK,01/19,3281,Asphalt partial
HKML,08/26,3701,UNK
HKML,17/35,4600,UNK
HKMO,03/21,10991,ASP
HKMO,15/33,4473,ASP
HKMS,09/27,3450,
HKMY,14/32,4265,UNK
HKNK,14/32,5607,ASP
HKNL,03/21,3900,ASP
HKNV,18/36,3616,BIT
HKNW,07/25,4798,ASP
HKNW,14/32,5052,ASP
HKRE,06/24,7998,ASP
HKSB,12/30,2650,
HKUK,01/19,3851,
HKWJ,15/33,9193,ASP
KHL2,16W/34W,6000,WATER
HLTS,01/19,5160,ASP
HLTS,09/27,2045,SAN
HL53,13/31,3261,ASP
HLWD,18/36,5905,ASP
HL56,01L/19R,11013,ASP
HL56,01R/19L,7491,ASP
HL57,06/24,5166,ASP
HL57,13/31,11975,ASP
HL58,14/32,3360,ASP
HL59,15/33,11838,CON
HLMJ,15/33,4275,ASP
HL64,15/33,3280,ASP
HLTM,13/31,11130,ASP
HLBU,14/32,11155,ASP
HLJF,14/32,13729,CON
HL70,14/32,11811,ASP
HL71,13/31,4920,CON
HLWN,11/29,6515,ASP
HL77,10L/28R,10500,ASP
HL77,10R/28L,10500,ASP
HLHM,07/25,5855,SAN
HLHM,17/35,7758,ASP
HL79,06/24,12480,ASP
HL80,13/31,6890,ASP
HLNM,09/27,7767,ASP
HLNM,18/36,6963,ASP
HLDB,08/26,3215,SAN
HLDB,18/36,6160,ASP
HL83,13/31,12790,ASP
HLML,17/35,7218,ASP
HLAM,08/26,3452,ASP
HLAM,13/31,5700,ASP
HLAM,14/32,3324,SAN
HLBD,17/35,7495,ASP
HLFL,16/34,7051,ASP
HLGD,13/31,11807,ASP
HLGD,18/36,11807,ASP
HLGL,09/27,3302,ASP
HLGL,18/36,6575,ASP
HLGT,06/24,6643,ASP
HLGT,17/35,11811,ASP
HLKF,02L/20R,12007,ASP
HLKF,02R/20L,12007,ASP
HLLB,15L/33R,11732,ASP
HLLB,15R/33L,11731,ASP
HLLM,03/21,6000,ASP
HLLM,10/28,11155,ASP
HLLQ,03/21,6214,ASP
HLLQ,10/28,11824,ASP
HLLS,06/24,5596,ASP
HLLS,13/31,11778,ASP
HLMB,15/33,7220,ASP
HLMS,15/33,11155,ASPHALT
HLNF,12/30,4985,COP
HLNF,18/36,6295,ASP
HLNR,15/33,9910,ASP
HLON,13/31,5905,ASP
HLRA,12/30,6880,ASP
HLSA,16/34,7220,ASP
HLTD,01/19,6516,ASP
HLTD,06/24,11811,ASP
HLTQ,02/20,9895,ASP
HLTQ,09/27,9835,ASP
HLTQ,15/33,9865,ASP
HLWA,17/35,3815,ASP
HLWA,18/36,6918,ASP
HLZA,05/23,4505,GVL
HLZA,12/30,7050,ASP
HLZG,15/33,5940,ASP
HLZU,06/24,5496,ASP
HLZU,17/35,5725,ASP
HLZW,06/24,5906,ASP
MHCQ,01/19,2500,Grass
HN-0007,NW/SE,4100,GRS
HN-0023,N70E/N70E,2132,GRASS
HR-0020,11/29,2625,Water
HR-0032,02/20,3385,ASP
HR-0033,01/19,3937,ASP
LDZU,13/31,9022,CON
HR-0047,02/20,2000,Grass
HRYG,01/19,3330,ASP
HRYI,09/27,4000,ASP
HRYR,10/28,11483,ASP
HRYU,14/32,4000,grass
HRZA,02/20,4921,ASP
HJAK,17/35,3500,
HSAT,01/19,8465,ASP
HSCG,06/24,3281,sand
HSCG,10/28,5561,sand
HSDB,18/36,4595,graded earth
HSDL,18/36,6316,Dirt
HSDN,17/35,9843,ASP
HSDZ,17/35,9020,ASP
HJPH,01/19,8202,Asphalt
HSFS,05/23,9744,ASP
HSFS,18/36,5010,GVL
HSGN,04/22,5305,UNK
HSGN,11/29,6194,UNK
HSKA,02/20,8202,ASP
HSLI,06/24,8375,ASP
HSMN,02/20,13186,Asphalt
HSMR,02/20,4921,UNK
HSNN,04/22,9880,ASP
HSOB,01/19,9843,ASP
HSPN,16/34,8202,ASP
HSSG,04/22,9829,asphalt
HSSK,18/36,9751,Asphalt
HSSM,04/22,6562,ASP
HSSW,06/24,6562,gravel
HSWW,09/27,8202,ASP
HT-0005,16/34,1936,GVL
HTAR,09/27,5377,BIT
HTBU,13/31,4535,Asphalt
HTDA,05/23,9843,ASP
HTDA,14/32,3280,ASP
HTDO,10/28,6700,ASP
HTGW,09/27,10925,ASP
HTIR,02/20,5508,ASP
HTKA,16/34,5797,UNK
HTKI,17/35,5906,GRS
HTKJ,09/27,11811,ASP
HTLI,03/21,5292,grass
HTLI,10/28,4475,grass
HTLI,16/34,5735,grass
HTLM,12/30,4003,BIT
HTMA,15/33,5348,ASP
HTMB,13/31,4921,
HTMT,01/19,7410,ASP
HTMT,08/26,3815,GRE
HTMU,18/36,5249,Hard
HTMW,12/30,10212,ASP
HTPE,02/20,5003,ASP
HTSN,13/31,7480,GVL
HTSU,07/25,,
HTSY,11/29,6785,GVL
HTTB,08/26,4921,gravel
HTTB,13/31,6234,ASP
HTTG,06/24,4160,ASP
HTZA,18/36,9915,ASP
LHSV,09/27,2133,GRS
LHKA,17/35,2625,CON
LHST,16R/34L,2600,Grass
HU-0009,01/19,2625,GRS
LHBY,13/31,2461,GRS
LHPK,17/35,2034,grass
LHHM,04/22,2608,GRS
HU-0025,16/34,580,grass
LHAK,02/20,2290,GRS
LHAK,13/31,2630,GRS
LHHK,16/34,1427,GRS
HU-0036,13/31,3281,GRS
LHKF,14/32,1967,Grass
HU-0074,04/22,6740,CON
HU-0075,16/34,2625,GRS
HU-0077,16/34,2789,grass
HUAJ,09/27,3710,GRE
HUAR,18/36,5600,Unpaved
HUEN,12/30,7900,ASP
HUEN,17/35,12000,ASP
HUGG,05/23,5055,Gravel
HUGU,17/35,10314,ASP
HUKJ,14/32,3630,dirt
HUKS,01/19,5151,UNK
HUMA,11/29,5446,GVL
HUPA,07/25,5774,Murram
HUSO,05/23,6100,ASP
HUSO,09/27,2525,GRE
HWI,N/S,10000,WATER
HYL,E/W,10000,WATER
HYL,NW/SE,6000,WATER
I04,E/W,10000,WATER
I08,02/20,1750,TURF-DIRT-F
KGDK,07/25,5004,ASPH-F
I27,17/35,1705,TURF-G
I41,02/20,2300,TURF-G
KI42,02/20,3302,ASPH-G
KI44,04/22,2900,ASPH-G
I61,02/20,4000,TURF-F
OH46,09/27,2445,ASPH-P
KI72,18/36,3000,TURF-G
I80,09/27,3580,TURF-G
KI83,10/28,2738,ASPH-G
KI83,8/26,3000,ASP
KI91,09/27,2300,TURF-F
KI96,08/26,2600,ASPH-G
I99,09/27,2591,ASPH-P
IA00,05/23,1900,TURF
IA01,14/32,2600,TURF
IA04,H1,45,CONC
IA08,17/35,2620,TURF
IA09,H1,54,CONC
IA10,H1,60,CONC
IA11,N/S,1000,TURF
IA13,H1,43,CONC
IA16,06/24,1800,TURF
IA17,13/31,2000,TURF
IA19,H1,55,CONC
IA23,16/34,2540,TURF-P
IA24,SE/NW,4000,ASPH-TURF
IA27,18/36,2350,TURF-G
IA29,H1,40,CONC
IA30,08/26,1500,TURF
IA31,11/29,2390,TURF-G
IA32,18/36,1800,TURF-F
IA34,H1,50,CONC
IA35,E/W,2400,TURF
IA37,H1,40,CONC
IA40,H1,30,CONC
IA41,NW/SE,2350,TURF
IA44,18/36,550,TURF
IA46,H1,35,CONC
IA48,N/S,2100,TURF
IA54,10/28,2000,TURF
IA55,H1,25,CONC
IA56,18/36,2500,TURF
IA57,H1,30,CONC
IA58,N/S,2400,TURF
IA63,18/36,2260,TURF
IA64,H1,68,CONC
IA64,H2,66,CONC
IA64,H3,75,CONC
IA64,H4,70,CONC
IA66,18/36,2215,TURF-G
IA67,H1,58,CONC
IA69,18/36,5000,TURF
IA70,17/35,2900,TURF
IA71,H1,50,CONC
IA72,H1,50,ASPH
IA73,H1,50,CONC-TRTD
IA74,H1,50,CONC
IA78,H1,59,CONC
IA79,H1,60,CONC
IA8,11/29,2700,TURF-F
IA80,13/31,2400,TURF
IA81,H1,50,ASPH-CONC
IA82,H1,40,CONC
IA82,H2,60,CONC
IA83,17/35,2550,TURF
IA84,17/35,2320,TURF-P
IA85,11/29,1200,TURF
IA86,10/28,2000,TURF
IA88,H1,100,TURF
IA89,H1,30,CONC
IA90,H1,40,CONC
IA91,H1,50,CONC
IA92,H1,50,CONC
IA95,H1,30,CONC
IA96,H1,60,CONC
IA98,H1,52,ASPH
IA99,H1,40,CONC
PABN,14/32,2000,GRVL-DIRT
WIHG,,4724,
WIHG,07/25,,
ID-0010,15/33,,GRE
WIMO,06/24,4593,
ID-0017,04/22,3806,ASP
WAKB,02/20,1635,grass
ID-0023,02/20,1315,Grass
WAKS,12/30,1968,Sand/grass
WAJF,15/33,,GRE
WAVN,09/27,1640,Grass
ID-0027,03/21,1706,Grass/gravel
WIAF,04/22,1479,Grass Dirt
WAVO,16/34,1601,GRS
WAJH,17/35,1659,GRS
ID-0031,18/36,1745,GRS
ID-0032,06/24,1600,Clay/grass
WABK,15/33,1476,GRS
WREN,02A/20D,2247,Gravel/grass
WAJY,05/23,2099,"Gravel/grass, First 410m of RWY 23 paved"
WRLA,06/24,1375,Gravel
ID-0039,13/31,2625,Rock/Gravel/Clay
ID-0040,11/29,1972,Hard mud
WALO,15/33,1378,Grass/Clay
WABR,09/27,1440,GRS
WABV,12/30,2707,GRS
ID-0045,09/27,1980,GRS
WREX,10/28,1620,GRS
WRLD,09/27,1886,GRS
WRFH,09/27,1601,GRS
WRLG,18/36,2411,Clay/grass
ID-0051,13/31,1751,Grass/rolled earth
WRFJ,18/36,1601,GRS
ID-0053,01/19,1650,Hard clay
WRFL,17/35,1476,GRS
WIAM,16/34,1407,GRS
WASJ,04/22,1332,GRS
ID-0057,18/36,1640,GRS
ID-0058,15/33,1283,GRS
ID-0059,07/25,1801,Grass over hard gravel
WAVP,13/31,1329,Rocky gravel
ID-0061,04/22,1469,Sod with gravel & sand
ID-0062,16/34,1640,GRS
ID-0063,09/27,1453,GRS
ID-0064,10/26,1800,GRS
ID-0065,10/28,2296,Grass/red clay
ID-0066,04/22,2233,GRS
ID-0067,10/28,1895,GRS
ID-0068,18/36,1909,Grass/sandy soil
WRLK,03/21,2789,Sand/grass
WAJV,06/24,1632,GRS
WAYJ,14/32,1385,GRS
WAYN,02/20,1804,GRS
WRGC,06/24,2440,GRS
WABG,18/36,1500,GRS
ID-0075,17/35,1450,Sod over hard clay
ID-0076,02/20,1310,Dirt/grass
ID-0077,06/24,1710,GRS
WAYC,04/22,2087,Sand/clay
ID-0079,13/31,1505,Grass/dirt
WRGK,10/28,1335,GRS
WAVK,09/27,2329,GRS
WRLN,06/24,1798,GRS
ID-0083,16/34,1788,Gravel/soil
WAGA,05/23,2958,ASP
WIAQ,01/19,1590,GRS
WABL,13/31,1274,Graded earth
WRPO,04/22,1600,GRS
WRGT,05/23,2349,GRS
WRPQ,03/21,1903,Grass/gravel
WRGX,13/31,1415,GRS
ID-0091,16/34,1463,Gravel
WIAS,14/32,1350,GRS
WAQE,18/36,1312,GRS
WAQH,03/21,1312,Clay/grass
WAOE,14/32,1476,Clay/grass
ID-0097,04/22,1595,Clay/grass
WIAU,10/28,1360,GRS
WRPS,03/21,1411,GRS
ID-0100,12/30,1400,GRS
WRHI,05D/23A,1450,GRS
ID-0104,14/32,1719,Grass/clay
WIFD,01/19,1585,GRS
WIFH,12/30,1673,GRS
WRHK,06/24,1378,GRS
ID-0108,12/30,1706,Clay/grass
WAVI,12/30,1450,GRS
ID-0110,10/28,1640,Gravel
WAJW,02/20,1427,GRS
WAFK,12/30,1612,GRS
ID-0114,09/27,1295,GRS
WAVW,06/24,1550,Grass/Moss
WRHP,18/36,1601,GRS
WRHR,08/26,2090,Grass over rock
WRHV,03/21,2139,GRS
WAYS,15/33,,GRS
WRIE,09/27,1535,Gravel
ID-0125,05/23,10980,Coral
WRIF,12/30,1969,GRS
WIFM,05/23,1170,Grass/dirt
WRLU,18/36,1640,GRS
ID-0130,16/34,1519,Gravel/dirt
ID-0136,09/27,1405,GRS
WAVJ,05/23,1400,Grass/gravel
WIMI,12/30,2953,Asphalt/Concrete
WABC,16/34,1312,GRS
WRIP,03/21,1738,GRS
ID-0143,02/20,1779,GRS
ID-0145,08/26,1312,GRS
WASW,09/27,1624,GRS
WAUS,09/27,1575,GRS
ID-0148,06/24,1877,GRS
WAVZ,06/24,2198,GRS
WRIU,09/27,2296,GRS
WRIW,11/29,1388,Gravel
ID-0152,08/26,1509,GRS
ID-0153,15/33,1800,GRS
ID-0154,05/23,1374,GRS
WRNA,09/27,1865,GRS
WRSJ,15/33,1100,GRS
WRJK,11/29,,GVL
WRJL,06/24,1319,GVL
ID-0161,12/30,1621,Grass/Clay
WRJR,16/34,,GRS
WRJS,10A/28D,1642,Grass over clay
WAKC,10/28,1911,GRS
WRJU,08/26,1968,Gravel/grass
WRJV,08/26,1400,Clay
WRKA,09/27,1560,Grass over gravel
ID-0171,18/36,,GRS
WABX,05/23,1132,
WABN,07/25,1378,GRS
ID-0176,08/26,1450,Grass/Gravel
WRMA,14/32,,Grass/Sand
WIOQ,08/26,,GRS
WRMJ,03/21,,GRS
WAEH,09/27,,Coral
ID-0212,17/35,1800,GRS
ID-0231,08/26,6234,ASP
ID-0231,17/35,8120,ASP
ID-0232,07A/25D,951,GRS
ID-0233,13D/31A,,
ID-0250,08D/26A,1286,Dirt
ID-0269,02D/20A,,
WAEB,15/33,3020,ASP
WARD,14/32,10827,ASP
ID-0279,13A/31D,,
ID-0280,07D/29A,984,Dirt
ID-0281,01/19,1444,
ID-0319,09/27,6853,ASP
ID-0320,04/22,5414,ASP
ID-0320,NE/SW,,
ID-0323,8/26,2050,GRS
WAJE,17/35,,GRS
ID-0327,07/25,,
ID-0328,18/36,2133,ASP
ID-0330,09/27,1595,GRS
ID-0336,13/31,2953,ASP
ID-0339,16/34,4593,ASP
ID-0340,16/34,7040,CON
ID-0341,08/26,4256,ASP
ID-0343,18/36,2133,Coral
ID-0376,12D/30A,,GRS
ID-0377,NEA/SWD,,GRS
ID-0378,EA/WD,,GRS
ID-0379,05/23,1199,GRS
ID-0379,H,,GRS
ID-0383,05/23,2625,asphalt
ID-0384,17/35,23,concrete
WAGU,09/27,5906,ASP
WAVR,17/35,,GRS
WAUA,08/26,1590,Grass
ID-AHI,13/31,3281,CON
WAVE,02/20,2227,Grass/gravel
WAKG,06/24,1969,Grass
WAVC,17/35,2297,ASP
WIJI,12/30,5906,Asphalt
WAVL,03/21,2530,Grass/gravel
WAYO,08/26,2503,Gravel
WAWA,08/26,3280,
WIEB,14/32,4921,ASP
WIEB,17/34,2789,ASP
WABH,12/30,2165,ASP
WABH,15/33,1100,
WAYB,09/27,1969,ASP
ID00,10/28,2800,ASPH
ID01,08/26,2400,TURF
ID02,H1,200,CONC
ID03,H1,60,CONC
ID05,03/21,3500,TURF
ID07,18/36,1800,TURF
ID12,03/21,2700,TURF
ID13,07/25,1400,TURF
ID14,H1,30,CONC
ID16,16/34,4000,GRVL-F
ID17,18/36,3900,TURF-DIRT
ID18,H1,95,CONC-G
ID19,N/S,1900,ASPH
ID20,H1,40,CONC
ID21,16/34,1800,TURF-DIRT
ID22,E/W,3000,TURF
ID23,N/S,2600,GRVL-G
ID24,N/S,2000,TURF
ID25,16/34,3000,TURF
ID26,16/34,2600,ASPH-G
ID27,02/20,800,TURF
ID28,NE/SW,1900,DIRT
ID29,01/19,2600,TURF
ID30,H1,60,CONC
ID32,13W/31W,8000,WATER
ID32,16/34,2700,TURF
ID33,09/27,3000,TURF
ID35,18/36,2300,TURF-DIRT
ID36,16/34,3900,TURF
ID37,H1,50,CONC
ID38,H1,100,GRVL
ID40,12/30,2892,ASPH
ID41,06/24,2450,GRAVEL-P
ID43,NE/SW,2750,TURF
ID44,07/25,4300,TURF
ID46,H1,45,ASPH-G
ID47,H1,60,TURF
ID48,16/34,2800,GRVL
ID49,H1,90,CONC
ID53,H1,22,CONC-G
ID54,13/31,15000,WATER
ID55,H1,65,ASPH
ID56,03/21,5000,TURF
ID58,H1,95,GRAVEL
ID59,16/34,1900,TURF-DIRT
ID60,07/25,2800,DIRT
ID61,07/25,1800,GRVL
ID62,16/34,3750,GRVL
ID64,H1,40,ASPH-CONC-G
ID65,07/25,1900,TURF
ID66,H1,50,CONC
KC53,13/31,1100,TURF
ID68,07/25,2500,DIRT
ID69,H1,85,GRVL
ID71,H1,150,ASPH-TRTD-G
ID72,17/35,2500,TURF-GRVL
ID73,H1,100,TURF-DIRT-G
ID74,10/28,3300,GRVL-TURF-G
ID75,14/32,2346,TURF-G
KC48,06/24,1500,TURF
ID77,16/34,2450,DIRT
ID78,12/30,1600,TURF
ID79,09/27,2200,DIRT
ID80,H1,75,CONC
ID82,08/26,3000,TURF-G
ID83,H1,40,CONC
ID84,NW/SE,2800,TURF
ID85,17/35,3000,TURF-GRVL-G
ID86,NE/SW,1800,DIRT
ID87,07/25,2400,TURF
ID88,07/25,3300,DIRT-G
ID89,H1,75,CONC
ID91,H1,50,CONC
ID91,H2,25,CONC
ID92,05/23,4200,ASPH
I92,N/S,2100,DIRT
ID94,06/24,1600,TURF
ID95,13/31,1700,TURF-GRVL
ID96,16/34,2600,TURF-P
ID98,H1,20,CONC
ID99,H1,30,CONC
IE-0005,15/33,1641,G
IE-0037,04/22,1181,G
IE-0038,03/21,1181,G
IE-0077,02/20,1165,Grass
IE-0084,04/22,2132,Grass
IE-0085,07/25,2247,GRS
IG00,H1,18,CONC
IG01,H1,50,TURF
IG03,08/26,1800,TURF
IG04,09/27,1057,TURF
IG05,08/26,2600,TURF-G
IG06,H1,130,TURF
IG07,17/35,1280,TURF
K01H,12W/30W,7000,WATER
II01,09/27,1920,TURF
II02,E/W,1900,TURF
II03,18/36,1800,TURF
II04,N/S,2600,TURF
II06,09/27,2740,TURF
II07,09/27,2600,TURF
II08,18/36,2640,TURF
II09,06/24,2400,TURF
II11,E/W,1329,TURF
II12,N/S,2500,TURF
II13,18/36,1870,TURF
II16,13/31,1800,TURF
II18,18/36,2540,TURF
II19,09/27,1500,TURF
II20,NE/SW,2300,TURF
II21,09/27,2000,TURF
II23,H1,40,CONC
II26,18/36,2200,TURF
II27,N/S,1800,TURF
II28,09/27,1400,TURF
II30,09/27,1900,TURF
II30,18/36,2500,TURF
II31,09/27,2240,TURF
II32,04/22,3600,ASPH
II33,08/26,3000,TURF
II36,09/27,1000,TURF-G
II38,10/28,1600,TURF-G
II39,08/26,1600,TURF
II39,17/35,1600,TURF
II41,H1,50,CONC
II42,05/23,1600,TURF
II43,NW/SE,1200,TURF
II44,H1,40,CONC
II47,H1,50,CONC
II49,13/31,1800,TURF
II51,05/23,2800,TURF
II52,NE/SW,1250,TURF
II54,18/36,1700,TURF
II55,E/W,1700,TURF
II55,N/S,1700,TURF
II56,H1,40,ROOF-TOP
II57,H1,30,ASPH
II59,07/25,1000,TURF
II62,E/W,1300,TURF
II64,H1,12,CONC
II65,09/27,2000,TURF
II66,H1,100,TURF
II67,12/30,1100,TURF
II67,18/36,626,TURF
II68,08/26,2200,TURF
II69,18/36,1800,TURF
II70,09/27,1680,TURF
II72,09/27,1300,TURF
II74,N/S,3000,TURF
II77,09/27,1900,TURF
II78,E/W,2000,TURF
II79,E/W,2300,TURF
II81,08/26,2300,TURF
II82,03/21,2700,TURF
II84,09/27,1400,TURF
II85,N/S,2300,TURF
II86,09/27,2067,TURF
II87,17/35,2140,ASPH
II88,H1,50,CONC
II89,NE/SW,1000,TURF
II91,18/36,1600,TURF
II92,H1,60,CONC
II93,06/24,2186,TURF
II94,E/W,2640,TURF
II95,18/36,2050,TURF
II96,17/35,2000,TURF
II97,N/S,2000,TURF
LLRS,18/36,2165,ASPHALT
IL-0021,03/21,6234,ASP
IL-0022,03/21,5712,ASP
IL-0023,12/30,6447,ASP
IL00,H1,20,CONC-G
IL01,06/24,2600,TURF
IL02,06/24,2600,TURF
IL03,H1,40,CONC
IL04,H1,30,CONC
IL05,18/36,1800,TURF
IL06,H1,45,CON
IL07,11/29,1300,TURF
IL08,H1,40,CONC
IL10,H1,40,CON
IL11,NE/SW,1500,TURF
IL12,09/27,2600,TURF
IL14,H1,30,CONC
IL15,09/27,2625,TURF
IL17,H1,40,Sod
IL19,H1,40,TURF-G
IL20,H1,40,CONC-G
IL21,H1,75,ASPH
IL23,14/32,2000,TURF-G
IL24,18/36,2300,TURF
IL25,H1,40,MATS
IL26,H1,40,CONC
IL31,N/S,3300,TURF
IL32,18/36,2160,TURF
IL34,E/W,2800,TURF
IL36,E/W,2254,TURF
IL38,E/W,2600,TURF-G
IL40,H1,100,CONC-TURF
IL41,H1,45,CONC
IL42,H1,150,CONC-G
IL43,H1,40,TURF
IL44,H1,60,ASPH
IL47,H1,60,TURF
IL50,H1,44,CONC
IL51,09/27,2600,TURF
IL52,09/27,2150,TURF
IL54,09/27,2220,TURF
IL56,09/27,2300,TURF
IL57,18/36,1800,TURF
IL59,E/W,2000,TURF
IL61,H1,60,CONC
IL62,H1,61,CON
IL63,N/S,2640,TURF
IL64,09/27,1900,TURF
IL65,18/36,1940,TURF
IL66,H1,40,CON
IL67,H1,40,CONC-G
IL69,H1,75,CONC
IL70,H1,100,ASPH
IL71,01/19,2509,TURF
IL73,H1,40,CONC
IL75,H1,40,CONC
IL77,H1,75,ASPH
IL78,18/36,2000,TURF
IL79,H1,50,ASPH-G
IL81,E/W,2300,TURF
IL82,N/S,2000,TURF
IL84,09/27,2300,TURF
IL84,18/36,2300,TURF
IL86,E/W,2500,TURF
IL87,N/S,2000,TURF
IL88,N/S,1300,TURF
IL89,H1,50,CONC-G
IL92,H1,56,CONC-G
IL93,18/36,2800,TURF
IL94,18/36,2060,TURF
IL95,04/22,1600,TURF
IL96,H1,40,TURF
IL97,18/36,2700,TURF
IL98,H1,100,TURF-G
IL99,09/27,2640,TURF
IMA,08/26,2953,
VOJK,08/26,,
IN-0013,10/28,3000,ASP
IN-0023,04/22,4600,ASP
IN-0024,11/29,5500,Paved
VEAY,11/29,7381,Concrete
IN-0026,18/36,3900,ASPHALT
VAAV,14/32,3937,asphalt
IN-0035,16/34,2786,grass/concrete
IN-0041,04/22,1466,asphalt
IN-0044,14/32,1968,Grass
IN-0050,12/30,3958,Dirt
VODX,18/36,3300,
IN-0064,14/32,4920,
VAAM,08/26,6070,Asphalt
IN-0067,09/27,,
VESL,11/29,,
IN-0071,10/28,5783,Bitumen
IN-0072,10/28,6626,Bitumen
IN-0073,11/29,4133,Bitumen
VEBL,18/36,3255,Bitumen
IN-0077,10/28,3500,
VAJO,02/20,4577,asphalt
IN-0092,06/24,3000,
VOSR,09/27,8202,ASPH
IN-0177,05/23,3200,Asphalt
VANM,08/26,12139,ASP
VANM,08R/26L,12139,ASP
VEHO,08/26,7546,Concrete
IN-0363,09/27,4115,ASP
IN-0364,08/26,3736,ASP
IN-0369,08/26,7546,ASP
IN-0372,H,492,ASP
VANR,09/27,4520,CON
VIND,10/28,12975,ASPH
VEAP,16/34,6299,asphalt
IN-0395,06/24,10499,CON
VA38,13/31,5780,ASP
IN-VA51,10/28,4135,ASP
IN00,E/W,2400,TURF
IN01,18/36,2500,Turf
K01F,18W/36W,6000,WATER
IN03,09/27,2400,TURF
IN05,18/36,1500,TURF
IN06,H1,60,CONC
IN08,15/33,1750,TURF
IN08,18/36,2300,TURF
IN10,09/27,2200,TURF
IN11,09/27,2200,TURF
IN12,13W/31W,2500,WATER
IN14,05/23,2300,TURF
IN15,05/23,1706,TURF
01B,13W/31W,4000,WATER
IN17,H1,70,ASPH
IN18,18/36,2100,TURF
IN20,07/25,1800,TURF
IN22,H1,200,TURF
IN23,18/36,2440,TURF
IN24,H1,60,CONC
IN28,H1,40,CONC
IN29,09/27,3600,TURF
IN30,18/36,2722,TURF-F
IN31,N/S,2200,TURF
IN33,N/S,2600,TURF
IN34,18/36,1050,TURF
IN36,18/36,2250,TURF
IN37,H1,100,TURF
IN38,18/36,2600,TURF
IN43,01/19,1000,TURF
IN43,05/23,950,TURF
IN44,04/22,2000,TURF
IN45,18/36,1900,TURF
IN46,09/27,2081,TURF
IN47,18/36,2400,TURF
IN48,H1,54,CONC
IN49,18/36,2100,TURF
IN51,09/27,2600,TURF
IN52,H1,50,TURF
IN53,ESE/WNW,2600,GRAVEL
IN54,01/19,2300,TURF
IN55,18/36,2500,TURF
IN56,09/27,2800,TURF
IN57,18/36,1200,TURF
IN59,09/27,5000,WATER
IN60,E/W,2000,TURF
IN62,09/27,2600,TURF
IN64,09/27,1000,TURF
IN65,09/27,2600,TURF
IN66,H1,30,TURF
IN66,H2,30,TURF
IN70,18/36,2400,TURF
IN72,18/36,1060,TURF
IN75,18/36,1475,Turf
IN78,H1,319,ASPH
IN79,H1,60,ASPH
IN80,10/28,2300,TURF-G
IN81,18/36,1200,TURF
IN82,18/36,2400,TURF
IN83,04/22,2200,TURF
IN85,08/26,1800,TURF
IN86,NW/SE,1500,TURF
IN87,E/W,2640,TURF
IN88,10/28,1100,TURF
IN90,E/W,2800,TURF
IN91,N/S,2400,TURF
IN93,N/S,2300,TURF
IN94,H1,24,CONC
IN96,H1,52,CONC
IN99,07/25,1200,TURF
IOK,18/36,1780,
IR-0019,06/24,1948,asphalt
IR-0083,,3800,
IR-0091,13L/31R,,
IR-0091,31L/13R,,
IR-0124,06/24,11738,ASP
IR-0174,12/30,11823,ASP
OIIG,09/27,6000,ASP
IR-OI24,06/24,3276,ASP
BISL,15/33,2003,gravel
BISL,17/35,3345,gravel
IS-0005,02/20,720,Grass
IS-0005,08/26,1240,Grass/gravel
IS-0005,13/31,1310,Grass/gravel
IS-0006,05/23,4249,Concrete
IS-0006,10/29,3248,Concrete
IS-0006,17/35,3014,Concrete
BISA,03/21,2428,GVL
BISA,06/24,3871,GVL
BISA,10/28,2887,GVL
BISA,13/31,2165,GVL
BISA,18/36,2100,GVL
IS00,18/36,2400,TURF
IS02,09/27,2600,TURF
IS08,05/23,3400,TURF
IS09,H1,100,ASPH
IS11,H1,40,CONC
IS12,H1,60,TURF
IS15,09/27,2000,TURF
IS17,H1,100,ASPH
IS19,09/27,2000,TURF
IS20,H1,65,CONC
IS21,H1,48,ASPH
IS22,H1,50,ASPH
IS23,18/36,3000,WATER
IS24,10/28,1600,TURF
IS25,H1,45,TURF
IS26,09/27,2620,TURF
IS27,H1,40,CONC
IS29,H1,45,MATS
IS30,H1,50,CONC
IS31,H1,45,CONC
IS33,E/W,1900,ASPH-TURF
IS34,18/36,2500,TURF
IS37,15/33,2160,TURF-G
IS38,H1,40,CONC
IS39,H1,45,CONC
IS41,09/27,2138,TURF
IS43,18/36,2950,TURF
IS44,H1,30,CONC
IS46,H1,50,ROOF-TOP
IS46,H2,45,ROOF-TOP
IS48,H1,100,TURF
IS49,H1,40,ASPH
IS50,H1,300,CONC
IS51,05/23,3100,TURF
IS54,N/S,2600,TURF
IS55,18/36,2525,TURF
IS56,17/35,1500,TURF
IS57,09/27,2600,TURF
IS58,H1,100,CONC
IS59,09/27,1600,TURF
IS62,09/27,3500,TURF
IS65,08/26,2988,ASPH-F
IS65,18/36,1750,TURF-P
IS66,09/27,2000,TURF
IS67,H1,100,CONC
IS69,18/36,1690,TURF
IS71,08/26,2450,TURF
IS73,09/27,2000,TURF
IS74,H1,10,CONC
IS76,H1,75,ASPH
IS78,15/33,2400,TURF
IS79,10W/28W,6000,WATER
IS80,N/S,2300,TURF
IS81,H1,80,ASPH
IS83,09/27,2000,TURF
IS86,18/36,2300,TURF
IS88,18/36,2600,TURF
IS89,H1,50,TURF
IS90,H1,10,ASPH
IS92,H1,20,CONC
IS93,07/25,1420,TURF
IS94,09/27,1800,TURF
IS96,H1,54,ASPH
IS96,H2,50,CONC
IS97,H1,4,CONC-G
IS99,H1,40,CONC-G
IT-0001,07/25,2133,G
IT-0001,18/36,1148,G
IT-0002,04/22,1739,G
IT-0004,07/25,2100,concrete
IT-0005,05/23,1804,dirt
IT-0006,18/36,2822,asphalt
IT-0007,12/30,1640,grass
IT-0008,11/29,1312,grass
IT-0009,06/24,754,grass
LICN,03/21,1640,grass
IT-0011,01/19,1969,ground
IT-0012,03/21,1312,asphalt
IT-0013,05/23,2756,ground
IT-0014,04/22,2362,ground
IT-0015,08/26,1969,grass
IT-0016,09/27,1640,grass
IT-0017,15/33,1640,grass
IT-0018,02/20,1181,ground
IT-0019,04/22,1476,ground
IT-0020,06/24,1115,grass
IT-0021,06/24,1083,ground
IT-0022,16/34,820,grass
IT-0023,01/19,2297,grass
IT-0024,11/29,1509,grass
IT-0025,08/26,1476,ground
IT-0026,12/30,886,ground
IT-0027,09/27,1640,grass
IT-0028,01/19,3281,grass
IT-0029,14/32,1969,ground
LICK,09/27,4921,asphalt
IT-0031,16/34,1640,grass
IT-0032,04/22,1476,grass
IT-0035,14/32,2621,Grass
IT-0037,10/28,1476,G
IT-0043,10/28,2460,grass
IT-0045,09/27,2625,G
LILF,15/33,2460,GRASS
IT-0049,01/19,2559,Grass
IT-0049,18/36,1970,Asphalt
IT-0051,14/32,1476,G
IT-0055,18/36,1477,G
IT-0056,06/24,1575,G
IT-0058,03/21,1969,grass
IT-0062,06/21,1575,Erba
IT-0063,18/36,1378,G
IT-0065,05/23,1477,G
IT-0070,17/35,1591,
IT-0071,17/35,2133,G
IT-0073,09/27,1148,grass
IT-0074,18/36,1969,GRS
IT-0076,13/31,1213,grass
IT-0085,14/32,1200,grass
LIKO,03/21,2756,ASP
IT-0089,17/35,2625,G
IT-0090,07/25,2300,grass
IT-0093,10/28,1476,G
IT-0097,11/29,1640,G
IT-0099,02/20,1641,G
IT-0102,08/26,1411,G
IT-0103,15/33,2166,GRS
LIKE,11/29,2625,G
IT-0117,12/30,2500,grass-sand
IT-0117,18/36,525,sand
IT-0118,03/21,2625,Grass
IT-0119,16/34,2297,G
IT-0120,18/36,1148,G
IT-0123,06/24,1640,G
IT-0124,13/31,1558,SAN
IT-0125,11/29,1312,Compacted Earth
IT-0126,06/24,1837,GRS
IT-0131,12/30,2300,grass
IT-0136,16/34,2133,grass
IT-0138,16/34,951,G
IT-0142,09/27,1476,G
IT-0146,01/19,2362,grass
IT-0148,11/29,820,G
IT-0149,16/34,1477,G
IT-0150,15/33,3281,G
LIRO,04/22,2133,DIRT
LIRO,11/29,1804,DIRT
IT-0156,07/25,1378,G
IT-0157,02/20,1739,G
IT-0166,17/35,1083,G
IT-0170,18/36,984,Asfalt
IT-0171,15/33,2625,G
IT-0172,10/28,1640,G
IT-0175,02/20,2379,G
IT-0176,06/24,2133,G
IT-0177,13/31,4600,ASP
CS11,12/30,2789,G
LIQY,09/27,2133,G
IT-0183,17/35,1312,G
LIKH,02/20,1967,ASP
IT-0190,11/29,1476,G
IT-0192,16/34,1115,G
IT-0194,01/19,2133,G
IT-0195,14/32,1312,
IT-0196,14/32,1542,G
IT-0203,17/35,2133,G
IT-0204,16/34,984,G
IT-0211,09/27,1640,G
IT-0214,02/20,1804,G
IT-0216,11/29,2132,grass
IT-0220,09/27,2100,G
IT-0221,11/29,3280,Grass
IT-0222,13/31,1969,G
IT-0224,18/36,1969,
IT-0225,18/36,2297,G
IT-0226,01/19,1312,G
IT-0228,17/35,1312,G
IT-0229,15/33,1476,grass/earth
IT-0230,01/19,1509,G
IT-0231,18/36,1398,G
IT-0232,16/34,2953,concrete
IT-0236,02/20,1969,G
IT-0238,13/31,1312,G
IT-0240,14/32,656,G
IT-0241,15/33,1640,Compacted Earth
LINB,15/33,3232,Compacted Earth
IT-0245,14/32,1575,G
IT-0248,05/23,2690,G
IT-0252,12/30,951,G
IT-0254,17/35,1411,G
IT-0255,03/21,2953,G
IT-0256,03/21,2297,G
IT-0257,01/19,1804,G
IT-0258,03/21,1378,G
IT-0259,18/36,1247,G
IT-0260,03/21,1640,G
IT-0260,13/31,1312,G
IT-0262,10/28,1083,G
IT-0265,16/34,1969,G
IT-0266,08/26,1969,G
IT-0267,03/21,1837,G
IT-0268,03/21,1640,G
IT-0269,12/30,,G
IT-0274,07/25,1476,G
IT-0278,05/23,2133,G
IT-0279,08/26,2723,A
IT-0280,06/24,1837,asphalt
IT-0281,15/33,3281,G
IT-0282,15/33,1430,G
IT-0283,01/19,1247,G
IT-0284,05/23,1312,G
IT-0290,17/35,1640,G
IT-0291,05/23,1181,G
IT-0293,13/31,2526,G
IT-0300,17/35,1969,G
IT-0301,16/34,1640,G
IT-0303,10/28,1312,G
IT-0304,18/36,1312,G
IT-0305,01/19,1476,G
IT-0306,01/19,591,G
IT-0308,01/19,2297,G
IT-0309,15/33,1509,G
IT-0310,10/28,1316,G
IT-0311,15/33,755,G
IT-0312,06/24,2001,G
IT-0313,13/31,1312,G
IT-0314,17/35,1804,G
IT-0315,04/22,1640,G
IT-0316,18/36,1312,G
IT-0317,03/21,1312,
IT-0318,04/22,1706,G
IT-0319,18/36,1312,G
IT-0320,04/22,1542,G
IT-0322,12/30,1640,G
IT-0323,16/34,3281,G
IT-0324,02/20,1148,G
IT-0325,11/29,2461,G
IT-0327,04/22,984,G
IT-0328,02/20,1312,G
IT-0330,06/24,1017,G
IT-0333,18/36,1772,
IT-0335,11/29,1624,Asfalt
IT-0337,10/28,1020,G
IT-0338,09/27,1312,G
IT-0339,13/31,1804,G
IT-0340,10/28,2297,G
IT-0341,18/36,1280,G
IT-0342,17/35,1312,G
IT-0343,18/36,1247,G
IT-0344,05/23,984,G
IT-0345,07/25,1280,G
IT-0346,15/33,1640,G
IT-0350,16/34,1312,G
IT-0351,15/33,755,G
IT-0352,02/20,1716,G
IT-0353,03/21,1414,G
IT-0354,02/20,984,G
IT-0355,17/35,1903,G
IT-0356,15/33,1755,G
IT-0357,11/29,1476,G
IT-0359,18/36,2297,G
IT-0360,17/35,1280,G
IT-0361,04/22,3281,GRS
IT-0363,01/19,2854,GRS
IT-0366,04/22,2215,Grass
IT-0367,13/31,1542,soil-grass
IT-0368,04/22,1411,G
IT-0370,18/36,1476,G
IT-0371,07/25,1312,G
IT-0372,09/27,2264,G
LIQQ,16/34,1640,Asfalt
IT-0377,02/20,1247,G
IT-0379,16/34,1969,G
IT-0382,14/32,1674,GRE
IT-0383,16/34,984,G
IT-0385,06/24,1181,GRE
IT-0387,01/19,2625,G
IT-0388,17/35,2625,G
IT-0389,09/27,3937,G
IT-0390,05/23,1312,G
IT-0392,12/30,2231,G
IT-0393,01/19,2297,G
IT-0394,07/25,2854,G
IT-0395,04/22,2362,G
IT-0396,11/29,984,G
IT-0398,14/32,1427,G
IT-0399,08/26,1640,G
IT-0400,03/21,984,G
IT-0401,09/27,1083,G
IT-0403,17/35,1017,G
IT-0404,16/34,886,G
IT-0405,16/34,1312,G
IT-0406,10/28,2297,Asfalt
IT-0407,15/33,1312,G
IT-0408,03/21,1739,G
IT-0409,03/21,820,G
IT-0413,06/24,2559,Grass
IT-0419,01/19,951,G
IT-0436,01/19,1640,
IT-0439,17/35,2297,G
IT-0448,08/26,1575,
IT-0472,06L/24R,2132,grass
IT-0476,15/33,2077,Grass
IT-0509,18/36,640,G
IT-0528,02/20,1706,
IT-0538,18/36,1444,GRE
IT-0554,16/34,1266,Erba
IT-0565,02/20,,
IT-0683,09/27,1400,G
IT-0709,01/19,2460,Grass
IT-0710,16/34,1673,Grass
IT-0712,06/24,1476,gravel
IT-0716,4/22,1476,grass
IT-0717,04/22,1312,grass-sand
IT-0720,04/22,1968,grass
IT-0721,05/23,1542,soil-grass
IT-0756,04/22,328,soil-grass
IT-0757,10/28,328,grass
IT-0759,,,GRS
IT-0802,18/36,4921,ASP
IT-0808,06/24,1312,ground
IT-0811,17/35,2067,soil-grass
IT-0873,H,82,CON
AYIK,01/19,2297,Grassed black clay
JB01,01/19,2675,ASPH-G
JE-0001,,1500,Sand
JLA,04/22,2200,GRVL-DIRT-F
JM-0002,08/26,2300,Grass
JM-0016,09/27,4000,Rolled Asphalt
KJMC,H1,100,ASPH
JP-0090,03/21,690,asphalt
RJA2,07/25,1970,asphalt
RJA3,08/26,2625,asphalt
JP-0472,18/36,3280,asphalt
JP-0473,05/23,2630,asphalt
JP-0474,13/31,1960,asphalt
JP-0601,18/36,725,asphalt
JP-1189,01/19,1160,grass
JP-1189,16/34,770,grass
JP-1898,H/H,110,asphalt
JP-2684,H/H,30,asphalt
JP-3163,11/29,666,grass
JP-3393,09/27,164,ASP
JP-3414,H,66,Rooftop
JP-3590,04/22,6562,ASP
JP-3592,07/25,1795,
JP-3600,18/36,1713,concrete
KJPN,H1/H1,82,ASPH
KJRA,H1/H1,44,ASPH
KJRA,H10/H10,44,ASPH
KJRA,H11/H11,44,ASPH
KJRA,H2/H2,44,ASPH
KJRA,H3/H3,44,ASPH-G
KJRA,H4/H4,44,ASPH
KJRA,H5/H5,37,ASPH
KJRA,H6/H6,37,ASPH
KJRA,H7/H7,37,ASPH
KJRB,H1,62,CONC-G
ZSJH,13/31,7874,CON
JY00,H1,20,TURF
JY01,H1,40,CONC
JY02,H1,50,ASPH
JY04,14/32,2000,TURF
JY06,H1,46,TURF
JY08,14/32,1165,TURF
JY12,H1,25,CONC
JY13,H1,50,TURF
JY14,H1,1000,TURF
JY15,H1,88,TURF
JY16,H1,184,ASPH-G
JY17,05/23,2303,TURF
JY18,H1,200,TURF
JY20,H1,90,TURF
JY21,H1,70,ASPH
JY24,05/23,1800,TURF
JY25,H1,30,TURF
JY26,H1,300,TURF-G
JY27,H1,16,CONC
JY28,H1,100,ASPH-G
82NJ,H1,55,ASP
JY30,H1,60,TURF
JY31,04/22,2550,TURF-G
JY32,H1,100,CONC-G
JY34,H1,50,CONC
JY35,17W/35W,3500,WATER
JY36,H1,25,TURF
JY39,01/19,2200,TURF
JY40,H1,50,CONC-G
JY42,B1,15000,TURF
JY43,09/27,2150,ASPH
JY64,H1,55,Mats
JY79,H1,46,CON
K00C,01/19,5010,ASPH-G
K00F,10/28,4400,ASPH-E
K00M,16/34,3000,ASPH-F
K00R,12/30,3704,ASPH-G
KFLY,08/26,2126,ASPH-GRVL-F
KFLY,15/33,6001,ASPH-F
KFLY,N/S,1800,ASPH-TURF-G
K01,02/20,1600,TURF-G
K01,16/34,3750,TURF-G
K01G,04/22,1806,TURF-G
K01G,10/28,3429,ASPH-G
K01M,17/35,4007,ASPH-G
11T,18/36,2432,GVL
K02A,08/26,4007,ASPH-F
K02C,03/21,2994,ASPH-G
K02C,09/27,3387,TURF-F
K02C,18/36,1602,TURF-F
K02G,07/25,3503,ASPH-G
K03,ALL/WAY,15000,WATER
K03B,07/25,3000,ASPH-F
K03D,12/30,3300,CONC-F
K04A,04/22,4649,ASPH-F
K04G,02/20,3073,ASPH-F
K04M,15/33,3200,ASPH-G
K04Y,16/34,3404,ASPH-G
K05C,08/26,4900,ASPH-G
K05D,12/30,2731,ASP
05U,17/35,7300,ASPH-G
K06A,13/31,5005,ASPH-G
06C,11/29,3800,CONC-G
K06D,07/25,2200,TURF-G
K06D,14/32,4300,ASPH-G
K06M,14/32,3000,ASPH-G
06U,15/33,6180,ASPH-E
K07,09/27,3028,ASPH-P
K07A,14/32,5002,ASPH-G
K07F,14/32,3299,ASPH-G
K07F,17/35,2300,ASPH-G
K07R,15/33,3200,ASPH-G
K07V,06/24,5798,ASPH-P
KK08,17/35,4140,GRVL-G
K08A,09/27,3013,ASPH-G
K08A,18/36,2876,TURF-G
K08C,14/32,3920,ASPH-F
K08D,9/27,3900,ASPH-G
K08K,14/32,3900,TURF-F
K08K,17/35,3745,ASPH-G
K08M,17/35,3000,ASPH-G
K09A,11/29,4080,ASPH-F
09J,18/36,3715,ASPH-G
K09K,16/34,3000,ASPH-E
K09M,18/36,3000,ASPH-G
K09R,16/34,4000,ASPH-F
K0A3,06/24,4257,ASPH-E
K0A4,04/22,3000,ASPH-P
K0A7,15/33,3075,ASPH-G
K0A8,10/28,4206,ASPH-G
K0A9,06/24,5001,ASPH-G
K0B1,14/32,3818,ASPH-G
K0B4,03/21,2150,TURF-G
K0B4,13/31,3950,CONC-G
K0B5,16/34,3200,ASPH-F
K0B8,07/25,1806,ASPH-E
K0B8,12/30,2345,ASPH-E
K0C0,09/27,3589,TURF-F
K0C0,14/32,2633,TURF-F
K0C0,18/36,2577,TURF-F
K0C4,15/33,3600,CONC-G
K0D8,04/22,2485,TURF-G
K0D8,13/31,4400,ASPH-E
K0E0,08/26,7702,ASPH-G
K0E8,18/36,5820,ASPH-G
K0F2,17/35,3603,ASPH-G
K0F4,04/22,2021,TURF-F
K0F4,16/34,3900,CON
K0F7,18/36,3000,ASPH-F
K0F9,17/35,3100,ASPH-P
K0G3,15/33,3501,CONC-E
K0G6,07/25,4782,ASPH-F
K0G7,01/19,4592,ASPH-G
K0G7,10/28,1850,TURF-G
K0H1,17/35,4008,ASPH-G
K0I8,11/29,3850,ASPH-F
K0J4,04/22,3197,ASPH-G
KHDL,09/27,5002,ASPH-G
KHDL,17/35,2865,TURF-G
K0J9,17/35,3000,CONC-F
K0K7,12/30,3417,ASPH-G
K0KY,31/13,90,ASP
K0L7,02L/20R,4600,ASPH-E
K0L7,02R/20L,3700,ASPH-E
K0L9,06/24,3400,ASPH-G
K0M0,18/36,5003,ASPH-G
K0M2,01/19,3500,ASPH-E
K0M3,02/20,4001,ASPH-G
K0M4,04/22,5001,ASPH-G
K0M5,3/21,4001,ASPH-E
K0M8,17/35,3196,ASPH-G
K0M9,18/36,3000,ASPH-G
K0O2,15/33,3157,ASPH-P
K0Q5,12/30,3400,ASPH-F
K0R0,05/23,5500,ASPH-G
K0R0,13/31,2430,GRS
K0R1,18/36,5001,ASPH-G
KIYA,16/34,5000,ASPH-G
K0R4,14/32,3701,ASPH-G
K0R5,9/27,3002,ASPH-F
K0R6,02/20,4326,ASPH-F
K0S0,05/23,3197,ASPH-P
K0S7,15/33,4017,ASPH-G
0S9,09/27,3000,ASPH-G
0V3,05/23,1275,TURF-G
0V3,16/34,3900,CONC-G
K0V4,06/24,3798,ASPH-E
K0V7,05/23,7140,ASPH-P
K0VG,07/25,5003,ASPH-G
K0W3,01/19,3354,ASPH
K0W3,10/28,2000,ASPH-G
K0W3,14/32,1600,TURF-G
K10C,09/27,2802,ASPH-F
K10C,18/36,2141,TURF-F
K10G,09/27,4400,ASPH-G
K10U,02/20,6700,ASPH-GRVL-F
K11,04/22,2760,TURF-P
K11,18/36,1550,TURF-P
K11A,09/27,5010,ASPH-G
K11R,16/34,6003,ASPH-G
K11V,08/26,4000,TURF-DIRT-F
K11V,14/32,2400,TURF-DIRT-G
K12D,08/26,3400,ASPH-G
K12G,03/21,1890,TURF-G
K12G,18/36,3174,ASPH-F
K12J,06/24,5136,ASPH-G
K12J,12/30,5001,ASPH-G
K12J,18/36,3999,ASPH-F
K12K,14/32,4301,ASPH-CONC-G
K12K,18/36,2999,TURF-F
K12N,03/21,1981,ASPH-G
K12V,07/25,3154,ASPH-P
K12Y,13/31,3000,ASPH-G
K13C,09/27,3500,ASPH-G
K13K,08/26,2143,TURF-F
K13K,18/36,3504,ASPH-G
K14A,14/32,3147,ASPH-G
16TX,16/34,3200,ASPH-F
K14G,09/27,4137,ASPH-F
K14G,18/36,2238,TURF-F
K14J,01/19,3050,ASPH-G
K14J,09/27,1900,ASP
K14M,08/26,3000,ASPH-F
K14Y,16/34,3501,ASPH-G
K15F,18/36,3420,ASPH-G
15J,05/23,5502,ASPH-G
15J,15/33,3999,ASPH-G
K15M,18/36,4000,ASPH-G
K16D,12/30,4100,ASPH-F
K16G,06/24,4000,ASPH-G
K16J,13/31,4510,ASPH-F
K17,17/35,4000,TURF-DIRT-F
K17G,04/22,3895,ASPH-G
K17G,09/27,2900,TURF-F
K17J,1/19,5777,ASP
K17J,13/31,4000,ASP
K17J,9/27,4000,ASP
K17K,04/22,4211,ASPH-G
K17M,18/36,3103,ASPH-E
K17N,09/27,3500,ASPH-P
K17V,08/26,3860,ASPH-P
K17V,17/35,1650,TURF-DIRT-P
K18A,08/26,5000,ASPH-F
K18I,04/22,2999,ASPH-G
K18V,09/27,2500,TURF-GRVL-F
K18V,15/33,4100,ASPH-G
KJCA,17/35,5210,ASP
K19M,01/19,3199,ASPH-G
K19N,05/23,3094,ASPH-G
K19S,08/26,2300,TURF-F
K19S,17/35,4500,ASPH-G
K1A0,05/23,3037,ASPH-F
K1A3,02/20,3500,ASPH-G
K1A4,05/23,3596,ASPH-P
K1A5,07/25,5002,ASPH-G
K1A6,10/28,3633,ASPH-G
K1A7,18/36,3497,ASPH-G
K1A9,09/27,5400,ASPH-G
K1B0,07/25,1249,GRE
K1B0,16/34,3008,ASPH-F
K1B1,03/21,5350,ASPH-G
1B2,03/21,3700,TURF-G
1B2,06/24,2700,TURF-G
1B2,17/35,2600,TURF-G
K1B6,18/36,3172,ASPH-F
1B9,04/22,2059,TURF-G
1B9,14/32,3500,ASPH-G
K1C1,18/36,3409,ASPH-F
K1C5,18/36,3360,ASPH-G
K1D1,07/25,3586,TURF-F
K1D1,13/31,4000,CONC-E
1D3,14/32,3100,ASPH-F
K1D7,01/19,2221,TURF-G
K1D7,12/30,3705,ASPH-F
1D8,01/19,2600,TURF-G
1D8,13/31,3300,ASPH-G
K1F0,17/35,5000,ASPH-G
K1F4,18/36,3005,ASPH-P
1F5,08/26,1750,TURF-G
1F5,17/35,4400,ASPH-F
K1G0,10/28,4199,ASPH-F
K1G0,18/36,2628,ASPH-G
K1G1,09/27,3053,ASPH-G
K1G3,01/19,4000,ASPH-G
K1G3,05/23,2400,GRS
K1G3,09/27,1170,GRS
K1G4,17/35,5000,ASPH-G
K1G5,01/19,2868,ASPH-G
K1G5,09/27,3556,ASPH-P
K1H0,07/25,3079,TURF-F
K1H0,16/34,4500,CONC-G
K1H2,01/19,3400,ASPH-G
K1H2,11/29,5103,CONC-G
K1H3,09/27,3400,CONC-G
K1H5,17/35,3502,ASPH-G
K1H8,04/22,4001,ASPH-G
K1H8,18/36,1943,TURF-G
K1I5,12/30,2275,ASPH-F
KBCR,01/19,5398,ASPH-F
K1K2,01/19,3010,ASPH-G
K1K4,13/31,3004,CONC-G
K1K4,17/35,1803,ASPH-G
K1K7,17/35,4557,CONC-F
K1K9,03/21,3250,ASPH-G
KAPS,17/35,5151,ASPH-G
K1L1,17/35,4606,ASPH-F
K1L3,16/34,5040,ASPH-G
K1L7,13/31,5032,ASPH-F
K1L8,18/36,3410,ASPH-P
K1L9,04/22,5000,ASPH-G
K1M2,03/21,3000,ASPH-E
K1M4,18/36,5008,ASPH-G
K1M5,01/19,5003,ASPH-G
1M9,02/20,4800,ASPH-F
K1MO,08/26,2922,ASPH-P
1N1,09/27,4830,ASPH-F
1N7,07/25,3112,ASPH-G
K1O1,08/26,1540,ASPH-F
K1O1,17/35,3100,ASPH-F
1O2,10/28,3600,ASPH-G
K1O3,08/26,3547,ASPH-G
K1O3,12/30,1979,ASPH-G
K1O4,17/35,3771,ASPH-G
K1O5,05/23,2080,TURF-F
K1O5,14/32,3360,ASPH-F
K1O8,17/35,3062,ASPH-F
K1Q2,16/34,4600,ASPH-P
K1Q4,12/30,3530,ASPH-F
K1R1,17/35,3805,ASPH-E
K1R3,H1,30,CON
K1R4,01/19,3100,ASPH-P
K1R7,04/22,5000,ASPH-G
K1R8,08/26,5500,ASPH-G
K1S3,08/26,4799,ASPH-G
K1S5,07/25,3425,ASPH-G
K1S9,17/35,3446,ASPH-G
K1T7,13/31,3000,ASPH-G
K1U2,02/20,3300,ASPH-G
K1U7,10/28,5728,ASPH-G
K1U7,16/34,4590,ASPH-G
K1V0,06/24,4995,ASPH-E
1V2,17/35,3975,ASPH-G
K1V6,11/29,5399,ASPH-G
K1V6,17/35,1800,TURF-GRVL-P
K1V8,12/30,7000,ASP
K1WA,15W/33W,10000,WAT
1X1,18/36,3969,ASPH-G
K20A,05/23,4210,ASPH-G
K20M,18/36,3000,ASPH-G
K20N,15/33,3100,ASPH-G
K20R,13/31,3550,ASPH-P
K20U,12/30,4200,ASPH-G
K20V,09/27,5540,ASPH-G
K21,ALL/WAY,7900,WATER
K21D,04/22,2496,ASPH-G
K21D,14/32,3504,ASPH-G
K21F,17/35,3220,ASPH-P
K22F,17/35,3300,ASPH-G
K22I,09/27,3500,ASPH-F
K22M,11/29,3000,ASPH-G
K22N,08/26,3000,ASPH-G
K22S,13/31,4300,ASPH-G
KK23,02/20,2337,TURF-G
K23M,16/34,3200,ASPH-G
K23R,17/35,3399,ASPH-G
K24A,15/33,3210,ASPH-G
K24F,05/23,3200,ASPH-G
K24J,07/25,4005,ASPH-F
K24N,17/35,7500,ASPH-G
K24R,12/30,3400,ASPH-G
K25D,13/31,2700,TURF-G
25J,18/36,3000,ASPH-P
K25M,03/21,4400,ASPH-G
K26,18/36,2600,ASPH-G
K26A,09/27,4023,ASPH-G
K26R,14/32,3393,ASPH-G
K26U,16/34,5900,ASPH-G
KEBA,10/28,4000,ASPH-F
K27K,03/21,5498,ASPH-F
K27R,17/35,4300,ASPH-G
K28J,06/24,4999,ASP
K28J,09/27,6000,ASPH-G
K28J,12/30,3000,ASPH-P
K28J,17/35,3804,ASPH-G
K29,10/28,3000,GRAVEL-G
K29D,10/28,4500,ASPH-F
K29S,10/28,3200,ASPH-G
K2A0,03/21,5001,ASPH-G
2A1,18/36,3498,ASPH-G
K2A2,05/23,4795,ASPH-G
K2A5,02/20,3800,ASPH-G
2A6,15/33,4469,ASPH-F
K2B3,12/30,1997,TURF-G
K2B3,18/36,3446,ASPH-F
K2B7,01/19,4000,ASPH-G
K2C8,16/34,3299,ASPH-G
K2CB,01/19,3200,GRAVEL
K2CB,07/25,2200,GRAVEL
K2D5,12/30,3505,ASPH-G
K2D5,17/35,2001,TURF-F
K2E3,01/19,3605,ASPH-F
KGDP,08/26,4685,ASPH-G
2E7,08/26,3100,GRE
2E7,17/35,3225,ASPH-E
K2F0,07/25,2755,ASPH-G
K2F0,14/32,4085,ASPH-G
K2F1,17/35,3600,ASPH-F
K2F4,08/26,2543,GRVL-F
K2F4,17/35,3278,ASPH-G
KLUV,16/34,5002,ASP
KLUV,7/25,4006,ASP
K2F7,18/36,3909,ASPH-F
K2G1,02/20,2181,ASPH-F
K2G2,14/32,5001,ASPH-G
K2G4,09/27,5000,ASPH-E
K2G9,14/32,2729,ASPH-TURF-G
K2G9,7/25,5002,ASPH-G
K2GC,17/35,3500,ASPH-F
2H0,04/22,1446,TURF-G
2H0,14/32,2336,TURF-G
2H0,18/36,4098,ASPH-G
K2H2,18/36,3001,ASPH-G
K2H9,15/33,3700,ASPH-G
2I0,05/23,6051,ASPH-G
2I3,02/20,3200,ASPH-G
K2IS,13/31,5950,ASPH-G
K2J2,14/32,3698,ASPH-F
K2J3,13/31,5002,ASPH-G
K2J5,17/35,5001,ASPH-F
KJHN,08/26,1889,ASPH-F
KJHN,17/35,5200,CONC-G
K2K4,17/35,4199,ASPH-G
K2K7,02/20,2998,ASPH-G
K2K7,15/33,2100,TURF-G
K2K9,17/35,3710,ASPH-F
K2L0,18/36,3000,ASPH-G
K2LA,H1,50,CON
K2M0,5/23,4099,ASPH-G
K2M2,17/35,5002,ASPH-G
K2M4,16/34,3600,ASPH-P
K2M8,18/36,3499,ASPH-F
K2M8,18U/36U,1600,ASPH-F
K2MO,18/36,3195,ASPH-G
K2N4,11/29,1860,TURF
K2O1,06/24,4105,ASPH-G
K2O3,16/34,3217,ASPH-F
K2O6,12/30,3253,ASPH-G
K2O7,05/23,1498,DIRT-F
K2O7,14/32,3533,ASPH-G
K2O8,17/35,4000,ASPH-F
K2R0,02/20,5000,ASPH-G
K2R1,04/22,3000,ASPH-G
K2R2,18/36,4400,ASPH-G
K2R4,18/36,3703,ASPH-G
K2R5,06/24,3998,ASPH-G
K2R6,18/36,3005,ASPH-G
K2R7,13/31,3000,ASPH-G
K2R9,16/34,3218,ASPH-F
K2RR,16/34,4950,ASPH-F
K2S4,17/35,2811,ASPH-G
K2S7,17/35,3749,ASP
K2S8,02/20,3851,ASPH-G
K2S9,11/29,3005,ASPH-G
K2T1,07/25,5100,ASPH-G
KRYA,14/32,5040,ASP
KRYA,17/35,5399,ASPH-G
K2V6,12/30,3277,ASPH-GRVL-F
K2V6,16/34,4201,CONC-G
K2W5,02/20,3740,TURF-F
K2W5,18/36,3000,ASPH-F
K2W6,11/29,4150,ASPH-G
K2Y4,12/30,3503,CONC-F
K30,06/24,2200,ASPH-G
30K,17/35,3000,CONC-P
K31,13/31,2570,TURF-G
K31E,14/32,3670,ASPH-G
K32A,11/29,4466,ASPH-G
K32S,12/30,3809,ASPH-G
K33J,11/29,3998,ASPH-G
33K,18/36,3290,ASPH-P
K33M,15/33,3000,ASPH-G
K33N,09/27,4201,ASPH-G
K33R,16/34,3500,ASPH-G
K33S,01/19,3433,ASPH-F
K33U,03/21,4650,TURF-DIRT-P
K33U,07/25,4450,TURF-DIRT-P
K33U,11/29,6000,ASPH-P
K33V,03/21,5901,ASP
K34,03/21,1871,TURF-G
K34,08/26,2399,ASPH-F
K34,17/35,3224,TURF-G
K34M,18/36,3000,ASPH-G
K34R,17/35,3210,ASPH-G
K35A,05/23,3508,ASPH-G
K35D,11/29,4300,ASPH-G
K35D,15/33,1830,TURF-F
K35S,07/25,3450,ASP
K36K,02/20,2600,GRS
K36K,14/32,3400,ASPH-G
K36S,04/22,3000,ASP
K37F,17/35,3200,ASP
OK48,18/36,4400,ASP
K37T,15/33,3002,ASP
K37V,15/33,3000,ASP
K38D,10L/28R,3404,ASP
K38D,10R/28L,2550,GRE
K38J,11/29,3386,ASP
K38S,13/31,5800,ASP
K38U,13/31,5693,ASP
39N,10/28,3499,ASP
K3A2,07/25,5208,ASP
K3A4,17/35,3063,ASPH-G
K3A7,16/34,3600,ASP
K3AK,5/23,3600,GVL
K3AU,18/36,4501,ASP
K3B0,02/20,3501,ASP
K3B0,10/28,1450,GRS
K3B1,03/21,3001,ASP
K3B1,14/32,4000,ASPH-G
K3B4,12/30,2701,ASP
K3B5,11/29,2151,GRS
K3B5,12/30,2104,ASP
KIKW,06/24,3801,ASP
KIKW,18/36,3001,ASP
3NY8,05/23,7001,PEM
3NY8,14/32,10001,PEM
K3CK,08/26,3800,ASP
K3CM,05/23,2599,ASP
K3CM,18/36,3798,ASP
K3CU,08/26,2194,GRS
K3CU,16/34,3709,ASP
K3DW,11/29,4037,ASP
K3E0,02/20,4060,ASP
K3F2,17/35,3700,ASP
K3F3,04/22,5070,ASP
K3F3,18/36,5005,ASP
K3F4,09/27,2998,ASP
K3F6,17/35,3186,ASP
K3F7,17/35,3400,ASP
K3F9,18/36,3203,ASPH-G
3FU,13/31,3249,ASP
K3G1,10/28,3030,ASPH-G
3G2,17/35,3437,GRE
K3G3,02/20,3530,ASP
K3G3,10/28,2155,ASP
3G4,01/19,3501,ASP
K3G5,05/23,4500,ASP
K3G6,17/35,2768,ASP
K3GM,09/27,3752,ASP
K3GM,18/36,2058,ASP
K3GV,05/23,2206,ASP
K3GV,09/27,4507,ASP
K3H4,16/34,3301,ASP
K3HO,18/36,3125,ASP
K3I2,07/25,4000,ASP
K3I3,08/26,3557,ASP
K3I3,18/36,1978,ASP
K3I4,10/28,3360,ASP
K3I7,03/21,3000,ASP
K3J0,11/29,3580,ASP
K3J1,36/18,4200,ASPH-F
KCPP,07/25,5500,ASP
K3JC,05/23,1834,GRS
K3JC,13/31,1903,GRS
K3JC,18/36,3498,ASP
K3K3,13/31,3000,ASPH-G
K3K3,18/36,4600,CONC-G
K3K4,9/27,2282,Turf
IL48,13/31,2662,ASP
K3K7,08/26,2163,ASP
K3K7,17/35,5100,ASP
K3K8,17/35,4500,CON
K3L2,03/21,3340,ASP
K3L2,12/30,3300,GRE
K3LF,09/27,3901,ASP
K3LF,18/36,4003,ASP
K3M2,03/21,3403,ASP
K3M7,01/19,5200,ASP
K3M8,01/19,5144,ASP
K3M9,03/21,3829,ASP
K3MY,18/36,4001,ASPH-G
K3N6,06/24,3594,ASP
K3O1,18/36,3207,ASP
K3O3,17/35,3003,ASP
K3O4,17/35,4276,CON
3O9,17/35,3925,CON
K3P3,09/27,3500,ASP
K3R2,04/22,4304,CON
K3R2,13/31,4003,CON
K3R4,01/19,1800,GRS
K3R4,12/30,4402,ASP
K3R7,08/26,5002,ASP
K3R7,13/31,3601,ASP
K3R7,17/35,1977,GRS
K3R9,16/34,3930,ASP
K3RC,09/27,3650,ASP
K3RC,18/36,2500,GRS
3S4,18/36,4807,ASP
K3S8,12/30,3999,ASP
K3S9,07/25,3500,CON
3T3,08/26,3299,ASP
K3T5,16/34,5001,ASP
3TR,03/21,3315,ASP
3TR,14/32,4100,ASP
K3U3,04/22,4074,ASP
K3U3,16/34,6011,ASP
K3U4,13/31,3830,GVL
K3U7,12/30,6000,ASP
K3U8,06/24,3570,ASP
K3U8,13/31,2100,GRS
K3U8,18/36,1430,TURF-G
3V0,15/33,4000,ASP
3W7,03/21,4199,ASP
K3W8,07/25,1821,GRS
K3W8,12/30,3100,ASP
K3Y2,17/35,4149,CON
3Y3,14/32,3002,ASP
K40,E/W,2000,WATER
40G,01/19,4199,ASP
KFPY,06/24,4378,ASP
KFPY,12/30,4754,ASP
KFPY,18/36,5013,ASP
K40U,07/25,5305,ASP
K41F,17/35,4600,ASP
K41N,01/19,3000,ASP
41U,03/21,5021,ASP
K42A,03/21,4003,ASP
K42I,10/28,3100,ASP
K42J,05/23,5044,ASPH-G
K42J,11/29,4899,ASPH-G
K42J,16/34,4400,ASP
K42M,09/27,4200,ASP
K42U,03/21,3904,ASP
42V,15/33,3500,CON
K43,17/35,2805,ASPH-G
K43A,03/21,3500,ASP
K43B,15/33,4500,ASP
K43D,02/20,3124,ASP
K44C,07/25,3300,ASP
44N,17/35,3828,ASP
44U,02/20,3855,ASP
K45G,04/22,3105,ASP
K45K,16/34,3970,ASP
K45R,13/31,4303,ASP
K46D,03/21,2255,ASP
K46D,13/31,4198,ASP
46U,13/31,5827,ASP
KCNI,05/23,5003,ASP
K47K,17/35,3405,ASP
47N,07/25,3507,ASP
47V,12/30,3402,ASP
47V,17/35,2200,GRS
K48A,05/23,3202,ASP
K48D,04/22,3500,ASP
K48D,09/27,2499,ASP
K48I,02/20,3995,ASP
48K,17/35,4000,ASP
K48S,11/29,4100,ASP
K48S,15/33,1933,GRS
K49A,03/21,3507,ASP
K49B,11/29,5100,ASP
K49R,15/33,3975,ASP
K49X,16/34,5000,ASP
7GA7,11/29,3000,ASP
4A4,09/27,5041,ASP
4A5,05/23,4003,ASP
K4A6,04/22,5240,ASPH-G
KHMP,06/24,5509,ASP
K4A9,04/22,5001,ASP
K4B6,02/20,4041,ASP
K4B7,16/34,3000,ASP
K4B8,02/20,3666,ASP
K4C8,13/31,3398,ASP
K4D0,09/27,3200,ASP
K4D0,18/36,2560,GRS
4E7,13/31,3499,ASP
4E7,17/35,2437,GRS
K4F2,17/35,4000,ASP
K4F7,18/36,3464,ASPH-G
K4F8,02/20,3000,ASP
K4F9,16/34,3400,ASP
K4G4,10/28,4012,ASP
K4G5,07/25,3805,ASP
KHTF,18/36,5000,ASP
K4G8,02/20,2580,GRE
K4G8,18L/36R,2947,GRE
K4G8,18R/36L,3152,ASP
K4I3,10/28,5504,ASP
KGPC,18/36,5002,ASP
K4I9,10/28,3495,ASP
K4J1,01/19,4000,ASP
4J2,10/28,5002,ASP
K4J5,10/28,5000,ASP
K4J6,04/22,5000,ASP
K4J6,13/31,4000,ASP
4J8,16/34,3000,ASP
MU97,04/22,2925,ASP
MU97,13/31,3100,GRE
MU97,18/36,2250,GRE
K4K6,18/36,3401,CON
K4M1,07/25,3555,ASP
K4M2,09/27,3254,ASP
K4M3,09/27,4501,ASP
K4M3,18/36,4494,ASP
K4M7,06/24,3999,ASP
4M9,18/36,4299,ASP
4N1,06/24,3471,ASP
K4O4,02/20,5000,ASP
K4O5,17/35,3570,ASP
K4P3,10/28,3100,ASP
K4P3,18/36,1948,Turf
K4R1,14/32,3000,ASP
K4R3,1/19,5003,ASPH-G
KCQF,01/19,6604,ASP
4R5,04/22,3000,ASP
4R7,16/34,5001,ASP
K4R9,12/30,3000,ASP
K4S1,16/34,3200,ASP
K4S2,07/25,3040,ASP
KJSY,15/33,5202,ASP
K4S9,14/32,3425,ASP
KRTS,08/26,7608,ASP
KRTS,14/32,9000,ASP
K4T2,12/30,3000,ASP
K4T2,17/35,5943,CON
K4U6,03/21,2280,GRS
K4U6,12/30,4100,ASPH-G
4U9,14/32,7002,ASP
K4V0,03/21,2100,ASP
K4V0,06/24,6408,ASP
K4V1,03/21,2500,GRS
K4V1,08/26,4896,ASP
K4V4,08/26,3160,ASP
4V9,1/19,3700,CONC-G
4V9,13/31,3310,ASPH-G
4X4,12/30,3600,ASP
K4Y4,05/23,4285,ASP
KK50,01/19,1600,TURF-G
KK50,17/35,3471,ASPH-G
K50D,02/20,2700,GRS
K50D,12/30,3690,ASP
50F,17/35,4049,ASP
K50I,09/27,4004,ASP
K50R,18/36,4001,ASP
K51A,10/28,3000,ASP
51D,14/32,3600,ASP
K51J,01/19,3700,ASP
K51R,18/36,3202,ASP
52A,14/32,3806,ASP
K52F,17/35,3500,ASP
K52J,06/24,3200,ASP
53A,18/36,5003,ASP
K54F,17/35,4450,ASP
K54J,09/27,4146,ASP
K54J,18/36,2700,GRE
K54T,08/26,5035,ASP
K54T,14/32,3532,GRS
K55,05/23,2530,TURF-GRVL-P
KFHB,04/22,5301,ASP
KFHB,09/27,5000,ASP
KFHB,13/31,5152,ASP
KFHB,18/36,3580,ASP
K55K,17/35,3380,ASP
K55M,18/36,3000,ASP
K55Y,16/34,3200,ASP
K56D,18/36,3997,ASP
K56F,07/25,2800,GVL
K56F,16/34,3300,ASP
K57C,08/26,3900,ASP
K57C,18/36,2446,GRS
K57S,14/32,3570,ASP
K58M,13/31,2989,ASP
K5A1,10/28,4208,ASP
K5A4,18/36,3197,ASP
5A6,03/21,4000,ASP
K5A9,17/35,3000,ASP
K5B2,05/23,4699,PEM
K5B2,14/32,4000,PEM
K5B5,08/26,2500,GRS
K5B5,12/30,3200,ASP
K5C1,17/35,5006,ASP
5MN1,17/35,3850,ASP
K5C8,08/26,3700,CON
K5C8,17/35,2235,GRS
K5F0,14/32,3000,ASP
K5F1,06/24,2210,ASP
K5F1,17/35,4200,ASP
K5F4,12/30,3200,ASP
K5G7,05/23,4126,ASP
K5H4,11/29,3600,ASP
K5I4,05/23,3760,ASP
K5I4,09/27,3387,GRS
K5J9,08/26,3694,ASP
K5K1,18/36,2900,ASP
K5L0,15/33,3500,ASP
K5M0,18/36,3599,ASP
K5M3,02/20,3625,ASP
K5M4,05/23,3183,ASPH-E
K5M5,13/31,3863,ASP
K5M8,08/26,4403,ASP
KGDA,07/25,5001,ASP
K5N2,09/27,3250,ASP
K5N8,13/31,3901,CON
K5P2,13/31,3800,ASP
K5R1,12/30,4002,ASP
K5R2,18/36,3500,ASPH-G
K5R4,18/36,3700,ASP
K5R8,15/33,5000,ASP
K5S0,09/27,3610,ASP
K5S2,13/31,3900,ASP
K5S6,14/32,5100,ASP
K5S9,16/34,3780,ASP
KDNA,10/28,9550,ASP
K5T9,13/31,5506,ASPH-F
K5U1,16/34,3130,COP
K5U5,07/25,1525,GRS
K5U5,18/36,3800,ASP
K5U7,07/25,3827,ASP
K5V5,02/20,5214,ASP
K5W1,10/28,2500,ASP
K5W4,04/22,3402,ASP
K5W5,16/34,3004,ASP
KSCR,04/22,5000,ASP
5Y1,09/27,3700,ASP
K60C,06/24,3096,GRS
60D,10/28,4398,Turf
K60F,17/35,4300,ASP
K60J,06/24,4198,ASP
K60R,17/35,5003,ASP
K61A,18/36,4303,ASP
KBVU,09/27,5103,ASP
KBVU,09L/27R,2200,ASP
KBVU,15/33,3852,ASP
K61C,03/21,3800,ASP
K61R,14/32,4000,ASPH-F
K61S,15/33,3201,ASP
K62D,04/22,2907,ASP
K62D,18/36,2700,GRE
K62S,07/25,5200,ASP
K63,04/22,1845,TURF-G
K63,12/30,1690,TURF-G
K63B,11/29,2973,ASP
K63C,08/26,2825,GRS
K63C,15/33,3400,ASP
K63F,16/34,4240,ASP
K63M,07/25,3198,ASP
K64,16/34,3030,TURF-GRVL-F
K64S,02/20,4000,ASP
K65,06/24,2000,TURF-F
K65,13/31,2000,TURF-F
K65,17/35,2400,ASPH-G
K65J,11/29,3000,ASP
K65S,02/20,4000,ASP
K66R,15/33,3800,ASP
K66V,03/21,3000,ASP
K66Y,18/36,3800,ASP
K67,17/35,2500,ASPH-G
K67A,15/33,3593,ASP
K67L,01/19,5100,ASP
K67L,H1,20,CON
K67R,16/34,4000,ASPH-G
KK68,01/19,2653,ASPH-G
K68F,15/33,3300,ASP
K68S,03/21,2271,GVL
K68S,05/23,3107,ASP
K69K,17/35,3184,ASP
K69V,08/26,4048,ASPH-F
K69V,12/30,3640,GRS
K69V,18/36,2079,GRS
K6A1,06/24,2405,GRS
K6A1,18/36,4000,ASP
K6A2,14/32,3701,ASP
K6A4,06/24,4498,ASP
K6B9,04/22,3322,GRS
K6B9,10/28,3134,ASP
K6D1,15/33,3500,ASP
K6D6,10/28,4199,ASP
K6D6,18/36,1730,GRS
KBAC,05/23,2525,GRS
KBAC,08/26,2520,GRS
KBAC,13/31,4201,ASP
KBAC,17/35,3539,GRS
K6D9,08/26,4802,ASP
K6E5,15/33,3700,ASP
K6G1,18/36,4902,ASP
K6G4,06/24,3460,GRS
K6G4,09/27,2600,GRS
K6G5,09/27,4003,ASP
K6I2,11/29,5001,ASP
K6I4,18/36,3600,CON
K6J0,18/36,4335,ASP
K6J2,05/23,3200,ASP
K6J4,01/19,3189,ASP
K6J7,16/34,3200,GRS
6K3,13/31,3700,CONC-E
6K3,18/36,2100,GRE
K6K4,17/35,4400,ASP
K6K5,02/20,3560,ASP
K6L3,03/21,1820,GRE
K6L3,14/32,3050,ASP
6L4,06/24,3605,ASP
K6L5,14/32,3460,ASP
K6M0,18/36,4048,ASP
K6M2,13/31,4502,ASP
K6M6,18/36,3500,CON
6M7,18/36,4021,ASP
K6R3,16/34,4998,ASP
K6R6,04/22,4525,ASP
K6R6,13/31,4526,ASP
K6S0,06/24,5285,ASP
K6S0,18/36,3475,TURF-G
K6S1,16/34,3400,ASP
K6S2,15/33,2916,ASP
K6S3,10/28,3800,ASP
KHRF,17/35,5200,ASP
K6S8,04/22,5199,ASP
K6S8,09/27,1100,GRS
K6S8,14/32,3002,ASP
K6U7,07/25,3060,ASP
6V0,12/30,3900,ASP
6V0,16/34,2016,GRS
6V4,12/30,3500,ASP
6V5,11/29,3500,ASP
K6Y1,10/28,3500,ASP
K70A,18/36,3390,ASP
K70J,13/31,4000,ASPH-G
K71,02/20,2700,TURF-G
K71,15/33,2700,TURF-G
K71A,09/27,4462,ASP
K71U,12/30,4200,ASP
K71N,05/23,3250,GRS
72F,17/35,3723,ASP
K73C,18/36,3300,ASP
K74S,18/36,3018,ASP
K74V,07/25,6500,ASP
K75J,16/34,3204,ASP
K76F,17/35,3230,ASP
K76G,04/22,3100,ASP
K77F,17/35,3204,ASP
K77G,01/19,3500,ASP
K77G,09/27,3800,ASP
K77S,15/33,3101,ASP
K78,17/35,4100,ASP
K78R,17/35,3800,ASP
78Y,17/35,3050,COP
K79D,08/26,3200,ASP
K79J,11/29,6000,ASP
K79S,05/23,4300,ASP
K79S,14/32,1700,GRS
K7A0,18/36,3506,ASP
K7A3,06/24,3148,ASP
IL28,18/36,2996,ASP
K7A5,11/29,3697,ASP
K7A6,05/23,4103,ASP
K7A8,17D/35A,3001,ASPH-G
K7B2,14/32,3365,ASP
K7B6,10/28,3242,ASP
K7D3,05/23,2800,GRS
K7D3,09/27,3800,ASP
K7D9,01/19,3260,ASP
K7F3,13/31,4000,CON
K7F3,18L/36R,1400,GRS
K7F3,18R/36L,4000,CON
K7F5,18/36,3750,ASP
K7F7,14/32,3000,ASP
K7G0,10/28,4206,ASP
K7G8,11/29,3500,ASP
K7G9,18/36,3600,ASPH-F
K7I4,06/24,3456,ASP
KJQD,03/21,5003,ASP
K7K5,08/26,3700,ASP
K7K8,14/32,3323,ASP
K7L2,09/27,3700,ASP
7L8,10/28,3750,ASP
K7M1,18/36,4007,ASP
K7M2,09/27,4502,ASP
K7M3,08/26,4000,ASP
K7M4,01/19,3799,ASP
K7M5,04/22,3302,ASP
7M8,18/36,3405,ASP
K7M9,02/20,3500,ASP
K7N1,13/31,3269,ASP
K7S0,16/34,4798,ASP
KRVF,07/25,2866,Turf/Dirt
KRVF,17/35,6000,ASP
K7S5,16/34,3002,ASP
K7S6,01/19,6100,ASP
K7S6,13/31,2999,GRS
K7S7,04/22,2280,GRS
K7S7,07/25,3075,GRS
K7S7,10/28,2140,GRS
K7S9,02/20,2956,ASP
K7T7,06/24,2800,GRE
K7T7,16/34,5000,ASP
K7V2,05/23,4500,ASP
7V3,09/27,2912,GRS
7V3,18/36,2114,GRS
K7V5,07/25,4300,ASP
KGUR,14/32,5060,ASP
K7V7,15/33,3700,CON
K7V8,13/31,4100,ASP
K7V9,08/26,3870,ASP
K7W5,10/28,3956,ASPH-G
K7W6,11/29,5002,ASP
K7Y4,14/32,3800,ASP
K80D,09/27,2403,GRS
K80D,18/36,2978,ASP
80F,17/35,3299,ASP
K80T,09/27,3660,ASP
K81B,15/33,2997,ASP
K81R,13/31,4206,ASP
K82A,14/32,3200,ASP
K82C,14/32,3688,ASP
K82J,18/36,3200,ASP
82V,08/26,5330,ASP
83D,07/25,3800,CON
84D,13/31,4200,ASP
K84R,17/35,4000,ASP
K86F,17/35,3000,ASP
K87,10/28,2430,TURF-G
K87,17/35,3400,TURF-G
K87I,17/35,5000,ASP
K87K,04/22,3295,ASP
K87K,18/36,2430,GRE
K87Y,04/22,2814,ASP
K87Y,09/27,2203,ASP
K88M,18/36,4200,ASP
K88R,17/35,4185,ASP
KBFZ,05/23,6114,ASP
K8A1,03/21,3368,ASP
K8A1,07/25,5005,concrete
K8A3,03/21,5153,ASP
K8B0,14/32,3200,ASP
K8B1,02/20,3260,ASP
K8B5,06/24,3027,ASP
K8C4,11/29,3000,CON
8D1,04/22,2951,GRS
8D1,14/32,3600,ASP
K8D3,04/22,1914,GRS
K8D3,16/34,3400,ASP
K8D7,03/21,1258,GRS
K8D7,13/31,3697,ASP
K8F3,17/35,3600,ASP
K8F5,17/35,3000,ASP
K8F6,14/32,3400,ASP
K8G1,10/28,4028,ASP
K8G2,14/32,4101,ASP
K8G6,13/31,4154,ASP
K8J7,13/31,3600,ASP
K8K2,12/30,2138,GRS
K8K2,17/35,3268,ASP
K8M1,15/33,5003,ASP
88MI,18/36,5047,ASP
K8M9,16/34,3800,ASP
K8N2,03/21,4522,ASP
K8N8,09/27,3000,GRS
K8S0,06/24,4051,ASP
K8S1,18/36,4194,ASP
K8T6,13/31,3799,ASP
K8T8,17L/35R,3000,ASP
K8U2,07/25,3200,GRS
8U6,08/26,4300,ASP
K8U8,16/34,3999,ASP
KRCV,03/21,4812,GRS
KRCV,06/24,6051,ASP
8V2,05/23,2970,GRE
8V2,11/29,3900,ASP
8V3,15/33,3600,ASP
K8V7,17/35,5000,CON
K8W2,06/24,2920,ASP
K8WC,02/20,4000,ASP
K8Y6,18/36,3000,COM
K90F,17/35,3200,ASP
K91,15/33,1636,TURF-G
K91,17/35,2223,TURF-G
K91F,15/33,3500,ASP
K92F,17/35,3400,ASP
K93C,09/27,1500,GRS
K93C,17/35,3200,ASP
K93F,18/36,4022,ASP
K93M,18/36,2551,Turf
K93Y,01/19,2114,GRS
K93Y,14/32,3676,ASP
K94E,17/35,5400,ASP
K94K,09/27,3599,ASP
K94R,15/33,2167,ASP
K95D,10/28,4030,ASP
K95E,14/32,4000,ASP
K95F,18/36,4000,ASP
KK96,09/27,2660,GRVL-G
K96D,15/33,3400,ASP
K97M,13/31,3798,ASP
K98,18/36,1790,TURF-F
98D,08/26,2160,GRS
98D,13/31,3800,ASP
K99N,05/23,3603,ASP
K99V,E/W,2500,TURF-P
K9A0,15/33,3090,ASP
KCVC,10/28,6000,ASP
9A4,13/31,4994,CON
9A4,17/35,5000,CON
K9A5,02/20,4999,ASP
K9C8,06/24,3804,ASP
9D0,12/30,3700,ASP
9D1,13/31,3799,ASP
K9D2,08/26,2250,GRS
K9D2,12/30,3900,ASP
K9D4,01/19,3786,ASP
K9D7,16/34,3500,ASP
K9D9,09/27,2380,GRS
K9D9,12/30,5003,ASP
K9D9,18/36,1952,GRS
K9F0,15/33,3200,ASP
K9F8,13/31,3700,ASP
K9F9,17/35,3375,ASP
K9G2,09/27,4000,ASP
K9G3,07/25,3270,ASP
K9G3,11/29,1955,GRS
9G8,07/25,3204,ASP
9G8,11U/29U,1636,TURF-DIRT-P
K9K7,12/30,2229,GRS
K9K7,17/35,4500,ASP
K9K8,11/29,3400,CON
K9K8,18/36,4300,CON
K9L2,06/24,5998,ASP
K9M4,01/19,3000,ASP
K9M6,18/36,3799,ASP
K9M8,01/19,3202,ASP
9S2,12/30,4020,ASP
K9S4,12/30,3450,ASP
K9S5,02/20,5100,ASP
K9S9,08/26,4155,ASP
K9U0,07/25,3612,ASP
K9U0,10/28,2190,GRS
KTMT,12/30,6000,ASP
KTMT,18/36,6000,ASP
KDWX,06/24,7000,ASP
K9U7,03/21,5100,GRS
K9V5,14/32,3900,CON
9V6,14/32,3699,ASP
K9V7,17/35,3860,ASP
K9V9,13/31,4299,ASP
K9V9,18/36,3403,GRS
K9W7,18/36,2600,Turf
K9Y1,12/30,4200,ASP
KA08,16/34,6400,ASP
KA09,17/35,4800,ASP
KA20,18/36,3700,ASP
KA24,05/23,4159,ASP
KA30,16/34,3700,ASP
KA32,16/34,4300,ASP
KA34,05/23,5343,ASP
KA39,4/22,4751,ASP
KA50,08/26,3440,GVL
KA50,17L/35R,4500,GVL
KA50,17R/35L,4500,ASP
KAAA,03/21,4000,ASP
KAAA,14/32,3021,GRS
KAAF,06/24,5271,CON
KAAF,14/32,5425,CON
KAAF,18/36,5251,CON
KAAO,18/36,6101,CON
KAAS,05/23,5004,ASP
KAAT,03/21,2506,ASP
KAAT,13/31,4228,ASP
KABE,06/24,7599,ASP
KABE,13/31,5800,ASP
KABI,04/22,3678,ASP
KABI,17L/35R,7198,ASP
KABI,17R/35L,7208,ASP
KABQ,03/21,10000,CONC-G
KABQ,08/26,13793,CONC-G
KABQ,12/30,6000,CONC-G
KABQ,17/35,10000,ASPH-CONC-F
KABR,13/31,6901,CON
KABR,17/35,5500,ASP
KABY,05/23,6601,ASP
KABY,17/35,5200,ASP
KACB,02/20,5003,ASP
KACJ,05/23,6011,ASP
KACJ,10/28,3786,ASP
KACK,06/24,6303,ASP
KACK,12/30,2696,ASP
KACK,15/33,4500,ASP
KACP,18/36,5000,ASP
KACQ,15/33,3399,ASP
KACT,01/19,7107,ASP
KACT,14/32,5103,ASP
KACV,01/19,4501,ASP
KACV,14/32,6046,ASP
KACY,04/22,6145,PEM
KACY,13/31,10001,ASP
KACZ,09/27,4153,ASP
KADC,16/34,4007,ASP
KADG,05/23,5001,ASP
KADG,11/29,1779,GRS
KADH,13/31,2717,ASP
KADH,18/36,6203,ASP
KADM,04/22,6761,CON
KADM,08/26,7225,CON
KADM,13/31,9002,CON
KADM,17/35,5404,ASP
KADS,16/34,7203,ASP
KADT,04/22,2400,GRS
KADT,17/35,5000,ASP
KADT,17CL/35CL,5000,GRS
KADU,14/32,3641,CON
KADW,01L/19R,11301,CON
KADW,01R/19L,9756,PEM
KAE,NW/SE,10000,WATER-E
KAEG,04/22,7398,ASP
KAEG,17/35,5983,ASP
KAEJ,15/33,8303,ASP
KAEL,05/23,2898,ASP
KAEL,17/35,5000,ASP
KAEX,14/32,9352,CON
KAEX,18/36,8503,ASP
KAFF,09/27,2493,ASP
KAFF,16C/34C,4501,ASP
KAFF,16L/34R,3513,ASP
KAFF,16R/34L,4500,ASP
KAFJ,09/27,5004,ASP
KAFK,05/23,2550,GRS
KAFK,15/33,4501,CON
KAFN,16/34,2982,ASP
KAFO,16/34,7025,ASP
KAFP,16/34,5498,ASP
KAFW,16L/34R,11000,CONC-GRVD
KAFW,16R/34L,11125,CONC-GRVD
KAGC,10/28,6501,CON
KAGC,13/31,3825,CON
KAGC,H1/H1,47,CONC-G
KAGO,18/36,5007,ASP
KAGR,05/23,8000,ASP
KAGR,14/32,5384,ASP
KAGS,08/26,6001,ASP
KAGS,17/35,8001,ASP
KAGZ,09/27,3500,ASP
KAGZ,14/32,2252,GRS
KAGZ,17/35,1912,GRS
KAHC,09/27,10000,ASP
KAHH,18/36,4002,ASP
KAHN,02/20,3995,ASP
KAHN,09/27,6122,ASP
KAHQ,02/20,4100,CON
KAHQ,13/31,3281,GRS
KAIA,08/26,6190,ASP
KAIA,12/30,9203,ASP
KAIA,17/35,6311,ASP
KAIB,05/23,5212,ASP
KAIB,11/29,4000,GRE
KAID,12/30,5400,ASP
KAID,18/36,3399,ASP
KAIG,17/35,4010,ASP
KAIG,9/27,3400,ASP
KAIK,01/19,3800,ASPH-G
KAIK,07/25,5500,ASPH-G
KAIO,02/20,5000,CONC-E
KAIO,12/30,3132,ASP
KAIO,17/35,1895,GRS
KAIT,08/26,3123,GRS
KAIT,16/34,4000,ASP
KAIV,06/24,5001,ASP
KAIZ,04/22,6497,ASP
KAJG,04/22,4000,ASP
KAJG,13/31,4500,ASP
KAJO,07/25,3200,ASP
KAJR,06/24,5503,ASP
KAJZ,03/21,5598,ASP
KAK,11/29,1949,
KAKH,03/21,3769,ASP
KAKO,11/29,7001,ASP
KAKQ,03/21,4337,ASP
KAKR,01/19,2336,ASP
KAKR,07/25,6336,ASP
KALB,01/19,8500,ASP
KALB,10/28,7200,ASP
KALI,08/26,4171,ASP
KALI,13/31,5997,ASP
KALI,17/35,4490,ASP
KALM,04/22,9207,ASP
KALM,16/34,3512,GRE
KALN,11/29,8099,ASP
KALN,17/35,6500,ASP
KALO,06/24,5403,ASP
KALO,12/30,8399,ASP
KALO,18/36,6003,ASP
KALS,02/20,8521,ASP
KALS,06/24,3200,GRE
KALW,02/20,6527,ASP
KALW,07/25,4486,PEM
KALW,16/34,5948,PEM
KALX,18/36,5422,ASP
KAMA,04/22,13502,CON
KAMA,13/31,7901,CON
KAMG,15/33,5000,ASP
KAMN,09/27,5004,ASP
KAMN,18/36,3198,ASP
KAMT,05/23,3558,ASP
KAMW,01/19,5701,ASP
KAMW,13/31,3491,ASP
KANB,05/23,7002,ASP
KAND,05/23,6002,ASP
KAND,17/35,4996,ASP
KANE,09/27,5000,ASP
KANE,18/36,4855,ASP
KANJ,14/32,5234,ASP
KANK,06/24,7351,ASP
KANP,12/30,2505,ASP
KANQ,05/23,4540,ASP
KANW,13/31,5501,ASPH-F
KANW,17/35,6824,ASP
KANY,10/28,2212,GRS
KANY,17/35,3598,ASP
KAOC,6/24,4801,ASP
KAOH,10/28,6000,ASP
KAOH,14/32,3994,COM
KAOO,03/21,5465,ASP
KAOO,12/30,3668,ASP
KAOV,13/31,3634,ASP
KAPA,10/28,4800,ASP
KAPA,17L/35R,10001,ASP
KAPA,17R/35L,7001,ASP
KAPC,01L/19R,5930,ASP
KAPC,01R/19L,2510,ASP
KAPC,6/24,5008,CON
KAPF,05/23,6600,ASP
KAPF,14/32,5001,ASP
KAPF,NE/SW,1850,TURF
KAPG,04/22,7998,ASP
KAPG,08/26,4849,ASP
KAPG,17/35,5004,ASP
KAPH,05/23,2202,GRS
KAPN,01/19,9001,CON
KAPN,07/25,5028,CON
KAPT,04/22,3498,ASP
KAPV,08/26,4100,ASP
KAPV,18/36,6498,ASP
KAPY,12/30,5000,ASP
KAQO,13/31,3209,GRS
KAQO,17/35,4202,ASP
KAQP,04/22,2770,GRS
KAQP,13/31,3500,ASP
KAQR,18/36,3015,ASP
KAQW,11/29,4300,ASP
KAQX,17/35,4990,ASP
KARA,16/34,8002,CON
KARA,16W/34W,5000,WATER
KARB,06/24,3505,CON
KARB,12/30,2750,GRS
KARG,04/22,6001,CON
KARG,13/31,5003,CON
KARG,18/36,5001,CON
KARM,14/32,5004,ASP
KARR,09/27,6501,CON
KARR,15/33,5503,CON
KARR,18/36,3198,ASP
KART,07/25,4999,ASP
KART,10/28,7001,ASP
KARV,10/28,3602,ASP
KARV,18/36,5150,ASP
KARW,07/25,3434,ASP
KASD,18/36,5002,ASP
KASE,15/33,8006,ASP
KASG,18/36,5302,ASP
KASH,14/32,6000,ASP
KASJ,01/19,4501,ASP
KASL,02/20,3299,ASP
KASL,15/33,5002,ASP
KASN,04/22,6032,ASP
KAST,08/26,5794,ASP
KAST,14/32,4467,ASP
KASW,09/27,6001,ASP
KASW,18/36,4021,ASP
KASX,02/20,5197,ASP
KASX,13/31,3498,ASP
KASY,08/26,2825,GRS
KASY,15/33,4364,ASP
KATA,05/23,3800,ASP
KATA,15/33,2264,GRS
KATL,08L/26R,9000,CON
KATL,08R/26L,9999,CON
KATL,09L/27R,12390,CON
KATL,09R/27L,9000,CON
KATL,10/28,9000,CON
KATS,04/22,6800,ASP
KATS,13/31,6132,ASP
KATW,03/21,8003,CON
KATW,12/30,6502,CON
KATY,12/30,6898,ASP
KATY,17/35,6893,ASP
KAUG,08/26,2613,ASP
KAUG,17/35,5002,ASP
KAUH,16/34,4301,ASP
KAUM,17/35,5800,CONC-G
KAUN,07/25,3700,ASP
KAUO,11/29,4000,ASP
KAUO,18/36,5264,ASP
KAUS,18L/36R,9000,CON
KAUS,18R/36L,12250,CON
KAUW,04/22,3085,ASP
KAUW,12/30,4950,ASP
KAUW,12W/30W,8000,WATER
KAVC,01/19,5002,ASP
KAVK,09/27,1390,GRE
KAVK,18/36,5001,ASP
KAVL,17/35,8002,ASP
KAVO,05/23,5374,ASP
KAVO,10/28,3844,ASP
KAVP,04/22,7502,ASP
KAVP,10/28,4300,ASP
KAVQ,03/21,3892,ASP
KAVQ,12/30,6901,ASP
KAVX,04/22,3000,ASP
KAWG,13/31,3401,CON
KAWG,18/36,4000,CON
KAWM,17/35,6003,CON
KAWO,11/29,3498,ASP
KAWO,16/34,5332,ASP
KAXA,12/30,3960,CON
KAXA,18/36,2895,GRS
KAXH,09/27,5002,ASP
KAXN,04/22,4098,ASP
KAXN,13/31,5099,ASP
KAXQ,06/24,5003,ASP
KAXS,17/35,5501,CON
KAXV,08/26,5500,ASP
KAXV,18/36,2685,GRS
KAXX,17/35,8900,ASP
KAYS,01/19,5992,ASP
KAYS,05/23,5044,ASP
KAYS,13/31,3554,ASP
KAYX,03/21,6000,ASP
KAZC,02/20,5099,ASPH-G
KAZC,11/29,6300,ASP
KAZE,14/32,4508,ASP
KAZO,05/23,3438,ASP
KAZO,09/27,2800,ASP
KAZO,17/35,6502,ASP
KB16,10L/28R,3630,ASP
KB16,10R/28L,2800,GRS
KB19,06/24,3000,ASP
KB21,17/35,2797,ASP
KBAB,15/33,12001,CON
KBAD,15/33,11758,PEM
KBAF,02/20,9000,ASP
KBAF,15/33,5000,ASP
KBAK,05/23,6401,ASP
KBAK,14/32,5000,ASP
KBAM,04/22,7300,ASP
KBAM,13/31,7299,ASP
KBAX,04/22,3495,ASP
KBAX,17/35,5000,ASP
KBAZ,13/31,6503,ASP
KBAZ,17/35,5364,ASP
KBBB,14/32,4000,ASP
KBBD,08/26,3520,GRS
KBBD,17/35,4605,ASP
KBBG,14/32,7140,CONC-G
KBBP,07/25,5003,ASP
KBBW,14/32,4203,CON
KBCB,08/26,2850,ASP
KBCB,13/31,5501,ASP
KBCE,03/21,7395,ASP
KBCK,08/26,4601,ASP
KBCT,05/23,6276,ASP
KBDE,12/30,5498,ASP
KBDE,13W/31W,6000,WATER
KBDG,17/35,5781,ASP
KBDH,03/21,2980,TURF-P
KBDH,13/31,5500,ASPH-G
KBDJ,05/23,3821,TURF-F
KBDJ,16/34,3214,TURF-F
KBDL,06/24,9510,ASP
KBDL,1/19,5145,ASP
KBDL,15/33,6847,ASP
KBDN,17/35,5201,ASPH-E
KBDQ,09/27,3998,ASP
KBDR,06/24,4677,ASP
KBDR,11/29,4759,ASP
KBDR,17/35,3200,ASP
KBDU,08/26,4100,ASPH-G
KBDU,08G/26G,4100,ASPH-TURF-F
KBE,NE/SW,10600,WATER
KBEA,12/30,4553,ASP
KBEA,18/36,2251,GRS
KBEC,01/19,8001,CON
KBED,05/23,5107,ASP
KBED,11/29,7011,ASP
KBEH,10/28,6006,ASP
KBEH,14/32,3205,ASP
KBEH,18/36,2498,ASP
KBFA,17/35,5187,ASP
KBFD,05/23,4499,ASP
KBFD,14/32,6307,ASP
KBFE,02/20,5218,ASP
KBFE,13/31,2765,ASP
KBFF,05/23,8002,ASP
KBFF,12/30,8279,ASP
KBFI,14L/32R,3709,ASP
KBFI,14R/32L,10007,ASP
KBFK,17/35,4000,ASP
KBFL,12L/30R,10849,ASP
KBFL,12R/30L,7700,ASP
KBFM,14/32,9618,PEM
KBFM,18/36,7800,PEM
KBFR,06/24,3089,ASP
KBFR,13/31,4501,ASP
KBGD,03/21,3897,ASP
KBGD,17/35,6299,ASP
KBGE,05L/23R,5000,ASP
KBGE,05R/23L,4500,ASP
KBGE,09/27,5502,ASP
KBGE,09R/27L,5100,ASP
KBGE,14/32,5003,ASP
KBGF,18/36,5003,ASP
KBGM,10/28,5001,ASP
KBGM,16/34,7305,ASP
KBGR,15/33,11440,ASP
KBHB,04/22,5200,ASP
KBHB,11/29,3599,GRS
KBHB,17/35,3363,ASP
KBHC,08/26,5003,ASP
KBHK,13/31,5904,ASP
KBHM,06/24,12007,ASP
KBHM,18/36,7099,ASP
KBID,10/28,2502,ASPH-E
KBIE,14/32,4401,ASP
KBIE,18/36,5602,PEM
KBIF,04/22,13554,PEM
KBIH,08/26,5567,ASP
KBIH,12/30,7498,ASP
KBIH,17/35,5600,ASP
KBIJ,05/23,5494,ASP
KBIL,07/25,5501,ASP
KBIL,10L/28R,10518,ASP
KBIL,10R/28L,3800,ASP
KBIS,03/21,6600,ASP
KBIS,13/31,8794,ASP
KBIV,08/26,6002,ASP
KBIX,04/22,7630,PEM
KBJC,03/21,3600,ASP
KBJC,12L/30R,9000,ASP
KBJC,12R/30L,7002,ASP
KBJI,07/25,5700,ASP
KBJI,13/31,7004,ASP
KBJJ,10/28,5190,ASP
KBKD,04/22,2398,ASP
KBKD,13/31,2401,ASP
KBKD,17/35,5002,ASP
KBKE,08/26,3670,ASP
KBKE,13/31,5084,ASP
KBKE,17/35,4359,ASP
KBKF,14/32,11006,PEM
KBKL,06L/24R,6604,ASP
KBKL,06R/24L,5197,ASP
KBKN,17/35,3501,ASP
KBKS,14/32,3018,ASP
KBKS,17/35,6006,ASP
KBKT,01/19,4032,CON
KBKT,04/22,5333,CON
KBKV,03/21,4200,CON
KBKV,09/27,7001,CON
KBKW,01/19,6750,ASP
KBKW,10/28,5001,ASP
KBKX,12/30,6000,ASP
KBKX,17/35,3600,ASP
KBLF,05/23,4743,ASP
KBLH,08/26,6543,ASP
KBLH,17/35,5800,ASP
KBLI,16/34,6700,ASP
KBLM,03/21,3508,ASP
KBLM,14/32,7345,ASP
KBLU,15/33,3300,ASP
KBLV,14L/32R,10000,CON
KBLV,14R/32L,8006,PEM
KBMC,17/35,8900,ASP
KBMG,06/24,3798,ASP
KBMG,17/35,6500,ASP
KBMI,02/20,8000,CON
KBMI,03/21,3723,ASP
KBMI,11/29,6525,PEM
KBML,18/36,5200,ASP
KBMQ,01/19,5001,ASP
KBMT,13/31,4001,ASP
KBMT,16/34,2300,GRS
KBNA,02C/20C,8001,CON
KBNA,02L/20R,7704,CON
KBNA,02R/20L,8001,CON
KBNA,13/31,11030,ASP
KBNG,08/26,4955,ASP
KBNL,05/23,4526,ASP
KBNL,17/35,5119,ASP
KBNO,03/21,4600,CON
KBNO,12/30,5101,ASP
KBNW,02/20,3248,GRE
KBNW,15/33,4808,PEM
KBOI,09/27,5000,ASP
KBOI,10L/28R,10000,ASP
KBOI,10R/28L,9763,ASP
KBOK,12/30,2901,ASPH-G
KBOS,04L/22R,7864,ASP
KBOS,04R/22L,10006,ASP
KBOS,09/27,7001,ASP
KBOS,14/32,5000,ASPH-G
KBOS,15L/33R,2557,ASP
KBOS,15R/33L,10083,ASP
KBOW,05/23,5001,ASP
KBOW,09L/27R,5000,ASP
KBOW,09R/27L,4416,ASP
KBOW,14/32,5000,ASP
KBPG,06/24,4601,ASP
KBPG,17/35,8803,PEM
KBPI,08/26,3301,GRS
KBPI,13/31,6803,ASP
KBPK,05/23,5000,ASP
KBPT,12/30,6751,CON
KBPT,16/34,5071,PEM
KBQK,07/25,8001,PEM
KBQP,16/34,4002,ASP
KBQR,09/27,3199,ASP
KBRD,01/19,2800,ASP
KBRD,05/23,6512,ASP
KBRD,12/30,4080,ASP
KBRD,16/34,7100,CONC-E
KBRL,12/30,5351,CON
KBRL,18/36,6102,PEM
KBRO,13/31,7399,ASP
KBRO,13L/31R,3000,ASP
KBRO,18/36,6000,ASP
KBRY,03/21,5003,ASP
KBST,10/28,3000,ASP
KBST,15/33,4000,ASP
KBT,07/25,2802,grass/gravel
KBTA,13/31,4201,CON
KBTF,17/35,4634,ASP
KBTL,05L/23R,10004,ASP
KBTL,05R/23L,4100,ASP
KBTL,09/27,4018,ASP
KBTL,13/31,4837,ASP
KBTM,02/20,5545,ASP
KBTM,12/30,5100,ASP
KBTM,15/33,9000,ASP
KBTN,01/19,2034,GRS
KBTN,13/31,4210,ASP
KBTP,08/26,4801,ASP
KBTR,13/31,7005,ASP
KBTR,4/22,7500,CON
KBTR,4R/22L,3799,ASP
KBTV,01/19,4112,ASP
KBTV,15/33,8319,ASP
KBTY,16/34,5615,ASP
KBUB,15/33,3900,ASP
KBUF,05/23,8829,ASP
KBUF,14/32,7161,ASP
KBUM,18/36,3999,ASP
KBUR,08/26,5802,ASP
KBUR,15/33,6886,ASP
KBUU,01/19,2410,GRS
KBUU,11/29,4300,ASP
KBUY,06/24,6406,ASP
KBVI,10/28,4501,ASP
KBVN,15/33,3700,CON
KBVO,17/35,6850,PEM
KBVS,04/22,3000,ASP
KBVS,11/29,5480,ASP
KBVX,08/26,6002,ASP
KBVX,18/36,2804,ASP
KBVY,09/27,4755,ASP
KBVY,16/34,5001,ASP
KBWC,08/26,4166,ASP
KBWD,13/31,4608,ASP
KBWD,17/35,5599,ASP
KBWG,03/21,6501,ASP
KBWG,12/30,3956,ASP
KBWI,04/22,6000,ASP
KBWI,10/28,10503,ASP
KBWI,15L/33R,5000,ASP
KBWI,15R/33L,9501,ASP
KBWP,03/21,3254,GRS
KBWP,15/33,5100,ASP
KBXA,18/36,5002,ASP
KBXG,08/26,5003,ASP
KBXK,05/23,3310,ASP
KBXK,11/29,3400,ASP
KBXK,17/35,5500,ASP
KBXM,01L/19R,8000,ASP
KBXM,01R/19L,8000,ASP
KBXM,09/27,6000,ASPH
KBYG,13/31,6143,ASP
KBYH,18/36,11602,PEM
KBYI,02/20,4092,ASP
KBYI,06/24,4072,ASP
KBYS,04/22,9631,GRE
KBYS,13/31,6124,GRE
KBYY,13/31,5107,ASP
KBZN,03/21,2650,ASP
KBZN,11/29,5050,Asphalt
KBZN,11G/29G,2802,GRS
KBZN,12/30,8994,ASP
KC02,05/23,4100,ASP
KC03,09/27,3675,ASP
KC04,09/27,3500,ASPH-G
KC04,15/33,2251,TURF-G
KC08,13/31,6954,ASP
KC09,18/36,5501,ASP
KC15,09/27,5000,ASP
KC16,09/27,4001,CON
KC16,18/36,3654,GRS
KC17,17/35,3776,COM
KC20,03/21,2298,GRS
KC20,13/31,4148,ASP
KC24,07/25,6880,ASP
KC26,H1,40,CON
KC27,18/36,3465,ASP
KC28,6W/24W,3027,WAT
KC29,01/19,1780,GRE
KC29,10/28,4001,ASP
KC29,12/30,2927,ASP
KC29,18/36,2195,GRS
KC35,07/25,2510,ASP
KC35,18/36,4840,ASP
KC47,04/22,2668,ASP
KC47,17/35,3775,ASP
KC57,10/28,1875,Turf
KC62,10/28,4400,ASP
KC63,11W/29W,2900,WAT
KC65,10/28,4400,ASP
KC71,17/35,3127,ASP
KC73,08/26,3897,ASP
KC73,12/30,2803,ASP
KC74,11/29,3000,ASP
KC75,13/31,4003,ASP
KC75,18/36,2199,ASP
KC77,09/27,2709,GRS
KC77,12/30,3773,ASP
KC77,17/35,2467,GRS
KC80,01/19,2471,GVL
KC80,12/30,5000,ASP
KC81,06/24,3573,COP
KC81,09/27,3270,ASP
KC83,05/23,3000,ASP
KC83,12/30,4500,ASP
KC88,1/19,2247,Turf
KC91,04/22,2176,GRS
KC91,09/27,4700,ASP
KCA2,1/2,2600,Asphalt
KCAD,07/25,5001,ASP
KCAD,18/36,1986,GRS
KCAE,05/23,8001,PEM
KCAE,11/29,8601,ASP
KCAG,07/25,5606,ASP
KCAK,01/19,7601,ASP
KCAK,05/23,8204,ASP
KCAK,14/32,5599,ASP
KCAO,02/20,6307,ASP
KCAO,12/30,4105,ASP
KCAR,01/19,4003,ASP
KCAR,11/29,3016,ASP
KCAV,08/26,1380,GRS
KCAV,14/32,3455,CON
KCBE,05/23,5047,ASP
KCBE,11/29,3000,ASP
KCBF,14/32,3650,CON
KCBF,18/36,5500,CON
KCBG,16/34,4001,ASP
KCBK,04/22,2600,GRS
KCBK,12/30,2660,GRS
KCBK,17/35,5110,CON
KCBM,13C/31C,12004,PEM
KCBM,13L/31R,8001,PEM
KCBM,13R/31L,6320,CON
PAKC,N/S,5000,WATER
KCCA,13/31,4007,ASPH-G
KCCB,06/24,3863,ASP
KCCO,15/33,5500,ASP
KCCR,01L/19R,5001,PEM
KCCR,01R/19L,2770,ASP
KCCR,14L/32R,4602,PEM
KCCR,14R/32L,2798,ASP
KCCY,04/22,2536,GRS
KCCY,12/30,4000,CON
KCCY,17/35,1780,GRS
KCDA,02/20,3302,ASP
KCDC,02/20,8653,ASP
KCDC,08/26,4822,ASP
KCDH,01/19,6501,ASP
KCDI,04/22,4298,ASP
KCDK,05/23,2302,ASPH-F
KCDN,06/24,5000,ASP
KCDN,14/32,2998,ASP
KCDR,03/21,5998,CON
KCDR,12/30,4400,CON
KCDS,04/22,4425,ASP
KCDS,13/31,4196,ASP
KCDS,17/35,5949,ASP
KCDW,04/22,4552,ASP
KCDW,10/28,3719,ASPH-G
KCEA,17/35,3873,ASP
KCEC,11/29,5002,ASP
KCEC,17/35,5002,ASP
KCEF,05/23,11597,ASP
KCEF,15/33,7085,ASP
KCEK,13/31,3370,GRS
KCEK,17/35,4201,CON
KCEU,07/25,5000,ASP
KCEV,04/22,2601,GRS
KCEV,18/36,6503,ASP
KCEW,17/35,8006,ASP
KCEY,05/23,6202,ASP
KCEZ,03/21,7205,ASP
KCFD,15/33,4000,ASPH-G
KCFD,17/35,1330,GRS
KCFE,18/36,3200,ASPH-G
KCFJ,04/22,5506,ASP
KCFS,06/24,4302,ASP
KCFS,13/31,2277,GRS
KCFT,07/25,4978,ASP
KCFV,04/22,4005,ASP
KCFV,17/35,5868,ASP
KCGC,09/27,4557,ASP
KCGC,18/36,2666,GRS
KCGE,16/34,4477,ASP
KCGF,06/24,5502,ASP
KCGI,02/20,3997,PEM
KCGI,10/28,6500,CON
KCGS,15/33,2980,ASP
KCGZ,05/23,5200,ASP
KCHA,02/20,7400,ASP
KCHA,15/33,5575,ASP
KCHD,04L/22R,4401,ASP
KCHD,04R/22L,4870,ASP
KCHK,01/19,2232,TURF
KCHK,03/21,2404,TURF-G
KCHK,18/36,5101,CON
KCHN,18/36,4005,ASP
KCHO,03/21,6801,ASP
KCHQ,18/36,3196,ASP
KCHS,03/21,7000,ASP
KCHS,15/33,9001,CON
KCHT,02/20,3503,GRE
KCHT,14/32,3899,ASP
KCHU,13/31,3499,ASP
KCIC,13L/31R,6724,ASP
KCIC,13R/31L,3000,ASP
KCID,09/27,8600,PER
KCID,13/31,6200,PER
KCII,05/23,3699,ASP
KCII,15/33,5000,ASP
KCIN,03/21,3301,GRS
KCIN,13/31,5506,CON
KCIR,02/20,3200,ASP
KCIR,14/32,4001,ASP
KCIU,09/27,5000,ASP
KCIU,16/34,7203,CON
KCJR,04/22,5000,ASP
KCKA,13/31,5500,CON
KCKA,17/35,7800,CON
KCKB,03/21,7800,ASP
KCKC,10/28,5002,ASP
KCKF,06/24,5008,ASP
KCKF,10/28,5001,ASP
KCKF,14/32,5040,ASP
KCKI,14/32,5000,ASP
KCKM,18/36,5404,ASP
KCKN,06/24,2089,GRS
KCKN,13/31,4300,ASP
KCKN,17/35,2977,GRS
KCKP,01/19,1941,GRS
KCKP,18/36,4001,CON
KCKV,05/23,4004,ASP
KCKV,17/35,5999,ASP
KCKZ,08/26,4211,ASP
KCL,04/22,2200,GRVL-F
KCLE,06C/24C,7096,CON
KCLE,10/28,6018,concrete
KCLE,6L/24R,9000,CON
KCLE,6R/24L,9953,CON
KCLI,04/22,3812,ASP
KCLI,09/27,2002,GRS
KCLI,14/32,4599,ASP
KCLK,13/31,1348,GRS
KCLK,17/35,4305,ASP
KCLL,04/22,5149,CON
KCLL,11/29,5158,ASP
KCLL,17/35,7000,PEM
KCLM,09/27,6347,ASP
KCLM,13/31,3255,ASP
KCLR,08/26,3423,ASP
KCLS,16/34,5000,CON
KCLT,01L/19R,9000,CON
KCLT,01R/19L,10000,CONC-F
KCLT,05/23,7502,PEM
KCLT,18/36,8676,PEM
KCLW,16/34,4108,ASP
KCMA,07/25,1700,asphalt
KCMA,08/26,6013,PEM
KCMD,02/20,5500,ASP
KCMH,10L/28R,8000,ASP
KCMH,10R/28L,10114,ASP
KCMI,04/22,6502,CON
KCMI,14L/32R,8101,CON
KCMI,14R/32L,3816,ASP
KCMI,18/36,5299,CON
KCMR,18/36,6003,ASP
KCMX,07/25,5201,ASP
KCMX,14/32,6501,ASP
KCMY,01/19,3032,ASP
KCMY,11/29,4697,ASP
KCN,ALL/WAY,5000,WATER
KCNB,12/30,4648,ASP
KCNC,10/28,4000,CON
KCNC,17/35,2800,CON
KCNH,05/23,2010,ASP
KCNH,11/29,3098,ASP
KCNK,03/21,1665,GRS
KCNK,12/30,2040,GRS
KCNK,18/36,4000,CON
KCNM,03/21,7854,ASP
KCNM,08/26,5334,ASP
KCNM,14L/32R,4616,ASP
KCNM,14R/32L,5837,ASP
KCNO,03/21,4919,ASP
KCNO,08L/26R,4858,ASP
KCNO,08R/26L,7000,ASP
KCNP,12/30,4000,ASP
KCNU,08/26,2200,GRS
KCNU,18/36,4254,ASP
KCNW,17L/35R,8600,ASP
KCNW,17R/35L,6291,CON
KCNY,03/21,7360,ASP
KCOD,04/22,8268,ASP
KCOE,02/20,5400,ASP
KCOE,06/24,7400,ASP
KCOF,03/21,9008,ASP
KCOF,11/29,3993,ASP
KCOI,11/29,3601,ASP
KCOM,15/33,4506,ASP
KCON,03/21,3999,ASP
KCON,12/30,3200,ASP
KCON,17/35,6005,ASP
KCOQ,07/25,3100,ASP
KCOQ,17/35,4003,ASP
KCOS,12/30,8272,ASP
KCOS,17L/35R,13500,CON
KCOS,17R/35L,11022,ASP
KCOT,13/31,6005,ASP
KCOU,02/20,7401,CON
KCOU,13/31,5500,Concrete
KCPC,06/24,5500,ASP
KCPK,05/23,5500,ASP
KCPM,07L/25R,3323,ASP
KCPM,07R/25L,3322,ASP
KCPR,03/21,10165,ASP
KCPR,08/26,8679,ASP
KCPR,12/30,6484,ASP
KCPR,17/35,7696,ASP
KCPS,05/23,2799,ASPH-F
KCPS,12L/30R,5301,CON
KCPS,12R/30L,7002,ASP
KCPT,15/33,5697,ASP
KCPU,13/31,3602,ASP
KCQA,08/26,4400,ASP
KCQB,17/35,4000,ASP
KCQM,07/25,1570,TURF-F
KCQM,13/31,4000,ASP
KCQW,08/26,5000,ASP
KCQX,06/24,3001,ASP
KCR,14/32,3250,GRAVEL
KCRE,05/23,5997,ASP
KCRG,05/23,4004,ASP
KCRG,14/32,4008,ASP
KCRP,13/31,7510,ASP
KCRP,17/35,6080,ASP
KCRQ,06/24,4897,ASP
KCRS,02/20,3200,GRS
KCRS,14/32,5004,ASP
KCRT,05/23,5010,ASP
KCRW,05/23,6715,ASP
KCRW,15/33,4751,ASP
KCRX,18/36,6500,ASPH-G
KCRZ,18/36,2684,CON
KCSB,15/33,4098,CON
KCSG,06/24,6997,ASP
KCSG,13/31,3997,ASP
KCSM,17L/35R,5193,CON
KCSM,17R/35L,13503,CON
KCSQ,04/22,1692,GRS
KCSQ,16/34,4901,ASP
KCSV,08/26,5423,ASP
KCTB,05/23,5300,ASP
KCTB,14/32,5300,ASP
KCTJ,17/35,5503,ASP
KCTK,09/27,3294,ASP
KCTK,18/36,3899,ASP
KCTY,04/22,5005,ASP
KCTY,13/31,5001,ASP
KCTZ,06/24,5008,ASP
KCUB,13/31,5011,ASP
KCUH,02/20,2650,GRE
KCUH,08/26,2700,GRE
KCUH,11/29,2500,GRE
KCUH,18/36,5201,CON
KCUL,18/36,4000,ASP
KCUT,08/26,5500,ASP
KCVB,16/34,5001,ASP
KCVG,09/27,12001,PEM
KCVG,18C/36C,11000,PEM
KCVG,18L/36R,10000,CON
KCVG,18R/36L,8000,CON
KCVH,06/24,3149,ASPH-G
KCVH,13/31,6350,ASPH-G
KCVK,04/22,5158,ASP
KCVN,04/22,7200,ASP
KCVN,08/26,2442,GRE
KCVN,12/30,5697,ASP
KCVO,10/28,3100,ASP
KCVO,17/35,5900,ASP
KCVS,04/22,10003,CON
KCVS,13/31,8196,PEM
KCVX,04/22,1280,GRS
KCVX,09/27,4549,ASP
KCWA,08/26,7723,CON
KCWA,17/35,6501,CON
KCWC,17/35,4450,ASP
KCWF,15/33,10702,CON
KCWI,03/21,5204,ASP
KCWI,14/32,4201,ASP
KCWV,09/27,5002,ASP
KCXE,18/36,3400,ASP
KCXL,08/26,4683,ASP
KCXO,01/19,5000,ASP
KCXO,14/32,7501,ASP
KCXP,09/27,6101,ASP
KCXU,08/26,5004,ASP
KCXW,04/22,6005,concrete
KCXY,08/26,5000,ASP
KCXY,12/30,3778,ASP
KCYO,01/19,4346,ASP
KCYS,09/27,9270,CON
KCYS,13/31,6690,ASP
KCYW,17/35,4197,ASP
KCZD,13/31,5000,CON
KCZD,18/36,3000,GRE
KCZG,03/21,3900,ASP
KCZK,06/24,1800,ASPH-G
KCZL,17/35,6034,ASP
KCZT,13/31,5003,ASP
KD00,15/33,3103,ASP
D02,17/35,3400,ASP
KD05,03/21,2618,GRS
KD05,13/31,3699,ASP
KD07,13/31,4191,ASP
KD09,03/21,2115,GRS
KD09,13/31,3700,ASP
KD11,05/23,3600,GRS
KD14,14/32,3000,ASP
KD17,04/22,4100,ASP
KD17,13/31,2000,GVL
KD23,09/27,3220,GVL
KD23,14/32,2710,GRE
D25,04/22,3094,GRS
D25,14/32,3498,ASP
KD31,09/27,3000,ASP
D37,04/22,2578,GRS
D37,12/30,3199,ASP
KD39,08/26,2404,TURF-P
KD39,14/32,3296,ASP
KD42,13/31,3402,ASP
KD50,03/21,2680,GRS
KD50,12/30,3800,ASP
KD54,18/36,3300,ASP
KD55,08/26,1930,GRS
KD55,14/32,3600,ASP
D56,17/35,3200,ASP
KD57,11/29,3799,ASP
D60,03/21,3200,GRS
D60,12/30,5102,ASP
KD64,13/31,3000,ASP
KJTC,03/21,8422,ASP
KJTC,11/29,4603,ASP
KD73,03/21,4112,ASP
KD74,16/34,3588,ASP
D83,13/31,2838,ASP
D86,13/31,3012,ASP
D95,09/27,1879,GRS
D95,18/36,3800,ASP
D98,09/27,2092,ASP
D98,15/33,4795,ASP
D98,18/36,4003,ASP
KDAA,14/32,5421,ASP
KDAB,07L/25R,10500,ASP
KDAB,07R/25L,3195,ASP
KDAB,16/34,6001,ASP
KDAF,18/36,2721,ASPH-F
KDAG,04/22,5123,ASP
KDAG,08/26,6402,ASP
KDAL,13L/31R,7752,CON
KDAL,13R/31L,8800,CON
KDAL,18/36,6147,ASP
KDAN,02/20,5900,ASP
KDAN,13/31,3910,ASP
KDAW,15/33,4201,ASP
KDAY,06L/24R,10901,PEM
KDAY,06R/24L,7285,PEM
KDAY,18/36,8502,PEM
KDBN,02/20,6501,ASP
KDBN,14/32,5171,ASP
KDBQ,13/31,6502,CON
KDBQ,18/36,6327,CON
KDCA,01/19,7169,ASP
KDCA,04/22,5000,ASP
KDCA,15/33,5204,ASP
KDCM,05/23,4998,ASP
KDCM,11/29,4982,ASP
KDCM,17/35,5000,ASP
KDCU,18/36,6107,ASP
KDCY,18/36,5002,ASP
KDDC,02/20,4649,ASP
KDDC,14/32,6899,ASP
KDDH,13/31,3704,ASP
KDEC,06/24,8496,PEM
KDEC,12/30,6799,PEM
KDEC,18/36,5298,ASP
KDED,05/23,4301,ASP
KDED,08/26,3600,ASP
KDED,12/30,6001,ASP
KDED,18/36,5999,ASP
KDEH,11/29,4001,CON
KDEN,07/25,12000,CON
KDEN,08/26,12000,CON
KDEN,16L/34R,12000,CON
KDEN,16R/34L,16000,CON
KDEN,17L/35R,12000,CON
KDEN,17R/35L,12000,CON
KDEQ,08/26,5001,ASP
KDET,07/25,4025,ASP
KDET,15/33,5092,ASP
KDEW,04/22,3200,ASP
KDEW,16/34,6101,ASP
KDFI,12/30,4199,ASP
KDFW,13L/31R,9000,CON
KDFW,13R/31L,9300,CON
KDFW,17C/35C,13400,CON
KDFW,17L/35R,8500,CON
KDFW,17R/35L,13400,CON
KDFW,18L/36R,13401,CON
KDFW,18R/36L,13400,CON
KDGL,03/21,5760,ASP
KDGL,18/36,4095,GRE
KDGW,05/23,4760,ASP
KDGW,11/29,6534,ASP
KDHN,14/32,8500,ASP
KDHN,18/36,5501,ASP
KDHT,03/21,5440,ASP
KDHT,17/35,6400,ASP
KDIJ,04/22,7301,ASP
KDIK,14/32,7301,ASP
KDIK,7/25,4700,ASP
KDKB,02/20,7026,ASP
KDKB,09/27,4201,ASP
KDKK,06/24,6000,ASP
KDKK,15/33,4000,ASP
KDKR,02/20,4000,ASP
KDKX,08/26,3499,ASP
KDLC,07/25,3000,ASP
KDLF,13C/31C,8852,PEM
KDLF,13L/31R,8316,PEM
KDLF,13R/31L,6571,ASP
KDLH,03/21,5719,ASP
KDLH,09/27,10591,CON
KDLL,01/19,5010,ASP
KDLL,14/32,2725,GRS
KDLN,04/22,3600,ASPH-F
KDLN,17/35,6501,ASPH-G
KDLO,15/33,5659,ASP
KDLS,07/25,4647,ASP
KDLS,13/31,5097,ASP
KDLZ,10/28,5800,ASP
KDMA,12/30,13643,PEM
KDMN,04/22,5675,ASP
KDMN,08/26,8018,ASP
KDMO,05/23,3519,ASP
KDMO,18/36,5500,CON
KDMW,16/34,5100,ASP
KDNL,05/23,4002,ASP
KDNL,11/29,3733,ASP
KDNN,14/32,5496,ASP
KDNS,06/24,1780,GRS
KDNS,12/30,5000,CON
KDNS,18/36,3200,GRS
KDNV,03/21,6006,ASP
KDNV,12/30,2500,GRS
KDNV,16/34,3999,ASP
KDOV,01/19,9602,PEM
KDOV,14/32,12903,PEM
KDPA,02L/20R,7571,CON
KDPA,02R/20L,6451,CON
KDPA,10/28,4750,ASP
KDPA,15/33,3399,ASP
KDPG,12/30,10999,ASP
KDPG,12L/30R,13125,ASP
KDPL,05/23,6003,ASP
KDQH,04/22,6000,ASP
KDRA,02/20,7515,ASP
KDRI,04/22,4500,ASP
KDRI,09/27,4501,ASP
KDRI,14/32,4218,ASP
KDRI,18/36,5494,PEM
KDRM,01/19,2500,GRS
KDRM,08/26,4000,ASP
KDRO,03/21,9201,ASPH-G
KDRT,13/31,6300,ASP
KDSM,13/31,9001,ASP
KDSM,5/23,9004,Concrete-Grooved
KDSV,14/32,3500,ASP
KDSV,18/36,2443,ASP
KDTA,12/30,5935,ASP
KDTA,17/35,6065,ASP
KDTL,14/32,5201,ASP
KDTL,17/35,1880,GRS
KDTN,05/23,4198,ASP
KDTN,14/32,5016,ASP
KDTO,18L/36R,7002,ASP
KDTO,18R/36L,5003,Asphalt
KDTS,14/32,5001,ASP
KDTW,03L/21R,8501,PEM
KDTW,03R/21L,10001,CON
KDTW,04L/22R,10000,CON
KDTW,04R/22L,12003,CON
KDTW,09L/27R,8708,PEM
KDTW,09R/27L,8500,CON
KDUA,04/22,3900,U
KDUA,12/30,3000,ASP
KDUA,17/35,6800,ASP
KDUC,17/35,6650,CON
KDUG,03/21,7158,ASP
KDUG,08/26,4966,ASP
KDUG,12/30,7503,ASP
KDUG,17/35,6430,ASP
KDUH,09/27,4807,ASP
KDUJ,07/25,5503,ASP
KDUX,01/19,6001,ASP
KDUX,14/32,3100,ASP
KDVK,01/19,1956,ASP
KDVK,13/31,5000,ASP
KDVL,03/21,4314,ASP
KDVL,13/31,6400,ASP
KDVN,03/21,4001,CON
KDVN,15/33,5511,CON
KDVO,13/31,3303,ASP
KDVP,17/35,3005,ASP
KDVT,07L/25R,4500,ASP
KDVT,07R/25L,8196,ASP
KDWA,16/34,6000,ASP
KDWH,17L/35R,3500,ASP
KDWH,17R/35L,7009,ASP
KDWH,17W/35W,2530,WATER
KDWU,10/28,5402,ASP
KDXE,18/36,5000,ASP
KDXR,08/26,4421,ASP
KDXR,17/35,3135,ASP
KDXX,09/27,3003,GRS
KDXX,14/32,3300,ASP
KDYA,04/22,5002,ASP
KDYB,06/24,5000,ASP
KDYL,05/23,3004,ASP
KDYR,04/22,5698,ASP
KDYR,16/34,4001,ASP
KDYS,16/34,13500,PEM
KDYS,161/341,3500,GRE
KDYS,162/342,3500,ASPH
KDYT,09W/27W,5000,WATER
KDYT,13W/31W,10000,WATER
KDYT,14/32,2602,ASP
KDZB,17/35,5977,ASP
KDZJ,08/26,5004,ASP
HKIK,10/28,,
KE-0086,11/29,4573,Grass
HKSJ,,5249,GVL
E01,01/19,2922,ASP
E01,12/30,4268,ASP
E05,11/29,4110,ASP
KE06,03/21,6001,ASP
KE06,12/30,4409,ASP
E11,02/20,3893,ASP
E11,11/29,3048,ASP
E11,16/34,5816,ASP
E13,08/26,2290,GVL
E13,12/30,4258,ASP
E13,15/33,3395,ASP
E14,06/24,3100,GRE
E14,16/34,5007,ASP
E16,14/32,3095,ASP
E19,02/20,4698,ASP
KE24,01/19,6288,ASP
KE25,05/23,6101,ASP
E26,01/19,4704,ASP
E26,09/27,2604,ASP
E30,17/35,3909,ASP
KE34,01/19,4496,ASP
KE35,08/26,4200,ASP
KE35,16/34,2300,ASP
KE38,01/19,6002,ASP
KE38,05/23,5018,ASP
E41,09/27,4001,GRE
E41,16/34,5035,ASP
E42,02/20,5022,ASP
KE45,09/27,3625,ASP
KE48,06/24,4450,GRS
KE48,10/28,4100,ASP
KE48,15/33,3800,GRS
KE51,05/23,4575,ASP
KE52,17/35,4200,ASP
KE57,04/22,5780,ASP
KE57,08/26,3960,ASP
E60,02/20,3901,ASP
E63,04/22,5200,ASP
E67,08/26,3400,CON
KE75,6W/24W,2830,WAT
E77,11/29,4207,ASP
E78,04/22,5830,ASP
KBRG,03/21,6601,ASP
KBRG,13/31,5280,ASP
KE89,09/27,4790,ASP
E91,18/36,6902,ASP
KE95,10/28,4002,ASP
E98,18/36,4332,ASP
KEAG,01/19,2389,GRS
KEAG,13/31,3500,CON
KEAN,08/26,5900,ASP
KEAR,13/31,4498,CON
KEAR,18/36,7094,ASP
KEAT,07/25,4460,ASP
KEAT,12/30,7000,ASP
KEAU,04/22,8101,CON
KEAU,14/32,5000,CON
KEB,01/19,1850,GRVL-P
KEBG,13/31,3200,ASP
KEBG,14/32,5000,ASP
KEBS,05/23,2663,GRS
KEBS,14/32,3851,CON
KECG,01/19,4518,PEM
KECG,10/28,7219,CON
KECP,16/34,10000,CON
KECS,05/23,2220,GRS
KECS,14/32,5310,ASP
KECS,17/35,2666,GRS
KECU,14/32,4050,ASP
KEDC,13/31,6025,ASPH-G
KEDC,16/34,1550,ASPH-F
KEDE,01/19,6001,ASP
KEDE,05/23,3757,ASP
KEDG,01/19,1704,ASP
KEDJ,07/25,5000,ASP
KEDN,05/23,5080,ASP
KEDU,17/35,3176,ASPH-G
KEDW,05L/23R,12000,ASPH
KEDW,05R/23L,16798,CON
KEDW,07/25,8000,CON
KEED,02/20,4235,ASP
KEED,11/29,5005,ASP
KEEN,02/20,6201,ASP
KEEN,14/32,4001,ASP
KEEO,03/21,6503,ASP
KEET,16/34,5000,ASP
KEFC,14/32,4501,ASP
KEFC,18/36,3639,GRS
KEFD,04/22,8001,CON
KEFD,17L/35R,4609,CON
KEFD,17R/35L,9001,CON
KEFK,05/23,3996,ASP
KEFK,18/36,5301,ASP
KEFT,02/20,3000,ASP
KEFT,12/30,5000,ASP
KEFW,14/32,4100,CON
KEFW,18/36,1696,GRS
KEGE,07/25,9000,ASP
KEGE,08/26,5013,ASP
KEGI,18/36,8025,ASP
KEGI,180/360,3500,ASPH
KEGQ,04/22,2537,GRS
KEGQ,13/31,3401,CON
KEGQ,17/35,2157,GRS
KEGT,18/36,5201,CON
KEGV,04/22,5000,ASP
KEGV,13/31,3400,ASP
KEHA,04/22,4900,ASP
KEHA,17/35,4907,ASP
KEHO,05/23,5001,ASP
KEHR,09/27,7095,ASP
KEIK,09/27,2250,ASP
KEIK,16/34,4700,CON
KEIW,18/36,3200,ASP
KEK,02/20,3300,GRVL-G
KEKA,07/25,2028,ASP
KEKA,12/30,3011,ASPH-G
KEKM,08/26,2480,GRE
KEKM,09/27,6500,ASP
KEKM,18/36,3999,ASP
KEKN,05/23,4501,ASP
KEKN,14/32,4544,ASP
KEKO,06/24,7214,ASP
KEKO,12/30,3015,ASP
KEKQ,03/21,4000,ASP
KEKS,16/34,7600,ASP
KEKX,05/23,6001,ASP
KEKY,05/23,6007,ASP
KELA,17/35,4280,ASP
KELD,04/22,6601,ASP
KELD,13/31,5100,CON
KELD,17/35,3733,CON
KELK,17/35,5399,CON
KELM,05/23,2016,GRS
KELM,06/24,8001,ASP
KELM,10/28,5404,ASP
KELN,07/25,5590,ASP
KELN,11/29,4300,CON
KELO,12/30,5596,ASP
KELP,04/22,12020,ASP
KELP,08L/26R,5499,ASP
KELP,08R/26L,9025,ASP
KELY,12/30,4825,ASP
KELY,18/36,6017,ASP
KELZ,10/28,5300,ASP
KEMM,04/22,2671,CON
KEMM,10/28,3271,GVL
KEMM,16/34,8203,ASP
KEMP,01/19,5005,ASP
KEMP,06/24,3881,GRS
KEMT,01/19,3995,ASP
KEMV,16/34,5010,ASP
KEND,13/31,4971,PEM
KEND,17C/35C,9217,PEM
KEND,17L/35R,5024,CON
KEND,17R/35L,9217,PEM
KENL,09/27,3300,ASP
KENL,18/36,5001,ASP
KENV,08/26,10002,ASP
KENV,12/30,8002,ASP
KENW,07L/25R,6600,CONC-G
KENW,07R/25L,3302,ASPH-CONC-F
KENW,15/33,4440,CONC-G
KEOE,04/22,4001,ASP
KEOK,08/26,5500,CON
KEOK,14/32,3576,CON
KEOP,07/25,4899,ASP
KEOS,01/19,5001,ASP
KEPH,03/21,5500,ASPH-F
KEPH,04/22,3467,ASPH
KEPH,11/29,3843,CON
KEPH,16/34,6630,ASP
KEPM,14/32,4002,ASP
KEQA,04/22,4204,ASP
KEQA,15/33,4200,CON
KEQY,05/23,7001,ASP
KERI,02/20,3508,ASP
KERI,06/24,8420,ASP
KERR,15/33,3600,GRVL-G
KERV,03/21,3597,ASP
KERV,12/30,6004,ASP
KERY,04/22,2856,GRS
KERY,11/29,4304,ASP
KESC,01/19,5016,ASP
KESC,10/28,6498,ASP
KESF,09/27,5998,ASP
KESF,14/32,5600,ASP
KESN,04/22,5500,ASP
KESN,15/33,4003,ASP
KEST,06/24,2989,GRE
KEST,16/34,4797,CON
KESW,09/27,2640,TURF-F
KETB,06/24,3898,ASP
KETB,13/31,4494,ASP
KETC,09/27,3999,ASP
KETH,04/22,1919,GRS
KETH,16/34,3298,ASP
KETN,17/35,5000,ASP
KEUF,18/36,5000,ASP
KEUG,03/21,5228,ASP
KEUG,16L/34R,6000,ASP
KEUG,16R/34L,8009,ASP
KEUL,12/30,5500,ASP
KEVB,02/20,4000,ASP
KEVB,07/25,5000,ASPH-G
KEVB,11/29,4319,ASP
KEVM,05/23,2685,GRS
KEVM,09/27,4000,ASP
KEVM,14/32,2050,ASP
KEVU,14/32,4600,CON
KEVV,04/22,8021,ASP
KEVV,09/27,3497,ASP
KEVV,18/36,6286,ASP
KEVW,05/23,7300,ASP
KEVW,05R/23L,7300,ASP
KEVY,11/29,3601,GRE
KEVY,17/35,4488,ASP
KEWB,05/23,5400,ASP
KEWB,14/32,5002,ASP
KEWK,08/26,3501,ASP
KEWK,17/35,7003,ASP
KEWN,04/22,6452,ASP
KEWN,14/32,4001,ASPH-G
KEWR,11/29,6725,ASP
KEWR,4L/22R,11000,ASP
KEWR,4R/22L,9999,ASP
KEXX,06/24,5004,ASP
KEYE,03/21,4200,ASP
KEYF,15/33,5006,ASP
KEYW,09/27,5076,ASP
KEZF,06/24,2902,ASP
KEZF,15/33,1300,GRE
KEZI,01/19,3200,ASP
KEZI,09/27,4500,ASP
KEZM,02/20,6506,ASP
KEZS,12/30,3901,ASP
KEZS,17/35,2225,ASPH
KEZS,ALL/WAY,12000,WATER
KEZZ,17/35,4000,CON
KF00,17/35,4000,ASP
KF01,06/24,2268,GRS
KF01,11/29,2340,GRS
KF01,17/35,4445,ASP
F05,02/20,5099,ASP
F05,16/34,4304,ASP
KF06,04/22,1010,GRS
KF06,12/30,4035,ASP
KF06,17/35,1700,GRS
KF08,17/35,3000,ASP
KF10,18/36,3501,ASP
KF14,04/22,3050,GRS
KF14,13/31,3320,ASP
KF14,16/34,2000,GRS
KF17,14/32,2400,ASP
KF17,17/35,5501,ASP
KF21,08/26,2750,GRS
KF21,17/35,4670,ASP
KF22,04/22,5200,ASP
KF22,13/31,5200,ASP
KF22,17/35,5103,ASP
KMNE,01/19,5004,ASP
KRCE,17L/35R,3502,ASP
KRCE,17R/35L,6014,CON
KF30,17/35,3500,ASP
KF31,18/36,3000,ASP
KF32,17/35,3020,ASP
F34,12/30,3102,ASP
KF35,02/20,3500,ASP
KF36,04/22,1886,GRE
KF36,17/35,3430,ASP
KF37,06/24,4944,ASP
KF37,15/33,2500,GRE
KF41,15/33,3999,ASP
KF43,18/36,3000,ASP
KF44,17/35,3988,ASP
KF45,08L/26R,3700,GRS
KF45,08R/26L,4300,ASP
KF45,13/31,4300,ASP
KF46,17/35,3373,ASP
KF47,14/32,3339,ASP
KF49,18/36,4244,ASP
KF51,01/19,3215,ASP
KF53,13/31,3900,ASP
KF56,08/26,2211,GRS
KF56,13/31,1702,GRS
KF56,17/35,3707,ASP
F62,07/25,4100,ASP
KF68,17/35,3100,ASP
KF69,16/34,3080,ASP
KF70,18/36,6000,ASP
F72,09/27,3031,ASP
F72,18/36,3123,ASP
KF75,01/19,3200,ASP
KF82,07/25,1524,GRS
KF82,17/35,5144,ASP
KGZL,17/35,4296,ASP
KF85,04/22,2710,ASP
KF85,17/35,1775,ASP
KF86,01/19,3501,ASP
KF87,16/34,3003,ASP
KF88,17/35,3203,ASP
KF89,18/36,3000,ASP
TT97,04/22,4010,ASP
TT97,17/35,2445,ASP
KF98,03/21,5001,ASP
KF98,17/35,3924,ASP
KF99,13/31,3200,CON
KF99,17/35,3251,CON
KFAF,14/32,3025,ASP
KFAM,02/20,4323,CON
KFAR,09/27,6302,CON
KFAR,13/31,3801,PEM
KFAR,18/36,9001,CON
KFAT,11L/29R,9539,ASP
KFAT,11R/29L,8008,ASP
KFAY,04/22,7709,ASP
KFAY,10/28,4801,ASP
KFBG,10/28,4121,ASP
KFBL,12/30,4257,ASP
KFBR,04/22,6404,ASP
KFBR,07/25,3520,GRE
KFBY,11/29,2487,GRE
KFBY,17/35,3700,CON
KFCH,12/30,3627,ASPH
KFCH,12L/30R,3006,ASP
KFCH,12R/30L,3202,ASP
KFCI,15/33,5500,ASP
KFCM,10L/28R,3901,ASP
KFCM,10R/28L,5001,ASP
KFCM,18/36,2690,ASP
KFCS,13/31,4500,ASP
KFCT,5H/23H,1602,ASP
KFCY,18/36,3014,ASP
KFDK,05/23,5819,ASP
KFDK,12/30,3599,ASP
KFDR,03/21,4812,CON
KFDR,08/26,4319,CON
KFDR,12/30,4578,CON
KFDR,17/35,6099,ASPH-F
KFDR,17L/35R,3180,CON
KFDR,17R/35L,6000,ASP
KFDW,04/22,5243,ASP
KFDY,07/25,5883,ASP
KFDY,18/36,6499,ASP
KFEP,06/24,5504,ASP
KFEP,13/31,2285,GRS
KFEP,18/36,2404,GRS
KFET,01/19,2444,ASPH-G
KFET,14/32,6353,ASPH-CONC-G
KFFA,03/21,3000,ASP
KFFC,13/31,5768,ASP
KFFL,08/26,2505,GRE
KFFL,18/36,5503,ASP
KFFM,13/31,5639,ASP
KFFM,17/35,3299,ASP
KFFO,05L/23R,12600,PEM
KFFO,05R/23L,7000,ASP
KFFT,07/25,5006,ASP
KFFX,01/19,6501,ASP
KFFX,10/28,3502,ASP
KFFZ,04L/22R,3799,ASP
KFFZ,04R/22L,5100,ASP
KFGU,03/21,4986,ASP
KFGX,07/25,5002,ASP
KFHR,16/34,3402,ASP
KFHU,03/21,4285,PEM
KFHU,08/26,12001,CON
KFHU,12/30,5366,PEM
KFIG,12/30,4499,ASP
KFIT,02/20,3504,ASP
KFIT,14/32,5001,ASP
KFKA,11/29,4001,ASP
KFKL,03/21,5200,ASP
KFKL,12/30,3593,ASP
KFKN,09/27,4977,ASP
KFKN,14/32,4098,CON
KFKR,04/22,2527,ASP
KFKR,09/27,5000,ASP
KFKS,15/33,4050,ASP
KFLD,09/27,3604,ASP
KFLD,18/36,5941,ASP
KFLG,03/21,8800,ASP
KFLL,10L/28R,9000,ASP
KFLL,10R/28L,8000,ASP
KFLO,01/19,6000,ASP
KFLO,09/27,6502,ASP
KFLP,04/22,5001,ASP
KFLR,XX/XX,1460,Concrete
KFLV,16/34,5318,PEM
KFLX,03/21,5705,ASP
KFLX,13/31,3581,GRE
KFME,10/28,3000,ASP
KFMH,05/23,8000,PEM
KFMH,14/32,9501,PEM
KFMM,08/26,2468,GRE
KFMM,14/32,5731,CON
KFMM,17/35,5216,GRE
KFMN,05/23,6501,ASP
KFMN,07/25,6704,ASP
KFMY,05/23,6406,ASP
KFMY,13/31,4910,ASP
KFMZ,12/30,3021,CON
KFMZ,17/35,4317,ASP
KFNB,15/33,4000,CON
KFNL,06/24,2189,ASP
KFNL,15/33,8500,ASP
KFNT,09/27,7201,ASP
KFNT,18/36,7852,ASP
KFOA,03/21,5003,ASP
KFOA,15/33,2715,GRE
KFOD,06/24,6547,ASP
KFOD,12/30,5301,ASP
KFOE,03/21,7002,CON
KFOE,13/31,12803,CON
KFOK,01/19,5100,PEM
KFOK,06/24,9002,PEM
KFOK,15/33,5002,ASP
KFOM,04/22,5040,ASP
KFOT,11/29,4004,ASP
KFOZ,15/33,3998,ASP
KFPK,03/21,3510,CON
KFPK,15/33,2298,GRS
KFPR,10R/28L,6492,ASP
KFPR,14/32,4755,ASP
KFQD,01/19,5000,ASP
KFRG,01/19,5517,ASP
KFRG,14/32,6833,ASP
KFRH,08/26,5500,ASP
KFRI,04/22,4503,CON
KFRI,18/36,4500,CON
KFRM,02/20,3301,ASP
KFRM,13/31,5505,ASP
KFRR,10/28,3008,ASP
KFSD,03/21,9000,CON
KFSD,09/27,3151,CON
KFSD,15/33,8000,ASP
KFSE,16/34,3502,ASP
KFSI,18/36,5002,CON
KFSK,18/36,4403,ASP
KFSM,01/19,5002,ASP
KFSM,07/25,8000,ASP
KFSO,01/19,3001,ASP
KFST,03/21,4400,ASP
KFST,07/25,4961,GRS
KFST,11/29,3348,GRS
KFST,12/30,7508,ASP
KFST,16/34,3981,TURF
KFSU,03/21,5800,ASP
KFSU,08/26,5250,ASP
KFSW,17/35,4000,CON
KCFO,08/26,8002,ASP
KCFO,17/35,8000,ASP
KCFO,18/36,4000,ASP
KFTK,05/23,1900,ASP
KFTK,09/27,4999,PEM
KFTK,15/33,4853,ASP
KFTK,18/36,5184,ASP
KFTT,06/24,3203,ASPH-F
KFTT,12/30,2488,GRE
KFTT,18/36,4001,CON
KFTW,09/27,3677,ASP
KFTW,16/34,7502,CON
KFTW,17/35,4005,ASP
KFTY,08/26,5797,ASP
KFTY,09/27,2801,ASP
KFTY,14/32,4157,ASP
KFUL,06/24,3121,ASP
KFVE,14/32,4600,ASP
KFVX,03/21,4400,ASP
KFWA,05/23,11981,PEM
KFWA,09/27,4001,PEM
KFWA,14/32,8002,PEM
KFWC,09/27,4000,ASP
KFWC,18/36,1999,ASP
KFWN,03/21,3506,ASP
KFWQ,08/26,4002,ASP
KFWS,18L/36R,3660,GRS
KFWS,18R/36L,6002,ASP
KFXE,09/27,6002,ASP
KFXE,13/31,4000,ASP
KFXY,09/27,2707,ASP
KFXY,15/33,5796,ASP
KFYE,01/19,5000,ASP
KFYJ,10/28,5000,ASP
KFYM,02/20,5900,ASP
KFYV,16/34,6005,ASP
KFZG,02/20,5000,ASP
KFZG,15/33,2984,GRS
KFZI,09/27,5005,ASP
KFZY,06/24,3997,ASP
KFZY,15/33,5196,ASP
UCFD,01/19,5708,concrete
UCFN,08/00,7037,concrete
UAFT,10/26,5577,concrete
UAFA,18/36,2788,asphalt
UAFF,09/27,,asphalt
UAFE,04/22,5708,ASB
UAFS,11/29,5249,concrete
KGAB,09/27,5950,DIRT-G
KGAB,16/34,2650,DIRT-G
KGAD,06/24,6802,ASP
KGAD,18/36,4806,ASP
KGAF,08/26,4074,GRS
KGAF,17/35,3898,ASP
KGAG,17/35,5033,ASPH-P
KGAI,14/32,4202,ASP
KGAO,18/36,6500,ASP
KGAS,05/23,3999,ASP
KGBD,11/29,4706,ASP
KGBD,17/35,7852,ASP
KGBG,03/21,5792,ASP
KGBG,10/28,3600,ASP
KGXF,05/23,5200,ASP
KGXF,11/29,5200,ASP
KGXF,17/35,8503,ASP
KGBR,11/29,2579,ASP
KGCC,03/21,5804,CON
KGCC,16/34,7501,CON
KGCD,09/27,4100,ASPH-G
KGCD,17/35,5224,ASPH-G
KGCK,12/30,5700,CON
KGCK,17/35,7299,PEM
KGCM,18/36,5200,ASP
KGCN,03/21,8999,ASP
KGCT,18/36,3400,CON
KGCY,05/23,6300,ASP
KGDB,15/33,4357,ASP
KGDJ,01/19,5201,ASP
KGDJ,14/32,3603,ASP
KGDM,18/36,3001,ASP
KGDV,02/20,3002,ASP
KGDV,12/30,5704,ASP
KGDW,09/27,4699,ASP
KGDW,15/33,2580,GRS
KGED,04/22,5500,ASP
KGED,10/28,3109,ASPH
KGEG,03/21,11002,ASP
KGEG,08/26,8199,ASP
KGEO,18/36,3530,ASP
KGEU,01/19,7150,ASP
KGEV,10/28,5002,ASP
KGEY,16/34,7003,ASP
KGEY,8/26,6953,ASP
KGEZ,01/19,5000,ASP
KGEZ,09/27,2671,GRS
KGFA,H1,100,ASPH
KGFA,H2,100,CONC
KGFD,18/36,2165,TURF-F
KGFK,09L/27R,6701,CONC-G
KGFK,09R/27L,3300,CON
KGFK,17L/35R,3901,CON
KGFK,17R/35L,7351,ASP
KGFL,01/19,5000,ASP
KGFL,12/30,3999,ASP
KGFZ,07/25,3400,CON
KGFZ,14/32,2500,CON
KGGE,05/23,6005,ASP
KGGE,11/29,4539,ASP
KGGE,16/34,4986,ASP
KGGF,15/33,4797,CON
KGGG,13/31,10000,ASP
KGGG,18/36,6110,ASPH-G
KGGI,13/31,5200,CON
KGGP,09/27,5001,ASP
KGGW,08/26,5000,ASP
KGGW,12/30,5002,ASP
KGHG,06/24,3900,ASP
KGHM,02/20,4002,ASP
KGHW,05/23,2778,GRS
KGHW,15/33,4500,ASP
KGIC,07/25,5100,ASP
KGIF,05/23,5005,ASP
KGIF,11/29,4001,ASP
KGJT,04/22,5501,ASP
KGJT,11/29,9339,ASP
KGKJ,07/25,5001,ASP
KGKT,10/28,5506,ASP
KGKY,16/34,6080,CON
KGLD,05/23,4001,ASP
KGLD,12/30,5499,CON
KGLD,17/35,1754,GRS
KGLE,04/22,4691,ASP
KGLE,08/26,3920,ASP
KGLE,13/31,4307,ASP
KGLE,18/36,6000,ASP
KGLH,18L/36R,8001,ASP
KGLH,18R/36L,7019,PEM
KGLR,09/27,6579,ASP
KGLR,18/36,4200,ASP
KGLS,07/25,3774,CON
KGLS,14/32,6000,PEM
KGLS,18/36,6001,CON
KGLW,07/25,5301,ASP
KGLY,04/22,4001,ASP
KGMJ,18/36,5250,ASP
KGMU,01/19,5393,ASP
KGMU,10/28,4000,ASP
KGNB,09/27,5001,ASP
KGNC,08/26,5381,ASP
KGNC,17/35,5002,ASP
KGNF,04/22,4998,ASP
KGNF,13/31,7000,ASP
KGNG,07/25,5371,ASP
KGNT,08/26,2350,GRE
KGNT,13/31,7172,ASP
KGNV,07/25,4158,ASP
KGNV,11/29,7504,ASP
KGOK,16/34,5201,CON
KGON,05/23,5000,ASP
KGON,15/33,4000,ASP
KGOO,07/25,4657,ASP
KGOP,17/35,3400,ASPH-G
KGOV,05/23,5000,CON
KGOV,14/32,5005,ASP
KGPH,18/36,5502,ASP
KGPI,02/20,9007,ASP
KGPI,07/25,3043,ASP
KGPI,12/30,3510,ASP
KGPM,18/36,4001,CON
KGPT,04/22,7000,ASP
KGPT,14/32,9002,PEM
KGPT,18/36,4935,ASP
KGPZ,05/23,3000,ASPH-F
KGPZ,10/28,1450,GRS
KGPZ,16/34,5756,ASP
KGQQ,05/23,3504,ASP
KGRB,06/24,7700,CON
KGRB,12/30,3198,ASP
KGRB,18/36,8700,CON
KGRD,09/27,5001,ASP
KGRE,09/27,2822,GRS
KGRE,18/36,4002,ASP
KGRF,15/33,6124,ASP
KGRI,13/31,6608,CON
KGRI,17/35,7002,ASP
KGRK,15/33,9997,PEM
KGRN,04/22,5196,ASP
KGRN,11/29,2283,ASP
KGRR,08L/26R,5001,CON
KGRR,08R/26L,10001,CON
KGRR,17/35,8501,CON
KGSB,08/26,11760,PEM
KGSH,05/23,2267,GRS
KGSH,09/27,6008,ASP
KGSO,05L/23R,9000,ASPH
KGSO,05R/23L,10001,PEM
KGSO,14/32,6380,ASP
KGSP,04/22,11001,PEM
KGTB,03/21,10000,CON
KGTB,08/26,4501,CON
KGTB,15/33,5002,CON
KGTE,03/21,2599,CON
KGTE,14/32,3300,GRS
KGTF,03/21,10502,ASP
KGTF,07/25,4294,ASP
KGTF,17/35,6030,ASP
KGTG,05/23,3280,GRS
KGTG,12/30,2999,ASP
KGTR,18/36,8003,ASP
KGTU,11/29,4099,ASP
KGTU,18/36,5004,ASP
KGUC,17/35,2981,GVL
KGUC,7/25,9400,ASP
KGUP,06/24,7312,ASP
KGUS,05/23,12501,ASP
KGUY,06/24,1795,GRS
KGUY,18/36,5904,ASP
KGVE,05/23,2300,ASPH-P
KGVL,05/23,5496,ASPH-G
KGVL,11/29,4003,ASP
KGVQ,10/28,5499,ASP
KGVT,13/31,5000,CON
KGVT,17/35,8030,ASP
KGWB,09/27,7106,ASP
KGWO,05/23,5011,ASP
KGWO,09/27,2689,ASP
KGWO,18/36,6501,ASP
KGWR,06/24,2991,GRS
KGWR,16/34,5000,ASP
KGWS,15/33,3309,ASP
KGWW,05/23,5501,ASP
PAGX,17/35,4000,GRAVEL-G
KGXY,10/28,5801,ASP
KGXY,17/35,10000,ASP
KGXY,18/36,3599,ASP
KGYB,17/35,4000,ASP
KGYH,05/23,8000,CON
KGYI,13/31,2300,ASP
KGYI,18L/36R,9000,PEM
KGYI,18R/36L,4008,ASP
KGYL,13/31,3300,ASP
KGYR,03/21,8500,ASP
KGYY,02/20,3604,ASP
KGYY,12/30,8859,ASP
KGZ,11/29,1400,GRVL-P
KGZH,01/19,5005,ASP
KGZH,10/28,5004,ASP
KGZS,16/34,5310,ASP
VDDS,03/21,10498,concrete
VDTI,05/23,13123,CON
KH-0003,05/23,8366,CON
KH-0004,03/21,3871,LAT
KH-0005,16/34,1900,GRS
KH04,17/35,4209,ASP
KH05,17/35,3000,ASP
KH14,H1,44,CON
KH17,03/21,3215,ASP
KH19,13/31,3203,ASP
KOZS,15/33,5002,ASP
KH34,03/21,1250,GRE
KH34,12/30,3646,ASP
KH35,09/27,4504,ASP
H37,06/24,3260,ASP
KH58,01/19,2800,GRE
KH58,15/33,1725,GRS
KH68,18/36,3401,ASP
KH70,04/22,3023,ASP
KH70,17/35,1300,GRS
KH71,18/36,5001,ASP
KH76,17/35,3200,ASP
KH79,18/36,4000,CON
KH88,01/19,4000,ASP
KH92,17/35,3210,ASP
KH96,18/36,4002,ASP
KHAB,18/36,5495,ASP
KHAE,17/35,4400,CON
KHAF,12/30,5000,ASP
KHAI,05/23,2719,ASP
KHAI,09/27,4000,ASP
KHAO,12/30,5500,ASP
KHBC,13/31,3599,ASP
KHBG,13/31,6094,ASP
KHBI,03/21,5501,ASP
KHBR,03/21,2975,ASP
KHBR,12/30,5293,ASP
KHBR,17/35,5507,ASP
KHBV,13/31,5003,ASP
KHBZ,06/24,4002,ASP
KHCD,15/33,4000,ASP
KHCO,13/31,4007,ASP
KHCR,04/22,6898,ASP
KHDC,13/31,6502,PEM
KHDC,18/36,5001,CON
KHDE,11/29,2429,GRE
KHDE,18/36,4701,PEM
KHDN,10/28,10000,ASP
KHDO,04/22,5400,CON
KHDO,08/26,3451,CON
KHDO,13/31,5545,CON
KHDO,17L/35R,6002,CON
KHDO,17R/35L,3224,ASP
KHEE,09/27,3011,ASP
KHEE,18/36,5001,ASP
KHEF,16L/34R,6200,ASP
KHEF,16R/34L,3715,ASP
KHEG,02/20,4000,ASP
KHEG,07/25,4001,ASP
KHEG,11/29,3500,ASP
KHEG,16/34,4000,ASP
KHEI,12/30,4652,ASP
KHEI,17/35,2020,GRS
KHEQ,14/32,5000,ASP
KHEZ,14/32,6500,ASP
KHEZ,18/36,5000,ASP
KHFD,02/20,4417,ASP
KHFD,11/29,2314,ASP
KHFD,NE/SW,2323,TURF
KHFF,04/22,4996,ASP
KHFF,11/29,4740,CON
KHFF,16/34,5529,CON
KHFJ,18/36,6001,CON
KHFY,01/19,5102,ASP
KHGR,02/20,3165,ASP
KHGR,09/27,7000,ASP
KHHF,04/22,5004,ASP
KHHF,18/36,3001,ASP
KHHG,09/27,5001,ASP
KHHR,07/25,4884,CON
KHHW,17/35,4007,ASP
KHIB,04/22,3075,ASP
KHIB,13/31,6758,ASP
KHIE,10/28,4001,ASP
KHIF,14/32,13500,PEM
KHIG,16/34,4400,ASP
KHII,14/32,8000,ASP
KHII,1AZ/LH2,2000,Concrete
KHII,KI5/2AZ,1800,Dirt
KHIO,02/20,3820,ASP
KHIO,13L/31R,3600,Asphalt
KHIO,13R/31L,6600,ASP
KHJH,03/21,2513,GRE
KHJH,12/30,3600,CON
KHJO,14/32,5179,ASP
KHKA,18/36,5002,ASP
KHKS,11/29,3431,CON
KHKS,16/34,5387,ASP
KHKY,01/19,4400,ASP
KHKY,06/24,6401,ASP
KHLB,18/36,5933,ASP
KHLC,18/36,5001,CON
KHLG,03/21,5002,ASP
KHLG,16/34,4499,ASP
KHLN,05/23,4644,ASP
KHLN,09/27,9000,ASP
KHLN,16/34,2989,ASP
KHLR,16H/34H,3803,ASP
KHLX,01/19,4151,ASP
KHMN,04/22,10578,PEM
KHMN,07/25,12922,PEM
KHMN,16/34,12134,PEM
KHMT,04/22,2014,ASP
KHMT,05/23,4315,ASP
KHMY,18/36,2005,ASP
KHMZ,14/32,5006,ASP
KHNB,09/27,5501,ASP
KHND,17L/35R,5001,ASP
KHND,17R/35L,6501,ASP
KHNR,03/21,1693,GRS
KHNR,15/33,4100,ASP
KHNZ,06/24,5501,ASP
KHOB,04/22,8000,ASP
KHOB,13/31,6002,ASP
KHOB,17/35,4370,ASP
KHOC,05/23,3520,ASP
KHOE,14/32,4999,ASP
KHON,12/30,7201,CON
KHON,18/36,5000,CON
KHOP,05/23,10926,ASP
KHOP,18/36,4500,ASP
KHOT,05/23,6595,ASP
KHOT,13/31,4098,ASP
KHOU,04/22,7602,CON
KHOU,13L/31R,5148,CON
KHOU,13R/31L,7602,ASP
KHOU,17/35,6000,PEM
KHPN,11/29,4451,ASP
KHPN,16/34,6549,ASP
KHPT,17/35,4020,CON
KHPY,14/32,4334,ASP
KHQG,02/20,5000,CON
KHQG,13/31,3039,ASP
KHQM,06/24,5000,ASP
KHQU,10/28,5514,ASP
KHQZ,17/35,5999,CON
KHRI,05/23,4501,ASP
KHRJ,05/23,5005,ASP
KHRL,13/31,7257,ASP
KHRL,18L/36R,5950,ASP
KHRL,18R/36L,9400,ASP
KHRO,18/36,6161,ASP
KHRT,18/36,9600,CON
KHRU,17/35,4184,ASP
KHRX,02/20,6100,CONC
KHRX,14/32,3807,GRS
KHSA,18/36,8498,ASP
KHSB,06/24,5013,ASP
KHSB,14/32,2764,ASP
KHSD,17/35,5000,CON
KHSE,07/25,3002,ASP
KHSG,05/23,6370,ASPH
KHSI,04/22,4501,CON
KHSI,14/32,6451,CON
KHSP,07/25,5600,ASP
KHSR,01/19,4506,ASP
KHSR,06/24,3926,GRS
KHST,05/23,11201,CON
KHST,32/14,6523,Asphault
KHSV,18L/36R,10001,ASP
KHSV,18R/36L,12600,ASP
KHTH,10/28,6000,ASP
KHTH,15/33,3250,GRE
KHTL,09/27,4000,ASP
KHTL,18/36,2200,GRS
KJPX,10/28,4255,ASP
KJPX,16/34,2060,ASP
KHTS,03/21,3007,ASP
KHTS,12/30,7017,ASP
KHTW,08/26,2998,ASP
KHUA,17/35,7300,ASP
KHUF,05/23,9021,ASP
KHUF,14/32,7200,PEM
KHUF,18/36,4001,PEM
KHUL,01/19,2700,ASP
KHUL,05/23,5015,ASP
KHUM,12/30,4999,CON
KHUM,18/36,6509,CON
KHUT,04/22,4405,PEM
KHUT,13/31,7003,ASP
KHUT,17/35,4012,ASP
KHVC,08/26,5505,ASP
KHVE,09/27,5001,ASP
KHVE,17/35,4841,GRS
KHVN,02/20,5600,ASP
KHVN,14/32,3626,ASP
KHVR,03/21,3699,ASP
KHVR,08/26,5205,ASPH-F
KHVS,03/21,5000,ASP
KHWD,10L/28R,3108,ASP
KHWD,10R/28L,5694,ASP
KHWO,10L/28R,3241,ASP
KHWO,10R/28L,3463,ASP
KHWO,19L/01R,3260,ASP
KHWO,19R/01L,3000,ASP
KHWQ,09/27,4200,ASP
KHWV,06/24,4201,ASP
KHWV,15/33,4222,PEM
KHWY,15/33,5000,ASPH-G
KHXD,03/21,5000,ASP
KHXF,09/27,3401,ASPH
KHXF,18/36,2231,GRS
KHYA,06/24,5425,ASP
KHYA,15/33,5255,ASP
KHYI,08/26,6330,ASP
KHYI,13/31,5601,ASP
KHYI,17/35,5214,ASP
KHYR,03/21,5003,ASP
KHYR,16/34,1088,GRS
KHYS,04/22,4501,CON
KHYS,16/34,6501,ASP
KHYW,04/22,4401,ASP
KHYX,05/23,2952,ASP
KHYX,10/28,5002,ASP
KHZD,01/19,5507,ASP
KHZE,15/33,4999,ASP
KHZL,10/28,5001,ASP
KHZR,18/36,5003,ASP
KHZX,14/32,3400,ASP
KHZY,09/27,5900,ASP
KI06,17/35,4000,ASP
KI06,18/36,4900,ASP
KI10,05/23,3811,ASP
KSCA,05/23,2981,ASP
KSCA,10/28,5013,ASP
KI16,08/26,3701,ASP
KI17,08/26,3998,ASP
KI18,04/22,4000,ASP
KI22,07/25,3977,ASP
KI22,09/27,1960,GRS
KI23,05/23,5097,ASP
KI34,18/36,3433,ASP
KI35,08/26,3461,ASP
KRGA,18/36,5001,ASP
I40,04/22,5001,ASP
KJRO,01/19,5201,ASP
KI50,06/24,2996,ASP
53KT,01/19,3000,ASP
KI54,09/27,3405,GRS
KSXU,01/19,5013,ASP
KSXU,08/26,4294,ASP
KI63,18/36,5905,ASP
I64,03/21,3800,ASP
KI66,03/21,3579,ASP
KI67,01/19,2808,ASP
KI67,09/27,1770,GRS
I68,01/19,4505,ASP
KI69,04/22,3567,ASP
I71,12/30,3500,ASPH-G
KI73,08/26,3500,ASP
KI74,02/20,4400,ASP
KI75,18/36,4001,CON
KI76,01/19,4400,ASP
KI86,08/26,3498,ASP
KI93,09/27,3500,ASP
KI95,04/22,4797,ASP
KIAB,01L/19R,12000,CON
KIAB,01R/19L,12007,PEM
KIAD,01C/19C,11500,CONC-G
KIAD,01L/19R,9400,CON
KIAD,01R/19L,11500,CON
KIAD,12/30,10501,CON
KIAG,06/24,5188,ASP
KIAG,10/28,9826,PEM
KIAG,10R/28L,3973,ASP
KIAH,08L/26R,9000,CON
KIAH,08R/26L,9402,CON
KIAH,09/27,10000,ASP
KIAH,15L/33R,12001,CON
KIAH,15R/33L,10000,CON
KIB,N/S,10000,WATER
KIBM,10/28,6199,CON
KICL,02/20,5002,CON
KICL,13/31,2729,GRS
KICR,03/21,2751,GRS
KICR,13/31,5500,CON
KICT,01L/19R,10302,CON
KICT,01R/19L,7302,CON
KICT,14/32,6301,CON
KIDA,02/20,9002,ASP
KIDA,17/35,3964,ASP
KIDG,12/30,3172,ASP
KIDI,11/29,5502,ASP
KIDL,04/22,4500,CON
KIDL,13/31,4500,CON
KIDL,18/36,7004,CON
KIDP,04/22,3402,ASP
KIDP,17/35,5501,ASP
KIEN,06/24,3003,ASP
KIEN,12/30,5000,ASP
KIER,07/25,4000,ASP
KIER,17/35,5003,ASP
KIFA,13/31,4602,ASP
KIFP,16/34,8501,ASP
KIGM,03/21,6827,ASP
KIGM,08/26,6725,ASP
KIGM,17/35,6725,ASP
KIGQ,09/27,3395,ASP
KIGQ,18/36,4002,ASP
KIIB,18/36,5500,CON
KIIY,13/31,5020,ASP
KIJD,04/22,4050,ASP
KIJD,09/27,4271,ASP
KIJD,18/36,2799,ASP
KIJX,04/22,4001,ASP
KIJX,13/31,5000,ASP
KIKG,13/31,6000,ASP
KIKK,04/22,5981,ASP
KIKK,16/34,4398,ASP
KIKV,04/22,4200,CON
KIKV,18/36,5500,CON
KILE,01/19,5495,ASP
KILG,01/19,7012,ASP
KILG,09/27,7275,ASP
KILG,14/32,4602,ASP
KILM,06/24,8016,CON
KILM,17/35,7754,ASP
KILN,04L/22R,10701,CON
KILN,04R/22L,9000,CON
KIML,03/21,2756,GRE
KIML,13/31,5022,CON
KIMM,04/22,5001,ASP
KIMM,09/27,5000,ASP
KIMM,18/36,4550,ASP
KIMS,03/21,5000,ASP
KIMT,01/19,6502,ASP
KIMT,13/31,3810,ASP
KIND,05L/23R,11200,CON
KIND,05R/23L,10000,CON
KIND,14/32,7278,ASP
KINF,01/19,5000,ASP
KINJ,16/34,3998,ASP
KINK,04/22,3514,ASP
KINK,13/31,5003,ASP
KINL,04/22,2999,ASP
KINL,13/31,7400,ASP
KINS,08/26,9002,PEM
KINS,13/31,5476,ASP
KINT,04/22,3938,ASP
KINT,15/33,6655,ASP
KINW,04/22,7499,ASP
KINW,11/29,7100,ASP
KINW,17/35,6068,ASP
KIOB,03/21,5000,ASP
KIOW,07/25,5002,CON
KIOW,12/30,4200,CON
KIPJ,05/23,5700,ASP
KIPL,08/26,4501,ASP
KIPL,14/32,5308,ASP
KIPT,09/27,6825,ASP
KIPT,12/30,4273,ASP
KIRK,09/27,1370,GRE
KIRK,18/36,6005,CON
KIRS,01/19,5201,ASP
KIRS,06/24,3601,ASP
KISB,17/35,3000,CON
KISM,06/24,5001,ASP
KISM,15/33,6001,ASP
KISO,05/23,11498,ASP
KISP,06/24,7006,ASP
KISP,10/28,5034,ASP
KISP,15L/33R,3175,ASP
KISP,15R/33L,5186,ASP
KISQ,01/19,2501,ASPH-G
KISQ,10/28,5001,ASP
KISW,02/20,5500,ASP
KISW,11/29,3640,ASP
KISW,18/36,2072,GRE
KITH,14/32,6977,ASP
KITH,15/33,2018,GRS
KITR,15/33,5199,CON
KIWA,12C/30C,10201,PEM
KIWA,12L/30R,9300,CON
KIWA,12R/30L,10401,CON
KIWD,09/27,6502,ASP
KIWH,09/27,4401,ASP
KIWH,18/36,1940,ASP
KIWI,07/25,3397,ASP
KIWS,15/33,3953,ASP
KIXA,02/20,5500,ASPH-E
KIXD,04/22,5132,ASP
KIXD,18/36,7339,ASP
KIYK,02/20,6275,ASP
KIYK,10/28,4150,ASP
KIYK,15/33,7100,ASP
KIZA,08/26,2803,ASP
KIZG,14/32,4200,ASP
KJAC,01/19,6300,ASP
KJAN,16L/34R,8500,ASP
KJAN,16R/34L,8500,ASP
KJAS,18/36,5500,ASP
KJAU,05/23,4000,ASP
KJAX,08/26,10000,CON
KJAX,14/32,7701,CON
KJBR,05/23,6200,ASP
KJBR,13/31,4099,ASP
KJCT,08/26,2255,GRS
KJCT,17/35,5004,ASP
KJDD,18/36,4002,ASP
KJDN,10/28,4300,ASP
KJEF,09/27,3401,CON
KJEF,12/30,6000,ASP
KJER,09/27,5002,ASPH-G
KJES,11/29,5500,ASPH-G
KJFK,04L/22R,12079,PEM
KJFK,04R/22L,8400,ASP
KJFK,13L/31R,10000,PEM
KJFK,13R/31L,14511,PEM
KJFX,09/27,5004,ASP
KJFZ,07/25,4299,ASP
KJGG,13/31,3204,ASP
KJHW,07/25,5300,ASP
KJHW,13/31,4499,ASP
KJKA,09/27,6962,ASP
KJKA,17/35,3596,ASP
KJKJ,12/30,4300,ASP
KJKL,01/19,4400,ASP
KJLN,05/23,3604,ASP
KJLN,13/31,6501,ASP
KJLN,18/36,6502,ASP
KJMR,11/29,3152,GRE
KJMR,17/35,4794,ASP
KJMS,04/22,5750,ASP
KJMS,13/31,6502,ASP
KJNX,03/21,5500,ASP
KJOT,04/22,2552,GRS
KJOT,13/31,2821,ASP
KJQF,02/20,7402,ASP
KJSD,H1,1500,ASPH
KJSD,H2,1300,ASPH
KJSO,14/32,5006,ASP
KJST,05/23,4387,ASP
KJST,10/28,3700,ASP
KJST,15/33,7004,ASP
KJSV,17/35,4006,ASP
KJVL,04/22,6701,ASP
KJVL,14/32,7302,CON
KJVL,18/36,5004,ASP
KJVY,14/32,3899,ASP
KJVY,18/36,7000,ASP
KJWG,17/35,4001,ASP
KJWN,02/20,6001,ASP
KJWY,18/36,6500,ASP
KJXI,18/36,3998,ASP
KJXN,07/25,5351,ASP
KJXN,14/32,4000,ASP
KJYG,15/33,3999,ASP
KJYL,05/23,5501,ASP
KJYL,10/28,4125,ASP
KJYL,15/33,3787,ASP
KJYM,10/28,5000,ASP
KJYO,17/35,5500,ASP
KJYR,05/23,4481,GRS
KJYR,17/35,5900,CON
KJZI,04/22,4313,CON
KJZI,09/27,5350,CON
KJZP,16/34,5000,ASP
KPCD,02/20,6483,CON
KK06,18/36,4000,ASP
KK09,04/22,3016,ASP
K15,14/32,3205,ASP
KK16,06/24,3000,ASP
K19,01/19,3300,CON
KCPF,06/24,3246,ASP
KCPF,14/32,5499,ASP
KSJS,03/21,5051,ASP
K24,17/35,5010,ASP
KK32,16/34,3200,ASP
KK33,17/35,2998,ASP
K38,17/35,3406,CON
KK44,04/22,2000,GRE
KK44,17/35,4050,ASP
KK49,03/21,3564,ASP
KK49,17/35,2340,GRE
KK51,01/19,2270,GRS
KK51,13/31,1690,GRS
KK51,16/34,3200,ASP
KK52,09/27,3515,ASP
KK57,18/36,3600,CON
K58,02/20,3125,GRS
K58,14/32,3135,GRS
KK59,16/34,3000,ASP
KK59,9/27,4000,Concrete/Asphalt
KK61,04/22,2340,GRS
KK61,08/26,1658,GRS
KK61,17/35,4200,CON
KK62,03/21,4002,ASP
KK74,12/30,3300,CON
K75,02/20,4206,ASP
K75,12/30,2907,GRS
KK77,12/30,3000,ASP
KK79,17/35,4205,PEM
KK81,03/21,3398,ASP
KK81,15/33,1940,GRS
KK82,14/32,4400,ASP
KK82,17/35,3601,ASP
K83,01/19,3208,ASP
K83,12/30,1440,GRS
KK88,01/19,5501,CON
KK88,17/35,1170,ASP
KK89,02/20,4150,ASP
K94,17/35,3200,ASP
KKB,E/W,4000,WATER
KKI,E/W,5000,WATER
KKI,NW/SE,5000,WATER
KKIC,11/29,4479,ASP
KKL,NW/SE,10000,WATER
KKLS,12/30,4391,ASP
KKNB,01/19,6200,ASP
KKU,01/19,1200,GRVL-DIRT
KL00,08/26,3600,ASP
KL04,08/26,6000,CON
KL05,17/35,3500,ASP
KL06,15/33,3065,ASP
L08,08/26,5011,ASP
KL09,05/23,3260,ASP
KL17,03/21,1570,ASP
KL17,07/25,3283,ASP
KL19,12/30,3380,ASP
KL22,06/24,4363,ASP
KL23,18/36,5712,ASP
KL26,03/21,3910,ASP
KL31,18/36,3004,ASP
KL32,06/24,3000,ASPH-E
KL32,14/32,2200,GRS
KL33,16/34,3509,ASP
KL35,8/26,5850,ASP
KREG,17/35,5003,ASP
L39,18/36,3807,ASP
KL41,03/21,3715,ASP
KL45,16/34,4000,ASP
KL62,11/29,3260,ASP
CN64,05/23,4200,ASP
KL65,15/33,5100,ASP
KL65,18/36,950,gravel
L66,04/22,4500,ASP
L66,13/31,4540,ASP
L66,18/36,4499,ASP
KL70,04/22,4600,ASP
KL71,06/24,6027,ASP
L72,17/35,5910,ASP
KL73,16/34,3000,ASP
KL77,06/24,4000,ASP
KL83,08/26,2999,ASP
KL88,10/28,3940,ASP
KL94,09L/27R,4890,ASP
KL94,09R/27L,4890,ASP
KLAA,08/26,5001,ASP
KLAA,18/36,6304,CON
KLAF,05/23,4225,ASP
KLAF,10/28,6600,ASP
KLAL,05/23,5000,ASP
KLAL,10/28,8500,ASP
KLAM,09/27,6000,ASP
KLAN,06/24,5003,PEM
KLAN,10L/28R,3601,ASP
KLAN,10R/28L,8506,ASP
KLAR,03/21,8503,ASP
KLAR,12/30,6301,ASP
KLAS,01L/19R,9770,CON
KLAS,01R/19L,9769,ASP
KLAS,08L/26R,14835,ASP
KLAS,08R/26L,10526,ASP
KLAW,17/35,8599,CON
KLAX,6L/24R,8926,CON
KLAX,6R/24L,10859,CON
KLAX,7L/25R,12894,CON
KLAX,7R/25L,11095,CON
KLBB,08/26,8003,CON
KLBB,17L/35R,2891,ASP
KLBB,17R/35L,11500,CON
KLBE,06/24,8222,ASP
KLBE,3/21,3596,ASP
KLBF,12/30,8001,CON
KLBF,17/35,4436,ASP
KLBL,04/22,5000,CONC-F
KLBL,17/35,7105,ASP
KLBO,09/27,2300,ASP
KLBO,18/36,5000,ASP
KLBR,17/35,3000,ASP
KLBT,01/19,4974,ASP
KLBT,05/23,5505,ASP
KLBT,13/31,5007,ASP
KLBX,17/35,7000,ASP
KLCG,05/23,3406,ASP
KLCG,13/31,2070,GRS
KLCG,18/36,4201,ASP
KLCH,05/23,5200,ASP
KLCH,15/33,6500,CON
KLCI,08/26,5890,ASP
KLCK,05L/23R,11902,ASP
KLCK,05R/23L,12103,PEM
KLCK,06/24,3244,ASP
KLCQ,05/23,4000,ASP
KLCQ,10/28,8003,ASP
KLDJ,9/27,4140,ASP
KLDM,01/19,3503,ASPH-G
KLDM,08/26,5003,ASPH-G
KLEB,07/25,5496,ASP
KLEB,18/36,5200,ASP
KLEE,04/22,4957,ASP
KLEE,13/31,6300,ASP
KLEM,11/29,4501,ASP
KLEM,17/35,1900,GRS
KLEW,04/22,5001,ASP
KLEW,17/35,2750,ASP
KLEX,04/22,7004,ASP
KLEX,09/27,4000,concrete
KLFI,08/26,10002,CON
KLFK,07/25,5400,ASP
KLFK,16/34,4311,ASP
KLFT,04L/22R,4098,ASP
KLFT,04R/22L,8000,ASP
KLFT,11/29,5403,ASP
KLGA,04/22,7002,ASP
KLGA,13/31,7002,ASP
KLGA,H1/H1,60,ASP
KLGB,08L/26R,6192,ASP
KLGB,08R/26L,3918,ASP
KLGB,12/30,10000,ASP
KLGB,16L/34R,4267,ASP
KLGB,16R/34L,4470,ASP
KLGC,03/21,5000,ASP
KLGC,13/31,6499,ASP
KLGD,12/30,6261,ASP
KLGD,17/35,3400,ASP
KLGF,06/24,6043,ASP
KLGF,18/36,6142,ASP
KLGU,05/23,5007,ASP
KLGU,10/28,4075,ASP
KLGU,17/35,9020,ASP
KLHB,18/36,4001,ASP
KLHM,15/33,6001,ASP
KLHQ,10/28,5003,ASP
KLHV,09L/27R,3799,ASP
KLHV,09R/27L,2179,GRS
KLHW,06L/24R,6500,ASP
KLHW,06R/24L,2610,ASP
KLHW,15L/33R,5001,ASP
KLHW,15R/33L,2520,ASP
KLHX,08/26,6849,ASP
KLHX,12/30,5803,ASP
KLHZ,05/23,5498,ASP
KLIC,16/34,4700,CON
KLIT,04L/22R,8273,CON
KLIT,04R/22L,8251,CON
KLIT,18/36,6224,CON
KLIU,01/19,4021,ASP
KLIU,13/31,2513,ASP
KLJF,13/31,4002,ASP
KLKP,14/32,4196,ASP
KLKR,06/24,6004,ASP
KLKU,09/27,4300,ASP
KLKV,17/35,5318,ASP
KLLJ,17/35,4601,ASP
KLLN,08/26,2072,ASP
KLLN,17/35,6110,ASP
KLLQ,03/21,5020,ASP
KLLR,11/29,5249,ASP
KLLU,03/21,2900,ASP
KLLU,17/35,4000,CON
KLMO,11/29,4799,CONC-G
KLMS,17/35,4669,ASP
KLMT,01/19,5162,ASP
KLMT,07/25,5260,ASP
KLMT,14/32,10302,PEM
KLNA,04/22,3256,ASP
KLNA,10/28,3489,ASP
KLNA,16/34,3421,ASP
KLNC,13/31,6500,ASP
KLND,04/22,5000,ASP
KLNK,14/32,8649,PEM
KLNK,17/35,5801,PEM
KLNK,18/36,12901,PEM
KLNL,05/23,2577,GRS
KLNL,14/32,4000,ASP
KLNN,05/23,5028,ASP
KLNN,10/28,4272,ASP
KLNP,06/24,5131,ASP
KLNR,09/27,5000,ASP
KLNR,18/36,1850,ASP
KLNS,08/26,6933,ASP
KLNS,13/31,4102,ASP
KLOL,02/20,5529,ASP
KLOL,08/26,4931,ASP
KLOM,06/24,3700,ASP
KLOT,02/20,6500,CON
KLOT,09/27,5500,ASP
KLOU,06/24,4358,ASP
KLOU,15/33,3580,ASPH-G
KLOZ,06/24,5750,ASP
KLPC,07/25,4600,ASP
KLPR,07/25,5002,ASP
KLQK,05/23,5002,ASP
KLQR,04/22,2860,GRS
KLQR,12/30,2830,GRS
KLQR,17/35,4201,CON
KLRD,14/32,5927,CON
KLRD,18L/36R,8236,CON
KLRD,18R/36L,8743,ASP
KLRF,07/25,12001,CON
KLRF,071/251,3354,CON
KLRG,06W/24W,2400,WATER
KLRG,17/35,2804,ASP
KLRJ,18/36,5056,CON
KLRO,17/35,3700,ASP
KLRU,04/22,7501,ASP
KLRU,08/26,6069,ASP
KLRU,12/30,7506,ASP
KLRY,17/35,4000,ASP
KLSB,01/19,3251,GRE
KLSB,12/30,5224,ASP
KLSE,04/22,5199,ASP
KLSE,13/31,6050,ASP
KLSE,18/36,8742,CON
KLSF,15/33,10002,ASP
KLSK,10/28,5058,ASP
KLSN,14/32,3801,ASP
KLSV,03L/21R,10120,CON
KLSV,03R/21L,10051,CON
KLTS,17/35,3501,ASP
KLTS,176/356,3500,ASPH
KLTS,18L/36R,9001,ASP
KLTS,18R/36L,13440,CON
KLTY,07/25,4607,ASP
KLTY,16/34,1710,GRS
KLUD,17/35,4200,ASP
KLUF,03L/21R,10000,ASP
KLUF,03R/21L,9912,CON
KLUG,02/20,5001,ASP
KLUK,03L/21R,3802,ASP
KLUK,03R/21L,6101,ASP
KLUK,07/25,5127,ASP
KLUL,13/31,5513,ASP
KLUM,09/27,5074,ASP
KLUM,18/36,3470,ASP
KLUX,08/26,4051,ASP
KLVJ,14/32,4313,ASP
KLVJ,14L/32R,2800,GRS
KLVK,07L/25R,5253,ASP
KLVK,07R/25L,2699,ASP
KLVK,H1,24,ASP
KLVL,06/24,1890,GRE
KLVL,18/36,3020,ASP
KLVM,04/22,5701,ASP
KLVM,08/26,3762,GRS
KLVM,13/31,2724,GRS
KLVN,12/30,4099,ASP
KLVS,02/20,5006,ASP
KLVS,14/32,8199,ASP
KLWA,05/23,4800,ASP
KLWA,14/32,3260,GRS
KLWB,04/22,7003,ASP
KLWC,01/19,3901,CON
KLWC,15/33,5701,ASP
KLWL,01/19,2681,GVL
KLWL,09/27,5508,ASP
KLWM,05/23,5001,ASP
KLWM,14/32,3654,ASP
KLWS,08/26,6511,ASP
KLWS,12/30,5003,ASPH-G
KLWT,03/21,5600,ASP
KLWT,08/26,6100,ASP
KLWT,13/31,4102,ASP
KLWV,04U/22U,1000,TURF-F
KLWV,09/27,5198,ASP
KLWV,18/36,5199,ASP
KLXL,13/31,4010,ASP
KLXL,18/36,2858,GRS
KLXN,01/19,3200,GRS
KLXN,14/32,5489,CON
KLXT,11/29,4000,CON
KLXT,18/36,5501,CON
KLXV,16/34,6400,ASP
KLXY,18/36,5000,ASP
KLYH,04/22,7100,ASP
KLYH,17/35,3386,ASP
KLYO,14/32,1700,GRS
KLYO,17/35,4400,CON
KLYO,17L/35R,2550,GRS
KLYV,18/36,4200,ASPH-G
KLZD,13/31,2700,ASPH-G
KLZU,07/25,6001,ASP
KLZZ,16/34,4202,ASP
KM-0001,03/21,4446,UNK
KM01,17/35,3799,ASP
M02,17/35,5001,ASP
KM04,01/19,5003,ASP
KM05,18/36,4003,ASP
KM08,01/19,5007,ASP
KM11,17/35,3000,ASP
KM12,04/22,3950,ASP
KM12,18/36,3984,ASP
M13,16/34,4000,ASP
KM15,18/36,3600,ASP
KJVW,12/30,5499,ASP
KM17,18/36,4000,ASP
KM18,04/22,5301,CON
KM18,16/34,5501,CON
KM19,04/22,5002,CON
KM19,09/27,5000,CON
KM19,13/31,3650,CON
KM19,18/36,5002,CON
KM20,02/20,4000,ASP
KM21,05/23,5000,ASP
KM22,02/20,5500,ASPH-G
KM23,13/31,3000,ASP
KM24,17/35,3500,ASP
KM25,18/36,4627,ASP
KM27,09/27,4000,ASP
M29,02/20,4600,ASP
KM30,18/36,4002,ASP
KM31,05/23,4700,CON
KM31,13/31,4700,CON
KM31,18/36,4700,CON
KM32,01/19,4400,ASP
KXNX,17/35,6300,ASP
KM34,10/28,3997,ASP
KM36,02/20,4002,ASP
KM37,18/36,3000,ASP
KM40,18/36,4999,ASP
KM41,18/36,3202,ASP
KM43,12/30,3197,ASP
KM44,03/21,4400,ASP
M45,17/35,4443,ASP
KM46,06/24,5100,ASP
KM48,16/34,3500,CON
KM50,04/22,4200,ASP
KM51,09/27,3115,GRS
KM51,13/31,2700,GRS
KM51,18/36,2200,GRS
KM52,02/20,2160,GRS
KM52,15/33,5000,ASP
KM53,04/22,4003,ASP
KM54,01/19,5000,ASP
KM54,04/22,1801,GRS
KM55,17/35,3613,ASPH-F
KM56,8W/26W,6000,WAT
KM59,18/36,3000,ASP
KM60,09/27,3797,ASP
M66,17/35,3229,ASP
KM70,18/36,4000,ASP
KM71,09/27,3227,ASP
KM72,18/36,3903,ASPH-G
M73,10/28,3000,ASP
M73,18/36,3494,ASP
KM75,08/26,4500,ASP
KM77,01/19,3994,ASP
KM78,04/22,3188,ASP
KM79,09/27,2200,GRS
KM79,18/36,3998,ASP
KM80,17/35,2642,GRS
KM80,18/36,3003,ASP
KM83,18/36,3850,ASP
KM85,15/33,4504,ASP
KADF,04/22,5002,ASP
M90,15/33,3499,ASP
KM91,04/22,5505,ASP
KM93,08/26,3000,ASP
KM94,10/28,3665,ASP
KM95,18/36,4899,ASP
KM96,18/36,1600,Winter snow
KM96,18W/36W,2500,Summer water.
KM96,9W/27W,2500,Summer water
KMAC,10/28,4694,ASP
KMAC,15/33,3614,ASP
KMAE,07/25,3702,ASP
KMAE,12/30,5545,ASP
KMAF,04/22,4605,ASP
KMAF,10/28,8302,ASP
KMAF,16L/34R,4247,ASP
KMAF,16R/34L,9501,ASP
KMAI,04/22,4996,ASP
KMAI,08/26,4763,ASPH-P
KMAI,08L/26R,3117,ASP
KMAI,14/32,4992,ASP
KMAI,18/36,6001,ASPH
KMAI,18R/36L,3120,ASP
KMAL,05/23,3994,ASP
KMAL,14/32,3250,ASP
KMAO,04/22,4505,ASP
KMAW,04/22,5001,ASP
KMAW,14/32,5001,ASPH-G
KMAW,18/36,5010,ASP
AYON,17/35,1434,Grassed brown silt clay
KMBG,12/30,4410,ASP
KMBG,17/35,2387,GRS
KMBL,01/19,2721,ASP
KMBL,10/28,5501,ASP
KMBO,17/35,4444,ASP
KMBS,05/23,8002,ASP
KMBS,14/32,6399,ASP
KMBT,18/36,4750,ASP
KMBY,05/23,3350,ASP
KMBY,13/31,5000,ASP
KMCB,16/34,5000,ASP
KMCC,16/34,10599,CON
KMCD,08/26,3501,ASP
KMCE,12/30,5914,ASP
KMCF,04/22,11421,ASP
KMCI,01L/19R,10801,CON
KMCI,01R/19L,9500,CON
KMCI,09/27,9501,ASP
KMCK,04/22,4000,CONC-G
KMCK,12/30,6450,CON
KMCK,17/35,1330,GRS
KMCN,05/23,6500,ASP
KMCN,14/32,5000,ASP
KMCO,17L/35R,9001,ASP
KMCO,17R/35L,10000,CON
KMCO,18L/36R,12005,PEM
KMCO,18R/36L,12004,CON
KMCW,12/30,5502,ASP
KMCW,18/36,6501,ASP
KMCX,18/36,5001,ASP
KMCZ,03/21,5000,ASP
KMDA,13/31,3000,ASP
KMDA,18/36,1600,CON
KMDD,07/25,5571,ASP
KMDD,16/34,3977,ASP
KMDF,17/35,3500,ASP
KMDH,06/24,4163,ASP
KMDH,18L/36R,6506,ASP
KMDH,18R/36L,3498,ASP
KMDQ,18/36,6500,ASP
KMDS,03/21,2380,GRS
KMDS,15/33,5000,ASP
KMDT,13/31,10001,ASP
KMDW,04L/22R,5507,ASP
KMDW,04R/22L,6445,PEM
KMDW,13L/31R,6522,CON
KMDW,13LC/31RC,5141,ASP
KMDW,13R/31L,3859,CON
KMDZ,09/27,6000,ASP
KMDZ,16/34,4435,ASP
KMEB,05/23,6503,CON
KMEB,13/31,3536,CON
KMEI,01/19,10003,ASP
KMEI,04/22,5052,ASP
KMEJ,08/26,2085,GRS
KMEJ,17/35,4800,CON
KMEM,09/27,8946,ASP
KMEM,18C/36C,11120,CON
KMEM,18L/36R,9000,CON
KMEM,18R/36L,9320,CON
KMER,13/31,11802,PEM
KMEV,12/30,5299,ASPH-G
KMEV,12G/30G,2050,DIRT-G
KMEV,16/34,7399,ASP
KMEY,02/20,2801,CON
KMEZ,09/27,5485,ASP
KMEZ,17/35,5001,ASP
KMFD,05/23,6819,ASP
KMFD,14/32,9001,ASP
KMFE,13/31,7120,ASP
KMFE,18/36,2639,ASP
KMFI,04/22,3600,ASP
KMFI,16/34,5003,ASP
KMFR,09/27,3136,ASP
KMFR,14/32,8800,ASP
KMFV,03/21,5000,ASP
KMGC,02/20,4099,ASP
KMGE,11/29,10002,CON
KMGE,110/290,3495,ASPH
KMGG,04W/22W,8000,WATER
KMGG,10/28,2796,ASPH-G
KMGJ,04/22,5006,PEM
KMGJ,08/26,3664,ASP
KMGM,03/21,4011,ASP
KMGM,10/28,9020,ASP
KMGN,10/28,4149,ASP
KMGR,04/22,6000,ASP
KMGR,16/34,3878,ASP
KMGW,05/23,2769,ASP
KMGW,18/36,5199,ASP
KMGW,5/23,2769,ASP
KMGY,02/20,5000,ASP
KMHE,13/31,6701,ASP
KMHE,18/36,5513,ASP
KMHK,03/21,7400,CON
KMHK,13/31,5001,PEM
KMHL,09/27,3303,GRE
KMHL,18/36,5005,ASP
KMHP,10/28,5001,ASP
KMHR,04L/22R,6081,ASP
KMHR,04R/22L,11301,CON
KMHT,06/24,7651,ASP
KMHT,17/35,9250,ASP
KMHV,04/22,4747,ASP
KMHV,08/26,7049,ASP
KMHV,12/30,12503,PEM
KMIA,08L/26R,8600,ASP
KMIA,08R/26L,10506,ASP
KMIA,09/27,13016,ASP
KMIA,12/30,9360,ASP
KMIB,11/29,13197,CON
KMIC,06L/24R,2500,ASP
KMIC,06R/24L,1669,GRS
KMIC,14/32,3751,ASP
KMIC,14R/32L,3266,ASP
KMIE,03/21,5198,ASP
KMIE,14/32,6500,ASP
KMIO,17/35,5020,ASP
KMIT,12/30,4501,ASP
KMIT,17/35,2972,CON
KMIV,10/28,6003,ASP
KMIV,14/32,5058,CON
KMIW,13/31,5007,ASP
KMIW,18/36,2759,ASP
KMJD,18/36,5000,ASP
KMJQ,04/22,2282,GRS
KMJQ,13/31,3591,ASP
KMJX,06/24,5950,ASP
KMJX,14/32,3599,Asphalt
KMKA,15/33,3601,ASP
KMKC,01/19,6827,CON
KMKC,04/22,5050,ASP
KMKE,01L/19R,9990,PEM
KMKE,01R/19L,4182,ASP
KMKE,07L/25R,4797,ASP
KMKE,07R/25L,8300,PEM
KMKE,13/31,5537,ASP
KMKG,06/24,6500,ASP
KMKG,14/32,6100,ASP
KMKJ,08/26,5252,ASP
KMKL,02/20,6005,ASP
KMKL,11/29,3539,ASP
KMKN,17/35,4497,ASP
KMKO,04/22,4498,ASP
KMKO,13/31,7202,CON
KMKO,18/36,1904,ASP
KMKS,05/23,5001,ASP
KMKT,04/22,4000,ASP
KMKT,15/33,6600,ASP
KMKV,04/22,3799,ASP
KMKY,17/35,5000,ASP
KMLB,05/23,3001,ASP
KMLB,09L/27R,6000,ASP
KMLB,09R/27L,10181,ASP
KMLC,02/20,5602,CONC-F
KMLD,08/26,3918,TURF
KMLD,17/35,4946,ASP
KMLE,12/30,3801,CON
KMLF,16/34,5004,ASP
KMLI,05/23,3514,ASP
KMLI,09/27,10002,PEM
KMLI,13/31,7301,PEM
KMLJ,10/28,5506,ASP
KMLS,04/22,5764,ASP
KMLS,13/31,5624,ASP
KMLT,11/29,4713,ASP
KMLT,16/34,4000,ASP
KMLU,04/22,7504,PEM
KMLU,14/32,6301,ASP
KMLU,18/36,5001,ASP
WAKJ,13/31,1992,GRS
KMMH,09/27,7000,ASP
KMMI,02/20,6450,ASP
KMMK,18/36,3100,ASP
KMML,02/20,3999,ASP
KMML,12/30,7221,ASP
KMMS,02/20,3346,ASP
KMMT,05/23,2030,ASP
KMMT,14/32,9012,PEM
KMMT,18/36,4500,CON
KMMU,05/23,5998,ASP
KMMU,13/31,3997,ASP
KMMV,04/22,5420,ASP
KMMV,17/35,4340,ASP
KMNF,10/28,5005,ASP
KMNI,02/20,3602,ASP
KMNM,03/21,6001,ASP
KMNM,14/32,5101,ASP
KMNN,07/25,5000,ASP
KMNN,13/31,3498,ASP
KMNV,05/23,3643,ASP
KMNZ,18/36,5012,ASP
KMO1,14/32,3000,ASP
KMO3,01/19,3060,ASP
KFYG,15/33,5002,CON
KMO8,18/36,5002,CON
KMOB,15/33,8502,ASP
KMOB,18/36,4376,ASP
KMOD,10L/28R,5904,ASP
KMOD,10R/28L,3464,ASP
KMOP,05/23,2502,GRS
KMOP,09/27,5000,ASP
KMOR,05/23,5718,ASP
KMOT,08/26,6348,ASP
KMOT,13/31,7700,CON
KMOX,04/22,2640,GRS
KMOX,14/32,4899,ASP
KMPE,18/36,5001,ASP
KMPG,06/24,3301,ASP
KMPI,08/26,3305,ASP
KMPJ,03/21,5852,ASP
KMPO,05/23,3999,ASP
KMPO,13/31,5001,ASP
KMPR,08/26,2502,GRS
KMPR,18/36,5503,CON
KMPV,05/23,3001,ASP
KMPV,17/35,5000,ASP
KMPZ,03/21,1967,GRS
KMPZ,15/33,4001,ASP
KMQB,09/27,5100,ASP
KMQB,18/36,3719,GRS
KMQI,05/23,4306,ASP
KMQI,17/35,3303,ASP
KMQJ,07/25,6005,CON
KMQJ,16/34,3902,CON
KMQS,11/29,5400,ASP
KMQW,03/21,5001,ASP
KMQY,01/19,5546,ASP
KMQY,14/32,8038,ASP
KMRB,08/26,8815,ASP
KMRB,17/35,5001,ASP
KMRC,06/24,6000,ASP
KMRC,17/35,1941,GRS
KMRF,04/22,5309,ASP
KMRF,09/27,2825,
KMRF,13/31,6203,ASP
KMRH,03/21,4192,ASP
KMRH,08/26,5004,ASP
KMRH,14/32,4001,ASP
KMRJ,04/22,3600,ASP
KMRJ,11/29,5001,ASP
KMRN,03/21,5500,ASP
KMRT,09/27,4218,ASP
KMRY,10L/28R,3503,ASP
KMRY,10R/28L,7175,ASP
KMSL,11/29,6693,ASP
KMSL,18/36,4000,ASP
KMSN,03/21,7200,CON
KMSN,14/32,5846,CON
KMSN,18/36,9006,CON
KMSO,08/26,4612,ASP
KMSO,12/30,9501,ASP
KMSP,04/22,11006,CON
KMSP,12L/30R,8200,PEM
KMSP,12R/30L,10000,PEM
KMSP,17/35,8000,CON
KMSS,05/23,5601,ASP
KMSS,09/27,4000,ASP
KMSV,15/33,6298,ASP
KMSY,02/20,7002,ASP
KMSY,06/24,3570,ASP
KMSY,11/29,10104,PEM
KMTC,01/19,9000,PEM
KMTH,07/25,5008,ASP
KMTJ,13/31,7510,ASP
KMTJ,17/35,10000,ASP
KMTN,15/33,6999,CON
KMTO,06/24,5799,ASP
KMTO,11/29,6501,CON
KMTO,18/36,1098,GRS
KMTP,06/24,3246,ASP
KMTV,13/31,5002,ASP
KMTW,07/25,3341,ASP
KMTW,17/35,5001,ASP
KMUI,07/25,3981,ASP
KMUI,H1,100,CON
KMUI,H2,100,CON
KMUI,H3,100,CON
KMUL,04/22,5000,CON
KMUL,14/32,4500,CON
KMUL,18/36,2900,CON
KMUO,07/25,10000,ASP
KMUO,12/30,13510,PEM
KMUT,06/24,5500,CON
KMUT,12/30,4000,CON
KMVC,03/21,6028,ASP
KMVE,03/21,2361,GRS
KMVE,14/32,3999,ASP
KMVI,02/20,5902,ASP
KMVI,10/28,2100,GRE
KMVI,16/34,2300,GRE
KMVL,01/19,4200,ASP
KMVM,18/36,2880,ASP
KMVN,05/23,6496,ASP
KMVN,15/33,3146,ASP
KMVY,01/19,3177,ASP
KMVY,06/24,5504,ASP
KMVY,15/33,3327,ASP
KMWA,02/20,8012,ASP
KMWA,11/29,4997,ASP
KMWC,04L/22R,3203,ASP
KMWC,04R/22L,2840,GRS
KMWC,15L/33R,4107,ASP
KMWC,15R/33L,3231,GRS
KMWH,04/22,10000,PEM
KMWH,09/27,3500,CON
KMWH,14L/32R,13503,PEM
KMWH,14R/32L,2936,CON
KMWH,18/36,3327,ASP
KMWK,18/36,5500,ASP
KMWL,13/31,5996,ASP
KMWL,17/35,4188,ASP
KMWM,17/35,3598,ASP
KMWO,05/23,6100,ASP
KMWO,08/26,3026,GRE
KMXA,18/36,4201,ASP
KMXF,009/189,3015,ASPH
KMXF,15/33,8008,ASP
KMXO,09/27,2300,GRS
KMXO,15/33,4400,CON
KMY,N/S,10000,WATER-E
KMYF,05/23,3400,ASP
KMYF,10L/28R,4598,ASP
KMYF,10R/28L,3401,ASP
KMYJ,06/24,5501,CON
KMYJ,18/36,3200,PEM
KMYL,16/34,6101,ASP
KMYR,18/36,9503,ASP
KMYV,05/23,3314,ASP
KMYV,14/32,6007,ASP
KMYZ,02/20,2190,GRS
KMYZ,16/34,4200,ASP
KMZH,04/22,3200,ASP
KMZJ,08/26,6690,ASP
KMZJ,12/30,6849,ASP
KMZZ,04/22,6011,ASP
KMZZ,15/33,3456,ASP
KN03,06/24,3401,ASP
KN06,15/33,3175,GRS
KN12,06/24,2987,ASP
KN13,09/27,3200,ASP
KN14,01/19,3496,ASP
KN19,04/22,2850,ASP
KN19,08/26,4300,ASP
N23,07/25,4201,ASP
KN24,17/35,6861,ASP
KN27,05/23,4301,ASP
KN35,01/19,2200,GVL
KN35,06/24,3003,ASP
KN37,01/19,2595,ASP
KN37,15/33,2072,ASP
KN38,10/28,3597,ASP
KN40,07/25,2900,ASP
KN47,08/26,2704,ASPH-G
KN49,7/25,1350,Dirt/Gravel
KN51,04/22,3735,COP
KN51,13/31,3440,GRS
KN52,04/22,3309,ASP
KN57,06/24,3693,ASP
KN58,05/23,2750,GVL
KN58,15/33,3974,ASP
KN59,02/20,4200,GRE
KN59,07/25,4800,ASP
KN59,17/35,3700,GRE
KN66,06/24,4200,ASP
KN68,06/24,3300,ASP
KN71,10/28,3250,ASP
JY73,05/23,2880,ASP
KN79,08/26,3297,ASP
KN81,03/21,3601,ASP
KN82,05/23,3592,ASP
KN82,09/27,1100,GRS
KN82,14/32,2101,GRS
KN82,18/36,1250,GRS
N87,11/29,4275,ASP
KN89,04/22,3839,ASP
KN94,10/28,4008,ASP
KN96,07/25,3632,ASP
KN98,09/27,4001,ASP
KNBC,05/23,12202,PEM
KNBC,10/28,6425,ASP
KNBC,14/32,8001,PEM
KNBC,18/36,3941,ASP
KNBG,04/22,10000,ASP
KNBG,14/32,6000,ASP
KNBJ,09/27,5000,ASP
KNBJ,15/33,5000,ASP
KNCA,01/19,4789,ASP
KNCA,05/23,5125,ASP
KNDY,16/34,4191,ASP
KNDZ,05/23,5996,ASP
KNDZ,09/27,6000,ASP
KNDZ,14/32,6002,ASP
KNDZ,18/36,6000,ASP
KNEL,06/24,5002,ASP
KNEL,15/33,5001,ASP
KNEN,12/30,8001,ASPH
KNEW,09/27,3114,ASP
KNEW,18L/36R,3697,ASP
KNEW,18R/36L,6879,ASP
KNFD,05/23,3998,ASP
KNFD,11/29,4000,ASP
KNFD,16/34,2850,BIT
KNFE,05/23,8004,ASP
KNFG,03/21,6005,ASP
KNFJ,04/22,4000,ASP
KNFJ,11/29,3600,ASP
KNFJ,18/36,8000,ASP
KNFL,07/25,7003,PEM
KNFL,13L/31R,11076,CON
KNFL,13R/31L,14001,PEM
KNFW,18/36,11999,CON
KNGP,04/22,5001,ASP
KNGP,13L/31R,5002,ASP
KNGP,13R/31L,8001,PEM
KNGP,17/35,5003,ASP
KNGS,05/23,4500,ASP
KNGS,09/27,4500,ASP
KNGS,14/32,4500,ASP
KNGS,18/36,4500,ASP
KNGU,10/28,8370,ASP
KNGW,13/31,4994,ASP
KNGW,17/35,5000,ASP
KNHK,02/20,5021,ASP
KNHK,06/24,11799,PEM
KNHK,14/32,9732,PEM
KNHU,9H/27H,1705,ASP
KNHU,H1,75,ASP
KNHU,H2,75,ASP
KNHU,H3,120,CON
KNHU,H4,120,CON
KNHU,H5,120,CON
KNHU,H6,120,CON
KNHU,H7,120,CON
KNHU,H8,120,CON
KNHU,H9,120,CON
KNID,03/21,10000,PEM
KNID,08/26,11199,PEM
KNID,14/32,9014,PEM
KNIP,10/28,9003,ASPH
KNIP,14/32,5978,ASP
KNJK,08/26,9503,PEM
KNJK,12/30,6825,PEM
KNJM,05/23,3848,PSP
KNJW,13/31,7976,CON
KNKT,05L/23R,8489,ASP
KNKT,05R/23L,8189,ASP
KNKT,14L/32R,8978,ASP
KNKT,14R/32L,8397,ASP
KNKX,06H/24H,1000,concrete
KNKX,06L/24R,12000,CON
KNKX,06R/24L,8001,PEM
KNKX,10/28,2800,CON
KNKX,H1,100,concrete
KNKX,H2,100,concrete
KNKX,H3,100,concrete
KNLC,14L/32R,13502,CON
KNLC,14R/32L,13501,CON
KNMM,01L/19R,8003,CON
KNMM,01R/19L,8000,CON
KNMM,10/28,6402,CON
KNOG,01/19,8000,PEM
KNOG,13/31,8001,PEM
KNOW,07/25,4500,ASP
KNPA,01/19,7136,ASP
KNPA,07L/25R,8001,ASP
KNPA,07R/25L,8000,ASP
KNQA,04/22,8001,PEM
KNQA,14/32,4850,PEM
KNQA,18/36,4250,PEM
KNQB,05/23,2915,ASP
KNQB,09/27,3000,ASP
KNQB,16/34,2915,ASP
KNQI,13L/31R,8000,PEM
KNQI,13R/31L,8000,PEM
KNQI,17L/35R,8000,PEM
KNQI,17R/35L,8000,PEM
KNQX,04/22,7001,PEM
KNQX,08/26,10001,PEM
KNQX,14/32,7000,PEM
KNRA,14/32,5400,CON
KNRB,05/23,8001,ASP
KNRN,08/26,2117,GRS
KNRN,16/34,4701,CON
KNRQ,04L/22R,1800,ASP
KNRQ,04R/22L,1800,ASP
KNRQ,09L/27R,1800,ASP
KNRQ,09R/27L,1800,ASP
KNRQ,13L/31R,1800,ASP
KNRQ,13R/31L,1800,ASP
KNRQ,18L/36R,1800,ASP
KNRQ,18R/36L,1800,ASP
KNRS,08/26,2241,CON
KNRS,09/27,4998,PEM
KNSE,05/23,6003,ASP
KNSE,09/27,6000,ASP
KNSE,14/32,6001,ASP
KNSE,18/36,6000,ASP
KNSI,12/30,10002,PEM
KNTD,03/21,11102,ASP
KNTD,09/27,5502,ASP
KNTU,05L/23R,8000,CON
KNTU,05R/23L,12001,PEM
KNTU,14L/32R,8001,CON
KNTU,14R/32L,8000,PEM
KNUC,06/24,9301,CON
KNUI,08/26,5000,ASP
KNUI,15/33,5000,ASP
KNUQ,14L/32R,9197,CON
KNUQ,14R/32L,8121,ASP
KNUW,07/25,7999,CON
KNUW,14/32,8001,CONC
KNVD,02/20,5000,ASP
KNVD,13/31,2581,ASP
KNVI,H1/H1,3000,TURF
KNWL,13/31,4365,ASP
KNWL,17/35,5000,ASP
KNXP,10/28,8015,PSP
KNY0,10/28,4000,ASP
NY25,10/28,3970,ASP
KNYG,02/20,4250,ASP
KNYL,03L/21R,13300,CON
KNYL,03R/21L,9240,PEM
KNYL,08/26,6146,PEM
KNYL,17/35,5710,PEM
KNZX,09/27,4599,GRS
KNZY,11/29,7501,PEM
KNZY,18/36,8001,PEM
KO02,07/25,4651,ASP
KO05,05/23,5320,GVL
KO05,16/34,5020,ASP
KO08,13/31,3000,ASP
KO09,10/28,3670,ASP
KO11,17/35,4208,ASP
KO15,12/30,2985,ASP
KO16,18/36,2783,ASP
KO20,12/30,3851,ASP
O22,11/29,2607,TURF-G
O22,17/35,4673,ASP
O22,H1/H1,100,ASPH
O22,H2/H2,78,ASPH
O24,16/34,4090,ASPH-F
KO26,13/31,2391,Dirt
KO26,16/34,4000,ASP
KO26,H1/H1,30,ASPH-F
O27,10/28,3013,ASP
KO28,16/34,3000,ASP
KO32,15/33,3300,ASP
KO35,17/35,3000,ASP
KO37,15/33,4500,ASP
KO41,18/36,3770,ASP
KO42,07/25,2203,ASP
O43,01/19,5800,ASP
KO46,14/32,5000,ASP
KO47,17/35,3600,ASP
KO52,17/35,3045,ASP
KO53,17/35,3007,ASP
KO54,18/36,3181,ASP
KO57,16/34,4239,ASP
KO59,01/19,4415,ASP
O60,14/32,2909,ASP
KO61,13/31,4051,ASP
KO65,17/35,3000,ASP
O69,11/29,3600,ASP
KJAQ,01/19,3401,ASP
KO79,03/21,3093,ASP
KO81,11/29,3577,ASP
KO86,14/32,3215,ASP
KO88,07/25,4199,ASP
KO88,15/33,2199,ASP
KO89,02/20,5000,ASP
KOAJ,05/23,7100,ASP
KOAK,10L/28R,5457,ASP
KOAK,10R/28L,6213,ASP
KOAK,12/30,10520,ASP
KOAK,15/33,3376,ASP
KOAR,11/29,3483,ASP
KOBE,05/23,5000,ASP
KOBE,14/32,4001,ASP
KOBI,01/19,3304,ASP
KOBI,13/31,3074,ASPH-G
KOCF,08/26,3009,ASP
KOCF,18/36,7467,ASP
KOCH,15/33,3610,ASP
KOCH,18/36,5000,ASP
KOCQ,04/22,1840,GRS
KOCQ,11/29,3199,ASP
KOCW,05/23,5000,ASP
KOCW,11/29,4000,ASP
KOCW,17/35,5000,ASP
KODO,02/20,5703,ASP
KODO,11/29,6200,ASP
KODO,16/34,5003,ASP
KODX,13/31,4721,CON
KODX,17/35,2012,GRE
KOEA,03/21,2350,GRS
KOEA,09/27,3450,GRS
KOEA,14/32,2625,GRS
KOEB,04/22,3500,ASP
KOEB,07/25,5350,ASP
KOEB,16/34,2399,GRS
KOEL,08/26,2153,GRS
KOEL,16/34,5000,ASP
KOEO,04/22,2065,GRS
KOEO,10/28,5006,ASP
KOFF,12/30,11700,Ashphalt
KOFK,02/20,5800,ASP
KOFK,14/32,5806,ASP
KOFP,16/34,5402,ASP
KOGA,08/26,5102,CON
KOGA,13/31,3700,ASP
KOGB,05/23,4508,ASP
KOGB,13/31,2800,GRS
KOGB,17/35,5399,ASP
KOGD,03/21,8107,ASP
KOGD,07/25,5600,ASP
KOGD,17/35,5195,ASP
KOGM,17/35,3503,ASPH-G
KOGS,09/27,6400,ASP
KOIC,01/19,4727,ASP
KOIN,03/21,1686,GRS
KOIN,12/30,2832,TURF-F
KOIN,17/35,4301,ASP
KOJA,17/35,5100,CON
KOJC,18/36,4097,CON
KOKB,07/25,2712,ASP
KOKC,13/31,7800,PEM
KOKC,17L/35R,9802,CON
KOKC,17R/35L,9801,CON
KOKC,18/36,3079,ASP
KOKH,07/25,3265,ASP
KOKK,05/23,6001,ASP
KOKK,14/32,4001,ASP
KOKM,04/22,4300,CON
KOKM,18/36,5150,CON
KOKS,12/30,4699,CON
KOKV,14/32,5498,ASP
KOKZ,13/31,5501,ASP
KOLD,04/22,2802,ASP
KOLD,12/30,4001,ASP
KOLD,17W/35W,8400,WATER
KOLE,04/22,4800,ASP
KOLE,16/34,2117,GRS
KOLF,11/29,5091,ASP
KOLG,01/19,3100,ASP
KOLM,08/26,4157,ASP
KOLM,17/35,5500,ASP
KOLS,04/22,7200,ASP
KOLU,02/20,4135,GRS
KOLU,14/32,6801,CON
KOLV,18/36,6000,ASP
KOLY,04/22,3598,ASP
KOLY,11/29,4099,ASP
KOLZ,13/31,4000,CON
KOLZ,18/36,1822,GRS
KOMA,14L/32R,8500,CON
KOMA,14R/32L,9502,PEM
KOMA,18/36,8154,PEM
KOMH,08/26,3200,ASPH-E
KOMK,17/35,4667,ASP
KOMN,04/22,4000,ASP
KOMN,09/27,4005,ASP
KOMN,13/31,4000,ASP
KOMN,17/35,3704,ASP
KONA,12/30,5679,ASP
KONA,17/35,2553,ASP
KONL,04/22,3200,GRE
KONL,13/31,4408,ASP
KONM,06/24,4590,ASP
KONM,15/33,5841,ASP
KONO,15/33,5006,ASP
KONP,02/20,3001,ASP
KONP,16/34,5398,ASP
KONT,08L/26R,12197,CON
KONT,08R/26L,10200,CON
KONX,05/23,5502,CON
KONY,04/22,5100,ASP
KONY,13/31,5099,ASP
KONY,17/35,5101,ASP
KONZ,04/22,4846,CON
KONZ,17/35,4424,CON
KOOA,04/22,1926,CON
KOOA,13/31,4012,CON
KOPF,09L/27R,8002,ASP
KOPF,09R/27L,4309,ASP
KOPF,12/30,6800,ASP
KOPL,06/24,4051,CONC-F
KOPL,11/29,4550,CON
KOPL,18/36,5999,CON
KOPN,12/30,6350,ASP
KOQN,09/27,3347,ASP
KOQU,01/19,4000,ASP
KOQU,05/23,4000,ASP
KOQU,10/28,2963,ASP
KOQU,16/34,7000,PEM
KOQW,15/33,3304,ASP
KORB,13/31,4000,ASP
KORD,04L/22R,7500,ASP
KORD,04R/22L,8075,ASP
KORD,09C/27C,11245,concrete
KORD,09L/27R,7500,ASP
KORD,09R/27L,11260,ASP
KORD,10C/28C,10800,CON
KORD,10L/28R,13000,CON
KORD,10R/28L,7500,CONCRETE
KORD,14L/32R,10005,ASP
KORD,15/33,9686,ASP
KORD,18/36,5332,ASP
KORE,01/19,5002,ASP
KORE,06/24,5000,ASP
KORE,14/32,4800,ASP
KORF,05/23,9001,ASP
KORF,14/32,4876,ASP
KORG,04/22,5500,ASP
KORG,13/31,3000,GRS
KORH,11/29,7001,ASP
KORH,15/33,5000,ASP
KORK,05/23,5002,CON
KORK,17/35,3019,ASP
KORL,07/25,6004,ASP
KORL,13/31,4625,ASP
KORS,16/34,2901,ASPH-G
KOSA,17/35,6004,ASP
KOSC,7/25,11800,ASP
KOSH,05/23,3424,ASP
KOSH,09/27,6179,ASP
KOSH,13/31,3061,ASP
KOSH,18/36,8002,CON
KOSU,05/23,3562,ASP
KOSU,09L/27R,2994,ASP
KOSU,09R/27L,5004,ASP
KOSU,14/32,3438,ASP
KOSX,14/32,5009,ASP
KOTG,11/29,5500,ASP
KOTG,17/35,4201,ASP
KOTH,05/23,5980,ASP
KOTH,13/31,4470,ASP
KOTM,04/22,4601,ASP
KOTM,13/31,6001,PEM
KOUN,03/21,4748,ASP
KOUN,17/35,5200,ASP
KOVE,02/20,6020,ASP
KOVE,13/31,3540,ASP
KOVL,11/29,3501,ASP
KOVO,05/23,5002,ASP
KOVO,15/33,2730,ASP
KOVS,02/20,3658,ASP
KOVS,07/25,5000,ASP
KOWA,12/30,5500,CON
KOWB,06/24,5000,ASP
KOWB,18/36,8000,concrete/grooved
KOWD,10/28,3995,ASP
KOWD,17/35,4007,ASP
KOWI,05/23,2345,GRS
KOWI,13/31,1550,GRS
KOWI,17/35,4500,ASP
KOWK,03/21,3998,ASP
KOWK,15/33,4000,ASP
KOWP,17/35,5799,ASP
KOWX,09/27,4502,ASP
KOXB,02/20,3204,PEM
KOXB,14/32,4074,PEM
KOXC,18/36,5800,ASP
KOXD,05/23,4011,ASP
KOXI,09/27,3096,GRS
KOXI,18/36,5002,ASP
KOXR,07/25,5953,ASP
KOXV,15/33,4000,CON
KOY,ALL/WAY,10000,WATER-E
KOYM,10/28,4300,ASP
KOZA,16/34,6003,ASP
KOZR,06/24,4546,ASP
KOZR,14/32,4500,ASP
KOZR,18/36,5025,ASP
KOZW,13/31,5002,ASP
KP-0002,13/31,6200,Grass
KP-0003,12/30,2973,
KP-0005,10L/28R,8170,Concrete
KP-0005,10R/28L,9220,Concrete
KP-0006,11/29,6450,Asphalt
KP-0007,10/28,6620,Grass
KP-0009,03/21,3250,Grass
KP-0010,12/30,8420,Asphalt
KP-0011,09/27,4310,Concrete
KP-0012,04/22,2340,Asphalt
KP-0013,06/24,8150,Concrete
KP-0014,01/19,6290,Asphalt
KP-0015,07/25,8200,Concrete
KP-0016,03/21,6640,Dirt
KP-0017,03/21,3070,Asphalt
KP-0018,05/23,8180,Concrete
KP-0019,15/33,3650,Gravel
ZKHW,12/30,8180,Concrete
ZKPN,14/32,8150,Concrete
KP-0023,01/19,8150,Concrete
KP-0024,01/19,6520,Asphalt
KP-0025,05/23,8202,Concrete
KP-0027,04/22,7400,Asphalt
KP-0028,04/22,7400,Asphalt
KP-0030,12/30,5200,Dirt
KP-0031,13/31,8500,Concrete
KP-0033,04/22,1560,Asphalt
KP-0034,07/25,3910,Grass
KP-0035,14/32,9500,CON
KP-0036,16/34,9185,Concrete
KP-0037,10/28,6400,Gravel
KP-0038,11/29,8150,ASP
KP-0039,15/33,8202,CON
KP-0040,09/27,6563,CON
KP-0042,09/27,2400,Grass
KP-0043,05/23,2600,Grass
KP-0044,14/32,2950,Asphalt
KP-0045,14/32,1600,Concrete
KP-0046,18/36,2800,Grass
KP-0047,058/238,8850,Concrete
KP-0048,15/33,2900,Grass
KP-0049,11/29,4800,Grass
KP-0050,11/29,6650,Grass
KP-0051,06/24,1430,Grass
KP-0052,10/28,6450,Asphalt
KP-0053,03/21,7850,Grass
KP-0054,11/29,9550,Grass
KP-0055,13/31,3500,Asphalt
KP-0056,10/28,3750,Grass
KP-0057,06/24,3360,Dirt
KP-0058,03/21,3900,Grass
KP-0059,09/27,3530,Grass
KP-0060,06/24,4540,Gravel
KP-0061,15/33,3650,Gravel
KP-0062,05/23,880,Grass
KP-0063,14/32,2850,Grass
KP-0064,03/21,2500,Grass
KP-0065,14/32,6360,Asphalt
KP-0068,12/30,3550,Asphalt
KP-0069,10/28,,
KP-0072,126/306,9514,Asphalt
KP-0073,01/19,1500,Grass
KP-0075,099/279,8202,Concrete
KP-0077,07/25,1850,Asphalt
KP-0078,161/341,8858,Concrete
KP-0081,02/20,7650,Asphalt
KP-0082,14/32,6100,Gravel
KP-0083,103/283,6562,Concrete
KP-0085,16/34,2910,Asphalt
KP-0099,11/29,3020,Grass
KP01,12/30,3800,ASP
KP03,05/23,5551,ASP
P04,02/20,2650,GRE
P04,17/35,5929,ASP
KP08,05/23,5564,ASP
KP08,11/29,5547,ASP
KP08,17/35,3872,ASP
P10,04/22,4200,ASP
KP13,09/27,6500,ASP
P14,03/21,6698,ASP
P14,11/29,3202,GVL
P19,17/35,4417,ASP
KP20,01/19,6250,ASP
KP23,04/22,4800,ASP
KP29,06/24,4430,ASP
KP33,14/32,6100,ASP
KP33,3/21,6095,ASP
KP52,14/32,4250,ASP
KPAE,11/29,4514,ASP
KPAE,16L/34R,3004,ASP
KPAE,16R/34L,9010,ASP
KPAH,04/22,6499,ASP
KPAH,14/32,5499,ASP
KPAM,14L/32R,10008,CON
KPAM,14R/32L,10107,PEM
KPAN,06/24,5504,ASP
KPAO,13/31,2441,ASP
KPB,N/S,4000,WATER
KPBF,18/36,5998,ASP
KPBG,17/35,11759,CON
KPBH,01/19,5220,ASP
KPBH,06/24,3951,ASP
KDJT,10L/28R,10001,ASPH-G
KDJT,10R/28L,3214,ASPH-G
KDJT,14/32,6931,ASPH-G
KPBX,02/20,3455,ASP
KPBX,09/27,5356,ASP
KPCA,H1,1500,ASPH
KPCA,H2,1500,ASPH
KPCA,H3,1500,ASPH
KPCA,H4,1500,ASPH
KPCM,10/28,3950,ASP
KPCW,09/27,5646,ASP
KPCW,18/36,4002,ASP
KPCZ,06/24,1480,GRS
KPCZ,10/28,5200,ASP
KPCZ,13/31,3899,ASP
KPDC,11/29,3999,ASP
KPDC,14/32,5000,ASP
KPDK,09/27,3383,ASP
KPDK,16/34,3968,ASP
KPDK,3L/21R,3746,ASP
KPDK,3R/21L,6001,CON
KPDK,H1,56,CON
KPDT,08/26,6301,ASP
KPDT,11/29,4808,ASP
KPDT,16/34,4341,ASP
KPDX,10L/28R,9825,ASP
KPDX,10R/28L,11000,ASP
KPDX,3/21,6000,ASP
KPEA,16/34,5402,CON
KPEO,01/19,5499,ASP
KPEO,10/28,3561,ASP
KPEQ,09/27,5953,ASP
KPEQ,14/32,6236,ASP
KPEX,11/29,3302,ASP
KPEZ,16/34,4000,ASP
KPFC,14/32,1860,ASPH/ CONC
KPGA,07/25,2201,ASP
KPGA,15/33,5950,ASP
KPGD,04/22,7193,ASPH-G
KPGD,09/27,2636,ASP
KPGD,15/33,6286,ASP
KPGR,04/22,4500,ASP
KPGR,08/26,2792,GRS
KPGV,02/20,7175,ASP
KPGV,08/26,4997,ASP
KPGV,15/33,2687,ASP
KPHD,12/30,1907,GRS
KPHD,15/33,3951,ASP
KPHF,02/20,6526,CON
KPHF,07/25,8003,CON
KPHG,03/21,1755,GRS
KPHG,13/31,5101,ASP
KPHH,18/36,3001,ASP
KPHK,07/25,1617,ASP
KPHK,17/35,4116,ASP
KPHL,08/26,5001,ASP
KPHL,09L/27R,9500,ASP
KPHL,09R/27L,12000,ASP
KPHL,17/35,6500,ASP
KPHN,04/22,5104,ASP
KPHN,10/28,4000,ASP
KPHP,05/23,3588,GRS
KPHP,12/30,3998,ASP
KPHT,2/20,5002,ASP
KPHX,07L/25R,10300,ASP
KPHX,07R/25L,7800,CON
KPHX,08/26,11489,CON
KPIA,04/22,8004,ASP
KPIA,13/31,10104,CON
KPIB,18/36,6503,ASP
KPIE,04/22,6000,ASP
KPIE,09/27,5165,ASP
KPIE,17L/35R,8800,ASP
KPIE,17R/35L,4000,ASP
KPIE,18/36,9730,concrete
KPIH,03/21,9059,ASP
KPIH,17/35,7150,ASP
KPIL,03/21,5000,PEM
KPIL,08/26,5317,CON
KPIL,13/31,8001,PEM
KPIL,17/35,4200,CON
KPIM,09/27,5002,ASP
KPIR,07/25,6880,ASP
KPIR,13/31,6900,ASP
KPIT,10C/28C,10775,PEM
KPIT,10L/28R,10502,PEM
KPIT,10R/28L,11500,CON
KPIT,14/32,8101,CON
KPJC,17/35,5002,ASP
KPJY,18/36,3999,ASP
KPKB,03/21,7240,ASP
KPKB,10/28,4002,ASP
KPKD,13/31,5497,ASP
KPKD,18/36,3500,ASP
KPKF,18/36,3200,ASP
KPKV,05/23,2432,GRS
KPKV,14/32,5004,ASP
KPLD,09/27,5505,ASP
KPLK,12/30,3738,ASP
KPLN,05/23,5401,ASP
KPLN,14/32,6513,ASP
KPLR,03/21,5001,ASPH-E
KPLU,17/35,3651,ASPH-G
KPMB,15/33,3798,ASP
KPMD,04/22,12001,CON
KPMD,07/25,12002,CON
KPMD,072/252,6000,CONC-E
KPMH,18/36,5001,ASP
KPMP,06/24,4001,ASP
KPMP,10/28,3687,ASP
KPMP,15/33,4918,ASP
KPMU,01/19,5001,ASP
KPMV,16/34,5500,CON
KPMZ,03/21,5500,ASP
KPNA,11/29,8900,ASP
KPNC,17/35,7201,CON
KPNE,06/24,7000,ASP
KPNE,15/33,4999,ASP
KPNM,16/34,3900,ASP
KPNN,06/24,3998,ASP
KPNN,15/33,4007,ASP
KPNS,08/26,7000,ASP
KPNS,17/35,7004,ASP
KPNT,06/24,5000,ASP
KPOB,049/229,3000,ASPH
KPOB,05/23,7501,PEM
KPOC,08L/26R,3661,ASP
KPOC,08R/26L,4840,ASP
KPOE,15/33,4109,ASP
KPOF,18/36,5008,PEM
KPOH,12/30,4100,CON
KPOH,18/36,1999,GRS
KPOU,06/24,5001,ASP
KPOU,07/25,1357,GRS
KPOU,15/33,2743,PEM
KPOV,09/27,3499,ASPH-F
KPOY,03/21,2623,GRS
KPOY,13/31,6200,ASP
KPOY,16/34,2400,GRS
KPPA,05/23,4500,ASP
KPPA,11/29,4500,ASP
KPPA,17/35,5862,ASP
KPPF,04/22,4007,CON
KPPF,17/35,5001,PEM
KPPO,02/20,5000,ASP
KPPO,14/32,2797,ASP
KPPQ,13/31,4000,ASP
KPQI,01/19,7441,ASP
KPQI,10/28,6000,ASP
KPQL,17/35,6501,ASP
KPQN,09/27,2539,GRS
KPQN,18/36,4306,ASP
KPR,E/W,10000,WATER
KPRB,01/19,6008,ASP
KPRB,13/31,4701,ASP
KPRC,03L/21R,4395,ASP
KPRC,03R/21L,7619,ASP
KPRC,12/30,4408,ASP
KPRG,09/27,4501,ASP
KPRN,14/32,5501,ASP
KPRO,04/22,2321,GRS
KPRO,14/32,5500,CON
KPRS,17/35,5200,ASP
KPRX,03/21,4624,CON
KPRX,14/32,4624,CON
KPRX,17/35,6002,ASP
KPRZ,01/19,5700,ASP
KPRZ,08/26,4560,ASP
KPSB,06/24,5006,ASP
KPSB,16/34,5711,ASP
KPSC,03L/21R,7707,ASP
KPSC,03R/21L,4423,ASP
KPSC,12/30,7703,ASP
KPSF,08/26,5792,ASP
KPSF,14/32,3147,ASP
KPSK,06/24,6201,ASP
KPSM,16/34,11321,PEM
KPSN,09/27,4002,ASP
KPSN,18/36,5005,ASP
KPSO,01/19,8100,ASP
KPSP,13L/31R,4953,ASP
KPSP,13R/31L,10000,ASP
KPSX,08/26,5001,CON
KPSX,13/31,5001,CON
KPSX,18/36,5001,CON
KPTB,05/23,5002,ASP
KPTB,14/32,3061,ASP
KPTD,06/24,3703,ASP
KPTK,04/22,2451,ASP
KPTK,09L/27R,5676,ASP
KPTK,09R/27L,6521,ASP
KPTK,18/36,2582,ASP
KPTN,04W/22W,4500,WATER
KPTN,06/24,5399,ASP
KPTS,04/22,4000,ASPH-G
KPTS,10/28,3008,ASP
KPTS,16/34,5500,ASP
KPTT,17/35,5500,ASP
KPTV,12/30,5960,ASP
KPTW,10/28,3371,ASP
KPUB,08L/26R,4690,ASP
KPUB,08R/26L,10498,ASP
KPUB,12/30,8268,ASP
KPUB,17/35,8310,ASP
KPUC,07/25,3631,ASP
KPUC,14/32,4520,ASP
KPUC,18/36,8319,ASP
KPUJ,13/31,5505,CONC-G
KPUW,05/23,7100,ASP
KPVB,07/25,3600,ASP
KPVB,15/33,4000,ASP
KPVC,07/25,3502,ASP
KPVD,05/23,8700,ASP
KPVD,16/34,6081,ASP
KPVE,01/19,6000,CON
KPVF,05/23,3914,ASP
KPVG,02/20,3525,ASP
KPVG,10/28,5350,ASP
KPVJ,12/30,3499,CON
KPVJ,17/35,5001,CON
KPVU,13/31,8603,ASP
KPVU,18/36,6628,ASP
KPVW,04/22,5997,ASP
KPVW,13/31,4000,ASP
KPWA,13/31,4214,CON
KPWA,17L/35R,7199,CON
KPWA,17R/35L,5002,ASP
KPWC,16/34,3000,ASP
KPWD,08/26,2951,GRS
KPWD,12/30,3900,ASP
KPWD,16/34,1600,GRS
KPWG,04/22,3484,ASP
KPWG,17/35,5501,ASP
KPWK,12/30,4415,ASP
KPWK,16/34,5001,ASP
KPWK,6/24,3677,ASP
KPWM,11/29,7200,ASP
KPWM,18/36,6100,ASP
KPWT,02/20,6000,ASP
KPWT,16/34,5122,ASP
KPXE,18/36,5004,ASP
KPY,E/W,10000,WATER
KPYG,06/24,3396,ASP
KPYM,06/24,4650,ASP
KPYM,15/33,4350,ASP
KPYN,03/21,3296,ASP
KPYP,07/25,5500,ASPH
KPYX,04/22,3280,GRS
KPYX,17/35,5701,ASP
KPZQ,09/27,4106,ASP
KQA,E/W,10000,WATER-E
KR-0001,,100,GRE
KR-0002,,100,ASP
KR-0002,,35,GRE
RK1O,,70,CON
RK6K,H1/H1,75,CON
KR-0053,,25,GRE
KR-0054,,40,ASP
KR-0084,E/W,3939,GRE
KR-0085,E/W,30,GRE
KR-0087,,20,GRE
KR-0090,,20,gre
KR-0091,,25,GRE
KR-1080,05/23,5118,ASP
KR-1085,14/32,2000,ASP
KR-1086,08/26,1200,GRE
KR-1087,17/35,1650,GRE
KR-1088,05/23,1155,GRE
KR-1089,12/30,1500,GRE
KR-1090,16/34,1970,GRE
KR-1091,14/32,1600,GVL
KR-1092,04/22,1249,CON
KR-1093,03/21,4053,UNK
KR47,09/27,4455,ASP
KR49,17/35,3498,ASP
KRAC,04/22,6574,CON
KRAC,14/32,4421,ASP
KRAL,09/27,5401,ASP
KRAL,16/34,2850,ASP
KRAP,05/23,3601,ASP
KRAP,14/32,8701,CON
KRAS,12/30,3482,ASP
KRAW,18/36,4000,CON
KRBD,13/31,7136,PEM
KRBD,17/35,3800,PEM
KRBE,02/20,2202,GRE
KRBE,13/31,4698,CON
KRBG,16/34,5003,ASP
KRBL,15/33,5431,ASP
KRBM,04/22,5702,ASP
KRBO,13/31,3700,ASP
KRBW,05/23,6002,PEM
KRBW,09/27,5408,PEM
KRBW,17/35,5705,PEM
KRCA,13/31,13497,CON
KRCK,17/35,2962,ASP
KRCM,01/19,4206,ASP
KRCM,14/32,2801,ASP
KRCP,18/36,5000,CON
KRCR,11/29,5001,ASP
MI31,17/35,4506,ASP
KRCX,01/19,3199,ASP
KRCX,14/32,4001,ASP
KRCZ,04/22,3009,GRE
KRCZ,14/32,5001,ASP
KRDD,12/30,5067,ASP
KRDD,16/34,7003,ASP
KRDG,13/31,6350,ASP
KRDG,18/36,5151,ASP
KRDK,05/23,5100,CON
KRDK,14/32,2050,TURF-F
KRDK,17/35,2901,CON
KRDM,05/23,7038,ASP
KRDM,11/29,7006,ASP
KRDR,17/35,12350,ASP
KRDU,05L/23R,10000,CON
KRDU,05R/23L,7500,ASP
KRDU,14/32,3570,ASP
KRED,16/34,4000,ASP
KREI,08/26,4504,ASP
KREO,03/21,6000,GVL
KRFD,01/19,8200,ASP
KRFD,07/25,10002,PEM
KRFG,09/27,2650,ASP
KRFG,14/32,4361,ASP
KRFI,12/30,3002,ASP
KRFI,16/34,4004,ASP
KRGK,09/27,5010,ASP
KRHI,05/23,5600,ASP
KRHI,09/27,6800,CON
KRHI,15/33,5201,ASP
KRHP,08/26,5500,ASP
KRHV,13L/31R,3100,ASP
KRHV,13R/31L,3099,ASP
KRIC,02/20,6607,ASP
KRIC,07/25,5326,ASP
KRIC,16/34,9003,ASP
KRID,06/24,5502,ASP
KRID,10/28,3560,ASP
KRID,15/33,4999,ASP
KRIF,01/19,7100,ASP
KRIL,08/26,7000,ASP
KRIR,06/24,3190,ASP
KRIU,04/22,3798,ASP
KRIV,12/30,3061,ASP
KRIV,14/32,13302,CON
KRIW,01/19,4800,ASP
KRIW,10/28,8204,ASP
KRJD,12/30,3214,ASP
KRK1,8/26,5500,GVL
KRKD,03/21,4000,ASP
KRKD,13/31,5412,ASP
KRKP,09/27,4350,ASP
KRKP,14/32,5608,ASP
KRKP,18/36,4498,ASP
KRKR,18/36,4007,ASP
KRKS,03/21,5228,ASP
KRKS,09/27,10002,ASP
KRKW,04/22,5000,ASP
KRLD,01/19,4009,ASP
KRLD,08/26,4001,ASP
KRME,15/33,11820,CON
KRMG,01/19,7010,ASP
KRMG,07/25,4498,ASP
KRMG,14/32,3596,ASP
KRMN,15/33,6000,ASP
KRMY,10/28,3501,ASP
KRNC,05/23,5000,ASP
KRND,15L/33R,8351,CON
KRND,15R/33L,8352,PEM
KRNH,04/22,2006,GRS
KRNH,14/32,5507,ASP
KRNM,09/27,5001,ASP
KRNO,08/26,6102,CON
KRNO,17L/35R,9000,CON
KRNO,17R/35L,11001,CON
KRNP,06/24,2446,GRS
KRNP,11/29,4300,ASP
KRNP,18/36,2509,GRS
KRNT,16/34,5382,ASPH-CONC-G
KRNV,18/36,5005,ASP
KROA,06/24,6800,ASPH-G
KROA,16/34,5810,ASPH-G
KROC,04/22,8001,ASP
KROC,07/25,4000,ASP
KROC,10/28,6402,ASP
KROG,02/20,6011,ASP
KROS,16/34,4401,ASP
KROW,03/21,13000,PEM
KROW,12/30,7425,PEM
KROW,17/35,10008,ASP
KROX,06/24,2097,GRS
KROX,16/34,4400,ASP
KRPB,14/32,1415,GRS
KRPB,18/36,3500,ASP
KRPD,01/19,6700,ASP
KRPD,13/31,3500,ASP
KRPH,03/21,5000,ASP
KRPH,18/36,3317,ASPH-F
KRPJ,07/25,5001,ASP
KRPX,07/25,5098,ASP
KRPX,16/34,2460,GRS
KRQB,09/27,4300,ASP
KRQB,14/32,2699,ASP
KRQE,03/21,7000,ASP
KRQO,17/35,5600,CONC-TRTD-G
KRQO,18/36,4017,TURF-F
KRRL,07/25,5101,ASP
KRRL,16/34,2997,ASP
KRRQ,16/34,3097,ASP
KRRT,04/22,2987,GRS
KRRT,13/31,5400,ASP
KRSL,03/21,1602,GRE
KRSL,17/35,5000,CON
KRSN,18/36,6002,ASP
KRST,03/21,7301,CON
KRST,13/31,9034,CON
KRSV,09/27,5108,ASP
KRSV,17/35,3398,ASP
KRSW,06/24,12000,ASP
KRTN,02/20,7615,ASP
KRTN,07/25,4425,ASP
KRUE,07/25,5505,ASP
KRUG,12/30,3600,ASP
KRUQ,02/20,5501,ASP
KRUT,01/19,5304,ASP
KRUT,13/31,3169,ASP
KRVJ,11/29,5003,ASP
KRVL,06/24,5001,ASP
KRVN,07/25,3504,ASP
KRVS,01L/19R,5101,ASP
KRVS,01R/19L,4205,ASP
KRVS,13/31,2639,ASP
KRWF,05/23,2081,GRS
KRWF,12/30,4001,ASP
KRWI,04/22,7099,ASP
KRWL,04/22,7008,ASP
KRWL,11/29,4322,ASP
KRWN,09/27,4201,ASP
KRWV,15/33,3252,ASP
KRXE,17/35,4204,ASP
KRYM,13/31,6100,ASP
KRYM,132/312,4000,GRAVEL
KRYN,06L/24R,4900,ASP
KRYN,06R/24L,5500,ASP
KRYN,15/33,4010,ASP
KRYV,05/23,4429,ASP
KRYV,11/29,2801,ASP
KRYW,15/33,3808,ASP
KRYY,09/27,6295,ASP
KRZL,09/27,1450,GRS
KRZL,18/36,4000,ASP
KRZN,04/22,3900,ASP
KRZN,13/31,3500,ASP
KRZR,03/21,6200,ASP
KRZT,05/23,5405,ASP
KRZT,12/30,3130,GRS
KS01,06/24,4602,ASP
KS01,15/33,2800,GRS
KS03,12/30,3603,ASP
S05,16/34,3601,ASP
KS10,02/20,3506,ASP
S12,16/34,3004,ASP
S17,6/24,4007,ASP
KS19,18/36,3598,ASP
KS20,07/25,3491,ASP
KS21,18/36,5460,ASP
S23,15/33,3643,ASP
S24,06/24,5500,ASP
KS25,12/30,6550,ASP
KS25,18/36,2320,GRS
KS27,13/31,3600,ASP
KS32,13/31,3500,ASP
KS33,04/22,2701,ASPH-G
KS33,16/34,5091,ASPH-G
KS34,07/25,1750,GRS
KS34,13/31,4650,ASPH-G
KS36,15/33,3288,ASP
S39,11/29,5405,ASP
S39,15/33,4031,ASP
KS40,07/25,3450,ASP
KS42,01/19,5003,ASP
S45,17/35,3297,ASP
KS48,07/25,3095,ASP
KS50,16/34,3400,ASP
KS52,13/31,5049,ASP
KS59,15/33,5003,ASP
KS64,07/25,2260,ASP
KS64,11/29,4200,ASP
KMAN,11/29,5000,ASP
KS69,04/22,4240,ASP
KS70,07/25,4000,ASP
KS71,08/26,4000,ASP
KS72,10/28,3354,ASP
KS73,14/32,3000,GRS
S75,13/31,3534,ASP
KS78,10/28,3307,ASP
KS83,07/25,5316,ASP
KS84,07/25,3100,ASP
KS85,08/26,3800,ASP
KS87,12/30,4000,ASP
S94,07/25,3209,ASP
KS95,05/23,3819,ASP
KS97,07/25,4000,ASP
KSAA,05/23,8801,ASP
KSAC,02/20,5503,ASP
KSAC,12/30,3837,ASP
KSAC,16/34,3485,ASP
KSAD,08/26,4802,ASP
KSAD,12/30,6007,ASP
KSAF,02/20,8366,ASP
KSAF,10/28,6301,ASP
KSAF,15/33,6316,ASP
KSAN,09/27,9401,ASP
KSAR,09/27,2958,GRS
KSAR,18/36,4002,ASP
KSAS,07/25,5000,GRAVEL / CINDERS / CRUSHED ROCK / CORAL/SHELLS / SLAG
KSAT,04/22,8505,CON
KSAT,13L/31R,5519,ASP
KSAT,13R/31L,8502,CON
KSAV,01/19,7002,CONC-G
KSAV,10/28,9351,CONC-G
KSAW,01/19,9072,PEM
KSAZ,14/32,3305,ASP
KSBA,07/25,6037,ASP
KSBA,15L/33R,4190,ASP
KSBA,15R/33L,4190,ASP
KSBD,06/24,10000,CON
KSBM,04/22,6801,CON
KSBM,13/31,5002,ASP
KSBN,09L/27R,4300,ASP
KSBN,09R/27L,8412,ASP
KSBN,18/36,7101,ASP
KSBO,13/31,6021,ASP
KSBP,07/25,2500,ASP
KSBP,11/29,6101,ASP
KSBS,14/32,4452,ASP
KSBU,03/21,2245,GRS
KSBU,16/34,3400,ASP
KSBX,05/23,5005,ASP
KSBX,11/29,3701,ASP
KSBY,05/23,5000,ASP
KSBY,14/32,6400,PEM
KSCB,12/30,2820,CON
KSCB,17/35,4200,CON
KSCD,09/27,5390,ASP
KSCH,04/22,7001,ASP
KSCH,10/28,4850,ASP
KSCH,15/33,2639,ASP
KSCK,11L/29R,10245,ASP
KSCK,11R/29L,4448,ASP
KSCX,05/23,5505,ASP
KSDA,04/22,5000,CON
KSDA,12/30,3439,CON
KSDC,10/28,3803,ASP
KSDF,11/29,7251,CON
KSDF,17L/35R,8578,CON
KSDF,17R/35L,11887,CON
KSDL,03/21,8249,ASP
KSDM,08L/26R,7972,PEM
KSDM,08R/26L,3185,ASP
KSDY,01/19,5705,ASP
KSDY,11/29,4024,ASP
KSEA,16C/34C,9426,PEM
KSEA,16L/34R,11901,PEM
KSEA,16R/34L,8500,PEM
KSEA,lower/high,,
KSEE,09L/27R,5342,ASP
KSEE,09R/27L,2738,ASP
KSEE,17/35,4145,ASP
KSEF,04/22,5106,CON
KSEF,09/27,4928,CON
KSEF,14/32,4990,CON
KSEF,18/36,5190,ASP
KSEG,17/35,4760,ASP
KSEM,15/33,8014,PEM
KSEP,03/21,2502,ASP
KSEP,14/32,4209,ASP
KSEQ,08/26,4850,ASP
KSEQ,13/31,8350,ASP
KSEQ,17/35,5350,ASP
KSER,05/23,6001,ASP
KSER,09U/27U,1104,TURF-E
KSER,14/32,5502,ASP
KSER,18U/36U,1215,TURF-F
KSET,09/27,2000,ASP
KSET,18/36,3800,ASP
KSEZ,03/21,5132,ASP
KSFB,09C/27C,3578,ASP
KSFB,09L/27R,11002,ASP
KSFB,09R/27L,5839,ASP
KSFB,18/36,6002,PEM
KSFF,3W/21W,6000,WATER
KSFF,4L/22R,4500,CON
KSFF,4R/22L,2650,ASP
KSFM,01/19,6000,ASP
KSFM,07/25,6389,ASP
KSFM,14/32,4999,ASP
KSFO,10L/28R,11870,ASP
KSFO,10R/28L,11381,ASP
KSFO,1L/19R,7650,ASP
KSFO,1R/19L,8660,ASP
KSFQ,04/22,5007,ASP
KSFQ,07/25,3750,ASP
KSFQ,15/33,3650,CON
KSFY,13/31,4001,ASPH-G
KSFZ,05/23,5000,ASP
KSFZ,15/33,3211,ASP
KSGF,02/20,7003,CON
KSGF,14/32,8000,PEM
KSGH,06/24,9010,PEM
KSGH,15/33,5498,ASP
KSGJ,02/20,2609,ASP
KSGJ,06/24,2701,ASP
KSGJ,12W/30W,5000,WATER
KSGJ,13/31,8001,ASP
KSGJ,16/34,4001,ASP
KSGJ,17W/35W,12000,WATER
KSGJ,18W/36W,12000,WATER
KSGR,17/35,8000,CON
KSGS,16/34,4002,ASP
KSGT,09/27,5002,CON
KSGT,18/36,6015,PEM
KSGU,1/19,9300,ASP
KSHD,05/23,6002,ASP
KSHL,15/33,4199,CON
KSHN,05/23,5005,ASP
KSHR,06/24,5039,ASP
KSHR,13/31,6648,ASP
KSHR,15/33,8301,ASP
KSHV,06/24,7003,ASP
KSHV,14/32,8348,ASP
KSIF,13/31,5200,ASP
KSIK,03/21,5502,ASP
KSIV,18/36,4359,ASP
KSIY,17/35,7490,ASP
KSJC,11/29,4599,ASP
KSJC,12L/30R,11000,CON
KSJC,12R/30L,11000,CON
KSJN,03/21,3400,ASP
KSJN,14/32,5322,ASP
KSJT,03/21,5940,ASP
KSJT,09/27,4406,ASP
KSJT,18/36,8054,ASP
KSJX,05/23,2054,GRS
KSJX,09/27,4299,ASP
KSJX,14/32,3278,GRS
KSKA,05/23,13899,CON
KSKF,16/34,11550,CON
KSKI,14/32,2350,CON
KSKI,18/36,4100,CON
KSKX,04/22,5504,ASP
KSLB,06/24,1962,GRS
KSLB,13/31,3034,CON
KSLB,17/35,5002,CON
KSLC,14/32,4893,ASP
KSLC,16L/34R,12002,ASP
KSLC,16R/34L,12000,CON
KSLC,17/35,9596,ASP
KSLE,13/31,5811,ASP
KSLE,16/34,5146,ASP
KSLG,18/36,4997,ASP
KSLH,10/28,4004,ASP
KSLH,17/35,1874,GRS
KSLI,04L/22R,5901,PEM
KSLI,04R/22L,7999,ASP
KSLI,17/35,2500,ASP
KSLJ,14/32,5000,ASP
KSLK,05/23,6573,ASP
KSLK,09/27,3997,ASP
KSLN,04/22,3648,ASP
KSLN,12/30,6510,ASP
KSLN,17/35,12301,ASP
KSLN,18/36,4301,ASP
KSLO,18/36,4098,ASP
KSLR,01/19,5001,Concrete
KSMD,05/23,3126,ASP
KSMD,13/31,2922,ASP
KSME,05/23,5801,ASP
KSMF,17L/35R,8605,CON
KSMF,17R/35L,8598,CON
KSMN,17/35,5510,ASP
KSMO,03/21,3500,Asphalt
KSMQ,08/26,1923,GRE
KSMQ,12/30,2739,ASP
KSMQ,17/35,1700,GRS
KSMS,05/23,5501,ASP
KSMS,14/32,3081,GRS
KSMX,02/20,5199,ASP
KSMX,12/30,8004,ASP
KSNA,02L/20R,5700,ASP
KSNA,02R/20L,2886,ASP
KSNC,17/35,2722,ASP
KSNH,01/19,5002,CON
KSNK,08/26,4200,ASP
KSNK,17/35,5599,ASP
KSNL,13/31,4200,ASP
KSNL,17/35,5997,ASP
KSNS,08/26,6004,ASP
KSNS,13/31,4825,ASP
KSNS,14/32,1900,ASP
KSNY,03/21,4705,TURF-G
KSNY,13/31,6600,CONC-G
KSOA,18/36,4037,ASP
KSOP,05/23,6503,ASP
KSOP,14/32,1999,GRS
KSOW,04/22,3938,ASP
KSOW,07/25,7202,ASP
KSPA,05/23,5852,ASP
KSPB,15/33,5100,ASP
KSPF,04/22,1995,TURF-G
KSPF,08/26,4003,GRS
KSPF,13/31,6401,ASPH-G
KSPG,07/25,3676,ASP
KSPG,18/36,2864,ASP
KSPH,18/36,4202,ASP
KSPI,04/22,8001,CON
KSPI,13/31,7399,ASP
KSPI,18/36,5300,PEM
KSPK,12/30,6500,ASP
KSPS,15C/33C,10003,PEM
KSPS,15L/33R,6000,PEM
KSPS,15R/33L,13100,CON
KSPS,17/35,7021,ASP
KSPW,12/30,6001,CON
KSPW,18/36,5100,CON
KSPZ,06/24,6001,ASP
KSQI,07/25,6499,ASP
KSQI,18/36,3900,ASP
KSQL,12/30,2621,ASP
KSRB,04/22,6704,ASP
KSRC,01/19,6008,ASP
KSRE,05/23,2000,GRE
KSRE,16/34,5004,ASP
KSRQ,04/22,5006,ASP
KSRQ,14/32,9500,ASP
KSRR,06/24,8120,ASP
KSRR,12/30,6309,ASP
KSSC,04L/22R,10014,CON
KSSC,04R/22L,8014,CON
KSSF,09/27,5000,ASP
KSSF,14/32,4128,ASP
KSSI,04/22,5584,ASP
KSSI,16/34,3313,ASP
KSSQ,14/32,3711,ASP
KSTC,05/23,3000,ASP
KSTC,13/31,7500,CON
KSTE,03/21,6028,ASP
KSTE,12/30,3635,ASP
KSTF,18/36,5550,ASP
KSTJ,13/31,4797,PEM
KSTJ,17/35,8061,CON
KSTK,04/22,2500,GVL
KSTK,15/33,5201,ASP
KSTL,06/24,7603,CON
KSTL,11/29,9000,CON
KSTL,12L/30R,9013,CON
KSTL,12R/30L,11020,CON
KSTP,09/27,3642,ASP
KSTP,13/31,4004,ASP
KSTP,14/32,6491,ASP
KSTS,02/20,5202,ASP
KSTS,14/32,6000,ASP
KSUA,07/25,4653,ASP
KSUA,12/30,5828,ASP
KSUA,16/34,5000,ASP
KSUD,18/36,3000,ASP
KSUE,02/20,4599,ASP
KSUE,10/28,3199,ASP
KSUN,13/31,7550,ASP
KSUS,08L/26R,5000,ASP
KSUS,08R/26L,7486,CON
KSUT,05/23,5505,ASP
KSUU,03L/21R,11001,PEM
KSUU,03R/21L,10995,CON
KSUW,04/22,5100,ASP
KSUW,14/32,4001,ASP
KSUX,13/31,9002,CON
KSUX,17/35,6600,ASP
KSUZ,02/20,5002,ASPH-E
KSVC,03/21,4537,GRE
KSVC,08/26,6803,ASP
KSVC,12/30,4675,GRE
KSVC,17/35,5473,GRE
KSVE,07/25,2180,GRE
KSVE,11/29,4051,ASP
KSVH,10/28,7003,ASP
KSVN,10/28,11375,ASP
KSWF,09/27,11817,ASP
KSWF,16/34,6004,ASP
KSWI,16/34,4000,ASP
KSWO,04/22,5002,ASP
KSWO,13/31,5003,CON
KSWO,17/35,7401,ASP
KSWT,04/22,3400,GRE
KSWT,16/34,4200,CON
KSWW,04/22,5658,ASP
KSWW,13/31,1675,ASP
KSWW,17/35,5840,ASP
KSXK,17/35,5500,CON
KSXL,04/22,3015,ASP
KSYF,09/27,1799,GRS
KSYF,14/32,5200,CON
KSYF,14L/32R,2833,TURF-G
KSYF,18/36,2313,GRS
KSYI,18/36,5504,ASP
KSYN,09/27,1996,GRASS / SOD
KSYN,18/36,2582,GRASS / SOD
KSYR,06/24,3261,CON
KSYR,10/28,9013,ASP
KSYR,15/33,7499,ASP
KSYV,01/19,4525,ASP
KSZL,01/19,12400,CON
KSZN,09/27,2150,NATURAL SOIL
KSZP,04/22,2665,ASPH
KSZP,H1,60,ASPH
KSZT,02/20,5501,ASP
KSZY,17/35,5002,ASP
T00,12/30,3005,ASP
T00,17/35,1900,GRS
KT03,15/33,6230,ASP
KT05,12/30,3200,ASP
KT12,04/22,1983,ASP
KT12,13/31,3746,ASP
KT15,17/35,3021,ASP
KT16,06/24,4800,ASP
1TX4,15/33,4300,ASP
KT19,14/32,3200,ASP
KT20,15/33,3200,ASP
T23,17/35,5000,ASP
KT24,17/35,3700,ASP
KT30,13/31,5027,ASP
KT31,17/35,4305,COP
KT35,16/34,3200,ASP
KT36,18/36,3023,ASP
KT39,17/35,3200,ASP
KT41,05/23,2998,ASP
KT41,12/30,4165,ASP
KT42,13/31,3500,ASP
KT45,17/35,4404,ASP
KT47,18/36,2549,Turf
KT50,15/33,4100,ASP
T51,17/35,3440,ASP
KT54,13/31,3013,ASP
KT55,01/19,5500,ASP
KT59,17/35,3565,ASP
KT60,17/35,4000,ASP
KTXW,13/31,4998,ASP
KT67,14/32,3740,ASP
KT69,03/21,2800,GRS
KT69,14/32,4323,ASP
KT74,17/35,4000,ASP
KT78,16/34,3801,ASP
KT82,14/32,5002,ASP
KT85,13/31,3445,ASP
KT88,17/35,5420,ASP
KT90,18/36,3600,ASP
KT92,13/31,3000,GRS
KT92,17/35,3716,ASP
KT93,17/35,4073,ASP
KTAD,03/21,5500,ASP
KTAD,09/27,5500,GVL
KTAN,04/22,1034,GRE
KTAN,12/30,3499,ASP
KTAZ,09L/27R,1933,TURF-G
KTAZ,09R/27L,3501,ASPH-E
KTAZ,18/36,4001,ASP
KTB,NW/SE,5000,WATER
KTBN,15/33,6037,ASP
KTBR,06/24,4382,ASP
KTBR,14/32,6000,ASP
KTBR,18/36,4350,ASP
KTCC,03/21,7104,ASP
KTCC,08/26,4600,ASP
KTCL,04/22,6498,ASP
KTCL,12/30,4000,ASP
KTCM,16/34,10108,ASP
KTCM,160/340,3000,ASPH
KTCS,01/19,3302,GVL
KTCS,07/25,2933,GVL
KTCS,11/29,6981,GVL
KTCS,13/31,7202,ASP
KTCS,15/33,3001,GVL
KTCY,08/26,3438,ASPH-F
KTCY,12/30,4001,ASP
KTDF,06/24,6005,ASP
KTDO,06/24,4479,ASP
KTDW,05/23,3000,ASP
KTDW,17/35,5098,ASP
KTDZ,04/22,3799,ASP
KTDZ,14/32,5829,ASP
KTEB,1/19,6997,ASP
KTEB,6/24,6014,ASP
KTEL,13/31,4400,ASP
KTEW,10/28,4002,ASPH-G
KTEX,09/27,7111,ASP
KTFP,13/31,4999,ASP
KTGC,01/19,4802,ASP
KTGI,02/20,2426,ASP
KTHA,06/24,5501,PEM
KTHA,09/27,3130,GRE
KTHA,14/32,5000,CON
KTHA,18/36,4205,CON
KTHM,08/26,4200,ASP
KTHV,17/35,5188,ASP
KTIF,11/29,4402,ASP
KTIK,13/31,10000,PEM
KTIK,18/36,11100,PEM
KTIP,04/22,5200,CON
KTIP,09/27,5001,ASP
KTIP,13/31,5700,CON
KTIP,18/36,4894,CON
KTIW,17/35,5002,ASP
KTIX,09/27,5000,ASP
KTIX,18/36,7319,ASP
KTKC,06/24,2590,GRS
KTKC,11/29,3098,ASP
KTKC,17/35,1778,GRS
KTKI,18/36,7002,ASP
KTKO,09/27,2505,GRS
KTKO,17/35,3540,ASP
KTKV,09/27,4401,ASP
KTKX,02/20,5000,CON
KTKX,18/36,3012,ASP
KTLH,09/27,8000,ASP
KTLH,18/36,7000,ASP
KTLR,13/31,3901,ASP
KTMA,03/21,3389,ASP
KTMA,10/28,3807,ASP
KTMA,16/34,6506,ASP
KTMB,09L/27R,5003,ASP
KTMB,09R/27L,6000,ASP
KTMB,13/31,4001,ASP
KTME,18/36,6610,ASPH-G
KTMK,01/19,2911,ASPH-G
KTMK,13/31,5001,ASPH-G
KTNP,08/26,5531,ASP
KTNP,17/35,3797,ASP
KTNT,9/27,10499,ASP
KTNU,14/32,5600,ASP
KTNX,15/33,12001,CON
KTOA,11L/29R,5001,PEM
KTOA,11R/29L,3000,ASP
KTOB,04/22,2383,GRS
KTOB,16/34,4500,CON
KTOC,03/21,5008,ASP
KTOC,09/27,2951,ASP
KTOI,07/25,6197,ASP
KTOI,14/32,5024,ASP
KTOL,07/25,10600,ASP
KTOL,16/34,5599,ASP
KTOP,04/22,3002,ASP
KTOP,13/31,5099,ASP
KTOP,18/36,4331,ASP
KTOR,02/20,3401,ASP
KTOR,10/28,5703,ASP
KTPA,10/28,6999,PEM
KTPA,19L/01R,8300,PEM
KTPA,19R/01L,11002,CON
KTPF,04/22,3583,ASP
KTPF,18/36,2687,ASP
KTPH,11/29,5660,ASP
KTPH,15/33,7160,ASP
KTPL,03/21,4740,ASP
KTPL,16/34,7000,ASP
KTQE,15/33,4000,CON
KTQH,17/35,5001,ASP
KTQK,08/26,2145,GRS
KTQK,17/35,5002,ASP
KTRI,05/23,8000,ASP
KTRI,09/27,4443,ASP
KTRK,02/20,4650,ASP
KTRK,11/29,7001,ASP
KTRL,14/32,3014,ASP
KTRL,18/36,5006,ASP
KTRM,12/30,4995,ASP
KTRM,17/35,8500,ASP
KTRX,18/36,4307,ASP
KTSO,07/25,4300,ASP
KTSP,11/29,4040,ASP
KTTA,03/21,6501,ASP
KTTD,07/25,5399,ASP
KTTF,03/21,4997,ASP
KTTN,06/24,6006,ASP
KTTN,16/34,4800,ASP
KTTS,15/33,15001,CON
KTUL,08/26,7376,CON
KTUL,18L/36R,10000,CON
KTUL,18R/36L,6101,ASP
KTUP,18/36,7150,ASP
KTUS,04/22,7000,ASP
KTUS,11R/29L,8408,ASP
KTUS,12/30,10996,ASP
KTVB,03/21,3002,ASP
KTVC,05/23,3204,ASP
KTVC,10/28,7016,ASP
KTVC,18/36,5378,ASP
KTVF,03/21,4997,ASP
KTVF,13/31,6504,ASP
KTVI,04/22,6004,ASP
KTVI,14/32,4999,ASP
KTVK,16/34,4099,CON
KTVL,18/36,8541,ASP
KTVR,18/36,5002,ASP
KTVY,17/35,6102,ASP
KTWF,08/26,8704,ASP
KTWF,12/30,3224,ASP
KTWM,06/24,4400,ASP
KTWM,15/33,2581,GRS
KTWT,04/22,5052,CON
KTWT,10/28,4999,CON
KTWT,18/36,5000,ASP
KTXK,04/22,6602,ASP
KTXK,13/31,5200,ASP
KTYL,03/21,7001,ASP
KTYQ,18/36,7001,CON
KTYR,04/22,8334,ASP
KTYR,13/31,5198,ASP
KTYR,18/36,4832,ASP
KTYS,05L/23R,10000,CON
KTYS,05R/23L,9000,ASP
KTZR,04/22,5500,ASP
KTZT,18/36,4001,CON
KTZV,04/22,4000,ASP
KU00,11/29,3500,COP
KU00,16/34,2903,GRS
KU01,03/21,4900,ASP
KU02,01/19,4314,ASP
KU03,09/27,3898,ASP
KU05,16/34,3599,ASP
KU06,15/33,3400,ASP
KU07,01/19,3500,ASP
KU08,13/31,4800,ASP
KU09,10/28,3200,ASP
U10,16/34,2437,GVL
U10,4/22,3457,ASP
KU12,04/22,4500,ASP
KU13,17/35,4505,ASP
KU14,17/35,6300,ASP
KDUB,11/29,6700,ASP
KU30,18/36,3500,ASP
KU34,13/31,5600,ASP
KU36,06/24,3650,ASP
KSVR,16/34,5862,ASP
KU52,07/25,2133,GRS
KU52,13/31,4985,ASP
U55,18/36,5700,ASP
U56,01/19,3727,ASP
KU58,17/35,3550,ASP
KU62,12/30,4389,ASP
KU63,05/23,5000,GRE
KU68,09/27,5199,ASP
KU68,16/34,1866,GRS
KU69,08/26,3091,GRS
KU69,17/35,5800,ASP
KU70,12/30,4300,ASP
KU76,10/28,5000,ASP
KU78,13/31,2500,ASP
KU78,16/34,3500,ASP
KU79,07/25,4100,GRS
KU79,15/33,2700,GRS
KU81,16/34,4550,GRS
KU82,17/35,3600,ASP
KU89,08/26,3050,ASP
KU96,01/19,5700,ASP
KUAO,17/35,5003,ASP
KUBE,09/27,4043,ASP
KUBE,18/36,1996,GRS
KUBS,18/36,4503,ASP
KUBX,18/36,3420,ASP
KUCP,05/23,3995,ASP
KUCP,13/31,2855,ASP
KUCY,01/19,6503,ASP
KUDD,10/28,5002,ASP
KUDG,05/23,5500,ASP
KUDG,10/28,4947,ASP
KUDG,16/34,4751,ASP
KUES,10/28,5849,CON
KUES,18/36,3599,ASP
KUGN,05/23,6001,ASP
KUGN,14/32,3750,ASP
KUIL,04/22,4211,CON
KUIN,04/22,7098,PEM
KUIN,13/31,5397,ASP
KUIN,18/36,5399,CON
KUKF,01/19,6201,ASP
KUKI,15/33,4423,ASP
KUKL,18/36,5500,CON
KUKT,11/29,3210,ASP
KULM,04/22,2478,GRS
KULM,15/33,5401,ASP
KULS,12/30,4600,CON
KULS,17/35,6000,CON
KUMP,15/33,4004,ASP
KUNI,07/25,5600,ASP
KUNO,18/36,5101,ASP
KUNU,02/20,4028,ASP
KUNU,08/26,5070,ASP
KUNV,06/24,6701,ASP
KUOS,07/25,3700,ASP
KUOX,09/27,5600,ASP
KUP,12/30,3200,
KUSE,09/27,3882,ASP
KUSE,18/36,2115,COM
KUTA,17/35,8500,ASP
KUTS,18/36,5005,ASP
KUUU,04/22,2999,ASP
KUUU,16/34,2623,ASP
KUUV,06/24,4500,CON
KUVA,15/33,5256,ASP
KUWL,09/27,4002,ASP
KUXL,15/33,5001,ASPH-G
KUYF,09/27,4000,ASP
KUZA,02/20,5500,ASP
KVAD,19L/01R,9300,CON
KVAD,19R/01L,8002,PEM
KVAY,08/26,3881,ASP
KVBG,12/30,15000,CON
KVBT,18/36,5053,ASP
KVCB,02/20,4700,ASP
KVCT,06/24,4200,ASP
KVCT,12R/30L,4643,CON
KVCT,13/31,9111,ASP
KVCT,18/36,4908,ASP
KVCV,03/21,9138,PEM
KVCV,17/35,13052,PEM
KVDF,05/23,5000,ASP
KVDF,18/36,3219,ASP
KVDI,07/25,6002,CON
KVDI,14/32,5002,CON
KVEL,07/25,4108,ASP
KVEL,17/35,7000,ASP
KVER,18/36,4000,ASP
KVES,09/27,4802,ASP
KVGC,17/35,5314,ASP
KVGT,07/25,5005,ASP
KVGT,12L/30R,4199,ASP
KVGT,12R/30L,5000,ASP
KVHN,03/21,6005,ASP
KVHN,07/25,5353,ASP
KVIH,04/22,5500,ASP
KVIH,13/31,5501,ASP
KVIH,18/36,5000,U
KVIQ,09/27,3400,ASP
KVIS,12/30,6562,ASP
KVJI,06/24,5500,ASP
KVKS,01/19,5000,ASP
KVLA,09/27,3001,ASP
KVLA,18/36,3751,ASP
KVLD,04/22,5598,ASP
KVLD,13/31,3636,ASP
KVLD,18/36,8003,ASP
KVLL,09/27,3550,ASP
KVMR,12/30,4105,ASP
KVNC,04/22,5000,ASP
KVNC,09/27,5000,ASP
KVNC,13/31,5640,ASP
KVNW,09/27,5000,ASP
KVNW,18/36,2558,GRS
KVNY,16L/34R,4013,ASP
KVNY,16R/34L,8001,ASP
KVOK,09/27,9000,CON
KVPC,01/19,5760,ASP
KVPS,02/20,10012,ASP
KVPS,12/30,12004,ASP
KVPZ,09/27,7001,ASP
KVPZ,18/36,4001,ASP
KVQQ,09L/27R,4439,PEM
KVQQ,09R/27L,8003,PEM
KVQQ,18L/36R,12504,PEM
KVQQ,18R/36L,8001,PEM
KVRB,04/22,4974,ASP
KVRB,12L/30R,3505,ASP
KVRB,12R/30L,7314,ASP
KVSF,05/23,5501,ASP
KVSF,11/29,3000,ASP
KVTA,09/27,4649,ASP
KVTI,09/27,4000,CON
KVTI,16/34,2500,ASP
KVTN,03/21,3701,ASP
KVTN,14/32,4705,ASP
KVUJ,04L/22R,3501,ASP
KVUJ,04R/22L,5499,ASP
KVUO,08/26,3275,ASP
KVVS,05/23,3833,ASP
KVVS,14/32,2404,ASP
KVVV,04/22,2175,GRS
KVVV,16/34,3417,ASP
KVWU,02/20,2992,TURF-G
KVYS,07/25,3999,ASP
KVYS,18/36,5999,ASP
KW01,15/33,3053,ASP
KW03,03/21,4500,ASP
KW03,09/27,4498,ASP
KW03,15/33,4499,ASP
KW05,06/24,3100,ASP
KW22,11/29,4201,ASP
W28,09L/27R,3500,GRS
W28,09R/27L,3500,ASP
KW31,02/20,3000,ASP
KW35,11/29,4979,ASP
KBYL,02/20,5499,ASP
W40,05/23,5254,ASP
KW41,06/24,1060,GRS
KW41,14/32,2397,ASP
KW43,13/31,5500,ASP
KLUA,04/22,3126,ASP
KW63,04/22,4007,ASP
KW78,01/19,4011,ASP
KW78,05/23,2700,GRS
KW81,15/33,3300,ASP
KW90,17/35,3164,ASP
KW91,05/23,3058,ASP
KW94,05/23,5000,ASP
KW95,06/24,2998,ASP
KW96,10/28,3600,ASP
W99,13/31,5000,ASP
KWAL,04/22,8748,PEM
KWAL,10/28,8005,ASP
KWAL,17/35,4808,ASP
KWAY,09/27,3500,ASPH-F
KWBW,07/25,3375,ASP
KWBW,09/27,2193,GRS
KWDG,13/31,3150,ASPH-P
KWDG,17/35,8613,ASP
KWDR,05/23,3607,ASP
KWDR,13/31,5202,ASP
KWEA,18/36,3298,ASP
POKW,NW/SE,10000,WATER
KWHP,12/30,4120,ASP
KWJF,06/24,7201,ASP
KWK,NW/SE,2000,WATER
KWLD,13/31,3137,ASP
KWLD,17/35,5506,ASP
KWLW,13/31,3788,ASP
KWLW,16/34,4125,ASP
KWMC,02/20,4800,ASP
KWMC,14/32,7000,ASP
KWP,E/W,10000,WATER-E
KWRB,15/33,12001,PEM
KWRI,06/24,11451,ASP
KWRI,18/36,7126,ASP
KWRL,04/22,2241,GRS
KWRL,10/28,2502,GRS
KWRL,16/34,7000,ASP
KWST,07/25,4010,ASP
KWST,14/32,3960,ASP
KWVI,02/20,4502,ASP
KWVI,09/27,3998,ASP
KWVL,05/23,5500,ASP
KWVL,14/32,2301,ASP
KWWD,01/19,5252,ASP
KWWD,10/28,5000,ASP
KWWR,12/30,5500,PER
KWWR,17/35,5502,CON
KWWR,6/24,2500,ASP
KWYS,01/19,8400,ASP
KX04,15/33,3284,COP
X05,18/36,3700,ASP
KX06,06/24,3700,ASP
KX06,14/32,2400,GRS
KX07,06/24,5400,ASP
KX07,17/35,3860,ASP
KX10,09/27,3449,ASP
KX13,05/23,4000,ASP
X14,14/32,5254,ASP
KX21,04U/22U,1805,TURF-G
KX21,15/33,3026,ASP
KX26,05/23,4023,ASP
KX26,10/28,3199,ASP
KX26,13/31,4000,ASP
KX26,18/36,4000,ASP
X35,05/23,5000,ASP
X35,09/27,4702,ASP
X39,14/32,3541,ASP
KX43,02/20,3760,GVL
KX43,17/35,3250,ASP
KX49,14/32,2412,GRS
KX50,18/36,4360,ASP
KX51,09G/27G,1000,TURF-G
KX51,10/28,3000,ASP
KX51,18/36,4000,ASPH-G
KX58,13/31,6300,GRS
KX59,09/27,4000,ASP
KX59,14/32,4000,ASP
KX60,05/23,6669,ASP
KX60,14/32,4979,ASP
KXA,N/S,2000,WATER
KXBP,18/36,5005,ASP
KFIN,02/20,5000,ASP
KFIN,06/24,5001,ASP
KFIN,11/29,5500,ASP
KFIN,16/34,5000,ASP
KFIN,18W/36W,3001,WATER
KXLL,07/25,3950,ASP
KXLL,15/33,3160,ASP
KXMR,13/31,9999,ASP
KXNA,16L/34R,8801,CON
KXNA,16R/34L,8800,concrete
KXNI,6/24,6000,ASP
KXNO,05/23,3500,ASP
KXNO,06/24,10003,ASP
KXSA,10/28,4300,ASPH-E
KXTA,12/30,5420,UNK
KXTA,14/32,12000,UNK
KXVG,13/31,3549,ASP
KXWA,14/32,7503,CON
Y03,01/19,1900,GRS
Y03,15/33,3500,ASP
KY14,16/34,3650,ASP
KY19,04/22,2921,GRS
KY19,13/31,4399,ASP
KY23,07/25,1490,GRS
KY23,17/35,3401,ASP
KY27,14/32,3699,ASP
KY31,09/27,5000,ASP
KY37,03/21,2500,GRS
KY37,12/30,3100,ASP
KY43,05/23,2825,GRS
KY47,08/26,3128,ASPH-F
KY50,05/23,1190,ASP
KY50,08/26,2334,GRS
KY50,13/31,3300,ASP
KY51,02/20,2424,GRS
KY51,11/29,4000,ASP
KY55,01/19,2742,GRS
KY55,11/29,3100,ASP
KY59,H1,52,Turf
Y65,10/28,3005,ASP
KY68,H1,42,Turf
KY68,H1,42,Turf
Y70,09/27,4300,ASP
Y70,18/36,4261,GRS
KY72,07/25,3900,ASP
KY72,18/36,2210,GRS
KY74,12/30,3208,ASP
KY74,17/35,1350,GRS
KKY8,05/23,5002,Asphalt
KY83,09/27,3105,ASP
KY83,18/36,2300,GRS
KY89,10/28,3500,ASP
Y93,05/23,3000,ASP
Y93,13/31,3223,TURF-F
KY94,09/27,3250,ASP
KY94,18/36,1800,GRE
Y95,04/22,3400,ASP
Y95,18/36,2850,GRE
KYIP,05/23,7543,CON
KYIP,05L/23R,6655,ASP
KYIP,09/27,5001,ASP
KYIP,09R/27L,6511,ASP
KYIP,14/32,6914,ASP
KYKM,04/22,3835,ASP
KYKM,09/27,7604,ASP
KYKN,01/19,3380,ASP
KYKN,13/31,6094,CON
KYNG,05/23,5002,ASP
KYNG,14/32,9003,ASP
KYNG,143/323,3501,ASPH-F
KZ-0008,04/22,8530,CON
KZ-0062,NW/SE,3800,Soft
KZ-0114,14/32,3937,ASP
KZ01,18/36,5000,ASP
KZ10,16/34,3500,ASP
KZ19,14/32,450,CON
KZ27,H1/H1,100,CON
KZ98,02/20,3800,ASP
KZEF,07/25,4001,ASP
KZER,04/22,2523,GRS
KZER,11/29,5101,ASP
KZPH,19/1,5072,ASP
KZPH,5/23,5001,ASP
KZZV,04/22,4999,PEM
KZZV,16/34,4998,PEM
L11,ALL/WAY,15000,WATER
L18,18/36,2150,ASPH-G
L20,01/19,3900,GRAVEL-P
KL25,01/19,2900,DIRT-G
L36,17/35,2625,ASPH-G
KL37,05/23,5100,GRVL
L44,09/27,2053,TURF-G
L44,18/36,2400,TURF
L49,7W/25W,5600,WAT
KL52,11/29,2325,ASPH-F
L53,07/25,1875,ASPH-G
L54,11/29,2500,ASPH-P
KL61,15/33,2380,ASPH-F
L78,07/25,2562,GRVL-G
L85,N/S,3000,WATER-E
KL87,H1,40,CONC
7LA4,09/27,2640,TURF-G
L90,09/27,2330,DIRT-G
L90,13/31,4210,DIRT-G
L92,14/32,4362,DIRT-F
L92,15/33,2500,DIRT-F
L93,E/W,4000,WATER-E
L93,N/S,2000,WATER
L95,03/21,1267,WATER-E
L95,05/23,1457,WATER
LA-0005,16/34,2200,
VLBK,03/21,8858,ASP
LA00,H1,50,CONC
LA01,18/36,1800,ASPH-P
LA02,H1,40,CONC
LA05,H1,20,GRASS / SOD
LA06,H1,40,CONC
LA07,17/35,300,TURF-G
LA09,H1,500,CONC
LA12,H1,50,CONC
LA13,09/27,3000,TURF
LA14,H1,75,CONC
LA16,05/23,2817,TURF
LA18,H1,50,CONC
LA19,H1,50,ASPH/ CONC
LA20,H1,40,CONC
LA21,15/33,4000,TURF-F
LA22,H1,48,CONC
LA23,H1,40,CONC
LA24,H1,50,CONC
LA25,18/36,3000,ASPH-P
LA26,01/19,2375,TURF-G
LA27,H1,20,CONC
LA27,H2,20,CONC
LA27,H3,20,CONC
LA27,H4,40,CONC
LA28,H1,35,CONC
LA29,H1,45,GRASS / SOD
LA30,09/27,500,GRE
LA30,18/36,500,GRE
LA32,09/27,3000,CON
LA33,09/27,2000,TURF
LA34,18/36,1500,TURF
LA36,04/22,1000,TURF
LA37,H1,40,CONC
LA38,18/36,2000,WATER
LA39,H1,35,CONC
LA40,12/30,2900,TURF
LA40,18/36,3300,ASP
LA40,N/S,3300,TURF
LA41,12/30,2700,TURF
6LA2,18/36,3100,ASP
LA43,H1,100,GRASS / SOD
LA44,H1,100,CONC
LA45,H1,50,CONC
LA46,05/23,3500,TURF
LA47,H1,40,CONC
LA48,09/27,2800,TURF
LA49,H1,60,CONC
LA51,N/S,1500,TURF
LA53,2/20,3000,TURF
LA54,08/26,3100,TURF
LA55,H1,50,CONC
LA56,18/36,2000,TURF
LA57,18/36,2200,TURF
LA59,H1,50,CONC
LA60,09/27,5000,TURF
LA61,18/36,1957,TURF
LA62,H1,40,CONC
LA63,06/24,1500,TURF
LA64,18W/36W,10000,WATER
LA65,H1,40,CONC
LA66,H1,24,CONC
LA67,N/S,2800,TURF
LA68,08/26,2350,TURF
LA69,H1,1500,CONC
LA71,03/21,3800,TURF
LA72,H1,40,CONC
LA73,15/33,1500,TURF
LA74,H1,30,GRAVEL
LA75,09/27,1500,TURF
LA76,05/23,4700,TURF
LA77,17/35,3400,TURF
LA78,H1,250,CONC
LA79,18/36,2400,TURF
LA80,H1,50,CONC
LA82,H1,60,CONC
LA83,N/S,2100,TURF
LA84,H1,55,CONC
LA86,H1,20,CONC
LA87,18/36,3400,TURF
LA90,08/26,2400,TURF
LA91,05/23,2700,TURF
LA93,H1,54,CONC
LA95,H1,50,CONC
LA96,H1,40,CONC
LA98,07W/25W,5000,WATER
LA99,H1,50,CONC
LAC,06/24,4480,
LAKU,01/19,7211,ASPH
LAKV,14/32,9318,CON
LATI,17/35,9843,ASP
LBTS,11/29,1455,CON
LBSW,11/29,8187,ASP
LB18,16/34,8200,ASP
LB29,05/23,1446,ASP
LB30,11/29,1691,GRE
LB31,12/30,2192,GRE
LB33,11/29,1600,GRE
LB35,17/35,1450,GRE
LB36,12/30,1400,ASP
LB42,09/27,8200,CON
LBAM,11/29,535,Hard coating
LBBG,04/22,10499,CON
LBGO,09/27,8038,CON
LBHT,13/31,1969,concrete
LBPD,12/30,8202,CON
LBPG,08/26,9815,ASP
LBPL,10L/28R,7173,GRE
LBPL,10R/28L,7173,PEM
LBRS,05/23,8210,CON
LBRS,05L/23R,5784,GRE
LBSB,12/30,2377,grass
LBSF,09/27,11811,ASP
LBSL,09/27,8155,ASP
LBSZ,17/35,8200,ASP
LBVD,09/27,6888,CON
LBWB,16/34,8095,CON
LBWN,09/27,8258,CON
LCEN,11L/29R,9039,concrete
LCEN,11R/29L,10498,
LCEN,16/34,906,
LCLK,04/22,9823,ASP
LCP,9/27,5249,ASP
LCPH,11/29,8858,ASP
LCRA,10/28,9002,ASP
LDDU,11/29,10597,ASP
LDLO,02/20,2953,Asphalt
LDOB,14/32,2953,UNK
LDOC,10/28,3937,ASP
LDOC,10L/28R,,UNK
LDOC,10R/28L,3615,GRE
LDOS,11/29,8202,ASP
LDOV,04/22,2651,UNK
LDPL,09/27,9678,ASP
LDPN,05/23,2789,grass
LDPV,01/19,,
LDRG,07/25,5293,ASP
LDRG,09/27,6106,ASP
LDRI,14/32,8164,PEM
LDSB,03/21,5774,ASP
LDSH,10/28,2454,GRE
LDSP,05/23,8366,ASP
LDSS,08/26,3609,UNK
LDVA,16/34,5676,ASP
LDVC,03/21,3609,UNK
LDZA,04/22,10669,ASP
LDZD,04/22,6561,ASP
LDZD,13/31,8202,ASP
LDZE,04/22,2083,Grass
LEOA,17/35,3287,ASP
LE84,09/27,3695,ASP
LEAB,09/27,8858,ASP
LEAL,10/28,9842,ASP
LEAM,07/25,10499,ASP
LEAP,17/35,1617,paved
LEAS,11/29,7218,ASP
LEAX,12/30,3146,asphalt
LEBA,03/21,7352,ASP
LEBB,10/28,6266,ASP
LEBB,12/30,8530,ASP
LEBE,09/27,4757,ASP
LEBE,15/33,2460,ASP
LEBG,04/22,6890,ASP
LEBG,06/24,4393,ASP
LEBL,02/20,8300,ASP
LEBL,06L/24R,11000,ASP
LEBL,06R/24L,8727,ASP
LEBZ,13/31,9350,ASP
LECA,04/22,,
LECA,18/36,,
LECD,07/25,3773,ASP
LECF,13/31,2657,
LECH,06/24,8858,Asphalt
LECI,09/27,2805,ASP
LECN,18/36,3117,concrete
LECO,03/21,7178,ASP
LECT,12/30,3200,ASP
LECT,14/32,5036,ASP
LECU,09/27,4921,ASP
LECU,09L/27R,2698,GRASS
LECU,H1,131,ASPH
LECV,03/21,1361,
LEDA,13/31,8202,hard
LEDE,16/34,214,compacted soil
LEFM,16/34,3281,ASP
LEGA,18/36,4265,ASP
LEGC,15/33,5250,Asphalt
LEGE,01/19,7874,ASP
LEGR,09/27,9514,ASP
LEGT,04/22,8136,ASP
LEGT,05R/23L,3018,GRE
LEGY,02/20,800,asphalt
LEGY,09/27,1200,asphalt
LEHC,12L/30R,2018,Asphalt
LEHC,12R/30L,6889,Asphalt
LEIB,06/24,9186,ASP
LEIG,16/34,2822,ASP
LEIZ,10/28,5015,ASP
LEJR,02/20,7546,ASP
LELA,07/25,4830,ASP
LELC,05L/23R,5174,ASPH
LELC,05R/23L,7612,ASPH
LELC,14/32,2625,GRS
LELL,13/31,3442,ASPH
LELN,05/23,9843,ASP
LELN,06/24,3392,DIRT
LERJ,11/29,7218,CON
LELT,12/30,2650,ASPHALT
LEMD,14L/32R,11483,ASP
LEMD,14R/32L,13084,ASP
LEMD,18L/36R,11483,ASP
LEMD,18R/36L,14271,ASP
LEMF,12/30,2297,concrete
LEMG,12/30,9022,ASP
LEMG,13/31,10500,ASP
LEMH,01/19,8366,ASP
LEMH,01L/19R,7710,ASP
LEMH,01R/19L,6890,ASP
LEMI,05/23,9842,ASPH
LEMO,02/20,11801,ASP
LEMP,15/33,2789,Compacted Earth
LEMR,10/28,3281,ASP
LEMT,08/26,3116,ASP
LEMU,12/30,3281,ASP
LENA,10/28,2578,Asfalt
LENE,08/26,4593,paved
LEOC,11/29,4134,ASP
LEOC,17/35,2936,GRE
LEOS,08/26,3976,Asfalt
LEPA,06L/24R,10728,ASP
LEPA,06R/24L,9842,ASP
LEPI,12/30,3041,ASPH
LEPP,03/21,2,UNK
LEPP,15/33,7241,ASP
LEPZ,14/32,3346,ASP
LERE,12/30,3264,ASP
LERI,07/25,3077,ASP
LERL,10/28,13450,asp
LERM,01/19,3281,ASP
LERO,04/22,3937,ASP
LERP,05/23,1000,rough
LERP,09/27,700,rough
LERS,07/25,8054,ASP
LERS,12/30,1117,GRE
LERT,10/28,12106,ASP
LESA,03/21,8245,ASP
LESA,08/26,6115,GRE
LESB,05/23,3937,ASP
LESL,02/20,6069,ASP
LESO,04/22,5755,ASP
LEST,17/35,10499,ASP
LESU,03/21,4157,ASP
LETC,07/25,2789,asphalt
LETI,05/23,3280,ASP
LETI,05L/23R,1969,GRE
LETL,18/36,9268,ASPH
LETO,04/22,15807,PEM
LEVC,04/22,5394,ASP
LEVC,12/30,8858,ASP
LEVD,05/23,9843,ASP
LEVD,15/33,2976,GRE
LEVF,08/26,3281,ASP
LEVT,04/22,11483,CON
LEVX,01/19,7874,ASP
LEXJ,11/29,7612,ASP
LEZG,12L/30R,9843,ASP
LEZG,12R/30L,12198,ASP
LEZL,09/27,11030,ASP
LF50,07/25,3150,ASP
LFPR,17/35,6562,ASP
LFAB,13/31,2690,UNK
LFAC,06/24,5036,ASP
LFAC,H,42,ASP
LFAD,05/23,2953,UNK
LFAE,05/23,2953,paved
LFAF,17/35,3232,UNK
LFAG,09/27,4560,ASP
LFAI,05/23,3133,ASP
LFAI,06/24,3133,ASP
LFAJ,04/22,3281,UNK
LFAK,07/25,0,UNK
LFAL,08/26,4708,Grass
LFAM,06/24,3000,grass
LFAM,17/35,,ASP
LFAO,12/30,3478,ASP
LFAP,06/24,2493,GRS
LFAQ,08/26,7218,ASP
LFAQ,08R/26L,3281,Grass
LFAS,06/24,2789,UNK
LFAT,06/24,,UNK
LFAT,13/31,6070,ASP
LFAV,06/24,2051,GRS
LFAV,11/29,5604,ASP
LFAV,11L/29R,2034,GRASS
LFAY,12/30,4265,ASP
LFBA,11/29,7103,ASP
LFBC,06/24,7900,ASP
LFBD,05/23,10171,ASP
LFBD,11/29,7923,ASP
LFBE,09/27,7234,ASP
LFBF,12/30,5906,ASP
LFBG,05/23,7949,PEM
LFBG,08/26,5951,MAC
LFBH,09/27,7398,ASP
LFBI,03/21,7710,ASP
LFBK,17/35,6234,ASP
LFBL,03/21,8202,ASP
LFBM,09/27,11821,PEM
LFBN,07/25,5774,ASP
LFBO,14L/32R,9843,ASP
LFBO,14R/32L,11483,ASP
LFBP,13/31,8202,ASP
LFBR,12/30,3609,ASP
LFBS,09/27,2625,UNK
LFBT,02/20,9843,ASP
LFBU,10/28,5938,ASP
LFBX,11/29,5741,ASP
LFBY,07/25,2625,UNK
LFBZ,09/27,7382,ASP
LFCA,18/36,2625,UNK
LFCB,01/19,2461,GRS
LFCC,13/31,4921,ASP
LFCD,13/31,4068,Grass
LFCE,05/23,2215,ASP
LFCF,11/29,2953,Paved
LFCG,15/33,3609,ASP
LFCH,07/25,,UNK
LFCH,07L/25R,4416,ASP
LFCH,07R/25L,4213,GRS
LFCI,09/27,5118,ASP
LFCJ,14L/32R,4495,UNK
LFCJ,14R/32L,4495,UNK
LFCK,14/32,5988,CON
LFCL,15/33,3117,ASP
LFCM,14/32,5577,ASP
LFCN,14L/32R,3281,Paved
LFCN,14R/32L,3117,G
LFCO,07L/25R,3543,GRS
LFCO,07R/25L,3379,GRS
LFCP,13/31,4101,grass
LFCQ,09/27,3166,ASP
LFCR,13/31,6693,ASP
LFCS,03/21,2625,paved
LFCT,12/30,3445,G
LFCT,16/34,3117,UNK
LFCU,10/28,4429,ASP
LFCU,10R/28L,2953,GRS
LFCV,13/31,3363,UNK
LFCW,10/28,3412,ASP
LFCX,10/28,2953,UNK
LFCY,10/28,4117,ASP
LFCZ,08/26,3412,ASP
LFDA,12/30,3281,ASP
LFDB,13/31,3215,ASP
LFDC,15/33,2592,sand
LFDE,07/25,2674,UNK
LFDF,10/28,3937,UNK
LFDG,07/25,3675,GRASS
LFDH,18/36,6233,Concrete
LFDH,36/18,6233,ASP
LFDI,04/22,3609,ASP
LFDJ,09/27,4265,ASP
LFDK,14/32,2526,paved
LFDL,08/26,2592,GRS
LFDM,11/29,3937,ASP
LFDN,12/30,7480,ASP
LFDP,10/28,3281,UNK
LFDR,08/26,3117,UNK
LFDT,08/26,2723,UNK
LFDU,06/24,2953,Grass
LFDV,02/20,3494,UNK
LFDX,17/35,2362,grass
LFEA,06/24,2165,ASP
LFEB,07/25,2723,ASP
LFEC,05/23,2733,paved
LFED,10/28,3675,ASP
LFEF,10/28,2295,CONCRETE
LFEF,10L/28R,2295,grass
LFEG,03L/21R,2067,ASP
LFEG,03R/21L,2723,GRS
LFEH,06/24,3330,ASP
LFEI,14/32,2789,UNK
LFEJ,04/22,2625,UNK
LFEK,11/29,3018,UNK
LFEK,18/36,3117,UNK
LFEL,04/22,2625,UNK
LFEM,05/23,3937,grass
LFEM,05C/23C,2953,GRS
LFEM,05L/23R,984,GRS
LFEN,04/22,2297,HARD
LFEN,04R/22L,1083,Unpaved
LFEP,03/21,2789,UNK
LFEQ,11/29,2543,PAVED
LFER,04/22,2756,ASP
LFES,02/20,4921,ASP
LFET,01/19,3445,Turf
LFET,11/29,3412,Turf
LFEU,06/24,3084,UNK
LFEV,07L/25R,2822,grass
LFEV,07R/25L,2625,paved
LFEW,05/23,2395,Asphalt
LFEX,18/36,3215,UNK
LFEY,04/22,1886,GRS
LFEY,14/32,4003,ASP
LFEY,15/33,,UNK
LFEZ,04/22,3084,UNK
LFEZ,09/27,3084,UNK
LFEZ,14/32,3281,UNK
LFFB,10/28,2625,UNK
LFFC,04/22,2953,UNK
LFFC,12/30,2953,UNK
LFFD,05/23,3609,UNK
LFFG,04/22,2789,GRS
LFFH,04/22,3051,UNK
LFFI,07/25,3937,ASP
LFFJ,09/27,2165,grass
LFFK,08/26,3150,UNK
LFFL,08/26,2559,UNK
LFFL,18/36,2559,UNK
LFFN,10/28,8038,CON
LFFO,10/28,1970,Grass
LFFO,H,82,ASP
LFFP,07/25,3740,UNK
LFFQ,10/28,3389,UNK
LFFR,12/30,2625,UNK
LFFT,01/19,2559,UNK
LFFU,08/26,2625,grass
LFFV,04/22,2231,GRS
LFFW,07/25,2953,UNK
LFFZ,06L/24R,3117,Unpaved
LFGA,01/19,5282,ASP
LFGB,02/20,3281,ASP
LFGB,02R/20L,3166,GRASS
LFGB,16/34,1640,grass
LFGC,17/35,2690,ASPH
LFGF,03/21,2985,ASP
LFGG,04/22,2592,UNK
LFGG,18L/36R,3018,grass
LFGG,18R/36L,3018,grass
LFGH,12/30,2657,UNK
LFGI,02/20,2460,Asphalt
LFGI,02R/20L,2560,Turf
LFGJ,05/23,7318,ASP
LFGK,08/26,3458,ASP
LFGK,08R/26L,2296,Turf
LFGL,08/26,3609,UNK
LFGM,09/27,2953,UNK
LFGN,13/31,1960,Turf
LFGO,14L/32R,3281,UNK
LFGO,14R/32L,3281,UNK
LFGP,07C/25C,3543,UNK
LFGP,07L/25R,3675,UNK
LFGQ,04/22,2400,Asphalt
LFGQ,04L/22R,2034,Grass
LFGR,08/26,2953,UNK
LFGS,09/27,2953,GRS
LFGU,05L/23R,2343,grass
LFGU,05R/23L,2343,grass
LFGW,10/28,3675,ASP
LFGY,07/25,2854,paved
LFGZ,11/29,2933,Turf
LFHA,18L/36R,2805,grass - herbe  (planeur)
LFHA,18R/36L,2805,grass - herbe  (avion)
LFHD,18R/36L,3937,UNK
LFHE,06/24,3068,UNK
LFHF,18/36,2067,grass
LFHH,01/19,2155,grass
LFHI,13/31,2625,UNK
LFHJ,18/36,2904,UNK
LFHL,04/22,2897,Grass
LFHM,15/33,1798,ASP
LFHN,18/36,2200,paved
LFHO,18/36,4675,Paved
LFHP,15/33,4570,Paved
LFHP,15R/33L,3084,Unpaved
LFHQ,01/19,4298,ASP
LFHR,15L/33R,2854,Grass - Herbe -> Avion - ULM
LFHS,18/36,3737,ASP
LFHS,18R/36L,2411,GRS
LFHT,02/20,2415,paved
LFHU,06/24,1470,ASP
LFHV,18/36,3412,ASP
LFHV,18L/36R,3609,GRS
LFHX,05/23,3937,paved
LFHY,08/26,4265,ASP
LFHY,08L/26R,1083,GRS
LFHY,08R/26L,2766,GRS
LFIB,11/29,2625,UNK
LFID,11/29,2789,UNK
LFIF,12/30,4265,ASP
LFIG,10/28,3445,CON
LFIH,07/25,2756,UNK
LFIK,05/23,2822,UNK
LFIL,05/23,3527,UNK
LFIP,09/27,1542,ASP
LFIS,03/21,1978,PAVED
LFIV,09/27,2625,UNK
LFIY,10/28,2789,Grass
LFJA,01/19,4921,ASP
LFJB,04/22,4265,ASP
LFJC,18/36,2592,UNK
LFJE,03/21,1752,GRS
LFJF,08/26,2526,UNK
LFJH,10/28,2920,UNK
LFJL,04/22,8202,ASP
LFJR,08/26,5906,ASP
LFJR,08L/26R,2362,GRS
LFJR,08R/26L,3609,GRS
LFJS,07/25,2870,Grass
LFJT,03/21,2953,grass
LFJU,06/24,4960,ASP
LFJU,06R/24L,2170,GRS
LFJY,05/23,7874,ASP
LFKA,05/23,2625,ASP
LFKB,16/34,8266,ASP
LFKC,18/36,7579,CON
LFKF,05/23,8136,ASP
LFKG,18/36,2625,UNK
LFKH,02/20,1335,G
LFKJ,02/20,7897,ASP
LFKM,16/34,2130,grass
LFKO,09/27,4593,ASP
LFKP,11/29,270,asphalt
LFKS,18/36,8619,CON
LFKT,12/30,3084,ASP
LFKX,15/33,1332,ASP
LFKY,18/36,2093,G
LFLA,18/36,5413,ASP
LFLB,18/36,6628,ASP
LFLC,01/19,2313,GRASS
LFLC,08/26,9885,ASP
LFLC,08L/26R,2953,GRASS
LFLD,06/24,5085,ASP
LFLE,14/32,3281,ASP
LFLG,04/22,2953,UNK
LFLH,17/35,4725,ASP
LFLI,12/30,4265,ASP
LFLJ,04/22,1762,Asphalt
LFLL,17L/35R,8760,ASP
LFLL,17R/35L,13124,ASP
LFLM,17/35,4036,ASP
LFLN,15L/33R,6660,CON
LFLN,15R/33L,4921,CON
LFLO,02/20,4839,Paved
LFLP,04/22,5348,ASP
LFLP,04R/22L,2771,grass
LFLQ,02/20,3937,Unpaved
LFLR,01L/19R,2953,UnPaved
LFLR,01R/19L,2953,UnPaved
LFLS,09/27,10007,ASP
LFLT,11/29,3281,ASP
LFLU,01/19,6890,ASP
LFLU,01L/19R,3914,GRASS
LFLU,01R/19L,1322,GRASS
LFLV,01/19,7218,ASP
LFLW,15/33,5577,ASP
LFLX,03/21,11483,CON
LFLY,16/34,5971,ASP
LFLZ,15/33,3084,Unpaved
LFMA,14/32,4934,ASP
LFMC,09/27,2625,ASP
LFMC,13/31,4593,ASP
LFMD,04/22,2493,ASP
LFMD,17/35,5052,ASP
LFMD,17L/35R,1804,grass
LFME,18L/36R,2986,UNK
LFME,18R/36L,3084,grass
LFMF,10L/28R,2625,UNK
LFMF,10R/28L,2723,UNK
LFMH,17/35,7546,ASP
LFMI,15/33,12303,ASP
LFMK,09/27,6726,ASP
LFML,13L/31R,11483,ASP
LFML,13R/31L,7776,ASP
LFMN,04L/22R,8622,ASP
LFMN,04R/22L,9721,ASP
LFMO,14/32,,UNK
LFMO,15/33,7909,CON
LFMP,13/31,3560,ASP
LFMP,15/33,8202,ASP
LFMQ,12/30,5069,ASP
LFMR,09/27,2625,UNK
LFMS,01/19,4576,ASP
LFMT,12L/30R,8530,ASP
LFMT,12R/30L,3609,ASP
LFMU,09/27,5971,ASP
LFMV,17/35,6168,ASP
LFMW,11/29,2657,PAVED
LFMY,09/27,2569,UNK
LFMY,16/34,6565,CON
LFMY,16L/34R,3176,UNK
LFMY,16R/34L,3619,UNK
LFMZ,08/26,3281,ASP
LFNA,02L/20R,3100,ASP
LFNA,02R/20L,2296,GRS
LFNB,12/30,4265,ASP
LFNC,16/34,2778,ASPH
LFNC,16G/34G,2067,grass
LFNE,09/27,4265,UNK
LFNE,15/33,4003,UNK
LFNF,02/20,4167,UNK
LFNF,10/28,3458,UNK
LFNG,14/32,2953,paved
LFNH,13/31,3937,ASP
LFNJ,18/36,2953,UNK
LFNL,12/30,1805,grass
LFNO,09/27,2592,UNK
LFNQ,14/32,3281,UNK
LFNR,08/26,3609,UNK
LFNR,16/34,3117,UNK
LFNS,17/35,3839,UNK
LFNT,13/31,3839,UNK
LFNT,17R/35L,4429,UNK
LFNU,17/35,3478,UNK
LFNV,02/20,3346,grass
LFNX,18/36,3199,UNK
LFOA,06/24,11493,ASP
LFOB,04/22,3625,ASP
LFOB,12/30,7972,ASP
LFOB,13R/31L,,UNK
LFOC,10/28,7552,ASP
LFOD,10/28,4757,ASP
LFOE,04/22,9826,ASP
LFOF,07/25,2543,UNK
LFOG,05/23,2365,paved
LFOH,04/22,7546,ASP
LFOI,02/20,4101,CON
LFOI,02L/20R,2950,Grass
LFOI,13/31,1880,Grass
LFOJ,07/25,7887,ASP
LFOK,10/28,12664,CON
LFOL,07/25,2510,UNK
LFOM,06/24,4101,grass
LFON,04/22,2362,GRASS
LFOP,04/22,5577,ASP
LFOP,05/23,2952,GRASS
LFOQ,02/20,3018,GRS
LFOQ,12/30,4101,ASP
LFOR,09/27,2756,ASPH
LFOS,07/25,2953,UNK
LFOT,02/20,7887,CON
LFOU,02/20,4528,ASP
LFOU,02R/20L,3379,GRS
LFOV,14/32,5453,ASP
LFOX,06/24,2295,
LFOX,06L/24R,4035,ASPH
LFOY,01/19,2920,UNK
LFOY,06/24,2756,UNK
LFOZ,05/23,5250,ASP
LFPA,05/23,3199,UNPAVED
LFPA,10L/28R,2723,UNK
LFPA,10R/28L,2887,UNK
LFPB,03/21,7858,ASP
LFPB,07/25,9843,PEM
LFPB,09/27,6060,ASP
LFPC,07/25,7871,CON
LFPD,10/28,3937,grass
LFPE,07L/25R,3757,GRASS
LFPE,07R/25L,3527,grass
LFPE,16L/34R,3346,grass
LFPE,16R/34L,3346,grass
LFPF,12/30,3281,UNK
LFPG,08H/26H,1444,GRASS
LFPG,08L/26R,13829,ASP
LFPG,08R/26L,8858,CON
LFPG,09L/27R,8858,ASP
LFPG,09R/27L,13780,ASP
LFPH,04/22,1968,Grass
LFPH,11/29,2132,Grass
LFPI,06/24,1148,GRS
LFPK,09/27,4593,PEM
LFPK,09C/27C,5217,paved
LFPK,09L/27R,2132,GRS
LFPK,09R/27L,2165,GRS
LFPL,08/26,2296,Paved
LFPL,08R/26L,3608,Grass
LFPM,01/19,4265,ASP
LFPM,10/28,6480,ASP
LFPN,07L/25R,3609,ASP
LFPN,07R/25L,3445,ASP
LFPO,02/20,7874,CON
LFPO,06/24,11975,ASP
LFPO,07/25,10892,CON
LFPP,07/25,2290,ASPH
LFPP,07R/25L,2700,Grass
LFPQ,12L/30R,2297,paved
LFPQ,12R/30L,2362,Grass
LFPT,04/22,5541,ASP
LFPT,12/30,5079,ASP
LFPU,06/24,2707,Grass
LFPV,09/27,5948,ASP
LFPX,05/23,2707,Grass
LFPX,10/28,2329,Grass
LFPZ,11L/29R,2919,GRS
LFPZ,11R/29L,2838,GRS
LFQA,07/25,3773,ASP
LFQB,05/23,2408,GRS
LFQB,17/35,5413,ASP
LFQB,17R/35L,2953,GRS
LFQC,09/27,3410,ASP
LFQC,09R/27L,2460,grass
LFQD,04/22,,UNK
LFQE,01/19,7874,ASP
LFQE,02/20,,UNK
LFQF,18/36,3350,ASP
LFQF,18L/36R,2087,GRS
LFQG,12/30,5348,ASP
LFQH,02/20,3133,Turf
LFQJ,05L/23R,2625,GRS
LFQJ,05R/23L,4265,ASP
LFQK,04L/22R,4921,grass
LFQK,04R/22L,4921,grass
LFQL,03/21,0,UNK
LFQL,09/27,0,UNK
LFQM,05/23,4593,ASP
LFQN,03/21,2100,grass
LFQN,09/27,1959,paved
LFQO,07L/25R,2749,Grass
LFQO,07R/25L,2749,Grass
LFQO,17L/35R,2789,Grass
LFQO,17R/35L,2789,Grass
LFQP,06/24,7205,ASP
LFQQ,01/19,5184,ASP
LFQQ,08/26,9268,ASP
LFQS,04/22,,UNK
LFQS,12/30,2953,G
LFQT,04/22,6037,ASP
LFQU,09/27,2854,UNK
LFQV,11/29,4921,ASP
LFQW,08/26,4731,ASP
LFQX,07/25,2953,GRS
LFQZ,05/23,2707,UNK
LFRB,07L/25R,2297,ASP
LFRB,07R/25L,10171,ASP
LFRC,10/28,8005,ASP
LFRD,12/30,4708,ASP
LFRD,17/35,7218,ASP
LFRE,11/29,3117,ASP
LFRF,06/24,3150,ASP
LFRG,12/30,8366,ASP
LFRH,02/20,5479,CON
LFRH,07/25,7884,CON
LFRI,10/28,5085,ASP
LFRJ,07/25,8858,CON
LFRK,05/23,3871,ASP
LFRK,12/30,6233,ASP
LFRK,12L/30R,2624,GRASS
LFRL,05/23,3635,ASP
LFRL,06/24,,UNK
LFRL,13/31,2133,GRS
LFRM,02/20,4658,ASP
LFRM,02R/20L,3182,GRS
LFRN,10/28,6890,ASP
LFRN,14/32,2788,ASP
LFRO,11/29,5577,ASP
LFRP,10/28,2805,UNK
LFRQ,04/22,2657,ASP
LFRQ,09/27,7054,ASP
LFRS,03/21,9514,ASP
LFRT,06/24,7218,ASP
LFRU,04/22,5305,ASP
LFRU,09/27,1548,
LFRU,15/33,2772,UNK
LFRV,04/22,5020,ASP
LFRV,08/26,3363,GRS
LFRZ,07/25,7874,ASP
LFSA,07/25,3182,UNK
LFSB,07/25,5626,CON
LFSB,15/33,12795,CON
LFSD,01/19,3937,ASP
LFSD,17/35,7874,ASP
LFSE,02/20,2325,grass
LFSG,08/26,8858,CON
LFSH,03/21,3264,ASP
LFSH,03L/21R,3159,Turf
LFSI,11/29,7913,ASP
LFSJ,08L/26R,3609,UNK
LFSJ,08R/26L,2625,UNK
LFSK,05/23,2953,UNK
LFSK,11/29,2887,UNK
LFSL,11/29,6890,asphalt
LFSM,08/26,5578,ASP
LFSN,03/21,5249,ASP
LFSO,02/20,7878,CON
LFSP,02/20,3281,ASP
LFST,05/23,7874,ASP
LFSU,18/36,3018,Turf
LFSV,06/24,3937,UNK
LFSV,13/31,3773,UNK
LFSW,04/22,3937,grass
LFSW,10/28,3150,grass
LFSX,04/22,7596,ASP
LFSX,11/29,7982,ASP
LFTF,11/29,6471,ASP
LFTH,05/23,6955,ASP
LFTH,13/31,6240,ASP
LFTP,08/26,2690,UNK
LFTW,18/36,8005,CON
LFTZ,06/24,3514,ASP
LFVM,12/30,3280,ASP
LFVP,08/26,5906,ASP
LFXA,01/19,6562,ASP
LFXA,02/20,2625,GRS
LFXB,06/24,2953,UNK
LFXB,06L/24R,2953,UNK
LFXB,06R/24L,2953,UNK
LFXB,12/30,2625,UNK
LFXU,10/28,6398,grass
LFXU,10L/28R,6398,grass
LFXU,10R/28L,6398,grass
LFYG,08L/26R,2953,ASP
LFYG,08R/26L,2625,GRS
LFYR,04L/22R,3609,grass
LFYR,04R/22L,3117,grass
LFYS,07/25,2625,UNK
LGTY,09/27,8900,ASP
LG55,16/34,3405,ASP
LG56,10/28,3330,ASP
LGAD,16/34,10299,ASP
LGAL,07/25,8471,ASP
LGAV,03L/21R,12467,ASP
LGAV,03R/21L,13123,ASP
LGAX,13/31,5956,ASP
LGBL,08/26,9052,ASP
LGEL,18/36,8985,ASP
LGHI,01/19,4957,ASP
LGIK,15/33,4551,ASP
LGIO,14/32,7874,ASP
LGIR,09/27,8904,ASP
LGIR,12/30,5138,ASP
LGIR,18/36,2559,ASP
LGKA,12/30,8852,ASP
LGKC,02/20,4794,ASP
LGKF,14/32,7992,ASP
LGKJ,13/31,2618,ASPH
LGKL,17L/35R,9843,ASP
LGKL,17R/35L,9843,ASP
LGKM,13/31,4364,ASP
LGKO,14/32,7841,ASP
LGKP,12/30,7871,ASP
LGKR,16/34,7792,ASP
LGKS,09/27,3221,ASP
LGKV,05/23,9844,ASP
LGKY,10/28,3330,ASP
LGKZ,14/32,5978,ASP
LGLE,14/32,3320,ASP
LGLM,04R/22L,9895,ASP
LGLR,08C/26C,11939,ASP
LGLR,08R/26L,9711,ASP
LGMG,08R/26L,3953,ASP
LGMK,16/34,6240,ASP
LGML,08/26,3527,ASP
LGMT,14/32,7894,ASP
LGNX,18/36,2953,UNK
LGPA,17/35,4593,ASP
LGPL,15/33,3245,ASP
LGPZ,06/24,9419,ASP
LGRD,08/26,7874,ASP
LGRD,14/32,3937,ASP
LGRP,06/24,10846,ASP
LGRX,18L/36R,10999,ASP
LGRX,18R/36L,10997,PEM
LGSA,11/29,10982,ASP
LGSK,01/19,5341,ASP
LGSM,09/27,6706,ASPH
LGSO,18/36,3542,ASP
LGSP,06/24,3280,ASP
LGSR,15/33,7208,ASP
LGSR,16R/34L,,UNK
LGST,05/23,6804,ASP
LGSY,17/35,9849,ASP
LGTG,10/28,9810,ASP
LGTL,02/20,10563,CON
LGTP,02/20,6368,ASP
LGTS,10/28,11286,ASP
LGTS,16/34,7907,ASP
LGTT,03/21,5311,ASP
LGZA,16/34,7310,ASP
LHKU,17/35,2625,GRS
LHBC,17L/35R,4265,Asphalt
LHBC,17R/35L,2591,Grass
LHBP,13L/31R,12162,CON
LHBP,13R/31L,9875,CON
LHBS,09/27,3215,grass
LHDC,04R/22L,8196,CON
LHDC,05L/23R,8087,CON
LHEM,02/20,3281,G
LHER,16/34,2623,grass
LHFM,16/34,3232,ASP
LHGD,12/30,3280,grass
LHGR,15/33,2789,GRS
LHGU,H1/H1,98,CON
LHGY,15/33,2493,GRS
LHHH,13/31,3281,GRS
LHHO,04/22,3281,GRS
LHJK,14L/32R,1968,ASP
LHJK,14R/32L,3281,GRS
LHKD,15/33,3937,GRS
LHKE,12/30,8200,CON
LHKH,10/28,2460,grass
LHKH,17/35,1760,grass
LHKK,13/31,2608,Concrete
LHKT,17/35,2625,GRS
LHKV,17L/35R,2034,CON
LHKV,17R/35L,3937,GRS
LHMR,17/35,2624,grass
LHNK,01/19,3281,GRS
LHNY,18L/36R,3281,GRS
LHNY,18R/36L,3281,ASP
LHOY,17/35,5249,GRS
LHPA,16/34,7869,CON
LHPP,15/33,4922,ASP
LHPR,11/29,6660,ASP
LHPR,12L/30R,3720,GRE
LHSA,16/34,6562,ASP
LHSA,16R/34L,5365,GRE
LHSK,15/33,6562,UNK
LHSM,16/34,8202,CON
LHSM,17R/35L,3100,GRS
LHSN,02/20,6562,ASP
LHSZ,15/33,2500,grass
LHTA,16/34,8205,UNK
LHTL,14/32,5800,concrete
LHUD,09/27,2001,GRE
LHUD,16L/34R,3862,Grass
LHUD,16R/34L,3888,Asphalt
LHUD,18/36,4921,UNK
LHUH,06/24,2297,G
LHZA,17/35,4921,gras
LHZK,02/20,2625,gras
LIAA,09/27,2854,Tarmac
LIAF,17/35,4593,asphalt
LIAP,18/36,4623,ASP
LIAT,12/30,2215,GRE
LIAU,08/26,,Grass
LIBA,11/29,8727,ASP
LIBC,17/35,6562,ASP
LIBD,07/25,9843,ASP
LIBD,12/30,512,ASP
LIBF,15/33,5692,ASP
LIBG,17/35,10499,ASP
LIBN,14/32,6240,ASP
LIBP,04/22,7933,ASP
LIBR,05/23,5892,ASP
LIBR,13/31,10000,ASP
LIBV,14L/32R,9829,ASP
LIBV,14R/32L,9846,ASP
LICA,10/28,9898,ASP
LICB,05/23,8070,asphalt
LICC,08/26,7989,ASP
LICD,08/26,5906,ASP
LICG,02/20,4003,ASP
LICG,07/25,5495,ASP
LICJ,02/20,6804,ASP
LICJ,07/25,10912,ASP
LICP,17/35,4016,ASP
LICR,11/29,5574,ASP
LICR,15/33,6549,ASP
LICT,13/31,8852,ASP
LICZ,10L/28R,8012,ASP
LICZ,10R/28L,8077,ASP
LIDA,08/26,,UNK
LIDA,08L/26R,3675,ASP
LIDA,08R/26L,3609,GRS
LIDB,05/23,2664,Grass
LIDE,11/29,3970,ASP
LIDE,12/30,,UNK
LIDF,05/23,4429,SOD
LIDG,03/21,2624,ASP
LIDG,H,50,ASP
LIDH,17/35,3937,GRASS
LIDL,16/34,2001,GRS
LIDP,02/20,3904,ASPHALT
LIDR,08/26,3937,ASP
LIDR,09/27,2625,GRE
LIDT,18/36,3707,ASP
LIDU,02/20,2789,ASP
LIDV,10/28,3855,GRS
LIDW,15/33,2461,G
LIEA,02/20,9843,ASP
LIED,16L/34R,9793,ASP
LIED,16R/34L,9072,ASP
LIEE,14/32,9196,ASP
LIEO,05/23,9006,ASP
LIER,14/32,3934,BITUMINOUS
LIET,12/30,3898,ASP
LIGT,15/33,656,grass
LIKD,16/34,2133,G
LIKD,H1,66,ASP
LILA,03/21,2100,grass
LILB,03/21,1968,ASPH
LILE,16/34,4331,ASP
LILG,16/34,2625,UNK
LILH,16/34,3281,ASP
LILI,09/27,1837,Grass
LILM,18/36,2887,Earth
LILN,17/35,4659,ASP
LILO,09/27,3445,ASP
LILQ,05/23,2329,Earth
LILR,11/29,2132,asphalt
LILV,02L/20R,2297,GRASS
LILV,02R/20L,2641,ASPHALT
LILY,01/19,,Water
LIMA,10L/28R,3524,ASP
LIMA,10R/28L,2461,GRS
LIMB,18/36,3543,ASP
LIMC,17L/35R,12861,ASP
LIMC,17R/35L,12861,ASP
LIME,10/28,9429,ASP
LIME,12/30,2343,ASP
LIMF,18/36,10827,ASP
LIMG,09/27,4698,ASP
LIMJ,10/28,9564,ASP
LIML,17/35,8012,ASP
LIML,17R/35L,1972,BIT
LIMN,17/35,9818,ASP
LIMP,02/20,6962,ASP
LIMR,18/36,3035,
LIMS,12/30,9828,ASP
LIMW,09/27,4088,ASP
LIMZ,03/21,6903,ASP
LINF,06/24,1804,G
LINL,18/36,2014,paved
LIPA,05/23,8551,ASP
LIPB,01/19,5708,ASP
LIPB,01R/19L,2325,GRS
LIPC,11/29,10007,ASP
LIPD,04/22,2395,grass
LIPE,12/30,9196,ASP
LIPG,04/22,2296,grass
LIPG,09/27,4101,GRS
LIPH,07/25,7941,ASP
LIPI,06/24,8365,ASP
LIPK,12/30,7907,ASP
LIPL,13/31,9813,ASP
LIPM,11/29,2625,paved
LIPN,08/26,3327,ASP
LIPO,14/32,9810,ASP
LIPQ,09/27,9843,ASP
LIPR,12/30,9828,ASP
LIPS,08/26,9816,ASP
LIPU,04/22,3681,ASP
LIPV,05/23,3261,GRASS
LIPX,04/22,10064,ASP
LIPY,04/22,9718,ASP
LIPZ,04L/22R,9121,ASP
LIPZ,04R/22L,10827,ASP
LIQB,12/30,2165,ASP
LIQG,15/33,3410,Grass
LIQL,10/28,2986,ASP
LIQS,18/36,4570,ASP
LIQW,18/36,2969,ASP
LIRA,15/33,7226,ASP
LIRE,13/31,8335,ASP
LIRE,13R/31L,8138,ASP
LIRF,07/25,10826,ASP
LIRF,16C/34C,11818,ASP
LIRF,16L/34R,12801,ASP
LIRF,16R/34L,12801,ASP
LIRG,04/22,3937,GRS
LIRG,18/36,4797,ASP
LIRH,16/34,4695,UNK
LIRI,05/23,6437,ASP
LIRJ,16/34,3114,ASP
LIRL,12/30,5577,ASP
LIRM,06/24,9813,ASP
LIRN,06/24,8622,ASP
LIRP,03L/21R,9160,ASP
LIRP,03R/21L,9820,ASP
LIRQ,05/23,5118,ASP
LIRS,03/21,9823,ASP
LIRS,03R/21L,7723,ASP
LIRU,16/34,3556,ASP
LIRV,04C/22C,4265,ASPH
LIRV,04L/22R,3297,ASP
LIRV,04R/22L,1936,ASP
LIRZ,01/19,7215,ASP
LIVV,18/36,2073,Grass
LJAJ,08/26,3543,grass
LJBL,14/32,3707,asphalt
LJBL,14L/32R,1968,Grass
LJBO,07/25,2789,GRE
LJCE,09/27,9843,ASP
LJCL,11/29,2650,grass
LJDI,11/29,2625,grass
LJDI,13/31,2625,asphalt
LJLJ,12/30,10827,ASP
LJMB,14/32,8202,ASP
LJMB,14L/32R,3937,GRS
LJMS,01/19,2953,grass
LJMS,09/27,3937,grass
LJNM,05/23,4590,grass
LJPO,02/20,2461,grass
LJPT,11/29,3619,grass
LJPZ,15/33,3939,ASP
LJSG,14/32,3950,ASP
LJSO,15/33,2343,concrete
LKBA,08/26,2428,G
LKBE,06/24,2362,GRASS
LKBE,09L/27R,2460,GRASS
LKBE,09R/27L,2461,GRASS
LKBO,07/25,2723,UNK
LKBR,14/32,3018,GRS
LKBU,10L/28R,2395,GRS
LKBU,10R/28L,2395,GRS
LKCB,05/23,3280,Grass
LKCB,06/24,3280,concrete
LKCE,13/31,2296,
LKCH,04/22,3935,grass
LKCH,14/32,2725,grass
LKCM,16/34,2919,G
LKCR,06/24,3215,
LKCS,09/27,8202,CON
LKCT,17/35,3313,
LKCV,12/30,4295,GRASS
LKCV,13/31,7875,CON
LKDK,10/28,2821,
LKER,11/29,2821,UNK
LKER,11R/29L,2821,UNK
LKFR,08/26,2625,grass
LKHB,11/29,3280,GRASS
LKHC,12/30,2427,GRASS
LKHD,01/19,3215,GRASS
LKHK,15L/33R,7874,CON
LKHK,15R/33L,2625,GRASS
LKHN,05/23,2412,GRASS
LKHS,06L/24R,2623,Asphalt
LKHS,06R/24L,3279,grass
LKHS,12/30,1700,GRASS
LKHV,06/24,3838,ASP
LKJA,14L/32R,3076,GRASS
LKJA,14R/32L,3076,GRASS
LKJC,12/30,3280,GRASS
LKJH,07L/25R,2252,ASPH
LKJH,07R/25L,2515,GRASS
LKJI,10/28,3018,GRASS
LKKA,13/31,2303,grass
LKKB,06/24,6562,ASP
LKKL,12/30,3215,Grass
LKKM,02/20,2526,UNK
LKKO,03L/21R,2953,GRASS
LKKO,03R/21L,2789,UNK
LKKR,12/30,2460,
LKKT,09L/27R,2690,
LKKT,09R/27L,2690,
LKKU,02C/20C,6562,CON
LKKU,02L/20R,4855,GRS
LKKU,02R/20L,5544,GRS
LKKV,11/29,7054,ASP
LKKV,XX/XX,,
LKKY,15/33,3300,GRS
LKLB,16/34,3346,GRASS
LKLN,06/24,4757,CON
LKLT,05L/23R,2820,grass
LKLT,05R/23L,2625,grass
LKMB,04/22,2543,GRASS
LKMB,16/34,2953,GRASS
LKMH,07/25,5094,CON
LKMH,08/26,3231,GRS
LKMI,05/23,3279,grass
LKMK,08L/26R,2342,ASP
LKMK,08R/26L,2362,GRS
LKMO,02L/20R,3705,grass
LKMO,02R/20L,3705,grass
LKMT,04/22,11484,CON
LKNA,12/30,7874,CON
LKNM,08/26,3051,grass
LKNM,18/36,2953,grass
LKOL,09L/27R,2493,GRASS
LKOL,09R/27L,2493,GRASS
LKOL,10/28,1378,ASPHALT
LKZL,17L/35R,2132,ASPH
LKZL,17R/35L,1968,GRASS
LKPA,15/33,4921,UNK
LKPC,09/27,8218,ASP
LKPD,09/27,8203,CON
LKPI,08/26,2509,GRASS
LKPJ,12/30,3281,GRASS
LKPL,08/26,2296,
LKPM,06L/24R,3280,GRS
LKPM,06R/24L,4527,ASP
LKPN,07/25,2395,Grass
LKPN,13/31,2100,Grass
LKPO,06/24,8123,CON
LKPR,04/22,6955,ASP
LKPR,06/24,12189,CON
LKPR,12/30,10663,CON
LKPS,03/21,2755,
LKRA,11/29,2788,GRASS
LKRA,22/04,2460,GRASS
LKRK,09L/27R,2460,GRASS
LKRK,09R/27L,3068,GRASS
LKRO,13L/31R,2756,GRS
LKRO,13R/31L,4593,GRS
LKRY,09/27,2413,Turf/Grass
LKSA,07/25,2164,
LKSB,13/31,2887,GRASS
LKSK,03/21,1863,turf
LKSK,13/31,2881,turf
LKSN,07L/25R,2493,grass
LKSN,07R/25L,2493,grass
LKSO,08/26,3150,GRASS
LKSO,18/36,3348,GRASS
LKSR,15/33,2952,grass
LKST,03/21,2952,
LKST,13/31,2559,
LKSU,06/24,2296,
LKSU,18/36,2230,
LKSZ,15L/33R,2760,grass
LKSZ,15R/33L,4314,grass
LKTA,12/30,3609,GRASS
LKTA,16/34,2789,GRASS
LKTB,08/26,2624,GRASS
LKTB,09/27,8694,CON
LKTC,09/27,2854,grass
LKTD,09/27,3609,GRASS
LKTO,08/26,4232,UNK
LKUL,05/23,2559,Turf/Grass
LKUO,14/32,2910,GRASS
LKVL,13/31,2788,
LKVM,12L/30R,1968,ASPH
LKVM,12R/30L,3937,GRASS
LKVM,14/32,3280,GRASS
LKVO,10/28,8203,ASP
LKVO,11/29,5905,Grass
LKVP,09L/27R,2493,
LKVP,09R/27L,1804,
LKVR,11L/29R,2744,GRASS
LKVR,11R/29L,2744,GRASS
LKVY,01/19,4199,grass
LKZA,10L/28R,6397,ASPH
LKZA,10R/28L,2952,GRASS
LKZB,15/33,2559,GRASS
LKZD,11/29,3675,GRASS
LKZM,13/31,2378,grass
LKZN,08/26,2822,GRASS
LKZO,07A/25D,33,CON
LL01,H1,30,CONC
LL04,H1,58,ASPH/ CONC
LL07,E/W,2400,TURF
LL08,H1,40,CON
LL10,09/27,1750,TURF
LL10,18/36,2537,ASPH
LL11,H1,110,ASPH/ CONC
LL12,H1,75,ASPH/ CONC
LL13,18/36,2275,TURF
LL14,H1,50,CON
LL1A,10/28,6204,ASP
LL1B,08/26,4593,ASP
LL22,09/27,2813,TURF
LL22,18/36,1940,TURF
LL24,E/W,2640,TURF
LL25,H1,40,GRASS / SOD
LL26,18/36,2235,TURF
LL27,09/27,2550,TURF-G
LL28,18/36,1600,TURF-G
LL29,H1,40,CONC
LL32,N/S,2630,TURF
LL34,18/36,2300,TURF-G
LL35,H1,50,CONC
LL36,H1,300,GRASS / SOD
LL37,H1,42,CONC
LL38,09/27,2200,TURF
LL39,09/27,2200,TURF-G
LL42,H1,56,CONC
LL45,N/S,3650,TURF
LL46,09/27,2110,TURF
LL49,02/20,1600,TURF
LL51,N/S,2000,TURF
LL52,18/36,2000,TURF
LL53,NE/SW,2400,ASPH-TURF
LL54,02/20,1650,TURF-G
LL55,E/W,2000,TURF
LL59,03/21,7884,ASP
LL59,13/31,2636,ASP
LLKZ,15/33,4905,ASP
LL64,E/W,1400,TURF
LL65,18/36,1600,TURF
LL74,09/27,2500,TURF
LL75,N/S,1900,TURF
LL78,09/27,1700,TURF
LL79,N/S,2400,TURF
LL80,E/W,2200,TURF
LL81,N/S,2305,TURF
LL82,H1,75,ASPH/ CONC
LL83,H1,100,CONC
LL83,H2,40,CONC
LL84,H1,40,CONC
LL84,H2,40,CONC
LL87,NE/SW,1900,TURF
LL88,E/W,2100,TURF
LL89,09/27,2000,TURF
LL90,N/S,2500,TURF
LL91,07/25,1600,TURF
LL94,E/W,2200,TURF
LL95,H1,75,CONC
LL97,N/S,2000,TURF
LLBG,03/21,9094,ASP
LLBG,08/26,13327,ASP
LLBG,12/30,10209,ASP
LLBO,18/36,2625,ASPHALT
LLBS,14/32,3384,ASP
LLEK,15L/33R,7830,ASP
LLEK,15R/33L,7835,ASP
LLEK,18/36,7880,ASP
LLER,01/19,11811,
LLES,09/27,3990,PEM
LLEY,01/19,3943,ASP
LLFK,04/22,4265,Asphalt
LLHA,15/33,4324,ASP
LLHB,10L/28R,7948,ASP
LLHB,10R/28L,9657,ASP
LLHB,15/33,5800,ASP
LLHS,05/23,7905,ASP
LLHS,11L/29R,8005,ASP
LLHS,11R/29L,8040,ASP
LLHZ,10/28,2963,Asphalt
LLIB,05/23,3190,ASP
LLIB,15/33,3625,ASP
LLKS,03/21,4423,concrete
LLMG,09/27,6982,ASP
LLMZ,01/19,3937,ASP
LLNV,08C/26C,10991,ASP
LLNV,08L/26R,8530,ASP
LLNV,08R/26L,8395,ASP
LLNV,15/33,2806,ASP
LLOV,02L/20R,8530,ASP
LLOV,02R/20L,9843,ASP
LLRD,09/27,8550,ASP
LLRD,11/29,7975,ASP
LLRD,15/33,7895,ASP
LLRM,07L/25R,8858,ASP
LLRM,07R/25L,9876,ASP
LLTN,11/29,2224,ASPHALT
LLYT,02/20,3346,ASPHALT
LMMG,10H/28H,571,CON
LMML,05/23,7785,ASP
LMML,13/31,10991,ASP
LOAA,03/21,1693,GRASS
LOAB,12/30,2837,concrete
LOAB,12G/30G,1935,GRASS
LOAD,07/25,1644,GRASS
LOAG,10/28,2965,ASPHALT
LOAN,09/27,3500,ASP
LOAR,04/22,1641,G
LOAS,15/33,2297,GRASS
LOAU,07/25,2625,ASPHALT
LOAV,08/26,3018,GRASS
LOAV,13R/31L,3116,ASPHALT
LOAV,31R/13L,2133,grass
LOGF,13/31,2297,ASPHALT
LOGF,13G/31G,820,GRASS
LOGG,14/32,2625,ASPHALT
LOGI,11/29,2575,ASP
LOGK,07/25,1969,GRASS
LOGL,07/25,2297,GRASS
LOGM,15/33,1640,ASPHALT
LOGO,03/21,2395,ASPHALT
LOGP,15/33,2067,GRASS
LOGT,11/29,2050,GRASS
LOGW,18/36,1444,GRASS
LOIH,04/22,2067,ASPHALT
LOIJ,13/31,2461,ASPHALT
LOIJ,13G/31G,656,grass
LOIK,06/24,2625,GRASS
LOIM,H1,50,ASPH
LOIR,04/22,2228,ASPHALT
LOKF,02/20,2296,GRASS
LOKG,04/22,2028,GRASS
LOKH,17/35,2320,GRASS
LOKL,12/30,1640,ASPHALT
LOKM,08/26,1312,GRASS
LOKN,09/27,2329,GRASS
LOKR,06/24,1312,GRASS
LOKW,01/19,2427,GRASS
LOLC,05/23,1942,GRASS
LOLE,15/33,1394,GRASS
LOLF,11/29,1312,GRASS
LOLG,03/21,1575,ASPH
LOLH,08/26,1476,ASP
LOLK,12/30,2437,ASPHALT
LOLM,13/31,1526,GRASS
LOLO,15/33,3084,GRASS
LOLS,14/32,2625,ASPHALT
LOLT,10/28,2723,GRASS
LOLU,08/26,1804,ASPHALT
LOLW,08C/26C,3051,GRS
LOLW,08L/26R,4560,ASP
LOLW,08R/26L,2952,GRS
MMOO,01/19,6958,ASP
KLOR,06L/24R,2000,ASPH/ CONC
KLOR,06R/24L,2000,ASPH/ CONC
KLOR,18L/36R,2000,ASPH/ CONC
KLOR,18R/36L,2000,ASPH/ CONC
LOSM,07/25,2690,GRASS
LOWG,16C/34C,9842,ASP
LOWG,16L/34R,2100,GRS
LOWG,16R/34L,2493,GRS
LOWI,08/26,6562,ASP
LOWI,08G/28G,1148,GRASS
LOWK,10L/28R,8924,CON
LOWK,10R/28L,2427,GRS
LOWL,07H/25H,,GRS
LOWL,08/26,9843,ASP
LOWL,08E/26E,2165,GRS
LOWS,15/33,9022,CON
LOWW,11/29,11483,ASP
LOWW,16/34,11811,ASP
LOWZ,07/25,2559,ASPHALT
LOWZ,07R/25L,984,GRASS
LOWZ,XX/XX,,CLOSED
LOXA,06/24,3034,GRASS
LOXN,04/22,4918,Grass
LOXN,09/27,2754,Grass
LOXN,14L/32R,3082,Grass
LOXN,14R/32L,3082,Grass
LOXN,18L/36R,5314,GRASS
LOXN,18R/36L,2852,Grass
LOXT,08/26,4593,ASPHALT
LOXZ,08L/26R,4625,GRS
LOXZ,08R/26L,9022,ASP
LP77,15/33,4085,ASP
LPAR,04/22,9810,ASP
LPAV,17/35,4593,ASP
LPAZ,04/22,334,ASP
LPAZ,15/33,1004,ASP
LPAZ,18/36,10000,CON
LPBG,01/19,5600,ASP
LPBJ,01L/19R,11319,CON
LPBJ,01R/19L,9682,CON
LPBR,07/25,3081,ASP
LPCB,16/34,4790,Asphalt
LPCH,16/34,2812,ASP
LPCO,16/34,3018,CON
LPCR,11/29,2625,ASP
LPCS,17/35,4593,ASP
LPEV,01/19,4265,ASP
LPEV,08/26,2100,GVL
LPFL,18/36,4593,ASP
LPFR,10/28,8169,ASP
LPGR,09/27,4529,CON
LPHB,H1/H1,66,CON
LPHR,10/28,5233,ASP
LPIN,17/35,1400,asph
LPJF,02/20,1640,asfalt
LPLA,15/33,10870,ASP
LPMA,05/23,9110,ASP
LPMB,H,64,CON
LPMI,17/35,2460,ASP
LPMO,06/24,3600,Asphalt
LPMR,36/18,9816,CON
LPMT,01/19,7044,ASP
LPMT,07/25,8005,CON
LPMU,03/21,2625,asphalt
LPOV,18/36,8005,CON
LPPD,12/30,8192,ASP
LPPI,09/27,5725,ASP
LPPM,11/29,2822,ASP
LPPR,17/35,11417,ASP
LPPS,01/19,,UNK
LPPS,18/36,9861,CON
LPPT,02/20,12500,ASP
LPPT,17/35,7874,ASP
LPSJ,13/31,4633,ASP
LPSO,03/21,5906,asphalt
LPSR,05/23,3960,
LPST,14/32,5906,ASP
LPTN,08/26,7530,ASP
LPTN,12/30,3937,ASP
LPVL,16/34,5606,ASP
LPVR,02/20,3107,ASP
LPVZ,36/18,4035,ASP
LQBI,12/30,3600,GRASS
LQBK,16/34,8202,ASP
LQJL,05/23,3940,Grass
LQMO,15/33,7874,ASP
LQSA,11/29,8666,ASP
LQTZ,09/27,8152,ASP
LQVI,09/27,2362,Grass
LRIC,02/20,3280,CON
LRFT,18/36,8202,CON
LRBO,04/22,8202,CON
LRAR,09/27,6562,CON
LRBC,16/34,8203,CON
LRBM,09/27,7054,ASP
LRBS,07/25,10499,CON
LRBV,03/21,9252,CONC
LRCD,15/33,1970,Grass
LRCK,18/36,11483,CON
LRCL,07/25,6693,CON
LRCL,08/26,,UNK
LRCN,06/24,3281,CON
LRCS,11/29,6562,CON
LRCT,15/33,8202,CON
LRCV,08/26,8203,CON
LRFL,10/28,1968,CON
LRIA,14/32,7874,CON
LROD,01/19,8267,CON
LROP,08L/26R,11484,ASP
LROP,08R/26L,11484,ASP
LRPW,08/26,2461,ASP
LRPW,09/27,2592,GRS
LRSB,09/27,8629,CON
LRSM,01/19,8160,CON
LRSV,16/34,8070,CON
LRTC,16/34,6517,CON
LRTM,07/25,6562,CON
LRTR,11/29,11483,CON
LRTZ,04/22,3117,UNK
LS00,09/27,1000,TURF
LS01,H1,35,CONC
LS01,H2,35,CONC
LS01,H3,35,CONC
LS02,H1,75,CONC
LS06,H1,40,CONC
LS07,H1,54,ALUM
KLNQ,H1,100,GRASS / SOD
LS10,16/34,2000,TURF
LS12,H1,24,CONC
LS13,H1,45,CONC
LS14,18/36,2400,TURF-G
LS16,09/27,2640,TURF
LS16,18/36,1320,TURF
LS17,H1,30,CONC
LS18,09/27,2500,TURF-G
LS18,18/36,2600,TURF-G
LS19,H1,80,GRASS / SOD
LS22,H1,40,CONC
LS23,H1,40,CONC
LS24,H1,66,CONC
LS25,01/19,2800,TURF
LS27,H1,60,CONC
LS28,H1,24,CONC
LS30,H1,65,CONC
LS31,H1,46,CONC
LS34,06/24,2985,TURF-G
LS35,14/32,1550,TURF
LS36,18/36,1335,TURF
LS37,H1,40,CONC
LS38,07/25,2200,TURF
LS39,05/23,3000,TURF
LS40,17/35,3900,TURF
LS41,09/27,1000,TURF-G
LS41,13/31,2100,TURF-G
LS42,H1,60,CONC
LS45,H1,50,CONC
LS47,H1,30,CONC
LS48,H1,40,CONC
LS51,H1,40,CONC
LS52,H1,50,CONC
LS53,H1,50,CONC
LS54,04/22,1500,TURF
LS55,H1,150,GRASS / SOD
LS56,H1,25,CONC
LS57,H1,36,CONC
LS58,H1,40,CONC
LS59,13/31,500,TURF
LS60,H1,60,GRASS / SOD
LS62,H1,50,CONC
LS64,H1,30,CONC
LS66,H1,55,CONC
LS67,H1,40,CONC
LS68,09/27,2600,TURF
LS70,18/36,3875,Concrete and turf.
LS71,H1,25,GRAVEL
LS72,09/27,400,TURF
LS72,15/33,900,TURF
LS72,18/36,750,TURF
LS73,H1,25,CONC
LS74,H1,30,GRASS / SOD
LS75,H1,50,CONC
LS75,H2,50,CONC
LS75,H3,50,CONC
LS76,18/36,2000,TURF
LS77,18/36,3000,TURF
LS78,H1,70,CONC
LS79,H1,40,CONC
LS81,H1,25,CONC
LS83,06/24,2750,ASPH-P
LS84,H1,75,GRAVEL
LS85,H1,75,ASPH/ CONC
LS86,10/28,1300,TURF
LS88,14/32,2029,Turf
LS89,NE/SW,600,TURF
LS91,09/27,1800,TURF
LS91,17/35,750,TURF
LS92,09/27,1200,TURF
LS93,04/22,300,TURF
LS94,H1,40,CONC
LS95,H1,100,GRASS / SOD
LS96,H1,50,CONC
LS97,H1,40,GRASS / SOD
LS98,H1,50,CONC
LSD,11/29,2000,PSP
LSGB,15/33,2297,GRASS
LSGC,05/23,3707,ASP
LSGE,09/27,2625,ASPH
LSGG,04/22,12795,CON
LSGG,04L/22R,2700,GRS
LSGK,08/26,4810,ASP
LSGL,18/36,2871,CONC
LSGN,05/23,2295,CONCRETE
LSGP,04/22,1837,GRASS
LSGR,03/21,2641,Asphalt
LSGS,07/25,6562,ASPH
LSGS,07G/25G,1837,GRS
LSGS,HEL,140,GRASS
LSGT,17/35,2900,GRASS
LSGY,04/22,2861,ASPH
LSGY,05R/23L,2379,GRASS
LZKV,03/21,2067,GRS
LSMA,01/19,4914,ASP
LSMD,11/29,7726,ASP
LSMD,11R/29L,2130,GRS
LSME,04/22,8208,ASP
LSMM,10/28,6571,ASP
LSMP,05/23,9376,ASP
LSPA,09/27,2559,GRASS
LSPD,11/29,2034,GRASS
LSPF,07/25,1772,GRASS
LSPG,03/21,2953,ASPH
LSPH,01/19,2280,GRASS
LSPL,05/23,1919,CON
LSPL,05R/23L,1099,GRASS
LSPM,11/29,4060,concrete
LSPN,15/33,1870,ASPH
LSPV,08/26,1640,ASPH
LSR,18/36,3650,GRAVEL
LSTA,10/28,2751,ASPH
LSTB,08/26,1608,GRASS
LSTO,05/23,1857,GRASS
LSTR,03/21,2001,GRASS
LSTS,14/32,5708,ASP
LSTZ,17/35,1925,asphalt
LSXG,H1,82,Concrete
LSZA,01/19,4642,ASP
LSZB,14/32,5676,ASP
LSZB,14L/32R,2133,GRS
LSZB,14R/32L,2125,GRS
LSZB,16L/34R,500,GRASS
LSZB,16R/34L,1690,GRASS
LSZC,06/24,6561,ASP
LSZC,07R/25L,2771,ASP
LSZE,12/30,1624,ASPH
LSZF,08/26,2356,asphalt
LSZF,08R/26L,2264,GRASS
LSZG,06/24,3281,ASP
LSZG,06G/24G,2295,GRS
LSZG,06L/24R,1640,GRS
LSZG,06R/24L,2297,GRS
LSZH,01H/19H,1010,GRASS
LSZH,10/28,8202,CON
LSZH,14/32,10827,CON
LSZH,16/34,12139,CON
LSZI,07/25,1739,GRASS
LSZJ,06/24,1837,GRASS
LSZK,12/30,2051,GRASS
LSZL,08C/26C,2297,GRASS
LSZL,08L/26R,2625,ASPH
LSZL,08R/26L,2297,GRASS
LSZM,01/19,5905,ASP
LSZN,09/27,2297,ASPH
LSZN,09L/27R,2297,GRASS
LSZO,15L/33R,1673,GRASS
LSZO,15R/33L,1591,GRASS
LSZP,04/22,2264,GRASS
LSZQ,07/25,2625,ASP
LSZR,10/28,4774,ASPH
LSZR,10L/28R,2657,GRASS
LSZR,XX,,
LSZS,03/21,5905,ASP
LSZT,06/24,1800,GRASS
LSZU,16/34,2215,GRASS
LSZV,07/25,1575,GRASS
LSZW,14/32,2625,GRASS
LSZX,16/34,1706,CONC
LT-0003,11/29,1230,ASP
LT-0031,05/23,1312,concrete
LT-0032,05R/23L,925,grass
LT-0033,08/26,1312,grass
LT-0034,07/25,1312,grass
LT-0035,10/28,1312,concrete
LT-9520,12/30,7874,CON
LTAB,06/24,6608,ASP
LTAB,09/27,2854,ASP
LTAC,03L/21R,12303,ASP
LTAC,03R/21L,12303,ASP
LTAD,11L/29R,9045,ASP
LTAD,11R/29L,4951,ASP
LTAE,03/21,10991,ASP
LTAF,05/23,9022,ASP
LTAG,05/23,10000,CON
LTAH,13L/31R,12008,CON
LTAH,13R/31L,9843,CON
LTAI,18C/36C,11155,CON
LTAI,18L/36R,11155,CON
LTAI,18R/36L,9811,ASPH
LTAJ,10L/28R,9842,PEM
LTAJ,10R/28L,9842,CON
LTAL,18/36,7382,Asphalt
LTAN,01L/19R,10990,PEM
LTAN,01R/19L,10990,PEM
LTAO,04L/22R,7874,ASP
LTAO,04R/22L,7219,ASP
LTAO,H,82,ASP
LTAP,05/23,9600,ASP
LTAR,01/19,12503,CON
LTAS,18/36,6991,CONC
LTAT,03/21,10990,ASP
LTAU,07/25,9841,CON
LTAV,11/29,11156,ASP
LTAW,04/22,5298,ASP
LTAW,06/24,8858,CONC
LTAY,05/23,9842,ASP
LTAZ,11/29,9842,CON
LTBA,05/23,8530,ASP
LTBA,17L/35R,9843,CON
LTBA,17R/35L,9843,CON
LTBD,09/27,4708,Concrete
LTBF,18/36,9810,ASP
LTBG,18/36,9875,ASP
LTBH,04/22,7710,CON
LTBI,08/26,10006,ASP
LTBJ,16L/34R,10630,ASP
LTBJ,16R/34L,10630,CON
LTBK,17/35,4453,ASP
LTBL,17/35,9821,ASP
LTBM,14/32,3283,ASP
LTBN,16/34,4950,ASP
LTBO,09/27,8390,CON
LTBP,08/26,4603,ASP
LTBP,18/36,4425,ASP
LTBQ,09/27,9842,ASP
LTBR,07L/25R,9818,CON
LTBR,07R/25L,9818,CON
LTBS,01/19,9842,CON
LTBT,14L/32R,9815,CON
LTBT,14R/32L,9815,CON
LTBU,04/22,9844,CON
LTBV,06/24,5151,ASP
LTBW,05/23,1755,Asphalt
LTBX,04/22,2506,CON
LTBX,18/36,4528,CON
LTBY,09/27,8261,ASP
LTBZ,13/31,9843,CON
LTCA,07/25,9843,CONC
LTCA,13/31,9843,ASPH
LTCB,10/28,9848,ASPH
LTCC,16L/34R,11644,CON
LTCC,16R/34L,11644,CONC
LTCD,10/28,9843,CON
LTCD,13/31,5800,CON
LTCE,05/23,3051,ASP
LTCE,08L/26R,12499,CON
LTCE,08R/26L,12500,CON
LTCF,06/24,11483,CON
LTCG,11/29,8661,ASP
LTCI,03/21,9022,ASP
LTCJ,02/20,10000,ASP
LTCK,11/29,11649,ASP
LTCL,06/24,5905,CON
LTCM,05/23,6482,ASPHALT
LTCN,08/26,7546,ASP
LTCO,16/34,9843,ASP
LTCP,04/22,8153,CON
LTCR,03/21,8204,CON
LTCS,04/22,13123,Asphalt
LTCT,12/30,9843,Concrete
LTCU,11/29,7546,CON
LTCV,11/29,9843,CONC
LTCW,11/29,10499,CON
LTDA,04/22,6830,Concrete
LTDB,03L/21R,11482,CON
LTDB,03R/21L,11482,CON
LTF,11/29,2362,GRS
LTFA,17/35,9844,ASP
LTFB,09/27,5151,CON
LTFC,05/23,9843,CON
LTFD,05/23,9842,CONCRETE
LTFE,10L/28R,9843,CON
LTFE,10R/28L,9646,CON
LTFG,08/26,7710,CONC
LTFH,13/31,9843,CON
LTFJ,06L/24R,9843,CON
LTFJ,06R/24L,11614,CON
LTFK,01/19,7050,PER
LTFK,02/20,3915,CON
LTFM,09/27,9250,CONC
LTFM,16L/34R,12303,ASP
LTFM,16R/34L,12303,ASP
LTFM,17L/35R,13451,ASP
LTFM,17R/35L,13451,ASP
LTFM,18/36,10039,CON
LTFO,06/24,9843,ASPH
LU-0002,06/24,500,grass
LUBL,15/33,7251,CON
LUBM,07/25,8235,CON
LUKK,08/26,11778,CON
LUKK,09/27,7818,CON
LUTR,16/34,8202,CON
LV-0014,12/30,1148,G
LV-0054,15/33,1674,grass
LV-1288,XX/XX,,
LV-8040,02/20,8202,Concrete
LV-8047,04/22,1312,ASP
LW66,04/22,3478,GRE
LW67,12/30,3006,GRS
LW70,14/32,980,CON
LW71,14/32,997,CON
LW73,16/34,980,CON
LW74,17L/35R,3937,GRS
LW74,17R/35L,1000,CON
LWSN,12/30,3952,GRE
LWSN,XX/XX,555,
KLWD,18/36,3400,CONC
LWOH,01/19,8366,ASP
LWSK,16/34,9678,ASP
LXGB,09/27,6000,ASP
LY-0004,12/30,4610,
LY-0005,07/25,4700,
HLBK,15/33,5906,ASP
LY-0019,09/27,11815,ASP
LY-0019,18/36,8650,ASP
LY87,13/31,7165,ASP
LYBO,15/33,3562,ASP
LYBE,12L/30R,11155,ASP
LYBE,12R/30L,11483,ASPH
LYBJ,14/32,3281,grass
LYBT,12/30,3232,GRS
LYBT,12L/30R,8181,ASP
LYBT,12R/30L,7999,ASP
LYCA,12L/30R,2130,GRS
LYCA,12R/30L,722,Paved
LYKI,14/32,2953,grass
LYKS,15/33,4000,
LYKV,13/31,7431,asphalt
LYLE,18/36,3609,GRE
LYNI,11/29,8202,ASP
LYNK,15/33,3937,GRS
LYPG,18/36,8202,ASP
LYPO,18L/36R,2790,GRS
LYPO,18R/36L,2624,ASP
LYSM,09/27,3625,grass
LYSU,14/32,3934,grass
LYTV,14/32,8208,ASP
LYUZ,11/29,10130,ASP
LYVA,08/26,4100,Grass
LYVR,01L/19R,2738,GRS
LYVR,01R/19L,3280,ASP
LYVR,16/34,1520,GRS
LZDB,05L/23R,3609,UNK
LZDB,05R/23L,3609,UNK
ZULA,,11811,ASP
LZHL,04/22,4264,GRASS
LZIB,04/22,9515,CON
LZIB,13/31,10466,CON
LZJS,08/26,1785,ASP
LZKC,07/25,2854,
LZKZ,01/19,10171,ASP
LZMA,18L/36R,2625,UNK
LZMA,18R/36L,2625,UNK
LZMC,01/19,8202,CON
LZNI,15L/33R,3543,UNK
LZNI,15R/33L,3543,UNK
LZNZ,16/34,3284,G
LZOC,08L/26R,2545,GRASS
LZOC,08R/26L,2543,GRASS
LZPE,04L/22R,3117,UNK
LZPE,04R/22L,3117,UNK
LZPP,01/19,6562,ASP
LZPT,07L/25R,3609,graas
LZPT,07R/25L,3609,GRAAS
LZPW,05/23,961,GRASS
LZRU,06/24,3083,G
LZSK,01/19,3937,UNK
LZSL,18/36,7874,CON
LZSV,12L/30R,4469,grass
LZSV,12R/30L,4469,grass
LZTN,03/21,3230,GRS
LZTN,04/22,6562,CON
LZTT,07L/25R,2493,Grass
LZTT,07R/25L,2493,Grass
LZTT,09/27,8530,CON
LZZI,06/24,3773,CON
M00,13W/31W,2500,WATER
M06,E/W,8000,WATER
M06,N/S,8000,WATER
M10,08/26,2578,DIRT-F
M14,06W/24W,10000,WATER
M14,18W/36W,6000,WATER
M26,07/25,2400,TURF-F
M28,18/36,3420,TURF-F
M35,12/30,14000,WATER
KM38,07/25,2670,ASPH-P
M49,08/26,5000,WATER
M57,06/24,7000,WATER
M61,18/36,2200,TURF-P
M62,H1,55,CONC
M69,13/31,6000,WATER
KM74,04/22,1850,TURF-F
KM74,09/27,2228,ASPH-G
M86,09/27,1699,TURF-P
KSYM,02/20,5500,Asphalt
MA-0011,11/29,9843,ASPH
MA-0012,03/21,6168,UNK
MA01,H1/H1,43,CON
MA03,H1,43,Rooftop
MA07,01U/19U,1635,TURF
MA09,H1,60,Turf
MA10,H1,20,PIERCED STEEL PLANKING / LANDING MATS / MEMBRANES
MA13,H1,40,GRASS / SOD
MA14,H1,10,WOOD
MA15,H1,40,ASPH/ CONC
MA16,18/36,1700,TURF
MA18,16/34,1250,TURF
MA20,H1,75,ASPH/ CONC
MA21,H1,100,CONC
MA22,H1,64,PIERCED STEEL PLANKING / LANDING MATS / MEMBRANES
MA23,H1,50,GRASS / SOD
MA25,04/22,5000,WATER
MA25,09/27,6000,WATER
MA25,12/30,6000,WATER
MA26,09/27,600,TURF
MA26,18/36,400,WATER
MA27,H1,70,ASPH/ CONC
MA28,H1,10,"NATURAL SOIL, GRASS / SOD"
MA29,H1,117,CONC
MA30,N/S,2000,TURF
MA31,H1,60,CONC
MA32,H1,40,GRASS / SOD
MA33,HI,50,GRASS / SOD
MA34,H1,80,GRASS / SOD
MA35,H1,100,GRASS / SOD
MA36,04/22,1600,TURF
MA37,H1,100,ASPH/ CONC
MA38,H1,48,WOOD
MA39,H1,80,ASPH/ CONC
MA40,09W/27W,3000,WATER
MA40,11W/29W,4000,WATER
MA40,15W/33W,4000,WATER
MA41,H1,50,ASPH/ CONC
MA42,H1,90,CONC
MA43,10/28,1170,TURF
MA44,06/24,2200,TURF-G
MA45,H1,50,CONC
MA46,H1,15,CONC
MA47,H1,150,ASPH/ CONC
MA48,H1,55,ASPH/ CONC
MA49,H1,100,ASPH/ CONC
MA50,H1,25,CONC
MA50,H2,25,CONC
MA51,H1,12,WOOD
MA52,NW/SE,800,TURF
MA53,N/S,2030,TURF
MA54,H1,150,GRASS / SOD
MA55,NE/SW,1100,TURF
MA56,H1,40,CONC
MA57,H1,100,CONC
MA58,H1,120,ASPH/ CONC
MA6,10/28,3200,WATER-E
MA6,17/35,4600,WATER-E
MA60,H1,40,CONC
MA63,N/S,1500,TURF
MA64,N/S,2000,TURF
MA65,E/W,4000,WATER
MA65,N/S,5000,WATER
MA67,H1,90,CONC
MA68,H1,60,ASPH/ CONC
MA69,H1,50,CONC
MA70,18/36,1000,TURF
MA71,H1,100,GRASS / SOD
MA72,NE/SW,2000,TURF
MA72,NW/SE,2000,TURF
MA74,13W/31W,2500,WATER
MA75,NW/SE,2400,TURF
MA76,H1,100,ASPH/ CONC
MA77,16/34,1800,TURF
MA78,09/27,2800,WATER
MA79,H1,50,CONC
MA80,03/21,1600,TURF
MA81,H1,34,CONC
MA82,ALL/WAY,5000,WATER
MA83,H1,40,ASPH/ CONC
MA84,H1,100,GRASS / SOD
MA85,H1,100,GRASS / SOD
MA86,E/W,1800,TURF
MA88,N/S,2800,ASPH-GRVL
MA89,16/34,2000,TURF
MA90,H1,180,GRASS / SOD
MA91,H1,26,CONC
MA91,H2,26,CONC
MA91,H3,26,CONC
MA91,H4,26,CONC
MA92,H1,70,ASPH/ CONC
MA93,H1,50,ASPH/ CONC
MA94,H1,36,WOOD
MA95,H1,75,GRASS / SOD
MA97,15/33,2400,TURF
MA98,H1,50,CONC
MA99,H1,20,CONC
MBGT,11/29,6362,ASP
MBMC,12/30,2894,UNK
MBNC,08/26,4245,ASP
MBPI,11/29,2533,UNK
MBPV,10/28,9199,ASP
MBSC,11/29,6335,ASP
MD-0001,01/19,1969,GRE
MD-0001,13/31,6070,GRE
MD-0009,2/20,6463,grass
MD00,07/25,1875,TURF-G
MD01,01W/19W,4200,WATER
MD01,11/29,1200,TURF
MD01,14W/32W,3600,WATER
MD02,H1,45,CONC
MD02,H2,45,CONC
MD04,09/27,1700,TURF
MD05,15/33,2575,TURF
MD06,12/30,1200,TURF
MD08,H1,55,CONC
MD1,02/20,3000,TURF-G
MD10,H1,182,CONC
MD11,14/32,2735,TURF
MD12,02/20,2100,TURF
MD13,H1,60,ASPH/ CONC
MD14,E/W,2600,TURF
MD14,N/S,2100,TURF
MD19,NW/SE,2400,TURF
MD20,11/29,1500,TURF
MD21,14/32,2250,TURF
MD22,17/35,2000,TURF
MD23,09/27,2750,ASPH-TURF
MD25,H1,100,GRASS / SOD
MD27,H1,330,GRASS / SOD
MD28,18/36,3400,TURF
MD29,H1,50,CONC
MD31,13/31,3261,ASPH
MD32,H1,100,CONC
MD33,H1,140,CONC
MD35,02/20,2200,TURF-G
MD35,12/30,3400,TURF-G
MD36,H1,40,ASPH/ CONC
MD37,H1,45,ASPH/ CONC
MD39,15/33,3000,TURF
MD40,H1,150,GRASS / SOD
MD42,05/23,1950,TURF
MD43,E/W,1800,TURF
MD45,02/20,2500,TURF
MD46,10/28,2200,TURF
MD47,03/21,1800,TURF
MD47,13/31,2400,TURF
MD48,13/31,2100,TURF
MD49,H1,45,PIERCED STEEL PLANKING / LANDING MATS / MEMBRANES
MD50,13/31,2500,ASPH
MD51,H1,60,CONC
MD52,H1,20,CONC
MD55,17/35,2300,TURF
MD56,03/21,1060,TURF
MD57,18/36,3000,TURF
MD58,H1,100,CONC
MD60,H1,58,ASPH/ CONC
MD61,06/24,1200,TURF
MD62,13/31,2700,TURF
MD63,18/36,3000,TURF
MD64,14/32,2600,TURF
MD65,H1/H1,48,CONC
MD66,03/21,3000,TURF
MD68,H1,600,GRASS / SOD
MD69,E/W,1800,TURF
MD70,15/33,2200,TURF
MD71,H1,32,CONC
MD72,H1/H1,50,CONC-TURF
MD73,NE/SW,2500,TURF
MD74,02/20,2100,TURF
MD75,NE/SW,600,TURF
MD76,H1,40,CONC
MD76,H2,48,ALUM
MD77,17/35,1400,TURF
MD78,03/21,1650,TURF
MD79,H1,100,GRASS / SOD
MD81,16/34,5000,WATER
MD82,16/34,2000,ASPH
MD83,01/19,2400,TURF
MD86,H1,35,CONC
MD88,14/32,1000,Turf
MD91,03/21,3200,TURF
MD91,12/30,2400,TURF
MD93,14/32,3800,TURF
MD95,04/22,1500,TURF-G
MD97,16/34,2900,ASPH
MD99,14/32,4000,ASP
MDAB,11/29,3830,ASP
MDAN,12/30,2953,UNK
MDBC,09/27,3281,UNK
MDBH,12/30,9843,ASP
MDCR,11/29,4950,ASP
MDCY,07/25,9843,asphalt
MDCZ,08/26,6234,UNK
MDDJ,07/25,5249,UNK
MDES,11/29,2395,Gravel
MDJB,01/19,5412,ASP
MDLR,11/29,9678,CON
MDMC,05/23,2625,UNK
MDPC,08/26,10171,ASP
MDPC,09/27,10171,ASP
MDPP,08/26,10108,ASP
MDSD,17/35,11000,ASP
MDSD,18/36,9813,ASP
MDSI,03/21,7000,ASP
MDST,11/29,8595,ASP
ME00,08/26,1800,Asphalt
ME01,01/19,10000,WATER
ME02,H1,40,ASPH/ CONC
ME03,01/19,2500,GRVL-G
ME04,10/28,2600,WATER
ME05,N/S,1800,TURF-F
ME06,02/20,600,TURF
ME06,15/33,1900,TURF
ME07,16W/34W,10000,Water
ME08,NW/SE,2000,TURF
ME09,01/19,8200,WATER
ME09,13/31,7000,WATER
ME11,05W/23W,3000,WATER
ME11,16W/34W,4000,WATER
ME12,04W/22W,3000,WATER
ME12,17W/35W,3500,WATER
ME14,04/22,1800,TURF
ME14,13/31,700,TURF
ME16,01/19,12101,ASP
ME17,01/19,1800,TURF
ME18,H1,100,GRAVEL / CINDERS / CRUSHED ROCK / CORAL/SHELLS / SLAG
ME19,E/W,1200,TURF
ME2,09/27,2950,GRVL-E
ME20,18/36,1400,TURF
ME22,11/29,2000,TURF
ME23,H1,45,ASP
ME24,H1,40,ASPH/ CONC
ME25,15/33,3000,GRVL-TURF
ME27,09/27,5000,WATER
ME27,17/35,10000,WATER
ME28,04W/22W,5400,WATER
ME28,09W/27W,3100,WATER
ME28,14W/32W,2850,WATER
ME3,16W/34W,15000,WATER-E
ME30,N/S,5000,WATER
ME30,NW/SE,6000,WATER
ME32,10/28,1900,TURF
ME32,13/31,1500,TURF
ME33,14/32,1900,TURF
ME34,N/S,3000,TURF
ME35,01/19,2600,TURF
ME37,H1,62,ASP
ME39,02/20,1350,TURF
ME41,NE/SW,1045,TURF
ME42,H1,65,ASPH/ CONC
ME43,H1,80,ASP
ME45,14/32,1600,GRVL
ME46,02/20,1000,TURF
ME47,01/19,2300,TURF
ME48,H1,60,CON
ME49,H1,70,ASP
ME5,10/28,1500,GRVL
ME51,14/32,7000,WATER
ME52,H1,40,ASP
ME55,NE/SW,1510,GRVL
ME57,03W/21W,5000,WATER
ME58,H1,16,CONC
ME59,H1,100,GRAVEL
ME6,04/22,2100,TURF-G
ME60,13/31,1800,TURF
ME62,N/S,2500,TURF
ME63,H1/H1,82,ASP
ME64,17/35,4000,ASP
ME65,H1,30,CONC
ME66,09/27,900,TURF
ME66,18/36,600,TURF
ME67,15/33,2600,TURF
ME68,01/19,3200,TURF-G
ME69,03/21,1680,TURF-GRVL
ME70,18/36,1600,TURF
ME72,H1,75,GRASS / SOD
ME74,18/36,2400,TURF
ME75,15/33,1600,TURF
ME76,H1,70,ASPH/ CONC
ME77,H1/H1,50,Turf
ME79,13/31,3200,GRVL
ME79,13W/31W,5000,WATER
ME80,01/19,3500,WATER
ME84,18W/36W,5023,Water
ME85,09/27,3600,WATER
ME86,09/27,26000,WATER
ME87,H1,60,CONC
ME88,09/27,2000,TURF
ME89,09/27,1650,TURF
ME90,14/32,8000,WATER
ME91,10/28,1300,TURF
ME92,15/33,1200,TURF
ME95,H1,40,CONC
ME96,04U/22U,800,TURF
MFN,07W/25W,1500,WATER
MGFB,09/27,3919,ASP
MGBN,09/27,3236,CON
MGCB,03/21,3340,ASP
MGGT,02/20,9800,ASP
MGP,13/31,2641,
MGPB,12/30,8880,CON
MGPP,09/27,8000,Dirt/Gravel
MGQC,17/35,4090,ASP
MGQZ,05/23,6900,Asphalt
MGRB,08/26,4690,ASP
MGRT,04/22,5065,ASP
MGSJ,15/33,6595,ASP
MGMM,11/29,9842,CON
3N1,4/22,3500,Turf
C30,7/25,3000,COR
3N0,7/25,2900,COR
N18,5/23,2850,COR
N55,3/21,5000,COR
N36,13/31,4275,Turf
MHAC,N75E/N75E,2624,GRVL
MHAG,N85E/N85E,700,GRVL
MHCA,07/25,5075,ASPH
MHGE,07/25,5052,ASP
MHLC,07/25,9875,ASP
MHLG,N65E/N65E,2296,GRVL-GRASS
MHLM,04/22,9203,CON
MHML,N80E/N80E,2296,GRASS
MHMN,N75E/N75E,3280,GRASS
MHN,09/27,2525,ASPH/ CONC
MHNC,05/23,3469,GRVL
MHNJ,12/30,3990,ASP
MHPI,N50E/N50E,2296,GRVL
MHRO,07/25,7349,ASP
MHPR,17/35,8064,ASP
MHTE,06/24,4415,ASP
MHTG,02/20,6112,ASP
MHTJ,06/24,3515,ASP
MI00,12/30,2725,TURF-P
MI01,18/36,2300,TURF
MI02,H1,32,Turf
MI03,ALL/WAY,10000,WATER
MI05,N/S,2640,TURF
MI07,H1,300,GRASS / SOD
MI10,09/27,2090,TURF-G
MI11,18/36,2500,TURF
MI13,09/27,1000,TURF
MI14,H1,60,CONC
MI15,09/27,1700,TURF
MI17,H1,55,ASPH/ CONC
MI18,N/S,2500,TURF
MI19,9/27,1650,TURF
MI20,H1,24,ASPH/ CONC
MI22,E/W,900,TURF
MI23,N/S,2250,TURF
MI24,05/23,1800,CONC-F
MI25,09/27,1318,TURF
MI27,09/27,1800,TURF
MI29,18/36,2000,TURF
MI31,18/36,2200,TURF
MI32,H1,60,CONC
MI35,02/20,1700,TURF
MI37,E/W,1300,TURF
MI38,NE/SW,2000,TURF
MI40,H1,44,CONC
MI41,01/19,2700,CONC
MI42,H1,62,CONC
MI44,N/S,1950,TURF
MI45,18/36,2600,TURF
MI46,H1,100,GRASS / SOD
MI48,07/25,2400,TURF
MI49,H1,70,ASPH/ CONC
MI53,09/27,2400,TURF-G
MI54,H1,35,GRASS / SOD
MI56,7/25,2200,TURF
MI56,H1,100,ASPH/ CONC
MI57,H1,16,CONC
MI59,H1,40,GRASS / SOD
MI60,09/27,1320,GRASS
MI61,H1,40,CONC
MI63,H1,22,ASPH/ CONC
MI64,H1,25,Asphalt/Concrete
MI65,H1,30,ASP
MI66,H1,35,GRASS / SOD
MI66,H2,35,GRASS / SOD
MI66,H3,35,GRASS / SOD
MI67,18/36,1800,TURF
MI68,NE/SW,700,TURF
MI70,18/36,1800,TURF
MI71,08/26,2660,TURF
MI72,18/36,2000,TURF
MI74,H1,30,CONC
MI75,H1,30,CON
MI75,H1,30,CON
MI76,04/22,1600,TURF
MI78,09/27,1700,TURF
MI80,18/36,2140,TURF
MI81,H1,20,ALUM
MI82,E/W,2400,TURF
MI85,H1,100,CONC
MI86,09/27,2000,TURF
MI88,09/27,2000,TURF
MI90,H1,30,CONC
MI95,09/27,1200,TURF
MI95,15/33,1800,TURF
MI97,H1/H1,62,Roof/Top
MI97,H2/H2,62,Roof/Top
MI98,18/36,1812,Turf
KD99,E/W,2300,TURF
MK-0019,17/35,1000,CON
MK-0020,01/19,994,CON
MK-0021,14/32,980,CON
MK-0022,01/19,2073,GRE
MKBS,09/27,4769,ASP
MKJP,12/30,8900,ASP
MKJS,07/25,10039,ASP
MKKJ,09/27,3412,ASP
MKNG,05/23,2300,Asphalt
MKTP,14/32,4300,ASP
GAMN,09/27,4946,LAT
1Q9,5/23,2850,Turf
MMCD,15/33,4660,ASP
MM11,06/24,5104,ASP
MM12,01/19,4565,ASP
MM13,13/31,6035,ASP
MM16,03/21,6900,ASP
MM17,17/35,3075,ASP
MM20,12/30,4090,ASP
MM22,16/34,6775,ASP
MM23,07/25,3834,ASP
MM25,15/33,5000,ASP
MM29,10/28,3155,ASP
MM30,05/23,4340,ASP
MM31,07/25,4640,ASP
MM32,01/19,6598,ASP
MM35,15/33,5251,ASP
MM36,11/29,5265,ASP
MM37,10/28,6710,ASP
MM39,02/20,3300,ASP
MMPD,10/28,7612,ASP
MM42,13/31,3997,ASP
MM44,02/20,3400,ASP
MM47,09/27,5510,ASP
MM48,05/23,5000,ASP
MM50,13/31,3894,ASP
MM51,13/31,4193,ASP
MM52,09/27,6460,ASP
MM53,16/34,5142,ASP
MM54,14/32,4100,ASP
MM56,01/19,4169,ASP
MM63,06/24,5590,ASP
MM64,08/26,4100,ASP
MM65,05/23,1893,GRE
MM65,16/34,4950,ASP
MM66,05/23,4930,ASP
MM67,03/21,6570,ASP
MM68,07/25,2640,GRE
MM68,09/27,6455,ASP
MM69,03/21,4741,ASP
MM72,12/30,5780,ASP
MM73,17/35,5365,ASP
MM75,11/29,3488,ASP
MM79,14/32,4290,ASP
MM80,15/33,8170,ASP
MM81,18/36,4085,ASP
MM82,03/21,4935,ASP
MM84,09/27,4375,ASP
MMAA,06/24,5579,CON
MMAA,10/28,10832,CON
MMAL,02/20,9350,ASP
MMAN,02/20,6598,ASP
MMAN,11/29,5049,ASP
MMAS,04/22,3478,ASP
MMAS,18/36,9843,ASP
MMBT,07/25,8858,ASP
MMCA,18/36,5520,ASP
MMCB,03/21,9180,ASP
MMCC,13/31,5910,ASP
MMCE,13/31,7218,ASP
MMCG,04/22,2350,GRE
MMCG,13/31,6075,ASP
MMCH,15/33,4615,ASP
MMCL,03/21,7365,ASP
MMCM,10/28,7244,ASP
MMCN,13/31,7546,ASP
MMCO,09/27,5774,UNK
MMCP,16/34,8202,ASP
MMCS,03/21,8858,ASP
MMCS,14/32,5741,ASP
MMCT,10/28,9186,CON
MMCU,05/23,3609,ASP
MMCU,18L/36R,8530,ASP
MMCU,18R/36L,7885,ASP
MMCV,15/33,7218,ASP
MMCV,17/35,4659,ASP
MMCY,08/26,6284,ASP
MMCZ,05/23,10165,ASP
MMCZ,12/30,8858,ASP
MMDA,12/30,5249,UNK
MMDO,03/21,9514,ASP
MMEP,02/20,10171,ASP
MMES,11/29,4892,ASP
MMGD,05/23,3900,crushed rock and asphalt
MMGL,02/20,5906,ASP
MMGL,11L/29R,11608,ASP
MMGL,11R/29L,13123,ASPH
MMGM,02/20,7710,ASP
MMGR,12/30,7216,ASP
MMHC,13/31,6530,ASP
MMHO,05/23,7546,ASP
MMHO,11/29,3609,ASP
MMIA,07/25,7546,ASP
MMIM,15/33,3445,ASP
MMIO,03/21,3471,ASP
MMIO,17/35,9506,ASP
MMIT,17/35,7640,ASP
MMJA,08/26,5577,ASP
MMJC,04/22,4265,ASP
MMLC,01/19,4900,ASP
MMLM,09/27,6562,ASP
MMLO,13/31,11483,ASP
MMLP,18/36,8202,CON
MMLT,16/34,7218,ASP
MMMA,15/33,7546,ASP
MMMD,10/28,10499,ASP
MMMD,18/36,7546,ASP
MMML,10/28,8530,CON
MMMM,05/23,11155,ASP
MMMT,01/19,6890,ASP
MMMV,06L/24R,4783,ASP
MMMV,06R/24L,6890,ASP
MMMX,05L/23R,12966,ASP
MMMX,05R/23L,12795,ASP
MMMY,12/30,9843,ASP
MMMY,16/34,5909,ASP
MMMZ,09/27,8868,ASP
MMNG,16/34,5905,ASP
MMNL,14/32,6562,ASP
MMOX,01/19,8038,ASP
MMPA,08/26,5906,ASP
MMPB,17/35,11811,ASP
MMPC,03/21,6825,ASP
MMPE,18/36,8202,concrete
MMPG,12/30,6655,ASP
MMPN,02/20,7874,ASP
MMPP,11/29,3335,ASP
MMPQ,10/28,8202,ASP
MMPR,04/22,10171,ASP
MMPS,09/27,7546,ASP
MMQT,09/27,11483,CON
MMRX,13/31,6243,ASP
MMSD,16/34,9843,ASP
MMSF,13/31,4921,ASP
MMSL,11/29,6998,ASP
MMSM,04/22,11385,CON
MMSM,04C/22C,14764,PEM
MMSM,04L/22R,14764,PEM
MMSM,04R/22L,11483,CON
MMSP,04/22,3259,ASP
MMSP,14/32,9867,ASP
MMSZ,18/36,5630,ASP
MMTA,01/19,8175,ASP
MMTB,17/35,7065,ASP
MMTC,08/26,4813,ASP
MMTC,13/31,9039,ASP
MMTG,00/00,,
MMTG,15/33,8202,ASP
MMTG,16/34,,
MMTJ,09/27,9711,CON
MMTL,12/30,12139,CON
MMTM,09/27,3937,ASP
MMTM,14/32,8366,ASP
MMTM,18/36,4265,ASP
MMTN,16/34,4735,ASP
MMTO,15/33,13780,ASP
MMTP,05/23,6562,ASP
MMUN,12L/30R,9186,ASP
MMUN,12R/30L,11483,ASP
AYMM,01/19,2165,Grassed grey sand
MMVA,08/26,7218,ASP
MMVR,09/27,4997,ASP
MMVR,19/01,7874,ASP
MMZC,02/20,9843,ASP
MMZC,08/26,3281,ASP
MMZH,09/27,8222,ASP
MMZM,18/36,4921,ASP
MMZO,10/28,7218,ASP
MMZP,08L/26R,3935,ASP
MMZP,08R/26L,8860,ASP
MN00,14/32,2000,ASPH
MN01,N/S,2500,TURF
MN02,09W/27W,4000,WATER
MN02,16W/34W,5000,WATER
MN05,15/33,6000,WATER
MN06,N/S,2600,TURF
MN07,H1,30,CONC
MN08,16/34,2000,TURF-G
MN09,02/20,6000,WATER
MN09,09/27,12000,WATER
MN10,H1,100,CONC
MN11,17/35,2600,TURF
MN12,07/25,2600,TURF
MN12,15/33,3000,TURF
MN13,NW/SE,2263,TURF
MN14,H1,113,ASPH/ CONC
MN16,H1/H1,50,MATS
MN17,09/27,2000,TURF
MN18,09/27,2600,TURF
MN19,15/33,1500,GRS
MN24,02/20,1900,TURF
MN25,H1,40,CONC
MN26,H1,50,CONC
MN27,H1,50,CONC
MN28,18/36,2550,TURF
MN30,E/W,4000,WATER
MN31,18/36,2480,TURF-G
MN32,10/28,1900,TURF
MN33,H1,125,CONC
MN34,H1,50,CONC
MN35,ALL/WAY,6000,WATER
MN36,H1,1000,GRS
MN39,H1,150,ASPH/ CONC
MN40,03/21,1500,TURF
MN41,01/19,1600,Grass
MN42,16/34,2300,TURF
MN43,H1,50,CONC
MN44,11/29,2800,TURF
MN45,09/27,2500,TURF
MN47,09/27,2400,GRS
MN48,H1,50,CONC
MN49,18/36,2200,TURF
MN50,09/27,2640,TURF
MN52,9/27,2800,TURF
MN56,H1,50,CONC
MN57,18/36,2590,Grass
MN58,18/36,2300,TURF
MN59,H1,44,CONC
MN62,E/W,2300,TURF
MN63,E/W,1400,TURF
MN63,N/S,1400,TURF
MN63,NE/SW,2000,TURF
MN65,H1,45,CONC
MN66,08/26,1700,TURF
MN67,18/36,3400,TURF
MN69,11/29,3400,TURF
MN70,H1,50,CONC
MN74,E/W,2300,TURF
MN75,05W/23W,10000,WATER
MN75,14W/32W,10000,WATER
MN76,08W/26W,8100,WATER-G
MN77,18/36,2200,TURF
MN80,06/24,5500,WATER
MN80,16/34,7000,WATER
MN81,17/35,2600,TURF
MN83,H1,50,CONC
MN85,18/36,2500,TURF
MN86,01/19,2775,TURF
MN86,13/31,1999,TURF
MN87,18/36,1070,GRS
MN88,E/W,2000,TURF
MN88,N/S,2300,TURF
MN89,E/W,3000,TURF
MN90,H1,40,CONC
MN91,09/27,1320,TURF
MN92,N/S,2000,TURF
MN94,H1,50,CONC
MN95,N/S,1200,TURF
MN99,09/27,2046,GRE
MNBL,05/23,6625,ASP
MNBR,09/27,3061,ASP
MNBZ,18/36,4583,dirt
MNCE,03/21,5003,Asphalt
MNCI,03/21,6234,ASPHALT
MNFC,09/27,9862,CON
MNLN,09/27,3048,ASP
MNMG,10/28,8012,ASP
MNMR,05/23,6680,ASP
MNMT,09/27,2428,GRS
MNP,17/35,2400,
MNPC,09/27,8130,ASP
MO00,18/36,3950,TURF-G
MO01,18/36,2460,TURF
MO02,09/27,2560,TURF
MO05,H1,50,CONC
MO07,18/36,2075,GRVL-F
MO08,18/36,1000,TURF
MO09,13/31,4360,ASP
MO10,18/36,2330,TURF
MO11,09/27,2600,TURF
MO12,H1,35,ASPH/ CONC
MO14,06/24,1900,TURF
MO16,ALL/WAY,2200,TURF
MO17,18/36,2140,TURF
MO19,H1,30,CONC
KMO2,06/24,2640,TURF-F
MO20,H1,40,CONC
MO21,H1,45,ASPH/ CONC
MO22,14/32,3000,TURF-G
MO23,18/36,2400,GRE
MO24,18/36,3000,TURF
MO26,17/35,2400,TURF
MO27,11/29,1500,TURF
MO28,H1,20,CONC
MO29,N/S,2035,GRAVEL
MO30,06/24,2545,ASPH-P
MO31,02/20,1500,TURF
MO32,09/27,2325,CONC
MO33,01/19,2380,TURF
MO34,18/36,2500,TURF
MO35,18/36,1500,TURF
MO36,09/27,2600,TURF
MO37,09/27,2400,TURF
MO37,18/36,2500,TURF
MO38,H1,20,WOOD
MO38,H2,20,WOOD
MO38,H3,40,CONC
MO39,14/32,2700,TURF
MO40,H1,50,ASPH/ CONC
MO41,H1,50,CONC
MO43,02/20,2670,TURF
MO44,H1,40,ASPH/ CONC
MO45,01/19,1700,TURF
MO46,02/20,1660,TURF
MO47,H1,40,CONC
MU43,H1,40,CONC
MO49,16/34,2560,ASPH
MO5,02/20,2600,ASPH-P
MO50,H1,50,CONC
MO51,14/32,2390,TURF
MO54,09/27,2640,TURF
MO55,H1,50,METAL
MO56,11/29,3000,ASP
MO57,N/S,2500,TURF
MO58,N/S,2370,TURF
MO59,09/27,1400,TURF
MO04,1/19,1648,Turf
MO62,11/29,1860,TURF
MO63,H1,40,CONC
MO64,12/30,2600,ASPH-G
MO65,05/23,1300,TURF
MO66,07/25,2850,Grass
MO67,12/30,2400,TURF
MO67,18/36,3000,TURF
MO68,08/26,1000,TURF
MO69,H1,60,CONC
KMO7,H1,37,PIERCED STEEL PLANKING / LANDING MATS / MEMBRANES
MO70,H1,20,CONC
MO71,09/27,2803,TURF
MO71,16/34,1502,TURF
MO71,17/35,3300,TURF
MO72,08/26,1900,TURF
MO73,10/28,2500,TURF
MO74,12/30,2700,TURF
MO75,18/36,1300,TURF
MO76,H1,40,CONC
MO77,12/30,2200,TURF
MO78,E/W,3000,TURF
MO80,16/34,2500,TURF-G
MO81,09/27,2300,GRVL-TURF
MO81,14/32,2200,GRVL-TRTD
MO82,09/27,2050,TURF-F
MO83,NE/SW,2000,TURF
MO84,09/27,3195,ASP
MO85,18/36,2400,TURF
MO86,09/27,1400,TURF
MO87,18/36,1300,TURF
MO91,H1,40,CONC
MO92,H1,60,ASPH/ CONC
MO93,18/36,470,TURF
MO94,17/35,2640,TURF
MO96,N/S,1900,TURF
MO97,H1/H1,42,ASPH/ CONC
MO98,09/27,1950,TURF
MO99,07/25,2600,TURF
WAFO,05/23,6070,ASP
MOS,06/24,3000,GRVL
MP01,18/36,3117,ASP
MP02,13/31,3773,ASP
MPCB,05/23,3281,ASP
MP17,10/28,3379,ASP
MPPN,18/36,3350,ASP
MP21,12/30,6562,ASP
MP22,01/19,3215,ASP
MPCL,18/36,3907,ASP
MPCM,18/36,3937,ASP
MPPU,07/25,3999,ASP
MP27,06/24,3202,ASP
MPBO,08/26,4921,ASP
MPCE,01/19,4921,ASP
MPCH,03/21,3609,ASP
MPDA,04/22,8530,ASP
MPEJ,18/36,8858,CON
MPPA,18/36,8500,ASP
MPMG,01/19,5906,ASP
MPGU,16/34,3474,ASP
MPOA,17/35,2264,ASP
MPPD,17/35,3281,ASP
MPSA,17/35,3937,ASP
MPSM,17/35,8038,ASP
MPTO,03L/21R,8800,ASP
MPTO,03R/21L,10006,CON
MPVR,05/23,1969,ASP
MPZL,08/26,3435,ASP
MR-0013,05/23,9876,ASP
MRAN,06/24,2625,ASP
MRAO,02/20,3118,ASP
MRBA,01/19,3248,CON
MRBC,16/34,3281,ASP
MRCC,18/36,3281,ASP
MRCH,09/27,4921,ASP
MRCV,04/22,3281,ASP
MRDC,09/27,3163,ASP
MRDK,09/27,2461,ASP
MREC,08/26,3350,ASP
MRFI,03/21,4700,ASP
MRGF,13/31,4593,ASP
MRGP,03/21,3609,CON
MRIA,03/21,2625,UNK
MRLB,07/25,9022,ASP
MRLC,06/24,4265,ASP
MRLM,14/32,5906,ASP
MRNS,04/24,3281,ASP
MROC,07/25,9882,ASP
MRPD,08/26,3280,ASP
MRPJ,16/34,2707,UNK
MRPM,04/22,4570,ASP
MRPV,10/28,5138,ASP
MRQP,04/22,3609,ASP
MRSG,01/19,3215,ASP
MRSV,08/26,3215,ASP
MRTM,07/25,2625,UNK
MRTR,12/30,2723,ASP
MRUP,05/23,3536,ASP
MS01,H1,40,CONC
MS02,H1,40,CONC
MS03,18/36,3900,CONC-TURF
MS05,H1,40,CONC
MS06,08/26,2270,ASPH-TURF
MS07,H1,50,CONC
MS08,18/36,2600,TURF
MS09,N/S,3200,TURF
MS10,03/21,3300,ASPH-TURF
MS11,03/21,3000,TURF
MS13,03/21,2600,TURF
MS14,05/23,2000,Grass
MS15,E/W,2000,TURF
MS16,H1,40,CONC
MS17,H1,70,ASPH/ CONC
MS18,18/36,2400,TURF-G
MS19,H1,40,ASPH/ CONC
MS21,18/36,3000,TURF
MS24,02/20,2300,TURF
MS26,18/36,4080,TURF
MS27,18/36,2600,TURF
MS28,12/30,2750,TURF
MS29,03/21,3175,Grass
MS30,18/36,2285,ASPH-F
MS31,H1,50,CONC
MS32,H1,50,CONC
MS35,17/35,3200,TURF
MS36,10/28,1700,TURF
MS37,N/S,5100,TURF
MS38,18/36,2000,CONC-TURF
MS39,08/26,2200,TURF
MS40,10/28,2640,TURF
MS41,N/S,2400,ASPH
MS42,15/33,1400,TURF
MS43,16/34,2500,TURF
MS44,18/36,1921,Turf
MS45,NE/SW,3400,TURF
MS46,H1,40,CONC
MS47,H1,60,CONC
MS48,18/36,2735,TURF
MS49,18/36,2700,TURF
MS50,10/28,1600,TURF
MS51,18/36,4200,Turf
MS54,15/33,2600,TURF
MS55,09/27,2500,TURF
MS56,H1,25,CONC
MS57,06/24,3000,ASP
MS58,18/36,1229,TURF-P
MS59,18/36,3000,TURF
MS60,H1,60,GRASS / SOD
MS61,17/35,2500,TURF
MS63,16/34,2600,TURF
MS64,09/27,2100,GRASS / SOD
MS64,18/36,900,GRASS / SOD
MS65,18/36,2600,TURF
MS67,H1,30,CONC
MS69,N/S,2800,TURF
MS70,15/33,1400,TURF
MS71,15/33,3540,TURF
MS72,H1,50,CONC
MS73,17/35,1000,TURF
MS75,N/S,3700,TURF
MS76,18/36,2000,TURF
MS77,N/S,2950,TURF
MS78,H1,40,CONC
MS80,18/36,3200,TURF-G
MS81,H1,50,CONC
MS82,17/35,2800,TURF
MS84,H1/H1,60,ASPH
MS86,14/32,2400,TURF
MS87,H1,20,CONC
MS88,09/27,2910,COP
MS89,H1,120,GRASS / SOD
MS90,01/19,750,TURF
MS91,H1,40,Concrete/Turf
MS93,09/27,4100,TURF
MS93,13/31,2600,TURF
MS94,H1,50,CONC
MS95,09/27,2800,TURF-P
MS95,16/34,2000,TURF-F
MS95,18/36,1800,TURF-F
MS96,06/24,4000,TURF
MSET,15/33,4400,ASP
MSLD,01/19,3280,ASP
MSLP,07/25,10500,ASP
MSLP,18/36,2625,ASP
MSSS,15/33,7349,ASP
MT-0001,09/27,4800,ASP
MT-0001,13/31,6000,ASP
MT-0006,08/26,4000,Soil
MT01,E/W,2400,TURF
MT02,E/W,2600,TURF
MT02,NE/SW,2400,TURF
MT02,NW/SE,2600,TURF
MT03,01/19,3376,Asphalt
MT04,E/W,3100,GRVL
MT04,N/S,2800,TURF
MT05,12/30,2600,TURF
MT06,07/25,1467,TURF
MT08,13/31,3800,ASP
MT10,H1,40,CONC-G
MT15,05/23,2185,GRS
MT15,10/28,1840,GRS
MT18,09/27,1300,Grass
MT19,16/34,2300,TURF
MT20,08/26,2600,TURF
MT20,13/31,2600,TURF
MT23,H1,40,CONC
MT25,H1,31,CONC
MT27,H1,55,ASPH/ CONC
MT28,H1,40,CONC
MT29,12/30,3500,TURF
MT29,18/36,3000,GRVL
MT30,16/34,1470,TURF
MT31,H1,75,GRASS / SOD
MT32,NW/SE,2000,TURF
MT33,04/22,2000,TURF
MT35,H1,40,CONC
MT37,16/34,2600,TURF
MT38,08/26,2000,TURF
MT39,07/25,3200,TURF-DIRT
MT40,,,
MT40,,,
MT40,5/23,4809,Turf/Gravel
MT41,09/27,3800,TURF
MT42,14/32,1225,TURF-P
MT43,11/29,2100,TURF-GRVL
MT44,H1,30,CONC
MT44,H2,20,GRASS / SOD
MT45,11/29,1100,TURF
MT47,N/S,4500,TURF
MT48,03/21,5614,TURF
MT50,16/34,3000,TURF
MT51,07/25,2000,TURF
MT51,16/34,2640,TURF
MT52,16/34,2640,TURF
MT53,12/30,3650,TURF
MT54,16/34,2600,TURF
MT55,H1,20,CONC
MT58,E/W,2500,TURF
MT58,NW/SE,2500,TURF
MT60,13/31,2400,TURF
MT64,H1,25,CONC
MT65,6/24,2646,Turf
MT67,H1,30,CONC
MT69,14/32,2646,Dirt
MT70,H1,45,CONC
MT71,12/30,1800,TURF
MT72,07/25,3000,TURF-DIRT
MT74,11/29,4000,TURF
MT76,18/36,1500,TURF
MT77,05/23,2000,TURF
MT77,07/25,800,TURF
MT77,17/35,2040,TURF
MT78,H1,30,CONC
MT79,08/26,2600,TURF
MT80,07/25,1800,TURF
MT83,08/26,1500,TURF
MT86,04/22,4975,ASPH
MT87,04/22,2600,TURF
MT87,12/30,4000,TURF
MT88,10/28,1900,TURF
MT92,07/25,5000,WATER
MT94,05/23,900,TURF
MT95,16/34,5000,TURF
MT97,09/27,1800,TURF
MT99,H1,36,CONC
MTCA,08/26,3220,ASP
MTCH,05/23,8701,ASP
MTF,06/24,4600,ASPH-GRVL
MTJA,01/19,3300,ASP
MTJE,10/28,,
MTPP,10/28,9974,ASP
MTPX,05/23,2100,GVL
FIMA,15/33,4275,Tarmac
MU-0004,15/33,9842,Asphalt
MU00,N/S,2000,TURF
MU01,H1,60,GRASS / SOD
MU02,13/31,3000,TURF
MU04,18/36,4000,TURF
MU05,H1,30,CONC
MU06,H1,20,CONC
MU07,09/27,2000,TURF
MU08,H1,35,ASPH/ CONC
MU09,02/20,2600,TURF
MU10,H1,171,CONC
MU11,13/31,1800,TURF
MU15,H1,40,GRASS / SOD
MU16,17/35,2600,TURF
MU18,09/27,1900,ASPH-TURF
MU20,17/35,2400,TURF
MU21,11/29,1800,TURF
MU23,15/33,2000,TURF
MU24,10/28,3000,TURF-GRVL
MU25,15/33,2300,TURF
MU26,08/26,2260,ASPH
MU27,E/W,2600,TURF
MU27,NE/SW,1700,TURF
MU29,H1,40,CONC
MU32,13/31,1500,TURF
0MO6,03/21,2000,TURF-G
MU34,02/20,1800,TURF
MU35,17/35,2000,TURF
MU36,H1,65,CONC
MU37,H1,65,CONC
MU38,09/27,2600,TURF
MU39,H1,382,GRASS / SOD
MU40,15/33,2600,TURF
MU41,06/24,1050,TURF
MU41,08/26,1280,TURF
MU44,H1,40,CONC
MU45,H1,35,CONC
MU47,H1,50,CONC
MU48,09/27,3800,TURF-G
MU49,H1,50,CONC
MU50,H1,50,CONC
MU51,H1,250,CONC
MU52,H1,30,CONC
MU53,H1,30,CONC
MU54,H1,53,CONC
MU58,H1,60,CONC
MU59,H1,35,ASPH/ CONC
MU60,H1,40,CONC
MU61,H1,40,CONC
MU62,18/36,1200,TURF
MU63,18/36,1200,TURF
MU64,H1,55,CONC
MU65,02/20,1200,TURF
MU66,H1,50,CONC
MU67,H1,30,GRASS / SOD
MU68,18/36,1800,TURF
MU70,18/36,2100,TURF
MU73,9/27,1200,Turf
MU77,02/20,2500,TURF-G
MU78,10/28,3000,Grass
MU84,09/27,1320,TURF
MU85,01/19,2100,TURF
MU86,17/35,1600,TURF
MU89,09/27,1750,TURF
MU90,H1,80,CONC
MU91,H1,40,CONC
MU91,H2,20,CONC
MU92,H1,40,CONC
MU93,H1,32,CONC
MU94,H1,40,CONC
MU98,02/20,3111,TURF
MUBA,16/34,6070,CON
MUBR,09/27,5905,ASP
MUBY,07/25,6887,ASP
MUCA,07/25,11588,ASP
MUCC,08/26,9842,ASP
MUCF,02/20,7874,ASP
MUCL,12/30,9869,ASP
MUCM,07/25,9842,ASP
MUCU,10/28,13130,ASP
MUCU,19/01,4593,ASP
MUFL,08/26,3247,ASP
MUGM,10/28,8000,ASP
MUGT,17/35,8025,ASP
MUHA,06/24,13123,ASP
MUHG,05/23,10624,ASP
MUKW,06/24,4850,ASP
MULB,08/26,6775,ASP
MULM,07/25,6562,ASP
MUMG,10/28,9334,ASP
MUMO,07/25,6102,ASP
MUMZ,08/26,7875,ASP
MUNB,06/24,3300,ASP
MUNG,05/23,8202,ASP
MUNG,17/35,5325,ASP
MUPB,02/20,7563,ASP
MUSA,01/19,7873,CON
MUSA,05/23,11799,CON
MUSA,12/30,8144,CON
MUSC,08/26,9898,ASP
MUSL,07/25,5905,ASP
MUSN,05/23,5905,ASP
MUSS,03/21,5905,ASP
MUTD,06/24,5909,ASP
MUVR,06/24,11490,ASP
MUVT,05/23,5971,ASP
MV-0013,01/19,3937,ASP
MWCB,09/27,6000,ASP
MWCL,10/28,3275,GRS
MWCR,08/26,7867,ASP
MWU,17/35,3117,
MX-0001,02/20,5160,Soil
MX-0005,02/20,3362,Soil
MX-0005,08/26,5485,Soil
MX-0006,15/33,3300,packed dirt
MX-0007,18/36,4300,Dirt
MX-0013,06/24,6300,paved
MX97,09/27,3209,asphalt
MX-0070,03/21,3921,ASP
MX-0121,10/28,2559,GRS
MX-0122,10/28,4364,GRS
MX-0126,04/22,2385,GRE
MX-0130,10/28,3609,CON
MX-0202,15/33,2789,GRE
MX-0203,06/24,6561,ASP
MX-0204,11/29,5413,GRE
MX-0205,17/35,3871,GRE
MM14,09/27,5325,ASP
MX-0241,07/25,2067,GRE
MX-0242,18/36,2395,GRE
MX-0243,02/20,1903,GRE
MX-0257,09/27,4921,Earth
MXNT,17/35,6562,ASP
MX-0588,09/27,2034,GRS
MX-0595,18/36,1804,GRE
MX-0664,18/36,7595,ASP
MX-0955,16/34,3200,ASP
MX-1483,01L/19R,14764,ASP
MX-1483,01R/19L,13123,ASP
MX-1483,17L/35R,16404,ASP
MX-1483,17R/35L,14764,ASP
MX-1483,18L/36R,14764,ASP
MX-1483,18R/36L,16404,ASP
MX-2437,15/33,4000,asphalt
MX-2509,03/21,3329,GRE
MX-2509,11/29,4805,ASP
MX-2510,11/29,8694,ASP
MX-2511,16/34,3390,ASP
MX-2512,15/33,3370,ASP
MX-2513,18/36,4595,CON
MX-2514,01/19,4235,CON
MX-2515,10/28,5074,ASP
MX-2516,04/22,3350,ASP
MX-2517,01/19,3380,ASP
MX-2520,10/28,3920,ASP
MX-SGM,17/35,4964,Asphalt
MM45,13/31,5000,Asphalt
MY-0009,08/26,3599,ASP
MY00,E/W,2100,TURF
MY00,N/S,2200,TURF
MY01,09/27,2500,TURF
MY02,6/24,1138,Turf
MY04,E/W,2200,TURF
MY07,N/S,2600,TURF
MY10,13/31,1800,TURF
MY12,18/36,2200,TURF
MY15,09/27,2500,TURF
MY18,09/27,2383,TURF-G
MY20,H1,90,ASPH/ CONC
MY21,NE/SW,7000,WATER
MY21,NNE/SSW,6500,WATER
MY22,E/W,2500,WATER
MY22,N/S,2500,WATER
MY22,NW/SE,2100,WATER
MY23,ENE/WSW,5000,WATER
MY23,NNW/SSE,5000,WATER
MY23,NW/SE,3000,WATER
MY24,09/27,2300,TURF
MY26,H1,50,CONC
MY27,H1,40,CON
MY28,16/34,2200,TURF
MY29,13/31,2000,TURF
MY32,18/36,10000,WATER
MY33,14/32,3500,WATER
MY33,17/35,3500,WATER
MY34,NE/SW,3000,WATER
MY34,NNE/SSW,2800,WATER
MY34,NW/SE,2500,WATER
MY35,11/29,2200,TURF
MY37,18/36,2000,Grass
MY38,N/S,4000,WATER
MY38,NW/SE,4700,WATER
MY44,H1,45,ALUM
MY46,18/36,2400,TURF
MY47,09/27,2100,GRVL
MY50,13/31,2000,TURF
MY54,09/27,4200,TURF
MY55,13/31,4200,ASP
MY56,09/27,3000,TURF
MY57,N/S,1830,TURF
MY58,09/27,2640,TURF
MY59,17/35,2600,CONC-TURF
MY60,11/29,1320,TURF
MY62,NE/SW,1400,TURF
MY65,H1,100,ASPH/ CONC
MY66,18/36,3500,TURF
MY68,18/36,2200,TURF
MY72,16/34,2460,TURF-F
MY74,H1,40,ASP
MY76,04W/22W,5600,Water
MY77,H1,120,CONC
MY79,H1,44,CONC
MY80,10/28,2500,TURF
MY83,09/27,3500,WATER
MY83,17/35,7000,WATER
MY84,H1,50,CONC
MY86,18W/36W,4000,WATER
MY87,H1,60,ASPH/ CONC
MY90,10/28,3100,TURF
MY91,H1,42,CONC
MY93,09W/27W,5000,WATER
MY94,09/27,1200,TURF
MY95,18/36,2600,TURF
MY96,N/S,4000,WATER
MY97,18/36,2000,TURF
MY99,11/29,3600,TURF-G
MYAB,09/27,5000,BIT
MYAF,09/27,4058,ASP
MYAK,10/28,5300,ASP
MYAM,09/27,6100,ASP
MYAN,12/30,5025,BIT
MYAP,13/31,5000,ASP
MYAS,10/28,4500,ASP
MYAT,14/32,7001,ASP
MYAX,14/32,4402,BIT
MYBC,11/29,5000,BIT
MYBG,13/31,4536,BIT
MYBS,09/27,5409,ASP
MYCA,12/30,7015,ASP
MYCA,14/32,7000,ASPH
MYCB,09/27,5050,ASP
MYCI,09/27,4061,ASP
MYCS,11/29,2401,ASP
MYEB,12/30,2500,
MYEF,12/30,7051,ASP
MYEH,07/25,6020,ASP
MYEM,15/33,8024,ASP
MYEN,03/21,4703,ASP
MYER,09/27,7213,ASP
MYES,17/35,3030,BIT
MYTC,10/28,5300,ASP
MYGF,06/24,11019,ASP
MYIG,09/27,7016,ASP
MYIG,10/28,7020,ASPH
KMYK,13/31,2700,TURF-GRVL-F
MYLD,09/27,4000,ASP
MYLS,13/31,4000,ASP
MYMM,06/24,7297,ASP
MYNN,10/28,8273,ASP
MYNN,14/32,11353,ASP
MYRD,13/31,3800,ASP
MYRP,09/27,4500,ASP
MYSM,10/28,8000,ASP
MYXD,09/27,1200,gravel
MZBZ,07/25,9678,ASP
MZSL,09/27,4070,chipseal
MZHR,12/30,2400,ASP
MZMF,unknown/unknown,2135,
MZPL,08/26,2133,Asphalt
N01,H1,65,CONC
N02,H1/H1,55,CONC
N05,05/23,2200,ASPH-G
N07,01/19,2767,ASPH-G
N08,03/21,2500,TURF-G
N09,H1,100,GRASS / SOD
N10,09/27,2880,ASPH-F
N15,07/25,3700,GRVL-DIRT-F
N15,16/34,3072,GRVL-DIRT-P
N16,06/24,3100,TURF-G
N17,09/27,5150,Asphalt
N20,8/26,2450,COR
NR32,14/32,3591,TURF-G
N22,08/26,3610,TURF-F
N25,09/27,2600,TURF-G
N29,02/20,5650,DIRT-GRVL-F
N30,18/36,2986,ASPH-G
N33,H1,490,CONC
N39,H1,80,CONC
KN41,02/20,1600,TURF-G
KN41,17/35,2005,TURF-G
N42,07/25,2300,TURF-G
N43,18/36,1956,ASPH-TURF-G
N45,03/21,2864,ASPH-E
N46,H1,100,GRASS / SOD
N48,H1,65,ASPH/ CONC
N50,12/30,2773,TURF-P
N56,06/24,3200,TURF-G
N61,03/21,1400,TURF-G
N63,16/34,2725,ASPH-G
65NK,09/27,2750,TURF-F
N72,03L/21R,2100,TURF-G
N72,03R/21L,2150,ASPH-F
N72,08/26,2250,TURF-F
N74,07/25,2509,ASPH-F
N83,01/19,2000,TURF-G
KN85,08/26,2550,ASPH-G
KN85,13/31,1804,ASPH-TURF-G
N86,16/34,3540,DIRT-G
N88,05/23,1400,TURF-G
N92,05/23,2000,TURF-F
N95,H1,50,ASPH/ CONC
KN97,01/19,2500,TURF-F
KN97,09/27,1160,TURF-F
NA-0180,15/33,3948,ASP
NA01,17/35,2500,TURF
NA02,08/26,1770,TURF
NA05,17/35,2500,TURF
NA06,12/30,1600,TURF
NA07,E/W,2640,TURF
NA10,13/31,2000,TURF
NA12,17/35,1700,TURF
NA13,08/26,5000,TURF
NA17,N/S,3000,TURF
NA18,08/26,2000,TURF
NA21,18/36,2600,ASPH-TURF
NA22,12/30,1800,TURF-G
NA32,08/26,2300,TURF
NA32,17/35,2400,TURF
NA33,08/26,2650,TURF
NA38,08/26,2640,TURF
NA39,17/35,2640,TURF
NA49,08/26,2000,TURF
NA54,08/26,1000,TURF
NA54,17/35,2600,TURF
NA55,09/27,2600,TURF
NA56,17/35,2790,TURF
NA60,17/35,2600,CONC
NA63,16/34,1400,TURF
NA65,17/35,2140,TURF
NA67,17/35,2000,TURF
NA70,09/27,2000,TURF
NA71,08/26,2640,TURF
NA71,12/30,2100,TURF
NA71,17/35,2000,TURF
NA73,08/26,2600,TURF
NA73,13/31,2600,TURF
NA75,E/W,2640,TURF-GRVL
NA79,17/35,1760,TURF
NA81,09/27,2000,ASPH
NA84,16/34,2460,TURF
NA86,17/35,4100,TURF
NA88,09/27,2500,TURF
NA90,08/26,1000,TURF
NA90,13/31,1900,TURF
27ND,08/26,2275,TURF
NA98,12/30,2000,TURF
NA99,17/35,2500,TURF
KNBV,H1,390,CONC
NWWX,11/29,3135,ASP
NC00,18/36,2000,ASPH
NC01,03/21,5291,ASPH-G
NC02,16/34,2000,TURF-DIRT-P
NC03,13/31,2700,TURF-GRVL-G
NC04,H1,40,CONC
NC05,06/24,3850,GRE
NC06,12/30,4600,ASP
NC07,H1,50,CONC
NC08,10/28,2700,TURF
NC09,16/34,2000,TURF
NC10,18/36,1900,TURF-F
NC11,04/22,1950,TURF
NC12,08/26,5070,ASP
NC13,18/36,3000,TURF-G
NC14,13/31,2700,ASPH
NC15,02/20,2500,TURF-G
NC16,04/22,2100,TURF
NC17,16/34,2400,TURF
NC19,4/22,3400,ASP
NC20,09/27,1840,ASPH
NC21,06/24,2400,ASPH
NC22,13/31,1000,TURF
NC23,H1,50,CON
NC24,H1,1000,GRASS / SOD
NC25,09/27,3000,ASP
NC26,05/23,3000,TURF
NC27,05/23,3200,TURF
NC28,N/S,3600,TURF
NC29,18/36,2200,TURF
NC30,18/36,2060,TURF-F
NC31,09/27,1800,TURF
NC32,14/32,2500,TURF
NC33,H1,50,CONC
NC34,09/27,2500,TURF
NC37,12/30,2000,TURF
NC38,H1,55,CONC
NC39,13/31,2600,TURF
NC40,04/22,1700,TURF
NC41,H1,30,CONC
NC42,18/36,1700,TURF
NC43,06/24,6000,TURF
NC43,18/36,6000,TURF
NC44,05/23,2300,TURF
NC45,03/21,3200,TURF
NC46,H1,50,CONC
NC47,07/25,1850,TURF
NC48,10/28,3000,TURF
NC49,18/36,1400,TURF
NC50,10/28,1460,ASPH
NC51,H1,90,CONC
NC52,09/27,3600,TURF
NC53,H1,150,CONC
NC54,01/19,3000,TURF
NC55,H1,400,GRASS / SOD
NC56,12/30,1600,TURF
NC57,H1,60,CONC
NC58,09/27,2000,TURF
NC59,09/27,2700,TURF-G
NC60,H1,50,CONC
NC61,10/28,2150,TURF
NC62,H1,115,CONC
NC63,03/21,1500,TURF
NC64,10/28,2000,TURF
NC65,06/24,3200,TURF
NC66,03/21,3400,TURF
NC67,06/24,2600,Grass
NC68,H1,50,CONC
NC69,15/33,2300,TURF-GRVL
7NC,4/22,4000,TURF-G
NC71,01/19,2300,TURF
NC72,05/23,2000,TURF
NC73,01/19,2750,TURF
NC74,H1,122,CONC
NC75,17/35,1200,TURF
NC77,01/19,2700,TURF
NC80,H1,75,ASPH/ CONC
NC81,09/27,2450,TURF
NC82,03/21,2186,TURF
NC83,H1,90,CON
NC83,H2,65,Aluminum
NC83,H3,43,Aluminum
NC85,H1,30,CONC
NC86,05/23,3300,ASP
NC88,H1,50,CONC
NC89,H1,50,CONC
NC90,H1,40,CONC
NC91,H1,100,CONC
NC91,H2,100,CONC
NC92,H1,60,CONC
NC93,07/25,1850,TURF
NC94,H1,70,CONC
NC95,H1,100,CONC
NC96,H1,70,CONC
NC97,08/26,1600,TURF
NC98,H1,70,CONC
NC99,12/30,2200,TURF
NCAI,09/27,4555,COR
NCAI,14/32,5920,ASP
NCAT,09/27,3947,UNK
NCL,H1,60,ASPH/ CONC
NCMG,13/31,3274,UNK
NCMH,14/32,3937,UNK
NCMK,10/28,4921,UNK
NCPY,14/32,7077,UNK
NCRG,08/26,7638,CON
KNCY,H1,100,CONC
ND01,17/35,2440,TURF
ND02,17/35,2600,TURF
ND07,17/35,2600,TURF-G
ND09,E/W,2500,TURF
ND11,H1,80,CONC
ND14,08/26,2234,TURF-F
ND14,17/35,2533,TURF-F
ND15,17/35,1469,Turf
ND16,01/19,1700,TURF
ND18,12/30,2500,TURF-F
ND19,18/36,4053,GRS
ND20,08/26,2000,TURF
ND20,17/35,2600,TURF
ND21,H1,40,Asphalt/Turf
ND22,N/S,2400,TURF
ND24,08/26,2400,TURF-F
ND24,17/35,2200,TURF-F
ND26,17/35,2300,TURF
ND27,H1,20,CONC
ND28,H1,40,ASPH/ CONC
ND29,NE/SW,2400,TURF
ND29,NW/SE,1300,TURF
ND30,H1,70,CONC
ND33,H1,30,ASPH/ CONC
ND35,NW/SE,1800,TURF
ND38,NW/SE,2200,TURF
ND40,09/27,2500,ASPH
ND41,17/35,1400,TURF
ND42,11/29,2800,TURF-GRVL-P
ND43,17/35,4000,TURF-F
ND44,13/31,3400,TURF
ND45,H1,40,CONC
ND46,H1,30,CONC
ND47,18/36,2450,TURF
ND48,H1,30,CONC
ND49,08/26,2310,TURF
ND50,H1,50,CONC
ND52,09/27,2244,TURF
ND53,18/36,2635,Turf
ND54,14/32,2500,ASPH-F
ND56,8/26,3400,Turf
ND59,17/35,2600,TURF
ND60,14/32,2000,TURF
ND62,E/W,2400,TURF
ND62,NW/SE,1200,TURF
ND64,9/27,2000,Turf
ND68,17/35,3200,TURF
ND72,12/30,2860,TURF-F
ND73,NW/SE,2300,TURF
ND74,17/35,2300,TURF
ND75,13/31,3000,TURF
ND78,N/S,2600,TURF
ND81,H1,80,CONC
ND83,9/27,2005,Turf
ND84,18/36,2450,Turf
ND85,17/35,2300,TURF
ND86,12/30,2178,TURF
ND89,N/S,2000,TURF
ND90,E/W,2500,TURF
ND96,08/26,3000,TURF
ND98,13/31,2100,TURF
ND99,18/36,2640,TURF-G
NE-0002,18/36,9560,ASP
NE-0003,18/36,5925,ASP
NE01,NW/SE,2500,TURF
NE02,H1,40,CONC
NE03,H1,40,CON
NE04,N/S,2800,TURF
NE05,H1,45,GRASS / SOD
NE06,E/W,2500,TURF
NE06,N/S,2500,TURF
NE06,NW/SE,2600,TURF
NE08,17/35,1000,GRVL
NE09,N/S,2500,TURF
NE10,H1,35,ASPH/ CONC
NE14,H1,50,CONC
NE16,H1,30,CONC
NE18,14/32,1600,TURF
NE20,17/35,2300,TURF-GRVL
NE25,08/26,1940,TURF
NE28,H1,50,CONC
NE29,08/26,4000,TURF
NE29,17/35,2600,TURF
NE30,17/35,3000,ASP
NE32,H1,30,CONC
NE34,17/35,2300,TURF
NE35,N/S,1400,TURF
NE38,18/36,3545,ASPH
NE40,01/19,2500,ASPH
NE41,H1,48,CONC
NE42,01/19,1200,TURF
NE43,18/36,1175,TURF
NE44,08/26,2600,TURF
NE44,10/28,1300,TURF
NE46,H1,75,GRASS / SOD
NE49,N/S,2280,TURF
NE53,NE/SW,1800,TURF
NE56,14/32,2680,CONC
NE57,NE/SW,3400,TURF
NE59,NW/SE,1680,TURF
NE60,H1,30,CONC
NE62,H1,200,GRASS / SOD
NE65,18/36,2640,ASPH
NE68,H1,30,CONC
NE69,11/29,1200,TURF-F
NE69,17/35,2200,TURF-GRVL-F
NE71,H1,50,CONC
NE75,9/27,1600,CON
NE76,H1,45,CONC
NE77,H1,40,CON
NE78,18/36,1217,Turf
NE79,15/33,1660,TURF
NE81,16/34,2615,Turf
NE82,03/21,2300,TURF
NE84,H1,40,CONC
NE85,N/S,2400,ASPH
NE86,14/32,3200,TURF
NE87,17/35,5280,TURF
NE88,N/S,2000,TURF
NE90,H1,45,CONC
NE92,17/35,2640,TURF
NE94,9/27,800,Turf
NE95,10/28,2900,Turf
NFFN,02/20,10739,ASP
NFFN,09/27,7007,ASP
NFNA,10/28,7047,ASP
NFND,14/32,2395,ASP
NFNL,13/31,3507,ASP
NFNM,11/29,3232,UNK
NFNR,07/25,4806,UNK
NFNS,14/32,2833,
NFSW,03/21,1950,Dirt
NFTE,34/16,2650,ASP
NFTF,11/29,8795,ASP
NFTF,17/35,4951,GRS
NFTL,11/29,3937,BIT
NFTO,08/26,3937,UNK
NFTV,08/26,5593,BIT
DNPM,04/26,6923,ASP
DNBK,06/24,10171,concrete
NG-0024,12/30,2953,GRS
NGFU,03/21,5040,ASP
NGTA,09/27,6598,BIT
NGTE,14/32,3365,COR
NH04,H1/H1,40,Turf
NH06,H1,100,TURF
NH07,16/34,1650,TURF
NH08,H1/-,60,CON
NH09,H1,40,CONC
NH13,H1,55,ASPH
NH15,15/33,2500,TURF
NH16,01/19,1926,ASPH
NH17,01/19,1500,TURF
NH18,01/19,2000,TURF
NH19,H1,40,CONC
NH20,04/22,1100,ASPH
NH21,H1,50,GRASS / SOD
NH22,H1,100,ASPH/ CONC
NH24,H1,20,GRASS / SOD
NH26,H1,60,GRASS / SOD
NH28,H1,20,GRASS / SOD
NH29,H1,120,GRASS / SOD
NH30,18W/36W,2500,WAT
NH30,H1,30,CON
NH31,14/32,3000,TURF
NH32,H1,60,ASPH/ CONC
NH33,H1,100,CONC
NH35,H1,20,CONC
NH37,H1,45,CONC
NH38,10/28,2000,ASPH
NH39,02/20,1300,TURF-G
NH40,14/32,2800,ASPH-G
NH41,H1,20,ASPH/ CONC
NH42,H1,25,CONC
NH43,12/30,1750,TURF
NH44,H1,40,ASPH/ CONC
NH45,H1,120,CONC
NH46,H1,130,GRASS / SOD
NH49,02/20,1700,TURF
NH50,H1,370,GRASS / SOD
NH51,H1,15,CONC
NH52,H1,50,CONC
NH53,H1,100,CONC
NH55,H1,40,ASPH/ CONC
NH56,H1,60,CONC
NH57,H1,60,ASPH/ CONC
NH58,H1,20,GRASS / SOD
NH59,H1,30,CONC
NH59,H2,30,CONC
NH59,H3,30,CONC
NH60,16/34,940,TURF
NH61,11/29,1740,TURF
NH63,H1,10,CONC
NH65,H1,75,GRAVEL
NH67,10/28,1600,TURF
NH68,13W/31W,4000,WATER
NH69,15/33,4000,TURF
NH73,H1,50,ASPH/ CONC
NH74,H1,30,ASPH/ CONC
NH75,H1,40,GRASS / SOD
NH76,15/33,2700,TURF
NH77,H1,20,ASPH/ CONC
NH78,05/23,1500,TURF
NH79,H1,50,GRASS / SOD
NH80,H1,15,ASPH/ CONC
NH81,H1,40,ASPH/ CONC
NH82,H1,90,ASPH/ CONC
NH83,H1,40,GRASS / SOD
NH84,12/30,2300,TURF
NH85,H1,15,CONC
NH86,14/32,2100,ASPH-G
NH87,H1,25,CONC
NH88,18/36,1275,TURF-F
NH92,H1,75,ASPH/ CONC
NH93,H1,500,ASPH/ CONC
NH94,H1,60,ASPH/ CONC
NH96,01/19,1500,Grass
NIK,02/20,4760,Dirt
NIN,10/28,2400,DIRT-GRVL-G
NIUE,10/28,7660,ASP
NJ00,01/19,5500,WATER
NJ04,H1,100,GRASS / SOD
NJ05,H1,44,PIERCED STEEL PLANKING / LANDING MATS / MEMBRANES
NJ06,09/27,1500,TURF
NJ08,H1,50,GRASS / SOD
NJ09,07/25,2000,TURF-G
NJ10,H1,75,ASPH/ CONC
NJ12,H1,100,GRASS / SOD
NJ17,H1,62,CONC
NJ19,H1,50,CONC
NJ20,N/S,1800,GRAVEL
NJ20,NE/SW,1800,GRAVEL
NJ20,NW/SE,1800,GRAVEL
NJ22,H1,45,PIERCED STEEL PLANKING / LANDING MATS / MEMBRANES
NJ23,H1,35,GRASS / SOD
NJ24,15/33,1800,CON
NJ25,NW/SE,2207,TURF
NJ26,H1,100,ASPH/ CONC
NJ27,H1,200,ASPH/ CONC
NJ28,H1,100,ASPH/ CONC
NJ29,H1,800,GRASS / SOD
NJ33,H1,100,GRASS / SOD
NJ36,H1,360,GRASS / SOD
NJ37,H1,300,GRASS / SOD
NJ38,H1,360,GRASS / SOD
NJ40,H1,45,GRASS / SOD
NJ41,H1,50,CONC
NJ44,H1,200,GRASS / SOD
NJ46,09/27,2200,TURF
NJ48,H1,62,PIERCED STEEL PLANKING / LANDING MATS / MEMBRANES
NJ50,10/28,3000,TURF
NJ51,H1,60,ASPH/ CONC
NJ53,H1,100,ASPH/ CONC
NJ54,H1,75,ASPH/ CONC
NJ55,H1,50,GRASS / SOD
NJ56,H1,100,ASPH/ CONC
NJ59,02/20,1300,TURF
NJ60,02/20,2800,TURF
NJ61,03/21,1800,TURF
NJ61,17/35,2400,TURF
NJ62,H1,35,GRASS / SOD
NJ63,07/25,3200,TURF
NJ65,08/26,2250,TURF
NJ69,NE/SW,1700,TURF
NJ71,H1,475,GRASS / SOD
NJ72,10/28,2200,TURF
NJ73,H1,100,GRASS / SOD
NJ74,15/33,2200,TURF
NJ76,H1,75,CONC
NJ77,H1,100,GRASS / SOD
NJ78,H1,85,GRAVEL / CINDERS / CRUSHED ROCK / CORAL/SHELLS / SLAG
NJ79,N/S,1800,TURF
NJ82,H1,1300,"GRAVEL, TRTD"
NJ84,05/23,2000,TURF
NJ85,H1,45,CONC
NJ87,H1,64,CONC
NJ88,H1,100,GRASS / SOD
NJ89,H1,75,ASPH/ CONC
NJ90,H1,150,"GRASS / SOD, GRAVEL"
NJ91,H1,50,GRASS / SOD
NJ92,H1,75,GRASS / SOD
NJ93,H1,42,GRASS / SOD
NJ94,H1,75,ASPH/ CONC
NJ95,07/25,1900,TURF
NJ97,H1,50,ASPH/ CONC
NK0,14/32,15000,WATER
NK01,11/29,1800,TURF
NK04,09/27,1500,TURF
NK05,18/36,1200,TURF
NK07,06/24,1600,TURF
NK08,13/31,2000,TURF
NK09,02/20,2700,TURF
NK10,H1,100,"GRASS / SOD, NATURAL SOIL"
NK11,H1,100,ASPH/ CONC
NK13,07/25,3000,WATER
NK14,H1,50,CONC
NK15,04W/22W,7000,WATER
NK16,05/23,2520,TURF-G
NK17,03/21,2100,Grass
NK19,18/36,2230,TURF-G
NK23,H1/H1,50,CONC
NK24,01/19,1600,TURF
NK25,01/19,3000,TURF
NK26,09/27,3200,Grass
NK27,07/25,2200,TURF
NK28,H1,150,GRASS / SOD
NK29,H1,43,Mats
NK30,08W/26W,5000,WATER
NK30,17W/35W,5000,WATER
NK31,09/27,1450,TURF
NK33,H1,100,ASPH/ CONC
NK34,H1,60,ASPH/ CONC
NK35,18/36,1736,Turf
NK37,H1,80,CONC
NK38,H1,800,GRASS / SOD
NK39,H1,96,CONC
NK40,H1,100,ASPH/ CONC
NK67,H1,110,ASPH/ CONC
NK42,H1,100,CONC
NK43,12/30,2800,TURF
NK45,H1,80,GRASS / SOD
NK48,H1,40,CONC
NK49,H1,480,ASPH/ CONC
NK50,H1,190,CONC
NK53,05/23,1000,TURF
NK53,05U/23U,550,TURF
NK54,11/29,1600,TURF
NK55,H1,50,ASPH/ CONC
NK56,H1,100,ASPH/ CONC
NK57,H1,50,ASPH/ CONC
NK58,H1,60,CONC
NK61,H1,167,CONC
NK64,H1,80,ASPH/ CONC
NK65,H1,500,GRASS / SOD
NK68,17/35,1910,TURF-F
NK71,15/33,2200,TURF-G
NK71,18/36,1800,TURF-G
NK72,09/27,1200,TURF
NK72,16/34,1700,Turf
NK74,18/36,3000,TURF
NK75,H1,60,ASPH/ CONC
NK76,09/27,2300,TURF
NK77,H1,50,CONC
NK78,H1,44,ASPH/ CONC
NK79,08/26,2200,TURF
NK80,H1,78,CONC
NK84,H1,40,CONC
NK85,H1,50,CONC
NK87,E/W,2400,TURF
NK89,10/28,1550,TURF
NK89,13/31,1800,TURF
NK89,18/36,1400,TURF
NK90,H1,100,CONC
NK91,11/29,1650,TURF
NK92,H1,100,CONC
NK95,H1,90,GRASS / SOD
NK96,H1,90,ASPH/ CONC
WABS,08/26,2100,Gravel/clay
NL-0023,03/21,3117,G
NL-0023,13/31,4101,G
EHMM,05/23,1968,Grass
NL-0035,07/28,3877,grass
NL-0037,08/26,3556,grass
NL-0037,7/29,3280,grass
NL-0041,07L/25R,3149,grass
NL-0076,09/27,3900,Grass
NL-0144,09/27,10089,ASP
NL-0145,05/23,8006,ASP
NL-0145,16/34,4920,ASP
NL-0146,06/24,9768,paved
NL-0149,01/19,1805,grass
ZPNL,05/23,11155,CON
NLWF,07/25,3609,UNK
NLWW,08/26,6890,ASP
NM00,H1,40,CONC
NM01,03/21,2200,TURF
NM02,09/27,2200,TURF
NM06,H1,68,ASPH
NM07,H1,400,DIRT
NM08,09/27,5000,DIRT
NM09,E/W,4000,GRAVEL
NM10,02/20,2200,TURF
NM10,10/28,2200,TURF
NM11,H1,28,MATS
NM17,01/19,3580,TURF
NM17,09/27,2300,TURF
NM40,1/19,1120,Turf
NM19,H1,100,ASPH/ CONC
NM22,H1,40,ASPH/ CONC
NM24,01/19,3000,ASP
NM25,07/25,4900,DIRT
NM26,08/26,2600,GRAVEL
NM27,02/20,3500,DIRT
NM29,02/20,3000,DIRT
NM32,18/36,8200,DIRT
NM33,11/29,3000,TURF
NM34,H1,40,ASPH/ CONC
NM35,H1,38,ASPH/ CONC
NM37,02/20,3900,GRVL-TRTD
NM38,14/32,4300,DIRT
NM41,09/27,3700,DIRT
NM42,18/36,2640,TURF
NM43,05/23,5000,DIRT
NM43,H1,75,GVL
NM45,H1,130,GRASS / SOD
NM46,H1,45,GRASS / SOD
NM47,N/S,2000,DIRT
NM47,NE/SW,2400,DIRT
NM47,NW/SE,2400,DIRT
NM48,07/25,5000,TURF
NM49,17/35,5000,DIRT
NM50,H1,30,ASPH/ CONC
NM51,12/30,3000,TURF
NM52,03/21,2600,DIRT
NM53,04/22,5600,ASPH
NM55,09/27,1850,TURF
NM55,18/36,2300,TURF
NM56,06/24,2870,DIRT
NM57,H1,50,CONC
NM58,H1,20,CONC
NM62,H1,40,CONC
NM63,E/W,2600,DIRT
NM63,N/S,2600,DIRT
NM64,04/22,1800,ASPH
NM64,12/30,1800,TURF
NM65,H1,46,CONC
NM66,10/28,3000,DIRT
NM68,H1,45,CON
NM69,16/34,3400,GRVL
NM70,17/35,6000,TURF
NM71,06/24,5000,TURF
NM73,05/23,2640,TURF-P
NM73,09/27,2600,TURF-P
NM73,18/36,2600,TURF-P
NM74,08/26,3600,TURF
NM74,17/35,1800,TURF
NM77,H1,145,CONC
NM78,E/W,4800,ASPH
NM80,06/24,5000,DIRT-P
NM83,03/21,7000,ASP
NM83,12/30,8810,ASP
NM84,10/28,3670,TURF-P
NM85,H1,54,ASPH/ CONC
NM86,06/24,4865,ASP
NM87,17/35,2400,DIRT
NM88,02/20,1100,TURF
NM89,05/23,7300,GVL
NM89,14/32,5280,Turf
NM90,17/35,6000,GRS
NM91,09/27,4000,GRVL
NM92,08/26,2900,Grass
NM93,H1/H1,40,CONC
NM94,H1/H1,40,CONC
NM95,H1,40,CON
NO-0001,17/35,1935,Grass
NO-0002,01/19,2162,Grass
NO-0003,07/25,,Water
NO-0007,12/30,4265,Ice - frozen lake
ENLV,9/27,2624,Grass
NO-0009,16/34,2231,Gravel
NO-0010,18/36,1968,Gravel
NO-0011,6/24,1558,Grass
NO-0012,8/26,1476,Grass
NO-0013,7/25,1640,Grass
ENMO,16/34,1952,Gravel/Grass
NO-0015,17/35,2296,Grass
NO-0016,7/25,1804,Grass
NO-0017,7/25,2067,GRS
NO-0018,8/26,1804,Gravel
ENLB,12/30,2739,ASP
NO-0020,15/33,1640,Gravel/Grass
NO-0021,14/32,1640,Gravel
NO-0022,2/20,2624,Gravel
ENRE,12/30,3937,ASP
NO-0024,12/30,1640,Gravel/Grass
NO-0025,14/32,1968,Grass
NO-0026,11/29,1591,Grass
NO-0027,15/33,1804,Grass
NO-0029,16/34,2526,Grass
NO-0031,18/36,500,Grass
ENBB,18/36,1969,Grass
NO-0033,18/36,1969,Ice
ENTX,18H/36H,984,ASP
NO-0097,16/34,1919,Grass
NO-0111,01/19,2982,Asphalt
AYNR,08D/26A,3002,
AYNL,14A/32D,1476,GRS
VNPR,12/30,8202,Concrete
NR00,H1/H1,30,CONC
NR02,04/22,3900,Grass
NR04,09U/27U,800,Grass
NR06,H1/H1,25,CONC
NR07,H1,75,CON
NR13,10/28,1000,Turf/Dirt
NR20,2/20,4200,Turf
NR21,15/33,1207,Turf/Dirt
NR22,H1,50,ASP
NR27,H1/-,100,Concrete/Turf
NR40,11/29,3200,Turf
NR44,H1,65,CON
NR57,18/36,2500,Asphalt/Turf
NR66,H1/-,200,Turf
NR70,6/24,1638,Turf
NR72,1/19,1746,Turf
NR76,12/30,1300,Turf
NR80,H1,60,CON
NR85,H1,50,CON
NR88,18/36,2300,Turf
NR94,18/36,1100,Turf
NRY,17/35,4209,Dirt
NSAS,08/26,2000,CONC-G
NSFA,08/26,9843,ASP
NSFI,10/28,2198,ASP
NSFQ,12/30,3190,CON
NSTU,05/23,10000,ASP
NSTU,08/26,3800,ASP
NTAA,04/22,11360,ASP
NTAM,07/25,4565,
NTAR,09/27,4757,ASP
NTAT,03/21,4921,ASP
NTAV,06/24,4592,ASP
NTGA,14/32,4921,ASP
NTGB,07/25,3936,ASP
NTGC,06/24,3937,ASP
NTGD,12/30,2854,
NTGE,11/29,3008,ASP
NTGF,05/23,4596,ASP
NTGI,05/23,3051,ASP
NTGJ,12/30,6562,ASP
NTGK,02/20,3543,ASP
NTGM,11/29,4920,ASP
NTGP,10/28,3051,ASP
NTGS,05/23,4250,UNK
NTGT,07/25,3018,ASP
NTGU,10/28,4268,ASP
NTGV,01/19,3937,ASP
NTGY,18/36,4921,BIT
NTHE,06/24,4068,ASP
NTKF,08/26,3890,ASP
NTKK,08/26,4150,ASP
NTKR,07/25,3452,ASP
NTMD,06/24,5578,ASP
NTMN,02/20,3986,ASP
NTMP,14/32,2723,Asphalt
NTMU,09/27,2477,Asphalt
NTTB,11/29,4921,ASP
NTTB,17/35,3000,COR
NTTG,09/27,6890,ASP
NTTH,07/25,4921,ASP
NTTM,12/30,4035,ASP
NTTO,12/30,11089,ASP
NTTP,08/26,3135,ASP
NTTR,07/25,4593,ASP
NTTX,08/26,,
NV00,18/36,2520,GRAVEL
NV01,H1,100,Asphalt/Concrete
NV02,07/25,4000,DIRT
NV04,02/20,2480,DIRT
NV04,06/24,1120,DIRT
NV04,14/32,880,DIRT
NV05,09/27,2500,DIRT
NV05,18/36,4000,DIRT
NV06,18/36,4000,DIRT
NV07,06/24,3700,DIRT
NV08,E/W,7500,GRAVEL
NV09,11/29,3000,DIRT
NV11,1/19,5300,ASP
NV11,14/32,9000,Salt
NV12,03/21,5200,DIRT
NV13,07/25,2600,TURF
NV14,07/25,2100,GRVL-DIRT
NV15,H1,45,CONC
NV17,11/29,1580,DIRT
NV18,H1,30,Asphalt/Concrete
NV21,H1,54,CONC
NV22,04/22,1800,GRVL
NV23,03/21,3000,DIRT-TRTD
NV23,17/35,7000,DIRT-TRTD
NV25,H1,70,ASPH/ CONC
NV27,03/21,4400,ASP
NV27,13/31,4400,ASP
NV30,16/34,6000,COP
NV31,09A/27D,1350,ASPH
NV33,16/34,3391,ASP
NV34,H1,50,PSP
NV34,H2,41,WOOD
NV35,17/35,5050,DIRT-P
NV37,H1,150,CONC
NV38,H1,50,CONC
NV39,18/36,3503,Dirt
NV40,H1,60,CONC
NV45,H1,40,Asphalt/Gravel
NV48,H1,80,CONC
NV50,H1,40,Asphalt/Concrete
NV53,H1,60,CONC
NV54,05/23,800,GRVL
NV55,16/34,2000,DIRT
NV57,H1,40,CONC
NV58,H1,60,CONC
NV60,H1,40,ASPH/ CONC
NV61,H1,60,ASPH/ CONC
NV64,16/34,2500,GRVL
NV67,07/25,2000,DIRT
NV69,H1,40,CONC
NV72,18/36,3700,GRE
NV74,15/33,5200,ASP
NV78,H1,75,CONC
NV80,H1,40,GVL
NV81,H1,25,Asphalt/Concrete
NV82,H1,30,Asphalt/Concrete
NV83,17/35,6776,Asphalt
NV93,H1/H1,65,GVL
NV95,H1,50,Asphalt/Concrete
NV96,05/23,2000,DIRT
NV97,17/35,1441,GRVL
NV98,08/26,1800,GRVL-DIRT
NVSA,13/31,2953,Coral
NVSC,15/33,2723,Grass
NVSD,10/28,2789,Grass
NVSE,14/32,2307,Grass
NVSF,11/29,2674,Volcanic ash impregnated with bitumen
NVSG,04/22,2887,Grass
NVSH,13/31,1969,Coral
NVSI,07/25,1968,Grass
NVSM,14/32,2789,Grass
NVSN,14/32,2789,Grass
NVSO,15/33,2175,Grass
NVSP,13/31,2972,Asphalt
NVSQ,13/31,2802,Grass
NVSR,11/29,2165,Grass
NVSS,12/30,6523,ASP
NVST,11/29,2329,Grass
NVSU,09/27,2789,Volcanic ash/soil
NVSV,15/33,2625,Grass
NVSW,16/34,2379,Grass
NVSX,14/32,2674,Grass
NVSZ,14/32,2362,Grass
NVVA,05/23,2001,Grass
NVVB,16/34,2625,Grass
NVVD,10/28,2428,Grass
NVVF,14/32,2297,Coral
NVVI,12/30,2995,Grass on coral
NVVK,14/32,2953,Grass
NVVV,11/29,8530,ASP
NVVV,11R/29L,3310,GRS
NVVW,15/33,4035,ASP
AYNW,03/21,2310,Grassed brown clay
NWWB,09/27,2625,Paved/Compacted schist
NWWC,09/27,1969,Asphalt
NWWD,09/27,3281,MAC
NWWE,10/28,3608,ASP
NWWH,13/31,3281,UNK
NWWK,06/24,3616,ASP
NWWL,12/30,3609,MAC
NWWM,17/35,4101,ASP
NWWR,13/31,3281,ASP
NWWT,13/31,2625,Paved/Gravel
NWWU,13/31,3609,ASP
NWWV,13/31,3609,ASP
NWWW,11/29,10663,ASP
NY00,10/28,1600,TURF-F
NY01,E/W,1925,TURF-G
NY02,06/24,2290,TURF
NY05,12L/30R,3000,ASP
NY05,12R/30L,3000,GRS
NY06,09/27,4000,TURF-G
NY07,06/24,1700,TURF
NY08,H1,100,ASPH/ CONC
NY1,01/19,4000,TURF-G
NY10,04/22,2800,ASPH
NY10,08/26,2722,TURF
NY11,18/36,2580,TURF-G
NY12,H1,40,CONC
NY13,17/35,1800,TURF
NY15,01/19,2800,TURF
NY16,17/35,2500,TURF
NY17,09/27,2050,ASPH
NY18,09/27,2400,TURF-F
NY18,18/36,2100,TURF-F
NY19,17/35,1500,TURF
NY20,13/31,2750,ASP
NY21,H1,25,GRASS / SOD
NY22,H1,70,CONC
NY23,13/31,2300,TURF
NY24,08/26,1800,TURF
NY26,11/29,2141,TURF-P
NY27,09/27,3745,TURF-G
NY27,18/36,3880,TURF-G
NY28,09/27,1250,TURF-F
NY29,17/35,2100,TURF-G
NY30,H1,60,ASPH/ CONC
NY31,11/29,1600,TURF
NY34,04/22,2100,TURF
NY35,14/32,2400,ASPH-GRVL-G
NY36,H1,40,CONC
NY37,10/28,2200,TURF-G
NY40,E/W,2000,TURF
NY42,18/36,3000,TURF-G
NY43,H1,40,GRASS / SOD
NY44,H1,100,ASPH/ CONC
NY45,H1,75,GRASS / SOD
NY45,H2,75,GRASS / SOD
NY46,H1,38,ASPH/ CONC
NY47,H1,60,ASPH/ CONC
NY48,09/27,2800,TURF
NY49,02/20,1470,TURF
NY50,09/27,2810,TURF
NY51,12/30,1700,TURF
NY52,H1,40,CONC
NY54,H1,50,ASPH/ CONC
NY55,01/19,3800,TURF-F
NY57,09/27,2000,TURF
NY57,18/36,1600,TURF
NY59,18/36,2200,TURF
NY60,E/W,1850,TURF
NY61,E/W,10000,WATER
NY62,10/28,2100,TURF
NY63,09/27,1500,TURF
NY64,12/30,2800,TURF
NY66,18/36,2000,TURF
NY67,09U/27U,600,TURF
NY67,17U/35U,800,TURF
NY68,10/28,3000,TURF
NY69,07/25,1850,TURF
NY70,10/28,2000,Grass
NY72,09/27,1400,TURF
NY73,04/22,2500,TURF
NY74,02/20,2450,TURF
NY76,11/29,1700,TURF
NY77,E/W,2100,TURF
NY79,18/36,1860,TURF
NY80,B1/B1,200,TURF
NY82,18/36,3380,TURF-G
NY83,ALL/WAY,15000,WATER
NY87,E/W,1450,TURF
NY88,13/31,2000,TURF
NY89,09W/27W,1700,WATER
NY89,15L/33R,2800,ASPH
NY89,15R/33L,2800,TURF
NY9,NE/SW,15000,WATER
NY90,H1,600,GRASS / SOD
NY91,11/29,1200,TURF-G
NY94,N/S,2200,DIRT
NY96,12/30,2300,TURF
NY97,N/S,2100,TURF
NY99,H1,75,CONC
NZHP,11/29,2305,Sealed
NZHH,H1,30,Bitumen
NZHH,H2,30,Bitumen
NZCW,18/36,5080,GRE
NZ-0087,03L/21R,3291,GRS
NZ-0087,03R/21L,5184,ASP
NZ-0087,13/31,3445,GRS
NZ-0089,03/21,2559,GRS
NZKC,H,98,GRS
NZKJ,H1,21,GVL
NZKJ,H2,21,GVL
NZKJ,H3,21,GVL
NZAM,H,33,CON
NZ0B,01/19,2500,SNO
NZAA,05L/23R,10197,CON
NZAA,05R/23L,11926,CON
NZAP,10/28,2198,GRS
NZAP,17/35,4547,ASP
NZAR,03/21,4630,ASP
NZAR,03L/21R,1700,GRS
NZAR,07/25,1960,GRS
NZAS,02/20,2943,GRS
NZAS,06/24,4554,GRS
NZAS,11/29,3360,GRS
NZAS,16/34,3543,GRS
NZBA,07/25,2185,GRS
NZCB,16/34,2251,GRS
NZCH,01/19,1690,GRS
NZCH,02/20,10787,ASP
NZCH,11/29,5587,BIT
NZCI,05/23,4462,ASP
NZCX,12/30,2044,GRS
NZDA,04/22,3281,Limestone
NZDA,04G/22G,3281,GRS
NZDC,H,30,CON
NZDH,H,43,CON
NZDN,03/21,6234,ASP
NZDV,02/20,3937,GRS
NZDV,08/26,2283,GRS
NZDY,18/36,3281,GRS
NZFF,05/23,2395,Grass
NZFF,10/28,2461,Grass
NZFF,18/36,3281,Grass
NZFG,H/XX,16,concrete
NZFI,10/28,3376,BIT
NZFJ,10/28,2628,ASP
NZFT,17/35,1640,GRS
NZFX,15/33,10000,SNOW
NZGA,01/19,3953,Grass
NZGB,10/28,3051,Sealed
NZGM,01/19,3579,concrete
NZGS,03/21,3773,GRS
NZGS,09/27,3839,GRS
NZGS,14/32,,UNK
NZGS,14L/32R,2503,GRS
NZGS,14R/32L,4298,ASP
NZGT,15/33,3166,ASP
NZGY,14/32,2215,GRS
NZHA,14/32,3166,UNK
NZHC,H,44,CON
NZHK,03/21,4311,ASP
NZHK,12/30,3858,ASP
NZHN,07/25,2033,GRS
NZHN,07R/25L,2033,Delete duplicate
NZHN,18/36,,Delete
NZHN,18L/36R,6755,ASP
NZHN,18R/36L,2871,ASP
NZHS,,2887,Gr
NZHS,01/19,3525,B
NZHS,01R/19L,2887,GRS
NZHS,11/29,2900,B/Gr
NZHT,16/34,2297,GVL
NZJE,H,25,CON
NZJF,,36,Bitumen
NZJU,H,20,CON
NZJY,H,18,Bitumen
NZKC,05/23,2297,GRS
NZKD,04/22,1796,GRS
NZKE,17/35,2066,Grass
NZKF,07/25,2753,GRS
NZKI,05L/23R,2018,GRS
NZKI,05R/23L,2297,ASP
NZKK,02/20,1608,GRS
NZKK,15/33,,UNK
NZKK,15L/33R,2247,GRS
NZKK,15R/33L,3904,ASP
NZKT,12/30,4600,ASP
NZKT,18/36,4190,GVL
NZKY,09/27,2418,Gr
NZLX,01/19,2139,GRS
NZLX,14L/32R,3937,GRS
NZLX,14R/32L,3937,ASP
NZMA,28/10,3572,GRS
NZMC,13/31,5157,ASP
NZMF,11/29,2598,Asphalt
NZMJ,02/20,1312,GRS
NZMK,02/20,2562,ASP
NZMK,02R/20L,2405,GRS
NZMO,08/26,3547,ASP
NZMS,06/24,,UNK
NZMS,06C/24C,4101,ASP
NZMS,06L/24R,1476,GRS
NZMS,06R/24L,3478,GRS
NZMS,10/28,3419,GRS
NZMT,11/29,2457,GVL
NZMW,15/33,1969,GRS
NZNE,03/21,2660,CON
NZNE,09/27,1870,GVL
NZNP,05L/23R,4298,ASP
NZNP,05R/23L,3281,GRS
NZNP,14/32,3937,GRS
NZNR,07/25,4000,COM
NZNR,10/28,1837,GRS
NZNR,16/34,5741,ASPH
NZNR,16L/34R,2513,GRS
NZNR,16R/34L,5740,ASP
NZNS,02/20,4420,ASP
NZNS,02L/20R,2398,GRS
NZNS,06/24,1726,GRS
NZNS,17/35,1970,GRS
NZNV,04/22,7251,ASP
NZNV,04R/22L,2280,GRS
NZNV,07/25,1398,GRS
NZNV,12/30,2996,GRS
NZOH,09/27,8028,ASP
NZOH,09L/27R,1887,GRS
NZOH,15/33,6998,ASP
NZOM,01/19,,Grass
NZOM,07/25,,Grass
NZOM,12/30,,Grass
NZOU,02/20,2775,GRE
NZOU,11/29,3107,GRE
NZOU,18/36,4210,ASP
NZOX,18/36,2644,Sealed
NZPI,07/25,2493,ASP
NZPM,07/25,6240,UNK
NZPM,07L/25R,6240,ASP
NZPM,07R/25L,1995,GRS
NZPN,18/36,2755,
NZPP,11L/29R,3366,ASP
NZPP,11R/29L,1345,GRS
NZPP,16/34,,UNK
NZPP,16L/34R,2001,GRS
NZPP,16R/34L,4429,ASP
NZQN,05/23,6204,ASP
NZQN,14/32,2920,BITUM
NZRC,04/22,2625,bitumen/gravel
NZRI,03/21,1788,GRS
NZRI,12/30,3412,GRS
NZRK,16/34,4934,Grass
NZRO,18/36,,UNK
NZRO,18L/36R,2732,GRS
NZRO,18R/36L,5321,ASP
NZRT,04/22,1690,Grass
NZRT,07/25,3871,Grass
NZRT,10/28,1913,Grass
NZRU,13/31,3917,ASP
NZSL,16/34,2854,UNK
NZSP,02T/20T,12013,SNOW
NZTE,05/23,3224,GRS
NZTG,04/22,2100,GRE
NZTG,07/25,5988,ASP
NZTG,07L/25R,2460,Grass
NZTG,07R/25L,5988,ASP
NZTG,16/34,1886,GRE
NZTL,11/29,3116,paved
NZTO,13/31,2789,UNK
NZTT,16/34,2841,UNK
NZTU,02/20,4200,ASP
NZTU,02L/20R,3898,GRS
NZTU,11/29,3652,GRS
NZUK,15/33,3550,ASP
NZUN,05/23,2782,Grass
NZWB,06L/24R,4675,GRE
NZWB,06R/24L,4675,ASP
NZWB,10/28,3878,GRE
NZWD,07/25,10000,SNO
NZWD,15/33,10000,SNO
NZWF,11/29,3937,ASP
NZWK,09/27,,UNK
NZWK,09L/27R,4200,ASP
NZWK,09R/27L,2461,GRS
NZWL,04/22,3271,Grass
NZWL,04B/22B,2008,Bitumen
NZWL,11/29,2087,Grass
NZWL,17/35,2264,Grass
NZWN,16/34,6352,ASP
NZWO,16/34,3000,ASP
NZWP,03/21,6665,ASP
NZWP,08/26,5187,CON
NZWP,08L/26R,2789,GRS
NZWQ,17/35,2549,GRS
NZWR,06/24,3599,ASP
NZWR,14/32,1558,GRS
NZWS,04/22,4200,ASP
NZWT,04/22,4744,GRASS
NZWT,16/34,2421,Grass
NZWU,08/26,1739,GRE
NZWU,11/29,4501,ASPH
NZWU,11C/29C,4521,ASP
NZWU,11L/29R,1654,GRE
NZWU,11R/29L,2756,GRE
NZWU,14/32,2297,GRE
NZWV,13/31,1916,GRS
NZYP,02/20,3461,Gr
KO03,10/28,2500,TURF-G
O06,ALL/WAY,9000,WATER
O12,09/27,7000,WATER
O13,17/35,2650,ASPH-P
O14,17/35,3000,TURF-G
O18,17/35,2555,TURF-F
O19,15/33,2270,ASPH-P
O21,14/32,2325,ASPH-F
KHES,13/31,2652,ASPH-G
O33,16/34,2700,ASPH-F
O38,17L/35R,2600,ASPH-F
O38,17R/35L,1760,TURF-F
KO39,17/35,2607,ASPH-P
O44,17/35,2135,TURF-G
O45,17/35,3312,ASPH-G
O55,04/22,2980,ASPH-F
CN63,13/31,2315,ASPH-TRTD-G
O64,H1,50,CONC
O74,15/33,2750,TURF-F
O85,15/33,2420,ASPH-F
OA00,14/32,2100,TURF
OA03,H1,16,CONC
OA04,18/36,2200,TURF
OA05,01/19,2000,TURF
OA06,H1,75,ASPH/ CONC
OA07,09/27,3200,TURF
OA08,H1,50,CONC
OA09,H1,30,ASPH/ CONC
OA10,17/35,2400,TURF-G
OA11,18/36,2600,GRS
OA12,06/24,1700,TURF
OA14,17/35,2300,Grass
OA15,H1/H1,50,ROOF-TOP
OA16,15/33,2500,Grass
OA17,H1/H1,110,ASPH
OA18,H1/H1,50,CONC
OA19,03/21,1800,Grass
OA22,H1/H1,50,CONC
OA23,15/33,2600,Grass
OA26,H1,12,Turf
OA33,H1,40,ASP/CON
OA33,H2,80,CON
OA51,08/26,3900,TURF
OA85,10/28,2560,TURF-G
OA86,7/25,2400,Turf
OABT,01/19,7549,Asphalt
OAEM,14/32,2940,ASP
OAFZ,18/36,6049,PSP
OAHR,18/36,9888,ASP
OAIX,03L/21R,9687,CON
OAIX,03R/21L,11820,CON
OAJL,13/31,7262,ASP
OAKB,11/29,11483,ASP
OAKN,05/23,10532,ASP
OAKS,06/24,8740,ASP
OALP,07/25,3858,Dirt
OAMN,14/32,5090,GVL
OAMS,06L/24R,10437,CONCRETE AND ASP
OAMS,06R/24L,9843,ASP
OASD,18/36,9140,CON
OASG,06/24,4582,ASP
OATN,12/30,7300,Concrete
OAUZ,11/29,6558,ASP
OBBI,12L/30R,12979,ASP
OBBI,12R/30L,8302,ASP
OBBS,15/33,12467,ASP
OBKH,17/35,10499,ASPH
FGCO,01/19,10220,Concrete
OE43,11/29,6726,ASP
OE45,17/35,5715,ASP
OE46,11/29,5365,ASP
OEKJ,17/35,10500,
OE48,02/20,7235,ASP
OE49,01/19,7865,ASP
OEJL,15/33,7972,ASP
OE51,17/35,4245,ASP
OE52,03/21,6900,ASP
OE53,15/33,7531,ASP
OE54,15/33,7315,ASP
OEAD,03/21,6915,ASP
OEST,13/31,6888,CON
OEAA,15/33,4956,ASP
OEAB,13/31,10991,ASP
OEAH,16/34,10039,ASP
OEAO,12/30,10007,asphalt
OEBA,07/25,10991,ASP
OEBH,18/36,10007,ASP
OEBQ,15/33,6075,ASP
OEDF,16L/34R,13124,ASP
OEDF,16R/34L,13124,ASP
OEDM,15/33,10006,ASP
OEDR,16L/34R,11811,ASP
OEDR,16R/34L,12008,ASP
OEGN,15/33,10006,ASP
OEGS,15/33,9843,ASP
OEGT,10/28,10007,ASP
OEHL,18/36,12204,ASP
OEHR,16/34,8006,UNK
OEHW,15/33,8497,ASP
OEJB,17/35,13124,ASP
OEJF,15/33,8964,ASP
OEJN,16C/34C,13123,ASP
OEJN,16L/34R,13123,ASP
OEJN,16R/34L,12467,ASP
OEKF,15L/33R,12139,ASP
OEKF,15R/33L,8203,ASP
OEKK,13/31,12005,ASP
OEKM,06/24,12467,ASP
OEKM,14/32,12467,ASP
OEKR,16/34,6250,ASP
OEMA,17/35,14222,ASP
OEMA,18/36,10039,ASP
OENG,06/24,10007,ASP
OENN,15/33,12326,ASP
OEPA,16/34,10007,ASP
OEPC,14/32,8005,ASP
OEPF,17/35,8005,ASP
OEPI,17/35,8008,ASP
OEPJ,18/36,6398,ASP
OEPK,16/34,6007,ASP
OEPS,17L/35R,13123,ASP
OEPS,17R/35L,13123,ASPH
OERB,15/33,7741,ASP
OERF,11/29,9834,ASP
OERK,15L/33R,13796,ASP
OERK,15R/33L,13796,ASP
OERM,16/34,11058,ASP
OERR,10/28,10007,ASP
OERT,15/33,7063,ASP
OERY,01/19,13288,ASP
OERY,15/33,11778,ASP
OESB,08/26,6082,SAN
OESB,09/27,10005,CON
OESH,08/26,11975,ASP
OESK,10/28,12011,ASP
OESL,10/28,9860,BIT
OETB,06/24,10991,ASP
OETB,13/31,10007,ASP
OETF,07/25,12254,ASP
OETF,17/35,10991,ASP
OETH,17/35,13170,ASP
OETN,15/33,8005,ASP
OETR,10/28,9843,ASP
OEUD,18/36,7171,ASP
OEUM,14/32,8200,Earth
OEWD,10/28,10007,ASP
OEWJ,15/33,10007,ASP
OEYN,10/28,10532,ASP
OEZL,,5300,
OG00,05/23,5000,DIRT
OG01,07/25,1600,TURF
OG02,09/27,1300,TURF-F
OG03,H1,46,CONC
OG05,12/30,3450,TURF-GRVL
OG06,18/36,3300,DIRT
OG07,14/32,1900,TURF
OG09,H1,40,ASPH/ CONC
OG10,13/31,1750,TURF
OG11,H1,40,CONC
OG12,06/24,940,TURF
OG12,18/36,1725,TURF
OG13,17/35,1600,TURF
OG14,15/33,5000,ASP
OG15,14/32,2400,DIRT
OG16,16/34,2200,TURF-DIRT
OG19,03/21,2100,TURF
OG19,15/33,2125,TURF
OG20,07/25,2500,TURF
OG20,16/34,2900,TURF
OG21,07/25,3000,ASP
OG22,H1,40,ASP
OG23,03/21,1400,TURF
OG24,08/26,1620,TURF
OG25,16/34,2100,ASPH
OG27,03/21,2250,TURF-G
OG28,12/30,3000,TURF-G
OG29,07/25,3000,TURF
OG30,04/22,1800,TURF
OG31,18/36,2600,TURF-GRVL
OG32,H1,50,ASPH/ CONC
OG32,H2,50,ASPH/ CONC
OG32,H3,50,ASPH/ CONC
OG32,H4,50,ASPH/ CONC
OG33,15/33,2175,TURF
OG34,16/34,1585,TURF
OG35,H1,80,ASPH/ CONC
OG36,16/34,825,TURF
OG37,H1,42,CONC
OG38,H1,44,CONC
OG39,15/33,5335,ASPH
OG39,15W/33W,3200,WATER
OG40,16/34,2600,TURF
OG41,04/22,1300,TURF-DIRT
OG42,16/34,1335,TURF
OG43,H1,50,CONC
OG44,18/36,1250,TURF
OG45,17/35,2700,TURF-DIRT
OG46,H1,80,CONC
OG47,H1,87,CONC
OG48,15/33,1890,TURF
OG49,08/26,1050,TURF
OG50,16/34,2050,DIRT
OG51,15/33,3400,TURF
OG52,17/35,1900,TURF
OG53,16/34,3000,DIRT
OG54,07/25,2000,TURF
OG55,H1,40,CONC
OG56,H1,63,GRASS / SOD
OG57,H1/H1,45,TURF
OG58,H1,130,ASPH-CONC
OG62,H1,20,ASPH/ CONC
OG63,01/19,1300,Grass
OH03,09/27,1700,TURF
OH04,H1,40,CON
OH05,H1/H1,23,CON
OH07,09/27,2350,TURF-GRVL-F
OH08,H1,40,CON
OH09,11/29,1003,Turf
OH10,H1,75,ASPH/ CONC
OH12,H1,100,GRASS / SOD
OH13,09/27,1985,TURF-F
OH15,01/19,2500,TURF
OH18,13/31,2000,TURF
OH19,18/36,2600,TURF
OH21,18/36,2200,TURF
OH22,N/S,3460,ASPH
OH23,H1,40,CONC
OH25,H1,43,CONC
OH27,03/21,2110,TURF
OH28,09/27,2100,TURF
OH29,18/36,2600,TURF-G
OH30,H1,65,"GRASS / SOD, GRAVEL"
OH31,H1,40,ASPH/ CONC
OH34,E/W,2800,TURF
OH36,03/21,2925,ASPH
OH38,03/21,2600,TURF
OH42,02/20,2000,TURF
OH44,09/27,3545,TURF
OH45,09/27,1900,TURF
OH46,H1,20,ASPH/ CONC
OH47,H1,75,ASPH/ CONC
OH48,18/36,2300,TURF
OH49,H1,48,CONC
OH52,H1,16,CONC
OH52,H2,16,CONC
OH52,H3,16,CONC
OH53,H1,55,ASPH/ CONC
OH54,H1,108,CONC
OH58,H1,50,GRASS / SOD
OH59,09/27,2100,TURF
OH60,09/27,2000,TURF
OH61,18/36,2300,TURF
OH63,N/S,2640,TURF
OH64,10/28,1500,TURF
OH64,12/30,1600,TURF
OH65,06/24,1800,TURF
OH65,12/30,2700,TURF
OH66,07/25,3200,TURF
OH68,N/S,2780,TURF
OH69,H1,100,ASPH/ CONC
OH70,H1,600,GRASS / SOD
K6CM,09L/27R,3200,TURF-F
K6CM,09R/27L,1900,TURF-G
OH72,H1,60,ASPH/ CONC
OH73,H1/H1,65,CONC
OH75,H1,40,CONC
OH76,H1,88,CONC
OH77,01/19,2800,CONC
OH78,18/36,2450,TURF
OH79,H1/H1,100,CONC
OH80,H1,150,GRASS / SOD
OH82,08/26,2000,TURF
OH83,H1,60,CONC
OH84,H1,50,ASPH/ CONC
OH85,H1,32,CONC
OH89,H1,160,ASPH/ CONC
OH91,18/36,1250,TURF
OH92,E/W,2000,TURF
OH93,04/22,1750,TURF
OH95,02/20,1400,TURF
OH96,10/28,3000,TURF
OH97,06/24,2200,TURF
OI01,E/W,1800,TURF
OI03,11/29,2985,ASP
OI06,09/27,1850,TURF
OI11,15/33,2815,TURF
OI13,12/30,4470,GRE
OIIR,11/29,3106,ASP
OI1C,15/33,3270,ASP
OIBH,15/33,7200,ASP
OI22,10/28,2200,TURF
OI23,H1,30,CONC
OI24,H1/H1,80,Conc
OI25,09/27,2600,TURF
OI27,13/31,2000,TURF
OI28,NE/SW,1500,TURF
OI31,05/23,1900,TURF
OI31,18/36,2100,TURF
OI32,10/28,1200,TURF
OI33,H1,15,CONC
OI34,12/30,1800,TURF
OI35,H1,380,GRASS / SOD
OI36,18/36,2200,TURF
OI37,H1,75,GRASS / SOD
OI38,13/31,2000,TURF
OI40,NE/SW,1875,TURF
OI41,10/28,2180,Grass
OI42,09/27,2000,TURF
OI43,H1,400,GRASS / SOD
OI44,H1,65,ASPH/ CONC
OI45,10/28,2200,TURF
OI47,H1,35,ASPH/ CONC
OI48,H1,125,GRASS / SOD
OI49,09/27,2900,TURF-G
OI50,H1,40,CONC
OI51,H1,40,CONC
OI52,18/36,1600,TURF
OI53,H1,97,ASPH/ CONC
OI54,H1,144,ASPH/ CONC
OI55,04/22,1240,TURF
OI56,09/27,1280,TURF
OI57,09/27,2200,TURF
OI58,18/36,1700,TURF
OI59,07/25,1500,TURF
OI60,03/21,1400,TURF
OI61,H1,65,CONC
OI62,N/S,2100,TURF
OI63,H1,75,GRASS / SOD
OI64,10/28,2100,TURF
OI65,H1,44,ALUM
OI68,18/36,3000,TURF
OI69,18/36,2200,TURF
OI72,09/27,1880,CONC
OI73,E/W,2700,TURF
OI75,H1,1200,GRASS / SOD
OI76,09/27,3000,TURF
OI76,18/36,2100,WATER
OI77,09/27,1900,TURF
OI79,H1,24,CONC
OI80,H1,200,CONC
OI81,18/36,1750,TURF
OI82,02/20,1200,TURF
OI83,H1,50,ASPH/ CONC
OI85,18/36,1550,TURF-GRVL
OI86,H1,45,CONC
OI87,H1,60,CONC
OI88,11/29,1885,TURF-G
OI89,03/21,1500,TURF
OI91,01/19,1600,TURF
OI93,H1,30,GRASS / SOD
OI94,H1,72,CONC
OI95,H1,20,CONC
OI96,H1,30,ASPH/ CONC
OI97,H1,40,ASPH/ CONC
OI98,H1,100,CONC
OIAA,14L/32R,7437,ASP
OIAA,14R/32L,10169,ASP
OIAD,14L/32R,11729,ASP
OIAD,14R/32L,12641,ASP
OIAG,13/31,6933,ASP
OIAH,12/30,6070,ASP
OIAI,12/30,4656,ASP
OIAI,14/32,5907,ASP
OIAJ,12L/30R,11500,ASP
OIAJ,12R/30L,13500,ASP
OIAM,14/32,8874,ASP
OIAW,12/30,11149,ASP
OIBA,08/26,9796,ASP
OIBB,13L/31R,14663,ASP
OIBB,13R/31L,14664,ASP
OIBH,07/25,4500,ASP
OIBJ,11/29,7711,ASP
OIBK,09L/27R,12004,ASP
OIBK,09R/27L,12004,ASP
OIBL,08/26,8203,ASP
OIBP,13/31,13115,ASP
OIBQ,14/32,5922,ASP
OIBS,12/30,8345,ASP
OIBV,11/29,6815,ASP
OICC,11L/29R,9656,ASPH
OICC,11R/29L,11213,ASP
OICI,14/32,9183,ASP
OICK,11/29,10498,ASP
OICS,01/19,8660,ASP
OIFE,07/25,9830,ASP
OIFE,09/27,1091,CON
OIFH,06/24,3215,PEM
OIFH,07/25,4095,GRE
OIFK,11/29,8845,ASP
OIFM,07L/25R,14425,ASP
OIFM,07R/25L,14425,ASP
OIFP,08L/26R,10920,ASP
OIFP,08R/26L,1467,ASP
OIFS,14/32,10819,ASP
OIGG,09/27,9571,ASP
OIHH,10/28,10611,ASP
OIHR,08/26,9811,ASP
OIHS,05/23,12915,ASP
OIHS,13/31,14625,ASP
OIHS,13R/31L,14300,ASP
OIIA,10/28,4579,ASP
OIIC,11/29,10607,ASP
OIID,04/22,7550,ASP
OIIE,11L/29R,13772,ASP
OIIE,11R/29L,13425,ASP
OIII,09/27,1554,CON
OIII,11L/29R,13087,ASP
OIII,11R/29L,13258,ASP
OIIK,10/28,3670,ASP
OIIM,13/31,3630,ASP
OIIP,12/30,12005,ASP
OIIS,04/22,11739,Asphalt
OIKB,03L/21R,11341,ASP
OIKB,03R/21L,12008,ASP
OIKJ,13/31,7236,ASP
OIKK,16L/34R,12635,ASP
OIKK,16R/34L,12631,ASP
OIKM,12/30,11107,ASP
OIKP,08/26,8525,ASP
OIKQ,05/23,13864,ASP
OIKR,11/29,9814,ASP
OIKY,14/32,12356,ASP
OIMB,08/26,7093,ASP
OIMB,10/28,9521,ASP
OIMC,14/32,13076,ASP
OIMJ,07/25,9157,ASP
OIMM,13L/31R,12503,ASP
OIMM,13R/31L,12877,ASP
OIMN,07/25,10582,ASP
OIMS,09/27,10428,ASP
OIMT,15/33,9977,ASP
OINE,10/28,7277,ASP
OING,13/31,10827,ASP
OINJ,09/27,3235,ASP
OINN,10/28,6677,ASP
OINR,12/30,7448,CON
OINR,13/31,4920,ASP
OINZ,16/34,8688,ASP
OISF,14/32,6502,ASP
OISJ,08/26,7899,ASP
OISL,09/27,10397,ASP
OISR,11/29,10020,ASP
OISS,11L/29R,14345,ASP
OISS,11R/29L,14051,ASP
OISY,13/31,8522,ASP
OITK,15/33,9190,ASP
OITL,15/33,10823,PEM
OITM,08/26,9614,ASP
OITP,11/29,8515,ASP
OITR,03/21,10658,ASP
OITT,12L/30R,11825,CONC
OITT,12R/30L,11537,ASP
OITU,13/31,10827,ASP
OITZ,12/30,9840,ASP
OIYY,13/31,13446,ASP
OIZB,16/34,9848,ASP
OIZC,09L/27R,12514,ASP
OIZC,09R/27L,9844,ASP
OIZH,17L/35R,14042,ASP
OIZH,17R/35L,14042,ASP
OIZI,17/35,7711,ASP
OIZS,13/31,7103,ASP
OJ38,10/28,4146,ASP
OJAI,08L/26R,12008,ASP
OJAI,08R/26L,12008,CON
OJAM,06/24,10745,ASP
OJAQ,01/19,9855,ASP
OJPH,13/31,9802,ASP
OJHR,10/28,8215,ASP
OJMF,13/31,9819,ASP
OJMS,08/26,9015,ASP
OJMS,13/31,9777,ASP
OK00,17/35,1123,TURF
OK01,17/35,4400,TURF
OK02,17/35,2700,TURF
OK04,18/36,3000,TURF-G
OK06,03/21,2840,ASPH
OK07,17/35,2600,TURF
OK08,01/19,4000,TURF-G
OK09,H1,40,CONC
OK11,17/35,3000,GRS
OK12,17/35,2130,TURF
OK13,18/36,2100,TURF
OK14,17/35,1000,GRS
OK15,17/35,2600,TURF
OK16,17/35,2211,GRS
OK17,03/21,1400,TURF
OK18,17/35,2200,TURF
OK19,H1,50,CONC
OK2,18/36,1883,Turf
OK20,18/36,2500,TURF
OK21,17/35,1900,TURF
OK23,17/35,1100,TURF
OK24,01/19,1900,TURF
OK25,18/36,1700,TURF
OK26,H1,100,CONC
OK27,06/24,2000,TURF
OK28,17/35,3500,Grass
OK29,09/27,1750,TURF
OK29,16/34,2300,TURF
OK30,N/S,3000,TURF
OK31,18/36,2000,Grass
OK33,H1,50,CONC
OK34,E/W,2400,TURF
OK35,H1,50,CONC
OK37,17/35,2000,TURF
OK38,H1,40,CONC
OK39,06/24,3100,TURF
OK39,10/28,2600,TURF
OK39,16/34,1900,TURF
OK41,H1,50,CONC
OK43,17/35,1350,TURF
OK45,H1,30,CONC
OK46,17/35,1500,TURF
OK47,N/S,1300,TURF
OK49,17/35,1900,TURF
OK51,18/36,2565,ASPH-P
OK52,H1,60,CON
OK54,08/26,1500,TURF-G
OK54,17/35,2000,TURF-F
OK55,17/35,2300,TURF
OK57,H1,100,CON
OK58,09/27,2400,TURF
OK58,17/35,2400,TURF
OK59,06/24,2400,TURF
OK62,14/32,2600,TURF
OK63,17/35,1994,Turf
OK65,H1,20,ASPH/ CONC
OK71,17/35,2530,Turf
OK74,18/36,2200,TURF
OK75,H1,60,CONC
OK76,H1,60,CONC
OK77,3/21,1800,Turf
OK79,17/35,2600,TRTD-DIRT-F
OK80,18/36,3500,TURF
OK82,17/35,2200,ASPH
OK84,H1,80,CONC
OK85,NE/SW,3000,CONC
OK86,H1,80,GRASS / SOD
OK92,H1,30,CONC
OK93,N/S,2650,TURF
OK94,17/35,2545,TURF
OK95,03/21,3000,TURF
OK96,16/34,2000,TURF
OK97,N/S,2600,TURF
OKAS,12L/30R,9805,PEM
OKAS,12R/30L,9805,PEM
OKDI,18/36,5215,ASP
OKKK,15L/33R,11483,ASP
OKKK,15R/33L,11155,CON
OKKK,16/34,15026,ASPH
OL00,H1,60,CONC
OL02,01/19,2560,ASPH-G
OL03,18/36,1793,Turf
OL05,18/36,2900,ASPH-G
OL06,H1,30,CONC
OL07,H1,75,ASPH/ CONC
OL08,H1,50,CONC
OL09,01/19,2300,GRVL
OL11,H1,33,CONC
OL14,H1,60,CONC
OL15,H1,30,CONC
OL16,H1,42,CONC
OL17,H1,75,CONC
OL18,17/35,3337,GRS
OL19,13/31,2000,TURF-P
OL20,13/31,2000,TURF
OL20,17/35,3000,TURF
OL21,15/33,507,Turf
OL27,17/35,2568,Turf
OL30,18/36,1116,Turf/Dirt
OL35,18/36,1170,Turf/Dirt
OL35,9/27,2300,Turf/Dirt
OL36,17/35,980,Turf/Dirt
OL37,14/32,1300,Turf
OL37,9/27,1300,Turf
OL38,17/35,1200,Turf
OL39,17/35,2477,Turf
OL42,13/31,2309,Turf
OL44,18/36,1213,Turf
OL45,H1,38,Turf
OL47,1/19,2168,Turf
OL48,18/36,2000,Turf
OL49,7/25,1970,Turf
OL50,H1,40,ASP
OL51,18/36,1663,Turf
6OK7,18/36,1904,Turf
OL54,H1,40,CON
OL55,18/36,2200,Turf
OL56,1/19,1115,Turf
OL60,17/35,1516,Turf
OL68,9/27,1300,Turf
OL99,8/26,840,Turf
OLBA,03/21,12467,CON
OLBA,16/34,11138,CON
OLBA,17/35,10663,ASP
OLH,03/21,2750,GRAVEL-G
OLKA,06/24,9843,CON
OLRA,04/22,9740,CON
OODQ,04/22,13123,CON
OMAW,13/31,7080,ASP
OMAA,13L/31R,13451,ASP
OMAA,13R/31L,13471,ASP
OMAD,13/31,10499,ASP
OMAH,17/35,8205,ASP
OMAJ,13/31,7218,MAC
OMAL,01/19,13123,ASP
OMAM,13/31,,UNK
OMAM,13L/31R,12012,ASP
OMAM,13R/31L,12012,ASP
OMAR,13/31,3438,MAC
OMAS,13/31,7081,ASP
OMAS,15/33,3537,ASP
OMAZ,13/31,3937,ASP
OMBY,13/31,9272,ASP
OMDB,12L/30R,14275,ASP
OMDB,12R/30L,14590,ASP
OMDL,17/35,8202,ASPH
OMDM,09/27,12970,ASP
OMDW,12/30,14764,ASPH
OMDW,13/31,6030,asphalt
OMFJ,11R/29L,10007,ASP
OMRK,16/34,12336,ASP
OMRS,15/33,2625,U
OMSJ,12/30,13320,ASP
OMU9,13/31,1900,TURF
OO42,16/34,4928,ASP
OOFD,13/31,8399,CON
POOH,E/W,9000,WATER-E
OOKB,01/19,8202,ASP
OOMA,07/25,8446,ASP
OOMA,17/35,10005,ASP
OOMS,08L/26R,13123,ASP
OOMS,08R/26L,13386,ASP
OOMX,06/24,5782,GVL
OOMX,13/31,8635,GVL
OOSA,07/25,13123,ASP
OOSA,17/35,4196,GRE
OOSH,15/33,13173,ASP
OOTH,17/35,13123,ASP
OPKW,12/30,4833,ASP
OP11,10/28,2713,GRE
OP12,04/22,9120,PEM
OP13,08/26,7875,GRE
OP14,02/20,4910,ASP
OP15,16/34,2830,GRE
OP16,06/24,3935,ASP
OP17,17/35,5243,ASP
OP18,17/35,3405,PEM
OP19,06/24,3500,ASP
OPBT,17/35,5470,ASP
OP1Y,05/23,9000,ASP
OP21,17/35,10283,ASP
OP22,02/20,10000,ASP
OP23,02/20,4525,BIT
OP24,02/20,2903,GRE
OP25,12/30,3028,GVL
OP26,16/34,3552,ASP
OP27,05/23,6256,ASP
OP27,15/33,2322,GRE
OP28,15/33,8100,CON
OP31,03/21,3876,BIT
OP32,07/25,3000,ASP
OP33,05/23,3862,ASP
OP34,17/35,3722,BIT
OP35,18/36,5015,BIT
OP36,02/20,4945,GRE
OP36,07/25,4464,GRE
OP37,14/32,6015,MAC
OPBG,07/25,8970,ASP
OPBG,16/34,5020,CON
OPBN,07/25,6001,UNK
OPBW,08/26,9345,ASP
OPCH,02/20,5741,ASP
OPDG,18/36,6499,ASP
OPDI,12/30,5000,ASP
OPFA,03L/21R,8999,CONC
OPFA,03R/21L,9324,ASPH
OPGW,07/25,12000,CON
OPGT,07/25,5400,ASP
OPGT,09/27,983,CON
OPGW,06/24,6503,ASP
OPIS,10L/28R,12001,ASP
OPIS,10R/28L,12001,ASP
OPJA,15/33,10040,ASP
OPJA,15L/33R,10081,ASP
OPKC,07L/25R,10500,CON
OPKC,07R/25L,11155,CON
OPKD,02/20,6998,ASP
OPKH,12/30,6001,UNK
OPLA,18L/36R,11024,CON
OPLA,18R/36L,9000,ASP
OPLH,14/32,4390,CON
OPMA,14/32,5000,ASP
OPMF,13/31,3000,ASP
OPMI,06L/24R,10348,ASP
OPMI,06R/24L,10161,ASP
OPMJ,08/26,6512,ASP
OPMR,04/22,8622,ASP
OPMR,09/27,9022,CON
OPMS,12/30,9950,ASP
OPMT,18/36,12353,ASP
OPNH,02/20,8999,CON
OPOK,18/36,10995,ASP
OPOR,06/24,5000,UNK
OPPC,16/34,3999,UNK
OPPG,13/31,5000,BIT
OPPI,06/24,8999,PEM
OPPS,17/35,9000,ASP
OPQS,14/32,6693,ASP
OPQT,13L/31R,11962,CON
OPQT,13R/31L,12001,ASP
OPRK,01/19,9842,ASP
OPRN,12/30,10785,ASP
OPRQ,15/33,10000,ASPHALT
OPRQ,15R/33L,9621,ASPHALT
OPRS,09L/27R,5840,ASP
OPRS,09R/27L,9085,ASP
OPRT,01/19,2958,ASP
OPSD,14L/32R,11995,ASP
OPSD,14R/32L,11995,ASP
OPSF,08/26,8060,ASP
OPSK,14/32,9000,ASP
OPSN,17/35,6562,CON
OPSS,05/23,5745,ASP
OPST,22L/04R,11811,ASP
OPSU,01/19,4975,SAN
OPSU,01L/19R,6000,ASP
OPSW,03/21,5462,ASP
OPTH,06/24,8968,ASP
OPTU,08L/26R,6000,ASP
OPTU,08R/26L,9022,ASP
OPWN,09/27,2993,ASP
OPZB,10/28,6001,ASP
OR00,07/25,1700,TURF-GRVL
OR02,09/27,2500,DIRT
OR04,07/25,2300,TURF
OR05,07/25,1000,TURF-GRVL-F
OR06,15/33,2300,TURF
OR07,13/31,4400,ASP
OR08,07/25,2200,GRAVEL
OR09,03/21,3025,DIRT
OR09,12/30,3247,DIRT
OR10,18/36,6000,ASP
OR11,N/S,1500,TURF
OR12,17/35,2900,ASPH
OR13,02/20,1650,DIRT
OR14,03/21,1500,GRVL-DIRT
OR15,H1,24,CONC
OR17,15/33,3100,ASP
OR18,H1,20,CONC
OR20,07/25,1250,TURF
OR21,16/34,1700,TURF
OR22,16/34,1700,TURF
OR23,10/28,1900,TRTD
OR24,16/34,1550,TURF
OR25,09/27,2300,TURF
OR27,11/29,1600,TURF
OR28,E/W,2100,TURF
OR30,16/34,2100,TURF
OR33,H1,100,ASPH/ CONC
OR34,06/24,2450,TURF-F
OR35,17/35,1450,TURF
OR37,H1,20,CONC
OR38,07/25,2290,ASPH-GRVL
OR39,16/34,1600,TURF-GRVL
OR40,16/34,2640,TURF
OR41,07/25,2240,TURF
OR43,H1,40,CONC
OR45,N/S,1100,GRAVEL
OR46,E/W,2500,DIRT
OR47,16/34,1600,TURF
OR49,H1,62,ASPH/ CONC
OR50,E/W,2300,TURF
OR51,08/26,2900,TURF
OR52,15/33,2350,ASPH
OR53,03/21,2400,TURF
OR54,16/34,2300,TURF
OR55,H1,75,ASPH/ CONC
OR57,18/36,1743,TURF
OR59,07/25,1300,TURF
OR61,11/29,2470,TURF
OR63,H1,50,GRASS / SOD
OR64,NE/SW,2800,TURF
OR65,12/30,2500,TURF
OR66,15/33,1700,TURF
OR68,H1,100,ASPH/ CONC
OR69,H1,53,CONC
OR70,08/26,2000,GRVL-DIRT-G
OR68,H1,25,CONC
OR72,16/34,1300,TURF
OR73,NE/SW,1627,ASPH
OR74,NE/SW,900,TURF
OR75,H1,100,CONC
OR77,17/35,2200,TURF
OR78,16/34,3000,TURF-GRVL
OR81,07/25,2000,TURF-GRVL
OR83,H1,100,GRASS / SOD
OR86,N/S,2500,TURF
OR87,01/19,1345,GRASS / SOD
OR88,H1,21,CONC
OR89,NE/SW,3600,GRAVEL
OR90,03/21,2700,TURF-GRVL
OR91,H1,50,CONC
OR93,H1,40,ASPH/ CONC
OR94,01/19,2050,TURF
OR95,E/W,1800,TURF
OR96,15/33,3000,TURF-DIRT
OR99,H1,40,ASPH/ CONC
ORAA,08/26,10125,GRE
ORAA,09L/27R,13124,ASP
ORAA,09R/27L,13123,ASP
ORAT,12L/30R,12087,PEM
ORAT,12R/30L,13186,CON
ORBD,12/30,11495,PEM
ORBD,14/32,11490,CON
ORBI,15L/33R,13124,CON
ORBI,15R/33L,10830,CON
ORBM,15/33,8695,CON
ORBR,13/31,7333,ASP
ORER,15/33,9197,ASP
ORER,15L/33R,4085,ASP
ORER,15R/33L,,UNK
ORER,18/36,15748,Concrete
ORI,07/25,2200,GRAVEL-G
ORKK,13/31,9809,CON
ORKK,14/32,8535,ASP
ORMM,14/32,13124,CON
ORNI,10/28,9842,ASP
ORQW,15/33,11486,CON
ORQW,16/34,12088,PEM
ORSH,14L/32R,7341,ASP
ORSH,14R/32L,10225,CON
ORSJ,13/31,11481,CON
ORTF,13/31,9842,PEM
ORTI,16/34,5770,PEM
ORTL,12L/30R,10935,CON
ORTL,12R/30L,9991,CON
ORUB,11L/29R,10174,CON
ORUB,11R/29L,11666,ASP
OS57,09/27,9810,PEM
OS58,09/27,9130,CON
OS60,05L/23R,9868,ASP
OS60,05R/23L,9868,ASP
OS61,06L/24R,10335,CON
OS61,06R/24L,7756,GRE
OS62,10/28,10180,ASP
OS63,06L/24R,9820,ASP
OS63,06R/24L,9189,ASP
OS64,04/22,9842,ASP
OS65,11/29,9850,ASP
OS66,10/28,8305,ASP
OS67,06/24,9120,ASP
OS68,05/23,8209,ASP
OS68,08/26,9820,ASP
OS69,07/25,9995,ASP
OS69,15/33,9190,ASP
OS70,10/28,10000,PEM
OS71,04/22,4020,ASP
OS71,10/28,4935,ASP
OS72,09/27,10520,ASP
OS72,09R/27L,10115,GRE
OS72,17/35,8830,GRE
OSAP,09/27,9547,ASP
OSDI,05L/23R,9843,ASP
OSDI,05R/23L,11811,ASP
OSDZ,10/28,,UNK
OSDZ,10L/28R,9843,ASP
OSDZ,10R/28L,11000,SAN
OSKL,03/21,11860,ASP
OSLK,17/35,9175,ASP
OSPR,08/26,9449,ASP
OT62,16/34,1640,concrete
OTBD,15/33,15000,ASP
OTBH,16/34,12303,ASP
OTBK,14/32,5249,ASP
OTHH,16L/34R,15912,Asphalt
OTHH,16R/34L,13944,Asphalt
SI01,02/20,4265,GVL
OY74,07/25,9250,ASP
OY75,16/34,8460,ASP
OYAA,08/26,10171,ASP
OYBS,09/27,8202,Dirt
OYAT,13/31,9482,ASP
OYBA,06/24,9962,ASP
OYBN,17/35,5480,ASP
OYGD,08/26,8858,ASP
OYHD,03/21,9843,ASP
OYKM,18/36,5906,UNK
OYMB,17/35,9843,UNK
OYRN,06/24,9843,ASP
OYSH,18/36,11483,UNK
OYSN,18/36,10669,ASP
OYSQ,03/21,10827,ASP
OYSY,07/25,9843,ASP
OYTZ,01/19,10040,ASP
OYZM,17/35,8186,UNK
P09,05/23,2850,TURF-F
KP15,09/27,2660,TURF-G
P18,H1,600,ASPH/ CONC
P27,13/31,2050,ASPH-F
P34,08/26,2627,ASPH-F
P37,03/21,2425,TURF-F
P37,14/32,2800,ASP
P37,18/36,2900,TURF-G
P45,06/24,2037,TURF-F
P45,14/32,1625,TURF-F
P72,H1,68,ASPH/ CONC
P91,08/26,2370,TURF-G
P96,09/27,3059,TURF-G
MI09,09/27,2450,TURF-G
P98,H1,60,CONC
P99,H1,74,ASPH/ CONC
MPMU,14/32,1722,
MPPH,03/21,2428,CON
MPCA,,1345,
MPPX,07/25,2661,Earth
PA-0042,15/33,3346,ASP
PA-AML,04/22,2953,ASP
MPMF,15/33,2300,Asphalt
MPRA,18/36,2297,HARD
MPSB,12/30,1969,CON
PA01,04/22,1815,TURF-G
PA02,10/28,1345,TURF
PA03,H1,65,CONC
PA04,H1,65,ASPH/ CONC
PA05,08/26,1200,TURF
PA06,H1/H1,50,GVL
PA08,N/S,1750,TURF
PA09,H1,100,ASPH/ CONC
PA10,H1,32,ASPH/ CONC
PA11,H1,60,ASPH/ CONC
PA12,H1,30,CONC
PA14,H1,50,CONC
PA15,10/28,3000,WATER
PA16,H1,48,PIERCED STEEL PLANKING / LANDING MATS / MEMBRANES
NK12,10/28,1600,TURF
PA19,04/22,1000,TURF
K03G,07/25,1264,TURF-G
PA21,18/36,2300,TURF-F
PA24,H1,75,ASPH/ CONC
PA25,05/23,1200,TURF
PA26,H1,500,GRASS / SOD
PA27,H1,35,CONC
PA28,H1,39,PIERCED STEEL PLANKING / LANDING MATS / MEMBRANES
PA29,H1,65,ASPH/ CONC
PA30,05/23,1320,TURF
PA30,10/28,1340,TURF
PA30,16/34,1250,TURF
PA31,10/28,2150,TURF
PA32,H1,75,ASPH/ CONC
PA33,18/36,1430,TURF
PA35,13/31,2200,ASPH
PA36,06/24,2050,TURF
PA37,H1,65,ASPH/ CONC
PA39,12/30,4500,ASP
PA40,03/21,2200,TURF
PA41,H1,65,ASPH/ CONC
PA45,18/36,2500,TURF
PA46,H1,80,ASPH/ CONC
PA47,05/23,2020,GRASS / SOD
PA48,H1,50,CONC
PA49,11/29,2230,ASPH
PA50,H1,65,ASPH/ CONC
PA51,05/23,2100,TURF
PA52,10/28,1700,Grass
PA53,N/S,1600,TURF
PA54,01/19,2555,TURF
PA55,E/W,1400,TURF
PA56,H1,60,CONC
PA57,H1/H1,65,ASPH
PA58,13/31,1800,GRVL
PA59,H1,60,ASPH/ CONC
PA60,H1,60,ASPH/ CONC
PA61,11/29,1350,TURF
PA62,H1,38,ASPH/ CONC
PA63,H1/H1,65,CONC
PA64,H1,44,Asphalt/Gravel
PA65,NW/SE,1200,TURF
PA67,H1,75,CONC
PA68,17/35,3000,TURF
PA70,05/23,1820,TURF
PA71,07/25,1990,TURF
PA72,15/33,2200,TURF
PA73,N/S,1400,TURF
PA74,E/W,2200,TURF
PA75,E/W,1600,TURF
PA77,N/S,2000,TURF
PA79,H1,525,GRASS / SOD
PA80,H1,40,PIERCED STEEL PLANKING / LANDING MATS / MEMBRANES
PA81,11/29,2100,TURF
PA82,N/S,2200,TURF
PA84,E/W,2300,TURF
PA85,13/31,1350,TURF
PA86,1W/19W,5000,WAT
PA87,H1,100,ASPH/ CONC
PA88,05/23,3845,ASP
PA91,H1,65,ASPH/ CONC
PA92,08/26,2730,TURF
PA93,H1,60,ASPH/ CONC
PA94,H1,65,CONC
PA95,H1,40,GRASS / SOD
PA96,H1,65,ASP
PA97,H1,40,ASPH/ CONC
PA98,H1,60,CONC
PA99,H1,65,ASPH/ CONC
PAAD,05/23,5000,Gravel
PAAK,16/34,4500,ASPH-E
PAAL,01/19,3500,GRVL
PAAM,14/32,3500,GRVL
PAAN,09/27,2558,GRVL-F
PAAP,N/S,3000,WATER
PAAQ,09/27,3617,ASP
PAAQ,16/34,6006,ASP
PAAQ,16S/34S,1560,GVL
PAAT,02/20,5998,ASPH-F
PABA,07/25,4500,GRAVEL-P
PABE,01L/19R,6400,ASPH-F
PABE,01R/19L,4000,ASPH-G
PABE,12/30,1858,GRVL-G
PABG,01/19,5002,GRVL-G
PABG,09/27,2505,GRVL
PABI,01/19,9000,ASPH-G
PABI,07/25,4057,ASPH-G
PABI,10/28,6115,ASPH-G
PABL,11/29,3200,GRVL-G
PABM,07/25,4200,GVL
PABP,04/22,5100,GRVL
PABR,08/26,7100,ASP
PABT,01/19,5190,GVL
PABU,15/33,3520,GRVL
PABV,02L/20R,4012,ASP
PABV,02R/20L,1802,GRV
PACD,08/26,4900,ASP
PACD,15/33,10179,ASP
PACE,07/25,2782,GRVL-P
PACI,04/22,4000,GRVL-G
PACK,15/33,3720,GVL
PACK,16/34,3230,GRVL
PACL,01/19,3997,ASP
PACM,04W/22W,10000,WATER-E
PACM,11/29,3001,DIRT
PACR,15/33,2979,GRVL-G
PACS,06/24,1900,GRAVEL
PACS,16/34,3500,GRAVEL
PACV,09/27,7500,ASP
PACV,16/34,1934,GVL
PACX,02/20,4011,GRVL-G
PACY,08/26,4350,TURF-F
PACZ,02/20,3955,GVL
PADE,03/21,3320,GVL
PADE,12/30,2660,GVL
PADG,03/21,6312,ASPH-G
PADK,05/23,7790,ASPH-G
PADK,18/36,7605,ASPH-G
PADL,01/19,6400,ASP
PADM,07/25,3200,GVL
PADQ,01/19,5010,ASP
PADQ,08/26,7534,ASP
PADQ,11/29,5400,ASP
PADU,13/31,4500,ASP
PADY,01/19,2400,GRVL-P
PAED,06/24,10000,PEM
PAED,17/35,7493,ASP
PAEE,17/35,3243,GRVL-G
PAEG,07/25,3600,GRVL-F
PAEH,15/33,3945,GVL
PAEI,14/32,14530,CONC
PAEL,NW/SE,10000,WATER-E
PAEM,16/34,4601,GVL
PAEN,02L/20R,7855,ASP
PAEN,02R/20L,1980,GVL
PAEN,2W/20W,4600,WATER-E
PAEW,12/30,3300,GVL
PAFA,02/20,2900,GRVL
PAFA,02L/20R,11800,ASPH-G
PAFA,02R/20L,4510,ASPH-G
PAFA,02W/20W,5400,WATER
PAFB,07/25,8575,ASPH-CONC
PAFE,11/29,4000,ASPH-G
PAFK,NW/SE,5000,WATER-E
PAFL,13/31,2000,GRAVEL-P
PAFM,01/19,4000,GVL
PAFM,10/28,2400,GVL
PAFR,17/35,4175,ASPH
PAFS,04/22,4003,GRVL-G
PAGA,06/24,2600,GVL
PAGA,08/26,6000,PEM
PAGB,13/31,5182,GRVL-G
PAGG,15/33,1835,GRVL-P
PAGH,09/27,4000,GVL
PAGK,15/33,5001,ASPH-G
PAGL,03/21,4000,GRAVEL-G
PAGM,16/34,4500,ASP
PAGN,NW/SE,10000,WATER
PAGQ,07/25,2450,GRAVEL-G
PAGS,02/20,3010,ASP
PAGS,11/29,6720,ASP
PAGT,03/21,3200,GRVL-P
PAGY,02/20,3550,ASPH-G
PAGZ,17/35,3873,GRVL
PAHC,02/20,4000,GRAVEL-G
PAHL,03/21,4000,GVL
PAHN,08/26,4000,ASP
PAHO,04/22,6701,ASP
PAHP,13/31,3300,ASP
PAHU,17/35,3380,GRAVEL-G
PAHV,15/33,2910,ASPH-P
PAHX,16/34,3400,GRVL-F
PAHX,18W/36W,5000,WATER
PAHY,E/W,5000,WATER
KPAI,H1,568,CONC
PAIG,05/23,3000,GRVL-F
PAII,03/21,1500,GVL
PAII,12/30,5600,GVL
PAIK,07/25,4000,GVL
PAIL,08/26,5086,ASP
PAIL,18/36,4800,ASP
PAIL,E/W,2998,WATER
PAIL,N/S,2892,WATER
PAIM,07/25,4100,GVL
PAIN,16/34,3000,GRAVEL-G
PAIW,18/36,3990,GRAVEL-G
PAJC,02/20,2600,GRVL-G
PAJN,08/26,8857,ASP
PAJN,08W/26W,4800,WATER
PAJZ,09/27,3300,GRVL-F
PAKD,02/20,2475,ASPH-GRVL-F
PAKF,13/31,2100,GRVL-G
PAKH,04/22,3120,GRAVEL-G
PAKI,17/35,3200,GRAVEL-G
PAKK,01/19,3002,GRVL-G
PAKL,07/25,4400,GRVL-P
PAKL,18W/36W,5000,WATER
PAKN,12/30,8901,ASPH-F
PAKN,18/36,4017,ASP
PAKN,NW/SE,4000,WATER
PAKO,08/26,3512,GRVL
PAKP,02/20,4800,GRAVEL-G
PAKT,11/29,7500,ASPH-G
PAKT,ESE/WNW,9500,WATER
PAKU,05/23,6000,GRAVEL-G
PAKV,03/21,3986,GRVL-G
PAKW,02/20,5000,ASP
PAKY,10/28,2000,GRVL-P
PALB,04/22,2690,GRVL-G
PALG,07/25,3198,GRVL-G
PALH,E/W,4541,WATER
PALH,S/N,1930,WATER
PALH,SE/NW,1370,WATER
PALJ,05/23,3000,DIRT-GRVL
PALN,07/25,5000,GRAVEL
PALP,04/22,5005,GRVL
PALR,04/22,3000,GRVL-F
PALU,09/27,4800,GVL
PAMB,03/21,3300,GRVL-G
PAMC,05/23,2000,GRVL-G
PAMC,16/34,5936,ASPH-G
PAMD,02/20,3158,GRVL-E
PAMD,13/31,1500,GRVL-E
PAMH,03/21,4184,GVL
PAMK,02/20,4001,GRAVEL-G
PAML,18/36,3400,GRAVEL-F
PAMM,E/W,5000,WATER
PAMM,N/S,5000,WATER
PAMO,02/20,3501,GRVL-P
PAMR,04/22,2000,GVL
PAMR,08/26,4000,ASP
PAMR,17/35,2640,ASP
PAMX,01/19,3501,GRVL-G
PAMY,05/23,3070,GVL
PANA,16/34,3248,GRAVEL-F
PANC,07L/25R,10600,ASP
PANC,07R/25L,12400,ASP
PANC,15/33,10865,ASP
PANI,05W/23W,3000,WATER
PANI,11/29,6200,ASPH-F
PANN,04L/22R,4600,ASP
PANN,04R/22L,1980,GRS
PANN,04W/22W,3601,WATER
PANO,02/20,2800,GRAVEL-G
PANR,NE/SW,10500,WATER-E
PANT,02/20,5709,GVL
PANT,12/30,7493,ASP
PANU,03/21,4011,GVL
PANV,17/35,4000,GVL
PANW,14/32,3281,GRVL-G
PAOB,09/27,4020,GRVL-G
PAOC,01/19,1470,GRVL-P
PAOC,09/27,1920,GRVL-P
PAOH,06/24,3367,ASPH-G
PAOM,03/21,6176,ASP
PAOM,10/28,6009,ASP
PAOO,16/34,3200,GVL
PAOR,05/23,5100,GRVL-DIRT-G
PAOT,09/27,6300,ASPH-G
PAOT,17/35,3800,GVL
PAOU,08/26,4003,TURF-GRVL - F
PAPB,11/29,4982,GVL
PAPC,16/34,4497,ASPH
PAPE,02/20,3300,GRVL-G
PAPG,05/23,6400,ASP
PAPH,05/23,5000,GVL
PAPH,13/31,4000,GVL
PAPK,02/20,3000,GVL
PAPK,09W/27W,15000,WATER
PAPM,09/27,1924,GVL
PAPM,14/32,5000,GVL
PAPN,07/25,3280,GRVL-G
PAPO,03/21,4000,ASPH-F
PAPR,01/19,4968,GRVL-G
PAQH,12/30,4000,GRVL
PAQT,04/22,4343,GVL
PARC,02/20,4500,GVL
PARS,17/35,3600,GRAVEL-G
PARS,18W/36W,3000,WATER
PARY,03/21,4000,GVL
PASA,05/23,4400,GVL
PASC,05/23,6500,ASPH-G
PASD,13/31,4000,ASP
PASH,05/23,4997,ASP
PASI,11/29,7200,ASP
PASK,04/22,3002,GRAVEL-G
PASK,09/27,2659,GVL
PASL,14/32,3100,GRAVEL-G
PASM,07/25,1520,GVL
PASM,17/35,5997,GVL
PASN,18/36,6500,ASP
PASO,16/34,1845,GRVL-G
PASP,05/23,2270,GRVL-DIRT-P
PAST,03/21,3814,GRAVEL-P
PASV,17/35,4200,GVL
PASW,10/28,3400,GRAVEL-G
PASX,07/25,5001,ASP
PASY,10/28,10004,ASP
PATA,07/25,4400,GRVL-P
PATC,17/35,4702,GRVL
PATE,08/26,2983,GRVL-G
PATG,03/21,4400,GVL
PATG,10/28,982,GVL
PATK,1/19,3500,Asphalt
PATL,17/35,3820,GVL
PATQ,07/25,4370,GVL
PATW,04/22,2080,GRVL-DIRT-F
PAUK,16/34,4000,GRVL-DIRT-G
PAUM,06/24,5583,GRVL-P
PAUN,09/27,1900,ASPH
PAUN,15/33,5900,ASPH
PAUO,13/31,4400,GRAVEL-G
PAUT,09/27,4500,ASP
PAVA,02/20,3220,GRVL-G
PAVA,18W/36W,2000,WATER-E
PAVC,08/26,3500,TURF-GRVL - G
PAVD,06/24,6500,ASP
PAVE,04/22,4000,GRVL-DIRT-E
PAVL,12/30,3000,GVL
PAWB,05/23,3934,GRVL-F
PAWD,13/31,4249,ASPH-G
PAWD,16/34,2289,ASPH-G
PAWG,10/28,6000,ASP
PAWI,05/23,4494,GVL
PAWM,15/33,3000,GRVL-G
PAWN,01/19,3992,GRAVEL-G
PAWR,04/22,1480,GRAVEL-F
PAWS,04/22,3700,ASP
PAWS,04S/22S,1690,TURF-GRVL-G
PAWT,3/21,3000,GVL
PAXK,13/31,1900,GRVL-DIRT-P
PAYA,02/20,6475,CONC-F
PAYA,11/29,7732,ASPH-G
PCIS,09/27,6230,ASP
PE-0035,03/21,3272,ASP
SPBJ,08/26,1377,Grass
PEC,NW/SE,10000,WATER-E
PFAK,03/21,3200,GRVL-G
PFAL,05/23,4000,GRVL-G
PFCB,15/33,3000,GRAVEL-G
PFCL,18/36,3200,GRVL
PFEL,01/19,3401,GRVL-G
PFKA,17/35,3000,GRVL-G
PFKK,07/25,3300,GRVL-G
PFKO,02/20,4400,GRVL
PFKT,04/22,2110,GRVL-G
PFKT,11/29,2990,GRVL-E
PFKU,07/25,4000,GRVL-DIRT-G
PFKW,18/36,3199,GRVL-G
PFNO,06/24,4000,GRVL-E
PFSH,14/32,4001,GRVL-G
PFTO,07/25,2509,ASPH-P
PFWS,04/22,2264,GRVL-F
PFWS,12/30,3314,GRVL-DIRT-F
PFYU,04/22,5000,GRVL-G
AYAL,04/22,1991,Grey clay
PG-0002,18/36,1300,GRS
AYAC,18/36,1969,Grassed blackclay
AYAH,04/22,1969,Grassed brown silt clay
PG-0005,09/27,4265,
AYGB,14/32,3445,
AYAJ,10/28,2395,Grey gravel
AYAB,14/32,1348,Grassed brown gravel
AYAR,17/35,1772,Grassed black clay
AYAD,12/30,1706,Grassed brown clay
AYRF,15/33,2185,Grassed grey clay
AYAS,10/28,1969,Grassed brown silt clay
AYAZ,09/27,1654,Grassed red clay
AYSN,16/34,1558,Red clay
PG-0021,09/27,1785,Gravel
AYIL,10/28,1969,Grassed brown sandy clay
AYYB,12/30,1969,Clay
AYOI,17/35,1969,Grassed brown clay
PG-0027,14/32,1900,Grassed red clay
AYBE,11/29,1969,Black silt
AYJL,01/19,1969,Grassed black soil
AYOR,05/23,1460,Grassed brown clay
AYLF,15/33,1870,Grassed red clay
AYPK,18/36,1811,Black clay
PG-0037,12/30,,
AYKF,11/29,1969,Grassed red silt clay
AYUB,03/21,1969,Grassed brown gravel
AYGZ,17/35,2215,Grassed sandy loam
AYDM,06/24,1772,Grassed brown gravel
AYBJ,11/29,1549,Red clay gravel
AYAP,14/32,1969,Grassed brown silt loam
AYAV,16/34,1207,Brown clay
AYRW,10/28,2198,Grassed silt clay
AYNQ,03/21,1411,Grassed sandy loam
AYIF,09/27,2297,
AYPX,17/35,1968,
AYSC,3/21,2296,
AYWA,08/26,1837,Grassed brown silt clay
AYUW,14/32,1772,Grassed clay
AYBN,07/25,1522,Grassed red clay
AYUU,01/19,1640,
PG-0066,16/34,2402,Grass/gravel
PG-0067,16/34,2526,Grass/gravel
PG-0068,06/24,1916,Grassed black clay
PG-0069,11/29,1509,Grassed red clay
AYXH,11/29,1913,
PG-0073,17/35,1969,GRS
PG-0074,14/32,1411,
AYXM,16/34,6000,ASP
PG-0096,05D/23A,1500,GRS
PG-0099,06/24,1970,GRS
PG-0105,18/36,4000,GRS
AYWP,18A/36D,1985,GRS
PG-0114,02/20,2100,GRS
PG-0116,12/30,5081,
PG-0132,13/31,3700,
PG-0145,09/27,1900,GRS
PG-0149,09/27,1400,
PG-0157,9/27,1444,GRS
PG-0159,08/26,1800,GRS
PG-0160,12/30,1900,GRE
AYIH,12/30,2648,Grassed black silt
PGM,12/30,1975,GRVL-DIRT-G
PGRO,09/27,6000,ASP
PGSN,07/25,8700,ASP
PGUA,06L/24R,10558,PEM
PGUA,06R/24L,11185,PEM
PGUM,06L/24R,12015,asphalt
PGUM,06R/24L,10014,asphalt
PGWT,08/26,8600,PEM
PH-0005,06/24,2296,Turf
PH-0073,03/21,2780,concrete
PH-0096,12/30,3400,unpaved
PH-0107,08/26,1980,Grass
PH-0679,06/24,4265,CON
PH-0680,09/27,3940,ASP
PH-0681,06/24,6867,ASP
PH-0682,03/21,6562,ASP
PH-0683,17/35,5837,ASP
PH-0686,04/22,2465,concrete
PH-0687,08/26,1640,Grass
PHBK,16/34,6002,ASP
PHDH,08/26,9007,ASP
PHHF,06/24,3000,CORAL
PHHI,06/24,5608,ASP
PHHN,08/26,3606,ASP
PHJH,02/20,3000,ASP
PHJR,04L/22R,4505,ASP
PHJR,04R/22L,7989,ASP
PHJR,11/29,8365,ASP
PHKO,17/35,11000,ASP
PHLI,03/21,6500,ASP
PHLI,17/35,6500,ASP
PHLU,05/23,2700,ASPH-G
PHMK,05/23,4494,ASP
PHMK,17/35,3118,ASP
PHMU,04/22,5197,ASP
PHNG,04/22,7771,ASP
PHNL,04L/22R,6955,ASPH-G
PHNL,04R/22L,9002,ASPH-G
PHNL,04W/22W,3000,WATER
PHNL,08L/26R,12360,ASPH-G
PHNL,08R/26L,12000,ASPH-G
PHNL,08W/26W,5090,WATER
PHNP,04/22,4000,ASPH-F
PHNY,03/21,5001,ASP
PHOG,02/20,6998,ASP
PHOG,05/23,4980,ASP
PHPA,09/27,2450,ASPH-G
PHSF,09/27,3696,ASP
PHTO,03/21,5600,ASP
PHTO,08/26,9800,ASP
PHUP,07/25,3800,ASP
PK-0023,N/S,6600,Concrete
PK-0023,NW/SE,8100,Concrete
PK-0024,N/S,8520,Marston Mat
PK-0049,12L/30R,,
PK-0049,30L/12R,,
PK-0081,16/34,2945,GRE
PK-0082,03/21,2855,GRE
PK-0083,03/21,5850,UNK
PK-0092,07/25,7000,ASP
PK-REQ,18/36,5577,ASP
PKMA,06/24,7700,ASP
PKMJ,07/25,7897,ASP
PKRO,4/22,4500,ASP
PKWA,06/24,6668,ASP
EPPB,11L/29R,6234,G
EPPB,11R/29L,6234,CON
EPKG,07/25,2926,Concrete
EPNC,10/28,2755,Grass
EPNC,13/31,2985,Grass
EPWT,8/26,2950,grass
EPWC,06/24,2470,grass
EPPG,10L/28R,3904,Concrete
EPPG,10R/28R,3904,Grass
EPZE,06/24,2027,Brick
PL-0083,13/31,1542,G
PL-0108,09/27,3333,G
EPMG,03/21,1968,Grass
EPCH,09/27,2133,G
EPZW,13/31,2762,
PL-0128,04/22,1493,
PL-0129,09/27,1739,
PL-0131,04/22,1427,GRS
PL-0135,01/19,1181,GRS
PL-0135,09/27,755,GRS
PL-0136,05/23,1378,GRS
PL-0137,02/20,2159,GRS
PL-0137,04/22,1627,GRS
PL-0147,18/36,1667,G
PL-0167,03/21,1640,Hard
EPLD,06/24,3609,GRS
PL-0173,12/30,,G
PL-0177,11/29,820,G
PL-0185,06/24,,G
PL-0189,15/33,1739,G
PL-0214,12/30,2664,G
PL-0244,04/22,1640,Grass
PL-0246,09/27,2411,grass
PL-0247,15/33,1017,GRS
PL-0264,09/27,7218,CON
PL-0265,08/26,5249,CON
PL-0266,12/30,3625,UNK
EPKC,11/29,2425,CON
EPSO,10/28,8200,ASP
PL-0289,11/29,1588,
PLCH,08/26,6900,ASP
PLPA,6/24,5000,Coral/Soil
PM-0001,11/29,4101,ASP
PMDY,06/24,7904,ASP
PMDY,15/33,,UNK
PN00,02/20,2550,TURF-G
PN01,18/36,1800,TURF-G
PN02,E/W,1350,TURF-G
PN03,H1,48,CONC
PN06,09/27,2500,TURF
PN06,15/33,1600,TURF
PN07,H1,70,CONC
PN08,15/33,1300,TURF
PN09,H1,80,ASPH/ CONC
PN10,18/36,2000,TURF-G
PN11,09/27,2100,TURF
PN13,09/27,2000,TURF
PN13,12/30,1550,TURF
PN14,09/27,1800,TURF
PN15,07/25,1850,TURF
PN16,09/27,2500,TURF
PN18,08/26,1840,TURF
PN19,02/20,7500,WATER
PN19,16/34,6500,WATER
PN20,H1,80,ASPH/ CONC
PN22,H1/H1,50,TURF
PN23,H1,65,CONC
PN24,04/22,7900,WATER
PN24,12/30,9000,WATER
PN25,10/28,1750,TURF
PN26,H1,65,CONC
PN27,H1,20,CONC
PN28,H1,75,GRASS / SOD
PN30,17/35,2200,TURF-G
PN31,NW/SE,2740,TURF
PN32,H1,100,ASPH/ CONC
PN34,H1/H1,41,CONC
PN35,05/23,1600,TURF
PN36,09/27,1600,TURF
PN37,NW/SE,1500,ASPH
PN38,09/27,1700,TURF-F
PN40,08/26,2085,TURF-GRVL-F
PN42,H1,300,GRASS / SOD
PN44,H1,80,ASPH/ CONC
PN45,H1,100,CONC
PN46,09/27,1700,TURF
PN48,04/22,1200,TURF
PN49,09/27,1400,TURF
PN50,09/27,2150,TURF
PN51,H1,32,GRASS / SOD
PN52,H1,70,GRASS / SOD
PN53,05/23,1200,TURF-G
PN53,15/33,1550,TURF-G
PN54,18/36,2100,TURF
PN55,10/28,1400,TURF
PN57,08/26,2500,TURF
PN59,01/19,1800,TURF
PN60,H1,65,ASPH/ CONC
PN61,H1,100,GRASS / SOD
PN62,12/30,1300,TURF
PN63,H1,62,ASPH/ CONC
PN64,02/20,1280,TURF
PN65,02/20,8000,WATER
PN66,05/23,2000,TURF
PN68,N/S,1200,TURF
PN69,16/34,500,TURF
PN70,H1,100,GRASS / SOD
PN71,10/28,1400,TURF
PN72,06/24,1850,GRVL
PN72,18/36,3335,TURF
PN73,08/26,2000,TURF
PN74,H1,50,GRASS / SOD
PN75,H1,44,PIERCED STEEL PLANKING / LANDING MATS / MEMBRANES
PN76,H1,60,CONC
PN77,H1,50,GRASS / SOD
PN78,H1,50,CONC
PN79,H1,35,CONC
PN80,H1,60,CONC
PN82,H1/H1,65,ASPH
PN84,18/36,1400,TURF
PN86,H1/H1,40,ASPH
PN87,H1/H1,70,TURF
PN89,H1/H1,70,ASPH
PN90,14/32,2500,TURF
PN91,10/28,1800,TURF
PN95,E/W,1300,TURF
PN98,15/33,2240,GRS
PN99,02/20,1875,TURF
PO1,09/27,4400,ASPH-E
PPIZ,05/23,3519,GVL
PPX,02/20,1772,GRS
PR31,H1,35,CON
PR-0009,08/26,3600,ASP
PR-0010,12/30,1200,ASPH
PR03,E/W,4000,WATER
PR03,N/S,6000,WATER
PR10,06/24,3000,ASP
PR20,12/30,1600,ASPH
PR24,09/27,1500,TURF
PR27,10/28,4000,ASP
PR34,09W/27W,10000,WATER
PR36,6/24,4000,Asphalt/Gravel
PR41,H1,100,CON
PS-0006,01/19,10092,ASP
PS01,H1,50,CONC
PS02,E/W,2250,TURF
PS03,05/23,2750,ASPH
PS04,H1,100,CONC
PS05,09/27,2700,TURF-G
PS06,07/25,1300,TURF
PS07,H1,60,ASPH/ CONC
PS08,05/23,2600,TURF-G
PS10,H1,45,ASPH/ CONC
PS11,05/23,1800,TURF
PS12,08/26,2360,TURF-G
PS13,H1,100,ASPH/ CONC
PS13,H2,100,ASPH/ CONC
PS14,H1,175,GRAVEL / CINDERS / CRUSHED ROCK / CORAL/SHELLS / SLAG
PS15,08/26,1200,TURF
PS16,H1,60,CONC
PS17,H1,12,CONC
PS18,10/28,1800,TURF
PS19,H1,60,ASPH/ CONC
PS20,16/34,2000,TURF
PS21,08/26,1850,TURF
PS22,H1,45,PIERCED STEEL PLANKING / LANDING MATS / MEMBRANES
PS24,H1,50,ASPH/ CONC
PS26,H1,60,GRASS / SOD
PS27,14/32,1500,TURF
PS28,H1,32,ASPH/ CONC
PS29,H1,100,GRASS / SOD
PS30,H1,65,CONC
PS31,H1,200,GRASS / SOD
PS33,H1,50,CONC
PS34,H1,100,ASPH/ CONC
PS36,6/24,1281,Turf
PS37,H1,53,CON
PS38,08/26,2264,TURF
PS39,14/32,1200,TURF
PS40,H1,55,ASPH/ CONC
PS41,H1,50,ASPH/ CONC
PS43,09/27,2250,TURF
PS44,H1,30,GRASS / SOD
PS45,H1,33,Turf
PS46,14/32,1200,TURF
PS48,H1,60,ASPH/ CONC
58PA,03/21,2590,TURF
PS50,18/36,2185,TURF
PS52,08/26,2600,TURF
PS54,14/32,1800,TURF
PS55,H1,50,ASPH/ CONC
PS56,H1,70,GRASS / SOD
PS57,H1,25,CONC
PS58,H1,47,CON
PS59,H1,47,Mats
PS60,H1,60,ASPH/ CONC
PS61,06/24,1640,TURF
PS64,09/27,1200,TURF
PS65,H1,20,CONC
PS66,11/29,2000,TURF
PS67,10/28,1865,TURF
PS68,04/22,844,TURF
PS69,E/W,2900,TURF
PS70,07/25,2200,TURF
PS71,H1,30,CONC
PS72,H1,48,"GRAVEL, GRASS / SOD"
PS73,06/24,2500,TURF
PS74,H1,70,GRASS / SOD
PS75,H1,64,ASPH/ CONC
PS78,H1,96,CONC
PS80,H1,50,ASPH/ CONC
PS81,H1,50,ASPH/ CONC
PS82,02/20,1480,TURF
PS83,H1,65,ASPH/ CONC
PS84,H1,65,ASPH/ CONC
PS85,H1,60,ASPH/ CONC
PS90,H1,200,ASPH/ CONC
PS91,H1,45,CONC
PS92,H1,60,GRASS / SOD
PS95,H1,25,ASPH/ CONC
PS98,E/W,1800,TURF
PS99,09/27,2000,TURF
PT-0017,08/26,1296,
PT-0020,06/24,2296,
PT-0021,10/28,1150,GRAV
PT-0021,15/33,1800,GRAV
PT-0022,16/34,2280,tarmac
PT-0023,11/29,886,
PT-0024,17/35,760,grav
PT-0025,12/30,1476,Tarmac
PT-0031,16/34,1640,
LPMN,03/21,2460,ASP
LPSE,08/26,4829,
PT-0041,10/28,2050,Gravel (covered with a tarp)
PT-0109,13/31,1771,Concrete
PT-0117,16/34,1584,GRAV
PT-0118,14/32,1082,GRAV
PT-0130,16/34,2720,Sand
PT-0157,06/24,3150,ASP
PT-0159,05/23,2625,
PT-0159,11/29,2460,
PT-0164,18L/36R,13123,Asphalt
PT-0164,18R/36L,13123,Asphalt
PTKK,04/22,6006,ASP
PTPN,09/27,6600,ASP
PTRO,09/27,7200,ASP
PTSA,05/23,5750,ASP
PTYA,07/25,6000,ASP
PUA,08/26,2200,GRS
PWAK,10/28,9843,ASP
PPWR,NE/SW,3000,WATER
PY-0089,18/36,3215,UNK
PYL,N/S,10000,WATER-E
C51,4/22,4400,COR
RKRO,04/22,3640,ASP
R03,18/36,6100,GRAVEL-G
R33,16/34,2000,TURF-F
RC0,07/25,4100,TURF-F
RCAY,18/36,,UNK
RCAY,18L/36R,7435,ASP
RCAY,18R/36L,8019,CON
RCBS,06/24,9843,ASP
RCDC,09/27,7828,PEM
RCDI,04H/22H,3260,ASP
RCFG,03/21,5180,CON
RCFN,04/22,7999,PEM
RCGI,17/35,3255,ASP
RCKH,09/27,10335,CON
RCKU,18/36,,UNK
RCKU,18L/36R,5307,ASP
RCKU,18R/36L,10007,CON
RCKW,14/32,5577,CON
RCLM,11/29,5085,CON
RCLY,13/31,3852,CON
RCMQ,18/36,12000,CON
RCMT,03/21,3773,CON
RCNN,18L/36R,10007,CON
RCNN,18R/36L,10007,CON
RCPO,05/23,11955,PEM
RCQC,02/20,9843,CON
RCQS,04/22,11055,CON
RCSP,07/25,3935,
RCSQ,08/26,8012,CON
RCSS,10/28,8547,ASP
RCTP,05L/23R,12008,CON
RCTP,05R/23L,10991,CON
RCWA,02/20,3051,CON
RCYU,03/21,9022,PEM
RCYU,03R/21L,9005,ASP
RCYU,XX/XX,,
RDV,10/28,4820,GRVL-G
ZBAR,13/31,7874,
RI01,H1,50,ASPH
RI02,H1/H1,100,TURF
RI06,03/21,4500,WATER
RI07,N/S,1200,TURF
RI08,H1,100,ASPH
RI11,09/27,1600,TURF
RI11,14/32,1576,TURF
RI13,H1,100,TURF
RI15,H1,62,CONC
RI16,B1,600,GRASS / SOD
RI21,H1,200,GRASS / SOD
RI23,H1,50,CONC
RI24,H1,150,GRASS / SOD
RI25,H1,100,CONC
RI26,H1,35,ASPH/ CONC
RI28,06W/24W,3100,WATER
RI28,13W/31W,5000,WATER
RI28,16W/34W,2200,WATER
RI30,H1,100,GRASS / SOD
RJ04,07/25,3313,ASP
RJAA,16L/34R,8202,ASP
RJAA,16R/34L,13123,ASP
RJAF,18/36,6560,ASP
RJAH,03L/21R,8858,ASP
RJAH,03R/21L,8858,CON
RJAM,05/23,4500,ASP
RJAN,11/29,2625,UNK
RJAW,07/25,8700,ASP
RJAZ,11/29,2625,UNK
RJBB,06L/24R,13123,ASP
RJBB,06R/24L,11483,ASP
RJBD,15/33,6560,ASP
RJBD,16/34,4327,ASP
RJBE,09/27,8202,ASP
RJBH,04/22,5906,ASP
RJBK,09/27,4327,ASP
RJBT,01/19,3937,ASP
RJCA,08/26,2624,GRS
RJCB,17/35,8202,ASP
RJCC,01L/19R,9843,ASP
RJCC,01R/19L,9843,ASP
RJCH,12/30,9842,ASP
RJCJ,18L/36R,13124,CON
RJCJ,18R/36L,8860,ASP
RJCK,17/35,8202,ASP
RJCM,18/36,8202,ASP
RJCN,08/26,6560,ASP
RJCO,14/32,4920,ASP
RJCR,14/32,2625,Asphalt
RJCT,13/31,4920,ASP
RJCT,13L/31R,1308,GRE
RJCW,08/26,6560,ASP
RJDA,13/31,3281,ASP
RJDB,02/20,4331,ASP
RJDC,07/25,8200,ASP
RJDK,17/35,2625,UNK
RJDO,03/21,2625,UNK
RJDT,14/32,6234,ASP
RJEB,14/32,6562,ASP
RJEC,16/34,8200,ASP
RJEO,13/31,4922,ASP
RJER,07/25,5906,ASP
RJFA,12/30,5380,ASP
RJFC,14/32,4921,ASP
RJFE,03/21,6561,ASP
RJFF,16L/34R,9186,ASP
RJFF,16R/34L,8202,ASPH
RJFG,13/31,6544,ASP
RJFK,16/34,9840,ASP
RJFM,09/27,8200,ASP
RJFN,10/28,8860,CON
RJFO,01/19,9840,ASP
RJFR,18/36,8202,ASP
RJFS,11/29,6562,ASP
RJFT,07/25,9840,ASP
RJFU,14/32,9840,ASP
RJFU,18/36,4350,ASP
RJFY,08L/26R,3937,CON
RJFY,08R/26L,7382,CON
RJFZ,07/25,7870,CON
RJGG,18/36,11483,PEM
RJKA,03/21,6560,ASP
RJKB,04/22,4430,ASP
RJKI,07/25,4307,ASP
RJKN,01/19,6561,ASP
RJNA,16/34,8990,ASP
RJNF,18/36,4329,ASP
RJNG,10/28,8860,CON
RJNH,09/27,8366,CON
RJNK,06/24,8860,PEM
RJNK,06T/24T,8876,ASP
RJNO,07/25,,UNK
RJNO,08/26,6531,ASP
RJNS,12/30,7218,asphalt concrete
RJNT,02/20,6562,ASP
RJNW,07/25,6562,ASP
RJNY,09/27,4920,ASP
RJOA,10/28,9842,ASP
RJOB,07/25,9843,ASP
RJOC,07/25,6562,ASP
RJOF,01/19,3871,ASP
RJOF,12/30,4856,CON
RJOH,07/25,8202,ASP
RJOI,02/20,8000,CON
RJOI,02R/20L,1200,CON
RJOK,14/32,8203,ASP
RJOM,14/32,8200,ASP
RJOO,14L/32R,5997,ASP
RJOO,14R/32L,9840,CON
RJOR,10/28,6562,ASP
RJOS,11/29,6560,ASP
RJOT,08/26,8200,ASP
RJOW,11/29,6562,ASP
RJOY,09/27,4890,ASP
RJOY,13/31,3940,ASP
RJOZ,12/30,2950,PEM
RJOZ,17/35,3940,ASP
RJSA,06/24,9846,ASP
RJSC,01/19,6560,ASP
RJSD,10/28,3390,ASP
RJSF,01/19,8202,ASP
RJSH,06/24,2548,ASP
RJSH,07/25,7380,ASP
RJSH,12/30,1180,ASP
RJSI,02/20,8202,ASP
RJSK,10/28,8200,ASP
RJSM,10/28,10000,ASP
RJSN,04/22,4300,ASP
RJSN,10/28,8200,ASP
RJSR,11/29,6562,ASP
RJSS,09/27,9842,ASP
RJSS,12/30,3940,ASP
RJST,07/25,8860,CON
RJST,15/33,4920,CON
RJSY,09/27,6560,ASP
RJTA,01/19,8000,CON
RJTC,01/19,2953,UNK
RJTE,09/27,984,CON
RJTF,17/35,2625,asphalt
RJTH,08/26,6563,ASP
RJTJ,17/35,6562,ASP
RJTK,02/20,6004,ASP
RJTL,01/19,7380,CON
RJTO,03/21,5905,ASP
RJTQ,02/20,4350,ASP
RJTR,02/20,1910,ASP
RJTT,04/22,8202,ASP
RJTT,05/23,8202,ASP
RJTT,16L/34R,11024,ASP
RJTT,16R/34L,9843,ASP
RJTU,01/19,5570,CON
RJTY,18/36,11000,CON
RK13,17/35,3600,ASP
RKRI,18/36,2345,ASP
RK15,03/21,3900,GRE
RK16,03/21,1200,CON
RK17,04/22,2000,ASP
RK18,17/35,2300,GVL
RK19,17/35,1900,GRE
RK1D,,50,CON
RK1D,,45,GRE
RK1D,,25,GRE
RK1E,,65,CON
RK1F,,50,GRE
RK1G,,20,GRE
RK1H,,50,GRE
RK1K,,40,ASP
RK1K,,40,ASP
RK1K,,40,ASP
RK1L,,50,CON
RK1M,,90,CON
RK1N,,95,CON
RK1P,,30,GRE
RK1Q,,80,CON
RK1R,,100,GRE
RK1T,,25,GRE
RK1T,,15,GRE
RK1V,,30,ASP
RK1V,,30,ASP
RK1W,H1,20,CON
RK1W,H2,20,CON
RK1X,,25,GRE
RK1Y,,375,GRE
RK21,06/24,2305,GRE
RK22,01/19,1788,ASP
RK25,10H/28H,1362,ASP
RK27,14/32,1700,GRS
RK28,09/27,1700,GRE
RKXX,,40,CON
RKXX,,90,Graded earth
RKXX,,45,Graded earth
RKXX,,45,Graded earth
RK31,08/26,1870,ASP
RKNK,03/21,2735,ASP
RK33,08/26,1000,GRE
RK34,02/20,1300,GRE
RK36,03/21,1700,GRE
RK38,18/36,1900,ASP
RK3N,H1/H1,65,CON
RK3N,H2/H2,45,CON
RK40,07/25,1800,GRE
RK41,14/32,1862,GRE
RK42,08/26,1410,GRE
RK43,05/23,1700,GRE
RK44,04/22,2400,GRE
RK46,13/31,1504,GRE
RK48,07/25,2300,BIT
RK49,07/25,1200,GRE
RK50,03/21,1500,GRE
RK51,10/28,1600,ASP
RKRY,02L/20R,675,ASP
RKRY,02R/20L,2001,ASP
RK60,15/33,1700,GRE
RK6D,09/27,1200,GRE
RK6J,H1/H1,235,PSP
RK6M,H1/H1,60,CON
RK6N,H1/H1,70,GRE
RK6O,10/28,3705,ASP
RK6R,,30,GRE
RK6V,,25,GRE
RK6X,17/35,1600,Grass
RK70,,40,CON
RK70,,25,CON
RK7H,03/21,1630,GRE
RK7I,,40,GRE
RK7K,,55,GRE
RK82,04/22,1300,GRE
RK8K,,33,GRE
RK8L,A-SE/D-SW,80,ASP
RK8L,SE/SW,30,GRE
RK8M,SE/SY,,
RK8N,E/S,40,GRE
RK8P,,50,ASP
RK8R,18A/36D,65,GRE
RK8S,09A/18D,20,CLA
RK8T,06A/14D,100,CON
RK8V,,25,GRE
RK8W,27A/09D,100,CON
RK8X,15/33,24,GRE
RK8Y,NW/SE,25,GRE
RK9B,SW/NE,24,GRE
RK9C,,20,CON
RK9E,,35,GRE
RK9G,,25,GRE
RK9H,E/E,24,GRE
RK9I,,24,CON
RK9J,,23,GRE
RK9X,H1/H1,45,GRE
RK9Z,NE/NW,30,GRE
RKA1,N/E,20,GRE
RKA2,W/E,30,GRE
RKA5,,50,GRE
RKC1,,45,GRE
RKC3,,20,GRE
RKC3,,20,GRE
RKC4,,50,GRE
RKC4,,25,GRE
RKJB,01/19,9186,concrete
RKJJ,04L/22R,9300,CON
RKJJ,04R/22L,9300,CON
RKJK,18/36,9000,CON
RKJM,06/24,5249,ASP
RKJU,07/25,4800,ASP
RKJY,17/35,6890,ASP
RKNN,08/26,9000,CON
RKNW,03/21,9000,CON
RKNY,15/33,8202,CON
RKPC,07/25,10433,ASP
RKPC,13/31,6268,ASP
RKPD,01/19,7589,ASP
RKPD,15/33,4974,ASP
RKPE,18/36,3766,ASP
RKPK,18L/36R,9007,ASP
RKPK,18R/36L,10499,CON
RKPS,06L/24R,9000,CON
RKPS,06R/24L,9000,CON
RKPU,18/36,6561,ASP
RKRA,18/36,3915,ASP
RKRB,17/35,1608,Asphalt
RKRG,15/33,1600,ASP
RKRK,16/34,1515,CON
RKRN,10L/28R,5314,CON
RKRN,10R/28L,1640,CON
RKRP,16/34,1620,ASP
RKRS,14/32,3680,Asphalt
RKSG,14/32,8217,ASP
RKSI,15L/33R,12303,ASPH
RKSI,15R/33L,12303,ASPH
RKSI,16L/34R,13123,ASPH
RKSI,16R/34L,12303,ASPH
RKSM,01/19,9000,CON
RKSM,02/20,9700,CON
RKSO,09L/27R,9004,CON
RKSO,09R/27L,9004,CON
RKSS,14L/32R,11811,ASP
RKSS,14R/32L,10499,ASP
RKSW,15L/33R,9000,ASP
RKSW,15R/33L,9000,ASP
RKSW,16/34,7535,ASP
RKTA,16/34,3871,
RKTE,16/34,4000,CON
RKTH,10/28,7000,CON
RKTI,18L/36R,9021,CON
RKTI,18R/36L,9330,CON
RKTN,13L/31R,9000,CON
RKTN,13R/31L,9039,CON
RKTP,03L/21R,9000,CON
RKTP,03R/21L,9000,CON
RKTU,06L/24R,9000,CON
RKTU,06R/24L,9000,CON
RKTY,10/28,9000,CON
RKUC,14/32,3100,ASP
RKUL,11L/29R,3937,CON
RKUL,11R/29L,1476,CON
RKUY,09/27,1047,CON
PFMP,11/29,3520,GRVL-G
LRZN,14/32,2950,grass
RO-0003,16/34,3300,Grass
RO-0004,15/33,2560,grass
LRSP,12/30,1970,grass
LRCB,18/36,2592,grass
RO-0010,04/22,3445,grass
RO-0011,09/27,3000,Grass
RO-0017,05/23,2400,grass
RO-0023,09/27,4921,Grass
RO-0031,10/28,890,GRS
RO-0107,11/29,8202,CON
LRBA,04/22,1509,GRS
RO-0124,005/185,20,concrete
ROAH,18L/36R,9840,ASP
ROAH,18R/36L,8858,ASPH
RODE,04/22,4780,COR
RODE,05/23,1200,PSP
RODN,05L/23R,12100,ASP
RODN,05R/23L,12100,CON
ROIG,04/22,6562,CON
ROKJ,03/21,6562,ASP
ROKR,02/20,2625,ASPH-CONC
ROMD,02/20,4921,ASP
ROMY,04/22,6560,ASP
RORA,01/19,2625,UNK
RORE,04/22,4920,ASP
RORE,05/23,4961,U
RORH,02/20,2625,UNK
RORK,03/21,4921,ASP
RORS,17/35,9842,ASP
RORT,18/36,4921,ASP
RORY,14/32,4340,ASP
ROTM,06/24,9000,ASP
ROYN,08/26,4920,ASP
RP12,08/26,3281,CON
RP15,04/22,3937,CON
RP16,12/30,3540,BIT
RP17,17/35,3937,CON
RPEN,15/33,3280,CON
RPLA,01/19,3937,CON
RPLB,07/25,9003,ASP
RPLC,02L/20R,10499,CON
RPLC,02R/20L,10499,CON
RPLE,05/23,5010,Concrete
RPLH,04/22,6890,Concrete
RPLI,01/19,9120,CON
RPLJ,05/23,3400,unpaved
RPLK,05/23,8202,PEM
RPLL,06/24,12261,CON
RPLL,13/31,7408,CON
RPLN,02/20,3280,Macadam
RPLQ,,,
RPLS,07/25,7769,ASP
RPLT,18/36,2628,CON
RPLU,07/25,4135,ASP
RPLV,05/23,5249,ASP
RPMA,16/34,4396,ASP
RPMB,01/19,5577,ASP
RPMC,10/28,6234,ASP
RPMD,05/23,9842,ASP
RPME,12/30,6877,CON
RPMF,05/23,3937,CON
RPMG,02/20,6273,CON
RPMH,07/25,3945,ASP
RPMI,02/20,4593,CON
RPMJ,09/27,4144,ASP
RPML,01/19,8050,ASP
RPMN,02/20,6102,PEM
RPMO,03/21,5720,PEM
RPMP,02/20,6574,ASP
RPMQ,14/32,5330,CON
RPMR,17/35,10587,CON
RPMS,18/36,5603,CON
RPMW,03/21,4765,CON
RPMY,09/27,6890,Concrete
RPMZ,09/27,8560,ASP
RPNS,01/19,4167,CON
RPSB,16/34,3529,concrete
RPSM,16/34,3642,CON
RPSP,03/21,8202,Asphalt
RPSV,04/22,5915,CON
RPUA,13/31,,
RPUB,09/27,5912,CON
RPUD,06/24,3773,ASP
RPUF,03/21,8433,ASP
RPUG,08/26,3422,ASP
RPUH,10/28,6024,CON
RPUI,14/32,2970,Paved
RPUL,03/21,4953,PEM
RPUM,16/34,4265,ASP
RPUN,04/22,4599,CON
RPUO,06/24,4101,ASP
RPUQ,02/20,3890,ASP
RPUR,05/23,3937,ASP
RPUS,01/19,3937,CON
RPUT,17/35,6455,CON
RPUV,06/24,5118,CON
RPUW,16/34,4785,ASP
RPUX,17/35,2953,Paved
RPUY,12/30,6890,CON
RPUZ,09/27,3937,COP
RPVA,18/36,7014,ASP
RPVB,03/21,6562,CON
RPVC,17/35,4843,CON
RPVD,09/27,6220,ASP
RPVE,06/24,5905,CON
RPVF,04/22,4429,CON
RPVG,07/25,7919,ASP
RPVI,02/20,8202,ASP
RPVJ,04/22,4199,ASP/CON
RPVK,05/23,7175,CON
RPVM,04L/22R,8399,CON
RPVM,04R/22L,10860,ASP
RPVO,18/36,6120,CON
RPVP,09/27,8530,CON
RPVR,14/32,6201,CON
RPVS,18/36,3937,PEM
RPVU,03/21,4560,PEM
RPVV,08/26,3300,COP
RPVW,02/20,3935,CON
LYZP,13/31,2133,grass
RS-0010,18/36,1312,G
OERS,15L/33R,12139,ASP
OERS,15R/33L,3281,ASP
RU-0001,08/26,8530,CON
RU-0002,10/28,8202,CON
RU-0003,06/24,9843,CON
XIAB,09/27,8202,CON
RU-0010,17/35,6561,CON
RU-0011,05/23,6562,concrete
RU-0015,02/20,9842,CON
RU-0016,15/33,9842,CON
RU-0018,11/29,8202,CON
UWOI,08/26,8202,CON
RU-0023,08/26,8202,CON
RU-0028,09/27,9841,CON
UNKN,E/W,4200,ASP
UNKN,H,77,ASP
RU-0033,04/22,11482,CON
RU-0034,15/33,5248,CON
UIIR,14/32,8530,CON
RU-0043,01/19,8202,CON
UWKP,02/20,4100,ASP
USMQ,13/31,7989,CON
RU-0058,04/22,4100,CON
RU-0059,12/30,7218,CON
RU-0060,06/24,8203,CON
RU-0061,02/20,1607,ASP
RU-0065,13/31,6562,CON
RU-0068,08/26,1640,CON
UNQK,08/26,1969,Turf
RU-0084,04/22,2789,Earth
RU-0088,05/23,3871,CON
RU-0088,12/30,4823,CON
RU-0089,04/22,9842,CON
UUBG,17/35,4900,concrete
RU-0095,08/26,7217,CON
RU-0101,08/26,8530,CON
UNRR,05/23,3363,concrete
UNNM,02/20,3937,Grass
UNNM,06/24,2644,
RU-0114,04/22,6560,CON
XWWO,04/22,8202,CON
UHII,08/24,8202,CON
RU-0134,04/22,2133,Dirt
RU-0136,02/20,8202,CON
RU-0137,10/28,3608,CON
UHIU,03/21,8202,CON
URKT,08/26,8203,CON
RU-0171,03/21,2593,CON
RU-0184,05/23,2789,Grass
RU-0185,08/26,1312,Concrete
RU-0189,08/26,1970,CON
RU-0190,11L/29R,1640,CON
RU-0190,11R/29L,1640,CON
RU-0195,01/19,6562,'concrete'
RU-0204,14/32,1969,Ground
RU-0205,02/20,2001,Ground
RU-0206,09/27,1969,
RU-0208,07/25,1968,Ground
RU-0209,./.,,
RU-0211,05/23,8219,concrete
UUDG,01R/19L,2345,Concrete
UUMW,14/32,2952,grass
RU-0240,08/26,9842,CON
RU-0257,01/19,6561,CON
RU-0276,03/21,2500,grs
RU-0282,08/26,9842,CON
RU-0283,09/27,3609,Ground
RU-0283,18/36,2133,Ground
XHHP,03/21,8202,CON
RU-0298,06/24,8136,CON
RU-0299,05/23,8202,CON
RU-0303,07L/25R,8202,CON
RU-0303,08R/26L,11483,CON
RU-0304,09/27,3855,CON
RU-0307,12L/30R,8202,CON
RU-0307,12R/30L,8202,CON
RU-0312,08/26,4430,CON
RU-0313,11/29,8202,CON
UHWV,03/21,8202,CON
UHWV,03C/21C,2297,CON
UHWV,03L/21R,3609,C0N
XHIL,16/34,12138,CON
RU-0333,09/27,6562,CON
RU-0345,06/24,4430,CON
RU-0365,04/22,2295,ASP
RU-0368,08/26,4101,ASP
RU-0372,05/23,8203,CON
RU-0380,12L/30R,13123,CON
RU-0380,12R/30L,8038,CON
RU-0393,02/20,1968,CON
RU-0408,./.,,
ULOR,01L/19R,2000,ASP
ULOR,01R/19L,2025,GRS
RU-0454,01/19,1246,ASP
UINO,15/33,5577,CON
UNIM,09/27,4275,CON
RU-0517,04/22,984,GRE
RU-0538,04/22,9186,CON
RU-0576,14H/32H,350,concrete
RU-0591,,4000,
RU-0703,05/23,3282,CON
RU-0743,05/23,7875,CON
UNBO,17/35,853,Dirt
RU-0845,07/25,8200,concrete
RU-0917,09/27,,
RU-0918,./.,,
RU-0929,12/30,2225,Gravel
UNHU,05/23,9186,Gravel
UNHU,H1/H1,328,GVL
RU-0940,03/21,2051,Dirt
RU-0958,06/24,1312,ASP
RU-10000,07/25,6562,CON
RU-10009,./.,,
RU-10015,15/33,2460,A
RU-10020,07/25,1968,Asphalt
XLMK,11/29,8202,concrete
RU-10047,08/26,6562,CON
UUBL,02/20,6233,CON
XLLL,05/23,9842,CON
RU-10050,08/26,5904,CON
ULAE,13/31,4758,CON
RU-10052,04/22,5905,CON
UUWE,13/31,9800,concrete
ULNR,01/19,6561,CON
RU-10056,17/35,11482,CON
RU-10057,14/32,11482,CON
RU-10058,17/35,8202,CON
UUBD,06/24,9842,CON
URRW,13/31,5249,CON
RU-10062,05/23,8203,CON
RU-10063,02/20,5412,CON
ULWR,10/28,4429,CON
ULAT,14/32,2133,Dirt
ULMX,13/31,2133,Ground
ULAV,12/30,1804,Ground
RU-10076,08/26,8202,CON
URKE,08/26,11810,CON
URRM,09/27,8203,CON
RU-10109,08/26,6562,
UUCT,04/22,2755,asphalt
RU-10119,04/26,2165,Soil
RU-10136,15/33,3379,steel mats
UIBM,13/31,2379,Dirt
RU-10168,12/30,59,ASP
UHWR,09/27,1968,Earth
UUCN,06/24,1490,grass
UUCN,11/29,1985,grass
RU-1051,11/29,,asphalt runway.
RU-1071,11/29,8858,CON
RU-1110,01/19,7874,CON
RU-1221,01/19,8202,CON
XHSO,02/20,8202,CON
RU-2244,16/34,11482,CON
RU-2249,11/29,8202,CON
RU-2344,02/20,6562,CON
RU-3288,07/25,8202,CON
UUFO,07/25,6562,CON
RU-3693,07/25,8202,CON
XWSB,06/24,8197,CON
XNKG,06/24,8202,CON
RU-4111,12/33,8202,CON
RU-4339,16/34,8202,CON
XWKD,16/34,7710,CON
RU-4464,01/19,11482,CON
ULDA,16/34,8202,CON
RU-4609,08/26,8202,CON
UIAI,11/29,8858,CON
RU-4936,13/31,6562,CON
RU-4948,17/35,3610,GRAVEL
XHIS,18/36,8202,CON
RU-5259,08L/26R,1640,CON
RU-5259,08R/26L,1640,CON
RU-5276,03/21,8202,CON
RU-5672,10/28,9842,CON
RU-6153,10/28,11155,CON
XWON,11/29,8202,CON
RU-6558,05/23,6562,Concrete
XIUW,08/26,9842,CON
RU-6687,17/35,7217,CON
RU-6878,02/20,9842,CON
RU-7218,01/19,8202,CON
XIAS,09/27,9841,CON
XSSN,08/26,8202,CON
USCU,18/36,8202,CON
RU-8363,11/29,11483,CON
RU-8499,04/22,11482,CON
RU-8602,04/22,11475,CON
RU-8604,09/27,8202,CON
RU-8974,07/25,2131,CON
RU-9129,01/19,11482,CON
ULLK,04/22,8203,CON
RU-9937,06/24,8203,CON
RU-9942,16/34,9842,CON
RU-9991,04/22,8202,CON
RU-9991,04R/22L,6400,GRS
RU-9991,08/26,4330,GRS
RU-9992,./.,,
RU-9993,05/23,2953,UNK
RU-9993,13L/31R,8579,UNK
RU-9993,13R/31L,8579,UNK
RU-9997,./.,,
RU-9997,04/22,8202,ASP
S00,04/22,1555,TURF-F
S00,10/28,1200,TURF-F
S00,16/34,2675,TURF-G
S04,13/31,2575,TURF-G
KS09,06/24,3550,ASPH-TRTD-F
S16,14/32,4500,SAND-F
S18,04/22,2400,ASPH-G
S28,10/28,3000,ASP
S30,16/34,2747,ASPH-F
S31,16/34,2905,ASPH-G
S35,04/22,2533,ASPH-G
KS37,10/28,2750,ASPH-G
S43,15L/33R,2672,ASPH-G
S43,15R/33L,2430,TURF-E
S49,10/28,2100,GRVL-F
S49,18/36,3872,GRVL-F
S51,11/29,2400,ASPH-G
S60,16/34,10000,WATER
S60,18/36,3000,WATER
S66,13/31,2901,ASPH-G
S68,09/27,2500,ASPH-F
S74,NW/SE,4000,WATER-G
S76,11/29,15000,WATER-E
S76,15/33,15000,WATER
KS77,18/36,2450,TURF-G
KS79,09/27,3600,TURF-G
S81,04/22,4650,DIRT-F
S82,14/32,1900,TURF-G
S86,07/25,1930,TURF-F
S88,06/24,2050,TURF-F
S89,07/25,2800,ASPH-G
S90,14/35,2600,TURF-GRVL-P
KS92,04/22,2650,TURF-F
S93,07/25,2379,ASPH-G
SA-0008,05/23,4125,
OEKN,16/34,7972,ASP
SA-0053,17CH/35CH,,
SA-0053,17H/35H,,
SA-0053,17LH/35RH,,
SA-0053,17RH/35LH,,
OEKA,16/34,,
SA-0076,4/22,,
SA-0081,13/31,7086,ASP
SA-0087,09/27,4600,Asphalt
SA-0087,15L/33R,10000,Concrete
SA-0087,15R/33L,10000,Asphalt
SA01,3/21,5085,ASP
SA02,15/33,7242,ASP
SA03,1/19,3281,CON
SAAK,17/35,4150,ASP
SA05,18/36,5453,ASP
SA05,18L/36R,3650,GRE
SA06,3/21,4921,CON
SA07,10/28,5873,ASP
SA07,16/34,,Dirt
SA10,16/34,4921,CON
SA11,7/25,6348,ASP
SA12,17/35,2461,ASP
SA13,5/23,4593,ASP
SAEM,18/36,5472,ASP
SAEM,4/22,2031,GRE
SAEM,9/27,1968,GRE
SA16,05/23,3901,ASP
SA17,01L/19R,3051,ASP
SA17,01R/19L,2782,GRE
SA20,9/27,3117,ASP
SA21,4/22,4101,ASP
SA22,18/36,3609,ASP
SA23,6/24,6070,ASP
SA24,8/26,5873,ASP
SA25,10/28,3609,ASP
SA25,6/24,3609,ASP
SA26,17/35,3609,ASP
SA29,9/27,6562,ASP
SA31,18/36,3543,ASP
SA31,9/27,2654,GRE
SAFV,3/21,4921,ASP
SA33,8/26,3937,ASP
SA34,01/19,4494,GRE
SA34,04/22,5323,GRE
SA34,13/31,5739,GRE
SA34,8/26,5413,ASP
SA35,7/25,5020,ASP
SA36,13/31,3281,GRE
SA36,18/36,3934,CON
SA38,10/28,5249,ASP
SA39,11/29,4050,ASP
SA40,18/36,5413,ASP
SA42,18/36,5905,ASP
SA44,7/25,5413,ASP
SA45,13/31,4921,ASP
SA46,18/36,6234,ASP
SA47,08/26,3500,SNO
SAAA,6/24,2953,GRE
SAAC,4/22,5249,ASP
SAAG,03/21,,UNK
SAAG,1/19,4364,ASP
SAAN,13/31,2854,GRE
SAAN,4/22,3937,ASP
SAAP,1/19,6890,ASP
SAAR,02/20,9842,CON
SAAU,18/36,3904,GRE
SAAV,3/21,7628,ASP
SABE,13/31,7710,PEM
SACA,16/34,4232,ASP
SACC,14/32,4101,GRE
SACD,05/23,3806,GRE
SACE,02/20,4400,Asphalt
SACE,07/25,5134,Dirt
SACO,01/19,10499,CON
SACO,05/23,7218,ASP
SAOI,3/21,3609,GRE
SADF,5/23,5909,ASP
SADJ,16/34,7874,ASP
SADL,14/32,3904,ASP
SADL,2/20,4682,ASP
SADM,02/20,9350,ASP
SADO,18/36,5905,ASP
SADP,17/35,6923,CON
SADQ,18/36,3281,GRE
SADZ,17/35,3396,GRE
SADZ,9/27,2133,GRE
SAEA,4/22,2953,ASP
SAEL,1/19,3281,GRE
SAEL,9/27,3609,GRE
SAET,2/20,3934,ASP
SAEZ,11/29,10827,ASP
SAEZ,17/35,10187,ASP
SAFR,01L/19R,3632,GRE
SAFR,01R/19L,3691,CON
SAFR,6/24,3606,GRE
SAFS,11/29,6562,CON
SAHC,12/30,4921,ASP
SAHE,4/22,5249,GRE
SAHR,9/27,7073,ASP
SAHS,10/28,4921,ASP
SAHZ,9/27,7218,ASP
SAMA,17/35,4921,GRE
SAME,18/36,9301,CON
SAMM,14/32,8694,ASP
SAMM,9/27,4757,ASP
SAMR,11/29,6923,ASP
SANC,02/20,9186,ASP
SANE,3/21,7946,ASP
SANL,3/21,9383,ASP
SANO,17/35,6890,ASP
SANR,01/19,8232,ASPHALT
SANT,02/20,11483,CON
SANU,18/36,8071,ASP
SANW,5/23,4429,GRE
SAOC,05/23,7431,ASP
SAOC,18/36,6808,ASP
SAOD,02/20,3122,GRE
SAOD,17/35,4593,ASP
SAOE,18/36,3182,GRE
SASQ,16/34,8769,ASP
SAOM,7/25,3937,ASP
SAOR,10/28,7874,ASP
SAOR,6/24,7874,ASP
SAOS,2/20,8366,CON
SAOU,19/01,9678,ASP
SARC,2/20,6890,CON
SARE,3/21,9088,ASP
SARF,4/22,5905,ASP
SARI,13/31,10827,ASP
SARL,18/36,7415,ASP
SARM,18/36,4068,GRE
SARM,18L/36R,4323,GRE
SARP,02/20,7388,ASP
SARS,03/21,5905,Concrete
SARV,13/31,3937,GRE
SASA,02/20,9842,ASP
SASA,06/24,7874,ASP
SASJ,16/34,9698,ASP
SASO,1/19,4839,ASP
SAOL,16/34,8858,ASP
SAST,02/20,4921,ASP
SATC,1/19,3937,GRE
SATD,1/19,4695,ASP
SATG,4/22,7415,ASP
SATI,2/20,2297,GRE
SATM,03/21,5909,ASP
SATO,17/35,5905,ASP
SATR,02/20,4101,CON
SATR,10/28,9186,CON
SATU,01/19,7054,ASP
SAVA,5/23,3494,GRE
SAVB,18/36,4265,ASP
SAVC,7/25,9219,CON
SAVD,10/28,3478,GRE
SAVD,2/20,3150,GRE
SAVD,6/24,4961,GRE
SAVE,5/23,7874,ASP
SAVE,8/26,3937,GRE
SAVH,9/27,4593,ASP
SAVJ,7/25,6890,ASP
SAVM,09/27,3219,GRE
SAVM,14/32,3937,GRE
SAVN,12/30,5905,ASP
SAVQ,6/24,3773,GRE
SAVR,8/26,4593,GRE
SAVS,2/20,4593,GRE
SAVT,07/25,8399,CON
SAVV,10/28,8366,ASP
SAVV,2/20,4954,ASP
SAVY,5/23,8202,ASP
SAWB,06/24,4134,GRE
SAWC,7/25,8366,CON
SAWD,6/24,4921,ASP
SAWE,7/25,6562,ASP
SAWG,08/26,9022,CON
SAWH,7/25,9186,CON
SAWJ,07/25,6562,CON
SAWM,9/27,4921,GRE
SAWP,07/25,2790,GRE
SAWP,10/28,5577,ASP
SAWP,11/29,4405,GRE
SAWR,9/27,4921,GRE
SAWS,6/24,3937,GRE
SAWS,9/27,4921,GRE
SAWT,06/24,6340,ASP
SAWT,14/32,3937,GRE
SAWT,18/36,3937,GRE
SAWU,07/25,6561,ASP
SAWU,08/26,3960,GRE
SAWU,11/29,2977,GRE
SAWU,17/35,4227,GRE
SAWU,7Z/25Z,6562,ASP
SAZA,17/35,4593,GRASS
SAZA,9/27,1968,GRASS
SAZB,06/24,6496,ASP
SAZB,17L/35R,7907,ASP
SAZB,17R/35L,4915,ASP
SAZC,17/35,4265,ASP
SAZD,19/01,3799,GRE
SAZD,5/23,2821,GRE
SAZE,18/36,4856,GRE
SAZE,4/22,3642,GRE
SAZF,04/22,7218,ASP
SAZF,13/31,3478,GRE
SAZG,03/21,2789,GRE
SAZG,16/34,7710,ASP
SAZH,14/32,2953,GRE
SAZH,18/36,3934,ASP
SAZH,4/22,2461,GRE
SAZI,14/32,3689,GRE
SAZI,2/20,3937,ASP
SAZJ,18/36,3478,GRE
SAZJ,8/26,3379,GRE
SAZL,17/35,4921,ASP
SAZM,13/31,7218,ASP
SAZN,9/27,8432,ASP
SAZO,13/31,2621,GRE
SAZO,17/35,3609,GRE
SAZO,18/36,4921,ASP
SAZP,18/36,4921,ASP
SAZQ,11/29,2231,GRE
SAZQ,5/23,4528,GRE
SAZR,1/19,7546,ASP
SAZS,11/29,7703,ASP
SAZT,1/19,8366,CON
SAZV,11/29,5220,ASP
SAZW,3/21,4052,ASP
SAZW,7/25,5558,ASP
SAZX,13/31,3934,GRE
SAZX,18/36,2621,GRE
SAZY,06/24,8205,ASP
SB-0001,09/27,2644,Coral
SNMH,15/33,4250,ASP
SB29,06/24,4921,ASP
SBAA,8/26,5906,ASP
SBAC,09/27,5906,ASP
SBAE,17/35,6594,ASP
SBAF,8/26,6565,CON
SBAM,7/25,5003,ASP
SBAN,06L/24R,10827,ASP
SBAN,06R/24L,7326,ASP
SBAQ,17/35,5907,ASP
SBAR,12/30,7218,ASP
SBAT,3/21,8202,ASP
SBAU,5/23,6955,ASP
SBAX,16/34,6234,ASP
SBBE,03/21,6004,ASP
SBBE,07/20,108,CON
SBBE,07/25,9186,ASP
SBBG,14/32,3770,GRS
SBBG,6/24,4921,CON
SBBH,13/31,8333,ASP
SBBI,18/36,4560,ASP
SBBP,16/34,3936,ASPH
SBBQ,18/36,5774,ASP
SBBR,11L/29R,10499,ASP
SBBR,11R/29L,10827,ASP
SNBA,08/26,5906,ASP
SBBU,14/32,4921,ASP
SBBV,8/26,8858,ASP
SBBW,7/25,5243,ASP
SSBZ,7/25,4265,ASP
SBCA,15/33,5810,ASP
SBCB,10/28,8366,ASP
SBCC,12/30,8527,ASP
SBCD,2/20,5331,ASP
SBCF,16/34,11811,ASP
SBCG,06/24,8530,CON
SBCG,H06,74,CON
SBCH,11/29,6758,ASP
SBCI,11/29,5906,ASP
SBCJ,10/28,6562,ASP
SSIM,9/27,4882,ASP
SBCN,9/27,6890,ASP
SBCO,13/31,9026,ASP
SBCP,07/25,5066,ASPH
SBCR,09/27,4921,ASP
SBCT,11/29,5899,ASP
SBCT,15/33,7277,ASP
SSCV,6/24,5020,ASP
SBCX,15/33,5479,ASP
SBCY,17/35,7546,ASP
SBCZ,10/28,7874,ASP
SBDB,18/36,6562,ASP
SBDN,12/30,6923,ASP
SBDO,06/24,6398,ASP
SBEG,11/29,8858,ASPH 71/F/C/X/T
SBEK,8/26,5249,ASP
SBES,7/25,5906,CON
SBFI,15/33,8875,ASP
SBFL,03/21,4331,CON
SBFL,14/32,7874,ASP
SBFN,12/30,6053,ASP
SBFS,13/31,144,CON
SBFZ,13/31,9039,ASPH
SBGL,10/28,13123,CON
SBGL,15/33,10433,ASP
SBGM,17/35,5889,ASP
SBGO,14/32,7500,ASP
SBGP,02L/20R,5906,ASPH
SBGP,02R/20L,9843,ASPH
SBGR,10L/28R,12139,ASP
SBGR,10R/28L,9843,ASP
SSGG,8/26,5315,ASP
SBGV,07/25,5581,ASPH
SBGW,2/20,5089,ASP
SBHT,7/25,6572,ASP
SBIC,14/32,4970,ASP
SBIH,05/23,5577,ASP
SBIL,11/29,5174,ASP
SBIP,05/23,6575,ASPH
SBIT,18/36,5741,ASP
SBIZ,7/25,5899,ASP
SBJA,05/23,8199,ASP
SBJD,18/36,4593,ASPH
SBJE,08/26,7218,ASPH
SBJF,03/21,5036,ASP
SBJH,12/30,8104,ASP
SBJI,3/21,5906,ASP
SBJP,16/34,8251,ASP
SBJR,03/21,2952,ASP
SBJU,13/31,6365,ASP
SBJV,15/33,5381,ASP
SBKG,15/33,5135,ASP
SBKP,15/33,10630,ASP
SBLE,14/32,6831,ASP
SBLJ,16/34,5020,ASP
SWXQ,14/32,5577,ASP
SBLO,13/31,6890,ASP
SBLP,18/36,3973,ASP
SBLS,13/31,6037,ASP
SBMA,7/25,6562,ASP
SWIQ,5/23,4183,ASP
SBMD,8/26,5906,ASP
SBME,6/24,3937,ASP
SBMG,10/28,7783,ASP
SBMK,12/30,6890,ASP
SBML,3/21,4921,ASP
SBMN,9/27,7119,ASP
SBMO,12/30,8537,ASP
SBMQ,8/26,6890,ASP
SBMS,5/23,6562,ASP
SBMT,12/30,5249,ASP
SBMY,5/23,4199,ASP
SBNF,08/26,5906,ASP
SBNM,12/30,5331,ASP
SBNT,12/30,5987,ASP
SBNT,16L/34R,8530,ASP
SBNT,16R/34L,5905,ASP
SBOD,07/25,4921,ASP
SBOE,12/30,3117,Earth
SBOI,3/21,3937,ASP
SBOL,13/31,4265,Earth
SBOO,08/26,3182,Earth
SBOP,25/-,69,ASP
SBOR,18/36,3346,ASP
SBOU,09/27,3281,Earth
SBOW,12/30,3117,GVL
SBOX,06/24,3281,GRS
SBOY,15/33,1968,GRS
SBPA,11/29,10499,ASP
SBPB,9/27,6890,ASP
SBPC,9/27,4970,ASP
SBPF,09/27,5512,ASP
SBPG,08/26,4692,ASP
SBPJ,,,
SBPJ,14/32,8202,ASP
SBPK,07/25,6496,CON
SBPK,15/33,4035,Earth
SBPL,13/31,9055,ASP
SDPE,5/23,5577,ASP
SBPO,07/25,5318,ASP
SBPP,04/22,6562,ASP
SBPR,9/27,3045,ASP
SBPS,10/28,6562,ASPH
SBPV,1/19,7874,ASP
SBQB,09/27,5906,Earth
SBQC,12/30,3937,GVL
SBQH,11/29,3937,GVL
SBQN,16/34,3281,Earth
SBQO,09/27,1968,Earth
SBQP,10/28,3500,Earth
SBQR,17/35,3934,Earth
SBQT,09/27,3281,GVL
SBQX,18/36,3281,Earth
SBQY,01/22,87,CON
SBQZ,20/-,66,CON
SBRB,07/25,7080,ASP
SBRD,02/20,6070,ASP
SBRF,18/36,9865,ASP
SBRJ,02L/20R,4134,ASP
SBRJ,02R/20L,4341,ASP
SBRP,18/36,6890,ASP
SSRS,11/29,,Asph
SBSC,5/23,8986,ASP
SBSG,12/30,9843,ASP
SBSI,3/21,5348,ASP
SBSJ,16/34,8780,ASP
SBSL,06/24,7828,ASP
SBSL,09/27,4803,ASP
SBSM,02/20,4638,ASP
SBSM,11/29,8839,CON
SBSN,10/28,7874,ASP
SBSO,05/23,5577,ASP
SBSP,17L/35R,4905,ASP
SBSP,17R/35L,6365,ASP
SBSR,7/25,5381,ASP
SBST,17/35,4560,ASP
SBSV,10/28,9859,ASP
SBSV,17/35,4987,ASP
SBTA,08/26,6170,ASP
SBTB,9/27,5249,ASP
SBTC,2/20,6234,ASP
SBTD,2/20,5479,ASP
SBTE,2/20,7218,ASP
SBTF,15/33,7218,ASP
SBTG,07/25,6562,ASP
SBTK,14/32,3707,ASP
SSVL,2/20,5906,ASP
SSTE,05/23,4944,ASP
SBTS,10/28,6562,ASP
SBTT,12/30,7054,ASP
SBTU,2/20,6562,CON/ASP
SBTV,15/33,4921,ASP
SBUA,5/23,8530,ASP
SBUF,14/32,5906,ASP
SBUG,4/22,2625,GRS
SBUG,9/27,4921,ASP
SBUL,4/22,6398,ASP
SBUR,17/35,5771,ASP
SBUY,09/27,4331,ASP
SBVG,04/22,6890,ASP
SBVH,03/21,8530,ASP
SBVT,02/20,6752,ASPH
SBVT,06/24,5742,ASPH
SBYA,6/24,5249,ASP
SBYS,02C/20C,6923,ASP
SBYS,02L/20R,6916,ASP
SBYS,02R/20L,6916,ASP
SBZM,08/26,8284,ASP
SBZM,8/26,8284,ASP
SC-0009,17/35,4291,concrete
SC00,03/21,7000,TURF
SC02,H1,61,ASPH/ CONC
SC03,03/21,2800,TURF
SC04,H1,50,CONC
SC06,18/36,1200,DIRT
SC07,13/31,2675,ASPH-TURF
SC09,H1,40,CONC
SC10,H1,40,CON
SC11,H1,40,ASPH/ CONC
SC12,16/34,2500,TURF
SC13,12/30,3300,TURF
SC14,12/30,1700,TURF
SC15,04/22,3100,TURF
SC16,01/19,2600,TURF
SC17,13/31,2400,TURF
SC18,H1,30,CONC
SC19,NE/SW,3150,TURF
SC1A,08/26,10165,CON
SC20,14/32,1500,TURF
SC21,04/22,1500,TURF
SC21,18/36,3300,TURF
SC22,H1,65,CONC
SC22,H2,50,CONC
SC23,02/20,2700,TURF
SC23,16/34,1500,TURF
SC24,05/23,2100,ASPH-TURF
SC25,H1,39,Deck
SC26,03/21,1800,TURF
SC27,05/23,3000,TURF
SC29,15/33,3000,TURF
SC30,H1,50,GRASS / SOD
SC31,H1,50,CONC
SC34,18/36,2900,TURF
SC35,11/29,3400,TURF
SC37,09/27,2700,TURF
SC38,10/28,3340,TURF
SC39,12/30,2850,TURF
SC40,18/36,2700,TURF
SC41,15/33,3720,TURF
SC42,17/35,3000,CONC-TURF
SC43,09/27,1400,TURF
SC44,08/26,3000,TURF
SC45,09/27,3000,TURF-F
SC46,10/28,2600,TURF
SC47,05/23,3200,TURF
SC48,18/36,3700,TURF
SC51,15/33,2600,TURF
SC53,H1,500,GRASS / SOD
SC54,H1,88,CONC
SC55,01/19,2600,TURF
SC56,17/35,2400,TURF
SC59,H1,100,CONC
SC60,04/22,2800,TURF
SC61,09/27,2600,TURF
SC62,H1,40,CONC
SC63,H1,30,CONC
SC64,H1,50,ASPH/ CONC
SC65,15/33,2400,TURF
SC68,H1,50,GRASS / SOD
SC69,16/34,3000,TURF
SC71,H1,50,CONC
SC72,03/21,3700,ASPH
SC73,H1,50,CONC
SC74,18/36,1700,TURF-G
SC75,10/28,1800,TURF
SC76,03/21,2600,TURF
SC77,H1,90,ASPH/ CONC
SC78,16/34,2400,TURF-G
SC79,03/21,4000,TURF
SC81,08/26,2250,ASPH-F
SC82,10/28,2400,TURF-G
SC83,H1,50,CONC
SC85,H1,60,GRASS / SOD
SC86,15/33,2380,TURF-G
SC87,13/31,3000,TURF
SC88,17/35,1500,TURF
SC89,04/22,2500,TURF
SC90,14/32,3200,TURF
SC91,09/27,2150,TURF
SC92,10/28,2200,TURF
SC94,04/22,2660,TURF
SC95,07/25,5000,TURF
SC96,10/28,1000,TURF
SC98,12/30,2700,TURF
SC99,09/27,3000,ASP
SCAA,16/34,1969,GRASS
SCAB,9/27,1673,GRASS
SCAC,17/35,3937,CON/PAD
SCAD,7/25,2297,GRV
SCAE,09/27,3937,ASP
SCAG,18/36,3281,GRV
SCAH,17/35,2460,GRV
SCAJ,2/20,1739,GRASS
SCAK,13/31,2133,GRASS
SCAL,11/29,1641,GRASS
SCAL,6/24,1641,GRASS
SCAM,12/30,2215,GRV/GRASS
SCAN,5/23,2467,ASP
SCAO,8/26,2690,GRASS
SCAP,07/25,2874,ASP
SCAQ,9/27,2756,GRASS
SCAR,03/21,9186,ASP
SCAS,7/25,4167,ASP
SCAT,17/35,7218,ASP
SCAU,18/36,1946,GRE
SCAY,3/21,2067,PAD
SCAZ,10/28,1641,GRASS
SCBA,09/27,8205,ASP
SCBB,1/19,2146,GRV/PAD
SCBC,11/29,1969,GRASS
SCBD,11/29,2461,GRV/GRASS
SCBE,14/31,5380,ASP
SCBI,8/26,2625,ASP
SCBL,12/30,1640,Dirt
SCBN,17/35,1969,GRASS
SCBQ,02/20,6024,CON
SCBR,7/25,2756,GRASS
SCBS,7/25,3281,GRE
SCBT,7/25,1322,GRASS
SCBV,18/36,2133,GRV/GRASS
SCCA,18/36,2858,ASP
SCCA,9/27,2297,GRV/GRASS
SCCB,1/19,2953,GRE
SCCC,12/30,3937,ASP
SCCE,2/20,2330,GRE
SCCF,10/28,9974,ASP
SCCG,10/28,1969,GRE
SCCH,04/22,5740,ASP
SCCI,01/19,5504,ASP
SCCI,07/25,9154,ASP
SCCI,12/30,7875,ASP
SCCK,6/24,1903,PAD
SCCL,11/29,3936,ASP
SCCM,8/26,2756,ASP
SCCN,18/36,2297,GRE
SCCQ,2/20,2461,GRE
SCCR,4/22,1969,PAD
SCCS,3/21,2297,GRASS
SCCT,6/24,2625,GRE
SCCU,18/36,4922,GRASS
SCCV,11/29,2625,ASP
SCCY,03/21,5072,ASP
SCDA,01/19,10991,ASP
SCDD,15/33,1936,GRE
SCDH,9/27,1641,GRE
SCDI,4/22,1969,GRE
SCDL,16/34,1476,GRE
SCDM,2/20,1870,GRE
SCDQ,14/32,3117,GRASS
SCDS,5/23,1641,GRE
SCDW,04/22,3937,ASP
SCDW,12/30,4905,ASP
SCEA,1/19,1641,GRE
SCEB,12/30,1969,PAD
SCEC,02/20,4199,ASP
SCED,1/19,2789,GRV
SCED,8/26,2789,GRV
SCEG,11/29,1641,GRV
SCEK,14/32,2133,GRE
SCEL,17L/35R,12303,ASP
SCEL,17R/35L,12303,ASP
SCEO,3/21,1969,GRE
SCEP,7/25,1739,GRE
SCER,02/20,3937,CON
SCER,18/36,8038,concrete
SCES,09/27,7546,ASP
SCEV,10/28,1706,GRASS
SCEX,7/25,2133,PAD
SCEY,11/29,1805,PAD
SCFA,01/19,9186,ASP
SCFC,5/23,2559,GRV/GRASS
SCFF,12/30,2297,GRE
SCFI,3/21,1641,GRASS
SCFJ,4/22,1476,GRV
SCFK,9/27,1969,GRV/GRASS
SCFL,3/21,2953,GRE
SCFM,03/21,2614,GVL
SCFM,09/27,8202,ASP
SCFO,11/29,2133,GRE
SCFR,18/36,2690,GRASS
SCFS,8/26,2067,GRV
SCFT,09/27,3110,ASP
SCFU,13/31,3117,PAD
SCFX,11/29,6562,ASP
SCGA,18/36,1641,GRASS
SCGB,9/27,1641,GRASS
SCGC,18/36,9843,Ice
SCGE,18/36,5577,ASP
SCGF,11/29,1641,GRV
SCGH,18/36,1969,GRE
SCGI,17/35,2297,GRV/MAICILLO
SCGL,18/36,2625,PAD
SCGM,2/20,1854,GRE
SCGN,14/32,1887,GRV/GRASS
SCGO,18/36,2625,ASP
SCGS,16/34,3117,CLAY
SCGU,13/31,3937,GRV
SCGV,4/22,1821,GRE
SCGY,17/35,1965,GRASS
SCGZ,08/26,4724,ASP
SCHA,9/27,5446,ASP
SCHC,5/23,3281,GRE
SCHD,2/20,1641,PAD
SCHE,18/36,2461,GRASS
SCHG,10/28,1969,GRE
SCHK,17/35,1641,GRASS
SCHL,6/24,2008,GRE
SCHM,11/29,2297,SAND/GRASS
SCHN,1/19,2625,GRASS
SCHO,4/22,1969,GRV
SCHP,3/21,3232,GRASS
SCHR,07/25,3346,ASP
SCHT,2/20,1591,GRV/GRASS
SCHU,4/22,2297,GRE
SCHW,14/32,1870,PAD
SCIA,16/34,1969,PAD
SCIB,16/34,1969,PAD
SCIC,01/19,2625,ASP
SCID,5/23,2264,PAD
SCIE,02/20,8530,ASP
SCIE,02R/20L,6470,ASP
SCIF,11/29,1969,GRASS
SCIH,12/30,2231,ASP
SCII,15/33,2067,GRASS
SCIK,17/35,2477,GRASS
SCIL,02/20,3740,ASP
SCIM,18/36,2625,CON
SCIO,4/22,1969,PAD
SCIP,10/28,10827,ASP
SCIR,14/32,2822,ASP
SCIS,2/20,2625,CON
SCIT,8/26,2198,PAD
SCJC,7/25,1641,GRE
SCJK,8/26,2198,GRASS
SCJO,15/33,6398,ASP
SCJS,02/20,1640,GRS
SCKA,6/24,1870,GRV/GRASS
SCKB,7/25,1641,GRASS
SCKD,7/25,4134,ASP
SCKE,4/22,2083,GRE
SCKI,3/21,1969,GRE
SCKL,16/34,1476,GRE
SCKM,17/35,1772,GRE
SCKO,18/36,1969,GRV/GRASS
SCKP,10/28,3393,BIT
SCKP,17/35,10499,ASP
SCKQ,9/27,2034,GRASS
SCKT,13/31,1969,GRV
SCLA,,3900,GRS
SCLB,18/36,2625,ASP
SCLC,08/26,1805,ASP
SCLD,12/30,3445,ASP
SCLE,10/28,7874,PAD
SCLF,12/30,1969,GRASS
SCLG,4/22,2461,GRE
SCLI,2/20,2477,ASP
SCLJ,18/36,2953,GRV
SCLK,11/29,2494,GRASS
SCLL,10/28,4624,ASP
SCLM,16/34,2379,GRASS
SCLN,1/19,3281,GRE
SCLO,14/32,1969,PAD
SCLQ,8/26,2526,GRE
SCLR,8/26,1641,PAD
SCLS,18/36,1739,Grass
SCLT,08/24,2204,Dirt
SCLU,1/19,1969,GRE
SCLV,17/35,1641,GRE
SCLY,5/23,3143,PAD/GRASS
SCMA,8/26,1969,GRASS
SCME,8/26,1837,GRE
SCMF,6/24,2461,GRASS
SCMG,18/36,2674,GRASS
SCMH,17/35,2297,PAD
SCMK,18/36,2625,ASP
SCML,6/24,3281,GRE
SCMO,4/22,2362,GRE
SCMP,8/26,1745,GRE
SCMR,18/36,2625,GRV
SCMS,2/20,1969,GRASS
SCMU,5/23,2274,GRV
SCMV,3/21,2690,GRE
SCMZ,3/21,1739,GRE
SCNA,4/22,2854,GRE
SCND,16/34,2083,GRASS
SCNH,10/28,1641,GRASS
SCNI,2/20,2133,GRASS
SCNK,2/20,2953,ASP
SCNM,18/36,2953,GRASS
SCNO,13/31,2297,GRASS
SCNT,10/28,5786,ASP
SCNY,11/29,2067,GRASS
SCOA,17/35,1969,GRE
SCOB,8/26,1969,GRE
SCOC,17/35,1969,GRASS
SCOE,9/27,1641,GRE
SCOH,16/34,4265,ASP
SCOL,11/29,1641,GRV/GRASS
SCOM,5/23,1640,grass
SCON,4/22,3937,ASP
SCOO,12/30,1969,PAD
SCOP,18/36,1870,GRASS
SCOT,07/25,3084,ASP
SCOV,04/22,3773,UNK
SCOY,15/33,2920,GRV/PAD
SCPA,1/19,3937,GRV
SCPB,5/23,1887,CON
SCPC,09/27,5576,ASP
SCPE,14/32,6560,ASP
SCPF,1/19,3281,PAD/CON
SCPG,2/20,2198,GRASS
SCPH,18/36,3445,PAD
SCPI,2/20,3281,GRAIN
SCPK,13/31,1969,PAD
SCPL,17/35,2198,GRE
SCPM,04/22,1939,ASPH
SCPN,1/19,1247,GRE
SCPO,2/20,1641,GRE
SCPQ,17/35,6562,ASPH
SCPR,1/19,1969,GRASS
SCPS,7/25,5289,ASP
SCPT,17/35,2198,GRV
SCPU,2/20,2080,GRASS
SCPV,15/33,2559,ASP
SCPW,10/28,2001,GRE
SCPY,7/25,2953,GRASS
SCQC,3/21,2625,GRASS
SCQE,13/31,1969,PAD
SCMC,7/25,2395,GRE
SCQK,18/36,2385,ASP
SCQL,1/19,1640,GRASS
SCQM,14/32,1969,GRV/GRASS
SCQO,5/23,1969,GRV
SCQP,01/19,8005,ASPH
SCQR,17/35,2297,Sand
SCQT,17/35,3590,ASP
SCQW,18/36,1772,PAD
SCQX,2/20,2034,PAD
SCQY,09/27,3084,ASP
SCRA,09/27,3985,ASP
SCRB,9/27,2297,PAD
SCRC,6/24,2953,PAD
SCRD,18/36,2789,ASP
SCRE,5/23,2625,PAD
SCRF,1/19,2953,ASP
SCRG,03/21,5258,ASPH
SCRH,15/33,1641,GRE
SCRI,12/30,1841,PAD
SCRL,17/35,1969,GRASS
SCRM,11/29,4238,GRE
SCRN,2/20,2165,PAD/GRASS
SCRO,9/27,1969,GRE
SCRP,16/34,3019,GRE
SCRQ,18/36,1969,GRASS
SCRR,15/33,1969,GRASS
SCRS,11/29,3281,UNK
SCRT,18/36,2559,GRE
SCRU,17/35,1969,PAD
SCRV,8/26,2625,GRASS
SCRW,3/21,2953,GRE
SCRZ,11/29,1805,GRASS
SCSA,17/35,1312,GRV
SCSB,01/19,3937,GRE
SCSB,07/25,4921,GRE
SCSD,02/20,3117,GRV/ASP
SCSE,12/30,6358,ASP
SCSF,16/34,3445,ASPH
SCSG,9/27,1641,GRV
SCSH,2/20,2658,GRASS
SCSJ,17/35,1923,ASP
SCSK,17/35,2297,GRASS
SCSM,9/27,9187,GRV
SCSN,05/23,2625,ASP
SCSO,14/32,2110,PAD/GRASS
SCSP,11/29,2034,GRE
SCSQ,6/24,1673,GRASS
SCSR,7/25,1969,PAD
SCSS,8/26,3609,PAD
SCST,15/33,3281,GRASS/PAD
SCSU,8/26,1969,GRASS
SCSV,16/34,2198,GRV
SCSZ,12/30,2133,PAD
SCTA,16/34,1969,GRV/GRASS
SCTB,01/19,3280,ASP
SCTC,06/24,5577,ASP
SCTE,17/35,8694,CON
SCTH,5/23,2576,GRASS
SCTL,03/21,3660,ASP
SCTM,10/28,2625,GRE
SCTN,01/19,3937,ASP
SCTO,01/19,3478,ASP
SCTP,12/30,2297,PAD
SCTQ,13/31,2854,GRV
SCTR,18/36,2625,ASP
SCTS,1/19,2625,GRV
SCTT,15/33,3920,ASP
SCTU,3/21,2083,GRE
SCTW,3/21,1641,GRV/GRASS
SCUI,15/33,1969,GRE
SCUL,17/35,1969,GRV
SCUM,3/21,1641,GRASS
SCUN,4/22,2786,GRE
SCUP,3/21,2756,GRASS
SCUR,1/19,2625,GRASS
SCUT,16/34,2756,GRV
SCUZ,13/31,2149,GRV
SCVA,1/19,1936,GRV
SCVB,11/29,2297,GRV/GRASS
SCVC,3/21,2953,GRV
SCVD,17/35,6870,ASP
SCVE,4/22,2723,PAD
SCVF,16/34,2756,GRE
SCVG,6/24,1870,GRASS
SCVH,3/21,3281,GRE
SCVI,15/33,3281,ASP
SCVJ,11/29,1969,GRE
SCVK,13/31,2625,GRE
SCVL,17L/35R,4101,CON
SCVM,05/23,5760,ASP
SCVN,10/28,2658,ASP
SCVO,6/24,2133,GRASS
SCVQ,7/25,1969,GRASS
SCVS,18/36,1969,PAD
SCVT,9/27,2182,GRV/ASP
SCVV,18/36,2297,GRASS
SCXA,15/33,1969,GRV
SCXB,9/27,2625,GRE
SCXR,12/30,2133,GRASS
SCYB,18/36,3281,UNK
SCYC,18/36,1641,GRE
SCYL,17/35,1969,GRASS
SCYR,3/21,2297,GRASS
SCYU,2/20,1641,GRASS
SCZB,12/30,2461,ASP
SCZC,7/25,1476,GRE
SCZE,16/34,2149,GRV
SD-0017,02R/20L,13123,ASP
SD00,18/36,3000,TURF
SD01,09/27,2000,ASPH
SD01,18/36,3000,TURF
SD02,H1,40,Turf
SD03,09/27,1400,TURF
SD03,18/36,1050,TURF
SD04,H1,40,Mats
SD05,17/35,2850,TURF
SD06,H1,40,CON
SD07,H1,40,Mats
SD08,18/36,4593,Earth
SD09,H1,65,CONC
SD0D,23,66,CON
SD0E,12/30,2625,Earth
SD0F,2,59,GRS
SD0G,09/27,3937,Earth
SD0J,20,66,CON
SD0L,20,59,CON
SD0M,17/35,2624,Earth
SD0Q,06/24,4659,Earth
SD0S,20,69,CON
SD1,H1/-,80,ASP
SD10,11/29,5579,ASP
SD11,03/21,2625,Earth
SD13,12/30,2528,TURF-P
SD14,09/27,3000,TURF
SD15,9/27,2400,Turf
SD17,H1,40,CONC
SD18,H1,120,CON
SD19,18/36,3100,TURF
SD1A,21,69,CON
SD1B,17/35,1969,GVL
SD1C,04/22,2626,Earth
SD1F,11/29,3117,Piçarra
SD1G,12,66,CON
SD1I,03/21,3281,GVL
SD1J,13/31,2461,Earth
SD1K,06/24,3933,Earth
SD1L,01/19,4102,Earth
SD1M,04/22,2625,Earth
SD1N,04/22,3607,Earth
SD1P,11/19,3938,Piçarra
SD1Q,04/22,985,Earth
SD1R,13/31,2622,GVL
SD1S,04/22,2625,GVL
SD1T,20,108,CON
SD1U,02/20,1641,GRS
SD1V,05/23,3660,Earth
SD1X,13/31,2953,GVL
SD1Z,05/23,2621,ASP
SD20,H1,40,Turf
SD21,14/32,2100,TURF
SD23,H1,150,ASPH/ CONC
SD24,09/27,3150,TURF
SD24,10/28,3860,TURF
SD26,H1,100,GRASS / SOD
SD2E,06/24,3281,GVL
SD2F,10/28,3937,GVL
SD2G,03/21,1215,GRS
SD2H,20/-,79,CON
SD2I,12/30,2625,GVL
SD2J,04/22,2621,Earth
SD2L,17/35,2789,GRS
SD2M,06/24,3510,ASPH
SD2P,12/30,3937,Earth
SD2Q,06/24,2953,GRS
SD2T,02/20,4265,Earth
SD2U,10/-,64,CON
SD2V,04/22,3609,Earth
SD2W,02/20,2625,GRS
SD2X,18/36,3445,Earth
SD2Y,08/26,4265,GVL
SD2Z,04/22,2297,GRS
SD31,04/22,3118,GVL
SD32,9/27,1070,Turf
SD33,04/22,2000,GVL
SD33,11/29,4800,ASP
SD34,13/31,3937,Earth
SD35,09/27,3000,Grass
SD36,09/27,1340,TURF
SD36,13/31,2000,TURF
SD38,16/34,3609,GVL
SD3E,04/22,3609,GVL
SD3F,11/-,69,CON
SD3L,13/31,1312,GVL
SD3M,11/29,2297,GVL
SD3N,04/22,2133,GRS
SD3Q,13/31,4593,GVL
SD3R,06/24,3609,GVL
SD3S,15/33,2297,Earth
SD3T,02/-,79,CON
SD3U,01/19,4101,GVL
SD3W,12/30,1968,GVL
SD3Y,05/23,3018,GRS
SD3Z,10/28,4593,ASP
SD40,H1,48,CONC
SD41,11/29,4750,TURF
SD43,07/25,1800,TURF
SD43,12/30,2000,TURF
SD43,17/35,1800,TURF
SD44,E/W,1300,Turf
SD44,NW/SE,2640,TURF
SD45,H1,25,CONC
SD46,N/S,2400,TURF
SD47,NW/SE,2000,TURF
SD48,06/24,1700,TURF
SD48,14/32,2375,TURF
SD49,17/35,2100,TURF
SD4E,08/26,4593,GVL
SD4F,06/24,3281,GVL
SD4G,01/19,1640,Earth
SD4O,13/31,3117,Dirt
SD4S,18/-,69,CON
SD4U,16/34,2953,GRS
SD4V,08/26,2625,Earth
SD4W,10/28,3773,Earth
SD4X,26/-,66,CON
SD4Y,02/20,2461,Earth
SD4Z,08/26,2297,GRS
SD50,15/33,2250,ASPH-TURF-G
SD52,H1,40,PIERCED STEEL PLANKING / LANDING MATS / MEMBRANES
SD53,18/36,1906,TURF
SD54,H1,30,CONC
SD55,12/30,2700,TURF
SD57,E/W,2400,TURF
SD57,N/S,2600,TURF
SD57,NW/SE,2400,TURF
SD58,H1,30,ASPH/ CONC
SD5B,14/32,3936,GRS
SD5C,05/23,3610,GVL
SD5D,04/22,2953,GVL
SD5E,08/26,2623,Piçarra
SD5F,05/26,64,CON
SD5G,03/21,2658,Earth
SD5I,12/30,2954,GVL
SD5J,29,75,CON
SD5K,01/19,1905,GRS
SD5L,20,79,CON
SD5M,04,59,CON
SD5N,17/35,3609,Earth
SD5P,03,59,GRS
SD5R,09/27,2952,Earth
SD5S,01/19,2621,GVL
SD5U,03/21,3774,GVL
SD5V,06/24,2625,GVL
SD5X,8,59,CON
SD5Z,07/25,2232,Earth
SD61,09/27,2545,TURF
SD64,H1,40,ASPH/ CONC
SD65,01/19,2300,TURF
SD67,H1,30,CONC
SD68,NW/SE,3400,TURF
SD69,H1,100,CONC
SD6A,17/35,3609,Clay
SD6E,07/25,1804,GVL
SD6F,34/-,69,CON
SD6G,13/31,2625,Earth
SD6J,09/27,2625,Earth
SD6K,02/20,2625,GVL
SD6O,34,79,CON
SD6P,4/22,3937,ASP
SD6R,31/-,72,CON
SD6S,06/24,2789,Earth
SD6U,18/36,3937,Earth
SD6V,18/36,3609,ASP
SD6X,17/25,2953,Earth
SD6Y,02/20,2625,GRS
SD6Z,16/34,2953,Earth
SD70,15/33,3937,Earth
SD71,E/W,1200,TURF
SD71,NW/SE,2500,TURF
SD72,13/31,800,TURF
SD72,18/36,1300,TURF
SD74,15/33,2600,TURF-P
SD76,03/21,2100,GRAVEL
SD76,12/30,1400,GRAVEL
SD78,12/30,2900,TURF
SD7B,04/22,2133,GVL
SD7E,18/36,3937,Shaly Clay
SD7F,06/24,2297,Earth
SD7G,16/34,2953,ASP
SD7I,15/-,59,CON
SD7J,09/27,3281,GVL
SD7K,11/-,66,CON
SD7L,17/35,3281,Earth
SD7M,11/29,3281,ASP
SD7N,05/23,1640,GRS
SD7O,10/28,3281,GVL
SD7P,06/24,3934,GVL
SD7Q,12/30,4921,ASP
SD7S,03/21,2953,GVL
SD7V,18/36,79,GRS
SD7X,06/24,2953,GVL
SD7Y,25,59,CON
SD7Z,08/26,3281,Piçarra gravel
SD80,H1,40,CONC
SD83,17/35,3400,TURF
SD86,H1/H1,20,CONC
SD87,H1,120,ASPH/ CONC
SD8A,18/36,2624,GRS
SD8B,03/21,3281,GRS
SD8D,26/-,66,CON
SD8E,04/22,2953,GVL
SD8G,03/21,2953,GVL
SD8J,36/-,64,CON
SD8K,11/29,1968,Earth
SD8L,09/29,108,CON
SD8M,06/24,64,CON
SD8N,02/20,2592,GVL
SD8P,18/36,2953,GVL
SD8Q,15/33,3281,Earth
SD8R,06/24,2953,Earth
SD8S,16/34,3281,Piçarra gravel
SD8U,02/20,3937,Earth
SD8V,11/29,2625,Shale/Clay
SD8W,15/33,2300,GVL
SD8X,11/29,4264,GVL
SD8Y,10/28,2789,Piçarra Gravel
SD8Z,04/22,3609,GVL
SD90,09/27,1200,GRVL-TURF
SD91,H1,20,GRASS / SOD
SD92,H1,34,CONC
SD93,09/27,1500,GRVL
SD93,13/31,4000,GRVL
SD94,09/27,2600,TURF
SD96,H1,233,CONC
SD97,13/31,3000,TURF-DIRT
SD98,14/32,3200,TURF
SD9A,02/20,2625,GVL
SD9E,14/32,1968,GVL
SD9F,14/32,1312,GVL
SD9G,12/30,2625,GVL
SD9H,11,64,CON
SD9I,11/29,1640,Earth
SD9J,24,69,CON
SD9K,12,66,GRS
SD9M,06/24,3084,Earth
SD9N,28,46,GRS
SD9P,12/30,2756,Earth
SD9Q,05/23,1312,Earth
SD9R,04/22,3937,Earth
SD9S,15/33,3937,Earth
SD9T,7,69,CON
SD9V,08/26,1968,Earth
SD9X,36,71,CON
SD9Z,02/20,4265,GVL
SDA1,10/28,2625,Piçarra
SDA2,18,69,CON
SDA3,13/31,2132,GVL
SDA6,12/30,1739,GRS
SDA7,13/31,2789,GVL
SDA8,07/25,3937,Earth
SDA9,08/26,1476,GRS
SDAA,12/30,3773,ASP
SDAC,5/-,75,CON
SDAD,9/27,3773,ASP
SDAE,14/32,3281,GRE
SDAF,10/28,3281,ASP
SDAG,10/28,2995,ASP
SDAH,17,66,CON
SDAI,12/30,3609,ASP
SDAJ,13/31,5020,ASP
SDAJ,17/35,3609,GRS
SDAM,16/34,3937,ASP
SDAN,12/30,2625,ASP
SDAP,18/31,69,CON
SDAS,7/25,4199,ASP
SDAU,4/22,62,CON
SDAW,14/27,66,CON
SDAX,24/33,66,MET
SDB1,18/36,2473,Piçarra
SDB2,15/33,2625,Earth
SDB3,15/33,3937,Earth
SDB4,17/35,2953,GVL
SDB5,09/27,3286,GVL
SDB6,09/-27,69,CON
SDB7,02/20,3281,Earth
SDBA,13/31,3609,Earth
SDBB,13/31,4921,ASP
SDBC,9/36,79,CON
SDBF,7/25,66,MET
SDBG,4/14,59,GRS
SDBH,2/12,59,CON
SDBK,1/19,3281,ASP
SDBL,18/27,69,CON
SDBM,27,66,MET
SDBN,01/19,2001,ASP
SDBO,23,69,CON
SDBP,16/34,3937,ASP
SDBQ,H1,59,Concrete
SDBV,16/34,1969,GRS
SDBW,16/29,59,CON
SDBY,11/29,4823,Earth
SDC0,09/27,4593,GVL
SDC1,17/35,59,CON
SDC2,09/27,3937,GVL
SDC3,02/20,2789,Earth
SDC4,14/32,2625,Piçarra gravel
SDCA,16/34,3527,ASP
SDCD,6/24,3232,ASP
SDCG,4/22,3937,CON
SDCL,2/20,1969,GRE
SDCM,9/27,4265,GRE
SDCN,16,33,CON
SDCO,01/19,5348,ASP
SDCP,5/16,79,GRS
SDCQ,3/12,66,CON
SDCR,9/27,1837,GRE
SDCS,9/27,98,CON
SIFO,1/19,1640,GRE
SDCU,11/29,2592,ASP
SDCV,27/36,62,MET
SDCW,14/32,3281,GRE
SDCY,16/30,75,CON
SDCZ,11/29,3904,GRS
SDD1,24,64,CON
SDD3,06/24,3182,Earth
SDD4,10/28,2625,GRS
SDD5,11/29,4267,Earth
SDD6,11/29,4265,ASP
SDD9,11/29,1640,Piçarra gravel
SSNZ,15/33,3281,GRE
SDDE,01/19,3281,GVL
SDDG,15,59,CON
SDDH,27,79,CON
SDDJ,18/36,2953,GRS
SDDK,7/25,2625,GRS
SDDN,11/29,4921,ASP
SDDO,17/H1,59,CON
SDDR,9/27,4921,ASP
SDDT,8/35,85,CON
SDDV,7/25,2493,GRE
SDDX,08/26,4432,ASP
SDDX,10/28,2461,GRE
SDDY,7/34,79,GRS
SDE1,02/20,3609,GVL
SDE3,35,66,CON
SDEA,1/14,66,CON
SDED,13/31,1969,GRS
SDKR,4/30,79,CON
SDEI,06/21,69,CON
SDEJ,6/24,1903,ASP
SDEK,7/24,69,GRS
SDEL,13/31,59,CON
SDEM,18/36,2297,GRS
SDEN,15/33,4067,ASP
SDEO,17/35,4921,ASP
SDEP,5/23,3314,ASP
SNVO,30/35,69,CON
SDER,15/33,1640,GRE
SDES,1/19,3369,GRE
SDET,02/20,2789,GRE
SDEU,03,59,CON
SDEW,H1/H1,66,CON
SI4S,09D/27A,4449,Dirt
SDEY,26,69,CON
SDEZ,1/19,75,CON
SDF0,08/26,3281,Earth
SDF2,09/27,2953,GVL
SDF6,19/34,64,CON
SDF9,02/20,2625,GVL
SDFC,18/36,3281,GRE
SDFD,8/26,3281,ASP
SDFH,11/29,3281,GRS
SDFJ,H1,69,Concrete
SDFK,11/29,2625,GRS
SWAL,16/34,2133,GRE
SNSF,5/23,2461,TER
SDFO,13/22,72,GRS
SDFP,7,59,CON
SDFQ,10/28,69,CON/MET-ROOF
SDFS,7/34,69,CON/GRS
SDFT,15/33,1640,ASP
SDFU,3/21,1969,GRE
SDFV,7/16,59,MET
SDFW,08/23,69,CON
SDFX,12/30,3609,ASP
SDG1,02/20,2953,GVL
SDG3,17/35,4593,ASP
SDG4,09/18,92,CON
SDG5,02/20,2958,Earth
SDG6,13/31,105,CON
SDG7,35/20,109,CON
SDG8,05/26,108,CON
SDG9,06/32,110,CON
SNLP,15/33,59,CON
SDGB,13/31,3445,GRE
SDGC,01/19,3281,Eartth
SDGD,22/31,79,CON/GRS
SDGE,7/31,66,MET
SDGG,H1,69,Concrete
SDGI,11/20,79,CON
SN68,16/34,2461,GRS
SJE2,07/25,1969,GRS
SDGL,1/28,69,CON
SDGO,36,72,CON
SDGS,09/36,59,CON
SDGW,5/28,69,CON
SDGY,15/33,1969,GRS
SDGZ,7/27,69,MET
SDH1,15/36,64,CON
SDH2,12/30,5249,ASP
SDH3,08/26,2953,GVL
SDH6,09/27,3281,GVL
SDH7,09/31,108,CON
SDH8,11/29,108,CON
SDH9,,70,GRS
SDHA,H1/H1,66,CON
SDHB,9,69,CON
SDHC,17/35,1640,GRS
SDHD,15/29,62,ASP
SDHE,5/23,1804,GRE
SDHF,H1/H1,64,CON
SDHG,16/29,79,GRS
SDHI,3/18,69,MET
SSPQ,2/12,79,CON
SDHL,5/18,59,CON
SDTN,13/26,59,CON
SDHO,9/32,75,CON
SDHQ,7/34,59,ASP
SDHR,14/32,2461,GVL
SDHT,2/11,59,CON
SDHU,9/36,59,CON
SDHV,06,63,CON
SDHW,22-28/35,59,CON
SDHX,15/33,1494,Dirt
SDHY,16/25,66,CON
SDHZ,10/19,66,CON
SDI2,10/28,3937,GVL
SDI4,06/24,3937,GVL
SDI6,27,69,CON
SDI7,05/23,2297,GRS
SDI8,17/35,3281,GVL
SDI9,01/19,3281,GRS
SDIB,3/21,2789,ASP/GRS
SIU3,01/19,2297,ASP
SDIG,13/31,3937,ASP
SDIH,13/31,2461,GRE
SDII,09/30,79,CON
SDIL,6/24,3445,ASP
SDIM,15/33,4429,Asphalt
SDIO,1/19,4265,ASP
SDIP,08/26,1969,GRS
SDIQ,24/33,62,GRS
SDIS,13,69,CON
SDIT,04/14,69,MET
SDIV,17/35,4429,ASP
SDIW,10/22,59,CON
SJNN,11/23,69,CON
SDIY,13/31,4921,ASP
SDJ2,02/20,2625,GVL
SDJ3,04/22,4265,ASP
SDJ6,11,66,CON
SDJ7,10/28,1968,GRE
SDJ9,16/34,3117,Clay/Sand
SDJA,7/25,4593,ASP
SDJB,27/H1,69,CONC
SDJC,07/25,3150,Earth
SDJF,12/30,2297,GRE
SIUT,H1/H1,66,CONC
SDJI,5/14,85,CON
SDKG,9/18,59,CON
SDJL,2/20,3478,ASP
SDJM,4/31,59,GRS
SDJN,16/34,1969,GRS
SDJO,14/32,4508,ASP
SI3M,11/29,59,ASP
SDJQ,5/23,4593,ASP
SDJS,13/31,2691,Dirt
SDJT,21,59,CON
SDJU,02,66,MET
SDJV,4/22,4101,ASP
SDJW,4/25,66,CON
SDJX,03/21,3293,Dirt
SDJX,17/35,4593,Earth
SIYE,10/28,3281,GRE
SDK1,34,66,CON
SDK2,15/33,2953,Earth
SDK3,01/19,4921,Earth
SDK6,10/28,984,Clay/Sand
SDK7,12/30,4265,ASP
SDK9,10/28,2625,GRS
SDKA,13/31,1418,Dirt
SSCB,09/27,3786,Graded Earth
SDKD,15/24,59,CON
SSQK,16/34,1969,GRE
SDKI,27/36,69,MET
SDKJ,13/31,4593,ASP
SDKK,4/22,3281,GRE
SDKL,13/31,3280,GVL
SDKM,2/15,62,MET
SDKO,18/36,3937,ASP
SWAN,18/36,2953,GRS
SDKQ,11/29,2428,GRS
SDKT,15/35,62,CON/MET
SDKV,3/21,69,CON
SDBD,7/25,2625,TER
SJXG,18/36,3937,
SDKY,08,69,CON
SDKZ,11/29,2017,GRE
SDL0,18/36,3937,Earth
SDL3,04/22,3937,ASP
SDL6,15/33,3609,ASP
SDL7,03/21,2067,ASP
SDL8,11/29,3281,GRS
SDL9,06/24,2625,GRS
SDLA,16/34,66,CON/GRS
SDLB,20/29,59,MET
SJ2Y,09/27,3386,GRS
SIKG,17/35,66,CON
SDLE,16/34,3937,GVL
SDLF,8/35,79,CON
SJ7Z,12/30,3937,GVL
SDLK,14/32,3937,ASP
SDLL,09/27,4370,ASP
SDLO,12/30,2461,CON
SDLP,07/25,4147,ASP
SDLU,12/30,4593,ASP
SD99,15/33,3281,Earth
SDLX,11/29,4265,Earth
SDLY,16/34,2461,GRE
SDM0,09/27,2622,Earth
SDM1,07/25,3938,Earth
SDM2,14/32,3281,Earth
SDM3,14/32,3937,GVL
SDM6,06/24,2953,GRS
SDM7,10/28,3609,GVL
SDM8,03/21,3937,ASP
SDM9,10/28,4921,ASP
SDA4,6/24,1969,GRS
SDMB,13/31,59,ASP
SBMI,09/27,3917,ASP
SDMD,18/36,2625,GRVL
SDME,13/31,3609,ASP
SDLQ,35,66,CON
SDMG,18/36,1690,GRS
SDMH,07/25,3281,Earth
SDMI,19/28,66,MET
SDMJ,12/30,4921,GRE
SDMM,02/20,1686,GRE
SDMO,17/35,3181,TER
SIKC,8/17,62,GRS
SDMR,5/23,2205,SAND
SDMS,12/33,69,GRS
SDMT,18,59,MET
SDMU,33,64,CON
SDMV,02/20,5089,ASPH
SDMW,12/30,1969,TER
SDMX,6/24,3609,GRVL
SDMY,09/27,4921,ASP
SDMZ,14/36,69,CON
SDN3,09/27,69,CON
SDN4,11/29,2953,GVL
SDN6,10/28,3281,Earth
SDN8,23,69,GRS
SDN9,06/24,59,CON
SDNA,09/27,4265,ASP
SDND,03/21,1968,Earth
SDNE,14/32,2133,GRS
SDNH,13/31,3281,GRS
SDNI,18/36,2100,ASP
SDNJ,6/24,2887,Earth
SDNK,11/29,3281,ASP
SDNM,05/23,5052,ASP
SDNN,23/32,59,CON
SDNO,13/31,3281,ASP
SDNP,9/18,59,CON
SDNQ,09/27,3281,GRS
SDNQ,11/29,3117,ASP
SDNR,2/25,59,CON
SDNT,03/21,3970,ASP
SDNU,20/35,69,CON
SDNV,3/21,2953,GRASS
SDO2,35/19,59,CON
SDO3,17/35,3281,Earth
SDO6,08/26,3281,Earth
SDO7,02/20,59,CON
SDO8,08/28,66,CON
SDO9,04/22,2297,Earth
SDOA,12/30,2624,Earth
SDOB,13/31,4068,ASP
SDOC,12/35,59,CON
SDOD,11/29,2297,Earth
SDOE,09/27,1968,Earth
SDKS,14,66,CON
SDOG,26/35,62,CON
SJS8,2/11,66,CON
SDOI,6/24,2297,GRE
SDOK,12/35,64,CON
SDOL,01/19,3609,ASP
SDON,16/34,59,CON
SDOP,9/36,66,MET
SDOQ,12/30,3609,Earth
SDOR,16/34,2953,GRE
SDOT,2/29,62,CON
SDOU,16/34,4921,ASP
SDOV,17/35,4921,ASP
SDOW,14/32,3937,ASP
SWOX,11/29,2953,CON
SI8J,06/24,3281,GVL
SDP2,12/30,3681,Earth
SDP3,17/35,2625,GVL
SDP4,18/36,2953,Earth
SDP6,03/21,3281,Earth
SDP7,17/35,4593,ASP
SDP9,11/29,3117,Earth
SDPA,03/21,4167,ASPH
SDOH,8/35,79,CON
SDPC,11/29,2624,TER
SDPD,6/24,2461,GRS
SDPI,15/33,1740,Dirt
SDPK,14,62,CON
SDPL,2/22,79,CON
SDPM,06/27,98,CON
SDPN,15/33,4921,ASP
SDPO,13/22,59,CON
SDPT,16/25,62,CON
SDPU,3/12,92,CON
SDPV,14/32,3937,GRE
SDPW,17/35,3937,ASP
SDPX,12/30,1995,GRE
SDPY,3/21,2822,GRE
SDPZ,17/35,2625,GRE
SDQ5,36,66,CON
SDQ7,11/29,4593,Earth
SDQ8,09,66,GRS
SDQ9,08/26,2789,ASP
SDQC,1/19,69,CON
SSDR,3/30,62,CON
SDZE,9/18,39,CON
SDQG,5/23,3609,GRS
SDQI,24,72,CON
SSUZ,15/25,66,CON
SDQK,05/23,3281,GRS
SDQL,2/20,3609,ASP
SSUE,4/28,69,ASP
SDQO,11/24,62,CON
SDQP,12/33,59,CON
SDQQ,15/33,3609,ASP
SIYT,20/30,62,CON
SIWS,3/21,3281,GRE
SIHP,13/31,2297,TER
SDQY,21/30,69,CON
SDQZ,11/29,4593,ASP
SDR1,16/34,3281,Earth
SDR2,11/29,2953,GVL
SDR4,26,66,CON
SDR7,13/31,164,CON
SDR8,03/21,1804,Earth
SDR9,01/19,4921,Earth
SDRA,16/34,2454,GRS
SDRB,12/36,59,CON
SDRC,4/22,2953,ASP
SDRE,9/27,59,CON
SDRF,5/23,2789,GRS
SDRG,1/10,82,GRS
SDRH,16/34,2625,GVL
SDRI,17/35,69,CON
SDRJ,9/18,79,ASP
SDRK,03/21,3435,Earth
SDRK,04,69,GRS
SDRM,13/31,1398,GRS
SDRN,5/20,75,MET
SDRP,07/25,1312,GRE
SDRR,15/33,4856,ASP
SDRS,8/26,4265,ASP
SDRT,08/26,2855,Dirt
SDRU,15/33,31,ASP
SJ8J,02/20,2953,GRE
SI6O,6/24,3609,GRS
SDS2,18/36,2953,ASP
SDS3,05/23,3281,GVL
SDS4,18/36,4265,Earth
SDS7,01/19,4921,GVL
SDS8,07/25,3117,GVL
SDS9,01/19,3281,Earth
SDSA,09/27,3937,GRS
SDSC,2/20,4790,ASP
SDSD,12/30,1968,Earth
SDSE,17/35,1969,GRS
SDSM,11/29,2854,ASP/GRS
SDSN,1/19,69,CON
SDSQ,03/21,2953,ASP
SDSR,20,112,CON
SDST,9/27,2625,GRE
SDSU,7/28,66,GRS
SDSV,15/33,2625,GRE
SDSX,H1,79,Metal
SDSZ,20,79,MET
SDT5,11/29,2953,GVL
SDT7,11/29,1968,GRS
SDT8,12/30,3937,ASP
SDT9,17/35,71,CON
SDTB,2/20,2625,GRE
SDTC,15/35,59,MET
SDTE,17/35,3740,ASP
SDTF,14/32,3609,ASP
SDTG,4/27,69,MET
SDTI,06/24,2461,GRS
SDTJ,27/36,69,MET
SDTK,10/28,2297,ASP
SDTM,13/31,59,CON
SWAS,11/29,1969,GRE
SDTO,17/35,2789,GRS
SDTP,06/24,4921,ASP
SWXK,13/31,3281,GRE
SDTS,2/20,3150,GRS
SDTT,1,62,CON
SDTU,3/14,79,MET
SDTV,9/27,5906,GRE
SDTX,3/21,2625,GRS
SDTY,12/30,5249,ASP
SDU1,01/19,3937,GVL
SDU2,03/21,71,CON
SDU3,07/25,3281,Earth
SDU4,05/23,2910,GVL
SDU6,16/34,3281,Earth
SDU8,01,59,CON
SDU9,09,66,CON
SDUB,9/27,3084,ASP
SDUD,7/25,3281,ASP
SDUF,4/22,2953,GRVL
SDUI,2/21,66,MET
SDUJ,4/16,59,MET
SDUK,18/36,3281,ASP
SDUL,18/36,3116,Asphalt
SDUM,6/24,66,MET
SDUN,07/25,3937,ASP
SDUQ,5/23,3934,GRE
SDUT,25,69,GRS
SDUU,13/31,2953,TER
SDUV,H1,59,CON
SDUW,7,79,CON
SDUX,05/14,59,CON
SDAZ,2/17,79,CONC
SNZL,8/26,2953,GRE
SDV1,04/22,3282,GVL
SDV2,35,59,CON
SDV4,11/29,2303,Piçarra
SDV6,18/36,3937,Earth
SDV9,05/23,3937,ASP
SDVA,16/34,1969,GRE
SDVB,2/20,66,CON
SJWC,11/20,66,CON
SDVD,12,62,GRS
SDVE,14/32,2526,ASP
SDVF,12/30,2258,Dirt
SDVG,5/23,4921,ASP
SDVH,4/22,2428,ASP
SDVI,15/33,2297,GRVL
SDVJ,9/27,3281,GRVL
SDVP,07/25,2083,GRS
SD7D,2/20,3445,GRASS
SDVS,17/35,2953,GRE
SWHW,1/10,62,CON/MET
SDVV,23/32,69,CONC
SDVW,3/21,79,GRS
SDW3,06/24,2953,Earth
SDW4,17/32,59,CON
SDW5,09/27,3291,Piçarra
SDW6,08/25,4593,Earth
SDW7,02/20,2789,GVL
SDW8,01/19,2953,GVL
SDW9,03/21,2625,GVL
SDWA,12/21,59,CON
SDWB,2,69,MET
SDWC,10/28,2625,GRE
SDWH,1/19,4921,ASP
SDWI,14/32,2654,ASPH
SDWK,2/20,2365,ASP
SDWL,6/24,1345,ASP
SDWN,9/27,3281,GRE
SDWO,15/33,1476,GRS
SSAW,2/11,59,CON
SDWT,23/27,79,CON
SDWU,1/19,3937,ASP
SDWV,12/30,3232,Clay
SDWX,03/21,1969,Earth
SDWZ,16/34,2625,GRS
SDX2,10/28,3937,Earth
SDX3,06/24,3281,GRS
SDX4,13/31,3281,GVL
SDX5,04/22,1969,GRS
SDX9,09/27,3281,GVL
SDXA,05/23,1730,Dirt
SSTO,7/25,59,CON
SDXE,5/23,2461,ASP
SDXF,9/27,3937,ASP
SDXH,27,66,CON
SDXJ,09/27,4265,ASP
SDXK,11/29,1477,Dirt
SDXN,H1,66,CON
SDXP,5/18,79,CON
SJZL,15/33,3937,ASP
SDXS,28/35,59,CON
SDXV,22,69,CON
SDXW,10/28,3281,GRE
SDXX,7/34,69,CON
SDY3,02/20,3281,GVL
SDY5,11,63,CON
SDY7,04/22,2953,GVL
SDY8,11/29,2625,GVL
SDY9,08/26,3937,GVL
SDYA,H1/H1,59,CON
SDYB,11/29,3609,ASP
SDYC,6/15,62,GRS
SDYD,2/11,59,GRS
SWDO,4/13,79,GRS
SDYF,1/19,4265,ASP
SDYH,5/14,66,CON
SDYI,17/35,2493,GRE
SDYJ,8/26,2625,GRE
SDYK,23/32,59,CON
SDSO,23/14,69,CON
SDYN,9/27,2625,GRS
SDYO,16/25,62,CON
SDYP,25/34,66,CON
SDYR,17/-,59,CON
SDYS,05/23,1804,GRASS
SDYT,15/33,1641,Dirt
SDYV,6/32,59,CON
SDH4,12/30,4265,ASP
SDYX,13/31,3937,ASP
SDYZ,18/36,59,CON
SDZ1,11,64,CON
SDZ2,05/23,3445,GRS
SDZ5,02/20,3609,GVL
SDZ7,16/34,2297,GVL
SDZ8,10/28,3281,GVL
SDZ9,16/34,3937,GVL
SDZB,33,69,CON
SDZC,01/19,1378,Dirt
SDZD,24/32,79,GRS
SDZF,04/22,1600,GVL
SDZH,4/22,4593,ASP
SDZK,13/31,1148,GRE
SD3K,13/31,4593,ASP
SDZN,17/35,2592,GRE
SDZO,01/19,1657,GRE
SDZR,3/21,2789,GRE
SDZU,15/33,2953,ASP
SDZX,10/28,4265,GRASS
SDZZ,02/20,1919,GRS
SE-0001,12/30,2164,Grass
ESVE,07/25,2624,GRASS
SE-0004,01/19,2500,Pavement
SE-0005,03/21,1560,Asphalt
SE-0005,08/26,1330,Gravel
SE-0005,09/27,2750,Asphalt
SE-0006,01/19,2297,Grass
SE-0010,15/33,2788,Grass
SE-0018,16/34,1902,Grass
SE-0022,11/29,1475,Grass turf
SE-0024,15/33,1967,GRV
SE-0026,16/34,1902,Grass
SE-0045,16/34,2197,Grass
SE-0046,01/19,1968,Grass
ESNF,01/19,1869,Grass
SE-0048,08/26,1640,grass
SE-0049,01/19,1640,grass
SE-0051,07/25,2215,GRS
SE-0057,06/24,3608,Grass
SE-0061,13/31,1311,Grass
SE-0066,01/19,2132,Grass
SE-0069,12/30,1804,Grass
SE-0076,07/25,1312,grass
SE-0085,,,
SE-0086,.06/.24,3248,ASP
SE-0087,,,
ESNH,./.,,
SE-0089,12/30,6562,ASP
SE-0121,06/24,6233,ASP
SEAE,08/26,3281,ASP
SEGB,03/21,3235,ASP
SEEN,11/29,3281,ASP
SEXF,,33,ASP
SEZB,17/35,26,CON
SEXV,14/32,20,CON
SE08,17/35,4265,ASP
SESR,18/36,4265,ASP
SEVN,03/21,3001,ASP
SEKI,01/19,3937,ASP
SEUO,18/36,16,CON
SEXO,,33,CON
SEEL,02/20,3280,ASP
SEBA,10/28,3150,ASP
SEIN,01/19,3073,ASP
SELU,12/30,2953,ASP
SEAB,,2000,ASP
SEAC,,1400,
SEAD,,1600,Dirt
SEAH,01/19,1424,GRS
SEAI,,20,CON
SEAL,13/31,2953,GVL
SEAM,01/19,6316,ASP
SEAQ,06/24,2789,GVL
SEAU,18/36,1312,GRS
SEAV,16/34,52,CON
SEAZ,05/23,2953,ASP
SEBL,03/21,1804,GRS
SEBM,09/27,2297,GVL
SEBP,10/28,2297,ASP
SEBT,18/36,1640,ASP
SEBU,09/27,1627,GRS
SEBW,02/20,1558,GVL
SEBX,05/23,2625,ASP
SEBZ,05/23,4659,ASP
SECC,17/35,2392,ASP
SECD,01/19,2133,ASP
SECG,03/21,2297,GVL
SECI,01/19,2657,ASP
SECK,12/30,2625,Earth
SECM,01/19,3281,ASP
SECO,16/34,6760,ASP
SECQ,15/33,2297,GVL
SECU,06/24,6234,ASP
SEDA,03/21,2493,GVL
SEDB,15/33,3937,GVL
SEDL,,54,CON
SEDM,06/24,1670,GRS
SEDO,13/31,2297,GVL
SEED,07/25,1640,Earth
SEEF,13/31,36,CON
SEEH,,49,CON
SEEK,07/25,1640,Earth
SEEM,,43,CON
SEEO,08X/26,1968,GVL
SEEP,07/25,2625,GVL
SEER,04/22,2625,GVL
SEES,01/19,43,CON
SEET,15/33,1575,Earth
SEEU,11/29,2133,Earth
SEEX,18/36,2625,GVL
SEEZ,13/31,2461,Earth
SEFU,13D/31A,2625,ASP
SEGL,06/24,1968,ASP
SEGO,07/25,3937,GVL
SEGS,14/32,7877,ASP
SEGT,08/26,1552,GRS
SEGU,03/21,9154,ASP
SEGX,14/32,39,CON
SEGZ,15/33,6601,ASP
SEHE,13/31,1286,Earth
SEHF,,33,CON
SEHR,14/32,1640,Earth
SEHS,01/19,1345,Earth
SEHV,08/26,2625,ASP
SEIA,09/27,2625,ASP
SEIE,13/31,1608,Earth
SEIG,11/29,2618,ASP
SEIH,11/29,1312,Earth
SEII,17/35,4921,ASP
SEIM,10/28,3117,GVL
SEIP,05/23,1624,Earth
SEIR,12/30,1936,Earth
SEIT,07/25,1640,Earth
SEIU,13/31,1640,Earth
SEIV,02/20,2297,GVL
SEIW,12/30,1673,Earth
SEIX,10/28,2297,Earth
SEIY,02/20,1640,Earth
SEJD,09/27,8202,ASP
SEJE,18/36,1312,Earth
SEJS,04/22,951,ASP
SEJT,17/35,1411,Earth
SEJZ,17/35,1968,Earth
SEKC,06/24,3445,Earth
SEKC,12/30,1411,Earth
SEKF,11/29,2034,Earth
SEKH,05/23,1443,GRS
SEKK,17/35,3060,ASP
SEKP,16/34,2854,Earth
SEKS,18/36,1476,GRS
SEKU,07/25,1700,Earth
SELJ,03/21,3281,ASP
SELN,,39,CON
SELT,18/36,12117,ASP
SEMA,01/19,3532,ASP
SEMC,01/19,8202,ASP
SEMO,08/26,4725,ASP
SEMT,05/23,9383,ASP
SEMX,09/27,3280,ASP
SEND,06/24,1509,Earth
SENF,15/33,2077,Earth
SENL,05/23,7546,UNK
SEOC,18/36,1394,GRS
SEOI,18/36,2461,GVL
SEOM,16/34,2548,ASP
SEON,10/28,2149,GVL
SEOU,02/20,2953,GRS
SEPC,02/20,5255,ASP
SEPI,04/22,1483,GRS
SEPK,17/35,2028,Earth
SEPS,10/28,3774,ASP
SEPV,12/30,7451,ASP
SEQE,18/36,4450,ASP
SEQM,18/36,13445,CON
SERB,05/23,5250,ASP
SERL,12/30,3281,GVL
SERO,07/25,8625,ASP
SESA,08/26,3707,ASP
SESA,13/31,8629,ASP
SESC,17/35,2297,GRS
SESD,11/29,3668,ASP
SESE,12/30,2122,ASP
SESJ,18/36,2625,GVL
SESK,17/35,1821,Earth
SESL,12/30,3937,ASP
SESM,12A/30D,5052,ASP
SESO,02/20,2625,ASP
SESS,14/32,1444,Earth
SEST,16/34,6214,ASP
SESV,15/33,7227,ASP
SETA,03/21,10015,ASP
SETE,10/28,3937,ASP
SETH,18/36,3602,GVL
SECA,06/24,6725,ASP
SETN,18/36,7874,ASP
SETR,12/30,5151,ASP
SETS,17/35,1650,GRS
SETU,05/23,8071,ASP
SETW,03/21,1598,Earth
SEUA,18/36,951,ASP
SEUD,09/27,1673,Earth
SEUI,18/36,1706,GRS
SEUK,11/29,1476,Earth
SEUN,06/24,1837,GRS
SEUV,15/33,2329,Earth
SEUW,17/35,1509,GRS
SEUY,10/28,1640,Earth
SEUZ,02/20,1312,Earth
SEWA,07/25,2789,Earth
SEWE,10/28,1421,GRS
SEWG,01/19,1936,Earth
SEWI,06/24,1968,Earth
SEWK,02/20,1640,Earth
SEWM,03/21,1739,GRS
SEWN,09/27,1673,Earth
SEWO,13/31,3117,ASP
SEWR,06/24,1870,GVL
SEWU,06/24,1453,GRS
SEWX,07/25,1968,Earth
SEXI,14/32,1739,Earth
SEXK,16/34,1509,Earth
SEXS,06/24,2953,GVL
SEXT,13/31,1640,GVL
SEYH,06/24,1870,Earth
SEYJ,10/28,3281,ASP
SEYK,15/33,1640,Earth
SEYM,13/31,1804,Earth
SEYN,06/24,1555,Earth
SEYP,15/33,1870,GRS
SEYS,16/34,1968,Earth
SEYT,06/24,1204,Earth
SEYW,18/36,1427,Earth
SEYX,12/30,1640,
SEZA,03/21,2297,GRS
SEZD,17/35,46,Hard
SEZE,06/24,3051,Earth
SEZI,15/33,1706,GRS
SEZK,06/24,1804,Earth
SEZM,14/32,1739,GRS
SEZN,17/34,1919,GRS
SEZR,18/36,1968,Earth
SFAL,09/27,3013,ASP
SFAL,18/36,1110,ASP
SG-0002,09/27,7999,
SG-0004,06/24,5500,Asphalt
SG67,03/21,4757,ASP
SGAS,02/20,10997,ASP
SGAY,02/20,6070,ASP
SGCO,03/21,6070,ASP
SGCU,14/32,,
SGEN,02/20,7218,ASP
SGES,05/23,11154,ASP
SGIB,03/21,4987,ASP
SGME,01/19,11483,CON
SGOL,05/23,3281,CON
SGPI,02/20,4920,CON
SGPJ,03/21,5908,ASP
SGST,02/20,5895,ASP
SHAP,,79,CON
SHAP,X,75,CON
SHCM,15/36,48,CON
SHHN,H,85,CON
SHIC,17/35,63,CON
SHLJ,04/22,46,CON
SHPH,04/22,62,CON
SHSG,03/21,66,CON
SI-0001,15/33,1082,grass
SI-0002,15/33,1640,GRS
SI-0003,04/22,2600,grass
SI-0004,17/35,985,grass
SI-0005,04/22,1804,grass
SI-0006,15/33,984,grass
SI-0007,16/34,1804,grass
SI-0008,13/31,494,grass
SI-0009,01/19,1968,grass
SI-0010,11/29,1394,grass
SI-0011,14/32,1804,grass
SI-0012,09/27,1082,grass
SI-0013,08/26,738,grass
SI-0014,15/33,820,grass
SI-0015,09/27,1673,grass
SI-0019,13/31,984,G
SI03,11/29,3281,GVL
SI04,02/20,2954,GVL
SI06,15,69,CON
SI06,33,69,CON
SI07,02/20,1641,GRS
SI09,14/32,2625,GVL
SI0M,34,69,CON
SI10,19,64,GRS
SI11,10/28,2625,Earth
SI12,17,59,CON
SI13,01/19,3938,Earth
SI15,14/32,4266,GVL
SI16,13/31,2624,GVL
SI18,27,58,CON
SI19,03/21,2626,GVL
SI1A,13A/31D,59,CON
SI1B,11/29,3282,GVL
SI1C,04,59,CON
SI1E,11/19,2952,Earth
SI1G,22,59,CON
SI1H,17/35,3938,Earth
SI1J,21,69,CON
SI1K,11/29,3609,Earth
SI1L,07/25,4265,Earth
SI1M,30,59,GRS
SI1N,18/36,3281,GVL
SI1P,11,58,GRS
SI1Q,06/24,3548,ASP
SI1R,31,69,CON
SI1S,15/33,2620,Earth
SI1T,04/22,3610,Earth
SI1U,06/24,3113,GVL
SI1V,11/29,3610,Earth
SI1W,08/26,3021,Earth
SI1X,31,66,CON
SI1Y,06/24,3937,Earth
SI1Z,07/25,3984,Earth
SI22,18/36,2953,Earth
SI23,11/29,3937,GVL
SI24,08/25,3281,GRS
SI25,13/31,2297,Earth
SI27,06/24,2461,GVL
SI28,05/23,66,CON
SI29,16/34,3773,GVL
SI2A,18/36,2953,ASP
SI2B,14/32,,Piçarra
SI2D,02/20,2953,Earth
SI2H,05/23,2625,Earth
SI2J,05/23,2297,Earth
SI2K,05/23,2953,GVL
SI2L,18,69,CON
SI2M,31,59,GRS
SI2N,03/23,4265,Earth
SI2P,18/36,3510,Earth
SI2Q,15/33,3937,GVL
SI2R,03/21,1968,GVL
SI2S,10/28,4429,GVL
SI2U,13,79,ASP
SI2V,08/26,2953,Earth
SI2W,18/36,3937,Earth
SI2X,15/33,2297,GRS
SI2Y,09/27,2703,Piçarra
SI31,15/33,3610,Piçarra
SI32,04/22,3937,Earth
SI33,03/21,3937,ASP
SI34,08/26,1968,Earth
SI35,16/34,3017,Piçarra
SI36,12/30,3937,Earth
SI37,11/29,3281,GVL
SI38,04/22,1640,Earth
SI3D,05/23,2133,GVL
SI3E,18/36,3281,GRS
SI3F,06/24,2789,Earth
SI3H,21,66,CON
SI3J,22,59,CON
SI3L,04/22,3281,Earth
SI3N,08/25,3609,ASP
SI3P,03/21,2621,Earth
SI3Q,02/30,2297,Piçarra
SI3T,06/24,3281,GRS
SI3U,01/19,3051,GVL
SI3V,10/28,3609,Earth
SI3X,13/31,3940,Piçarra
SI40,02/20,3937,Piçarra
SI41,04/22,4258,Earth
SI42,09/27,3281,ASP
SI44,10/28,3281,GVL
SI46,06/24,2625,GRS
SI47,14/32,3937,GVL
SI48,05/23,3609,GVL
SI49,20,69,CON
SI4A,29,59,CON
SI4D,01/19,2953,GVL
SI4F,10/28,3281,GVL
SI4G,7,64,GRS
SI4I,02/20,4222,Earth
SI4J,17,59,CON
SI4L,31,79,CON
SI4M,04/22,3248,ASP
SI4Q,11/29,2625,GVL
SI4T,09/27,69,GRS
SI4V,01/19,3937,Earth
SI4X,11/29,3445,Earth
SI4Y,01/19,2953,Earth
SI4Z,02/20,2103,GRS
SI51,16,59,CON
SI52,18/36,820,GRS
SI53,13/34,66,CON
SI54,07/25,3567,Earth
SI56,04/22,3446,
SI57,02/20,3940,Earth
SI59,18/36,2297,GRS
SI5A,01/19,1969,GVL
SI5B,04/22,2297,GVL
SI5C,16/34,3282,GVL
SI5E,11/29,2788,Earth
SI5F,11/29,3036,ASP
SI5G,02/20,1641,GVL
SI5H,10/28,2362,Earth
SI5J,11/29,2789,Earth
SI5K,01/19,1313,GRS
SI5L,08/26,2461,Earth
SI5M,17,78,CON
SI5R,16/34,2954,Earth
SI5S,15/33,3840,Earth
SI5V,7,72,CON
SI5W,16/34,4922,GVL
SI5Y,15/33,2018,Earth
SI62,05/23,2625,GVL
SI63,10/28,3937,Piçarra
SI64,01/19,2949,GRS
SI66,02/20,1640,GRS
SI67,12/30,4265,Piçarra
SI68,02/20,5249,ASP
SI69,28,66,CON
SI6B,07/25,66,CON
SI6C,16,69,CON
SI6D,03/21,3281,GVL
SI6E,02/20,2953,GVL
SI6F,12/30,2953,Piçarra
SI6G,33,69,GRS
SI6L,13/31,2133,GVL
SI6M,08/26,3937,Earth
SI6N,14/32,2953,GVL
SI6P,11/29,3937,Piçarra
SI6Q,09/27,3281,Earth
SI6R,10/28,3281,GVL
SI6S,17/35,1640,Earth
SI6T,17/35,3773,Earth
SI6U,14/32,1476,Earth
SI6V,18/36,1640,Earth
SI6W,11,69,CON
SI6Z,04/24,66,CON
SI72,02/20,2247,GRS
SI73,09/27,2625,Earth
SI76,01/19,3445,Earth
SI78,06/24,3281,GVL
SI79,02/20,4265,Earth
SI7B,18/36,2953,GVL
SI7D,05/23,4921,GVL
SI4O,08/26,3609,GVL
SI7G,13/31,1968,Earth
SI7H,03/21,1821,Earth
SI7J,02/20,3609,GRS
SI7K,07/25,1968,Earth
SI7M,01/19,2625,ASPH
SI7N,02/20,2953,GVL
SI7O,17/35,5249,GVL
SI7P,09/27,2558,Piçarra
SI7R,18/36,2953,Earth
SI7T,12/30,2625,Piçarra
SI7V,07/25,2953,GVL
SI7Z,03/21,3083,GRS
SI84,12,66,CON
SI86,13,71,ASP
SI87,04/22,69,CON
SI89,02/20,1968,Earth
SI8G,03/21,4134,GVL
SI8H,08/26,3281,GVL
SI8I,15/33,3609,Earth
SI8M,07/25,4265,ASP
SI8N,04/22,3609,Earth
SI8O,08,69,GRS
SI8P,10/28,3937,Earth
SI8Q,09/27,3281,GRS
SI8R,13/31,2953,GVL
SI8S,04/23,59,CON
SI8T,02/20,2001,GRS
SI8U,03/21,2625,GRS
SI8V,02/20,3937,GVL
SI8W,10/28,4017,ASP
SI8Y,07/25,3610,Earth
SI8Z,09/27,2297,Earth
SI92,10/28,3609,GVL
SI94,07/25,3281,Earth
SI97,13/31,3281,GVL
SI98,9,64,CON
SI9F,15/33,3609,GVL
SI9G,03/21,2625,GRS
SI9H,05/23,59,CON
SI9I,16/34,2297,Earth
SI9J,05/23,2625,Earth
SI9K,18/36,3937,GVL
SI9L,09/27,2198,Piçarra
SI9M,17/35,2953,GVL
SI9N,16/34,3281,GRS
SI9O,13/31,3281,GVL
SI9P,09/27,64,CON
SI9Q,08/26,4482,Earth
SI9R,12/30,3117,Earth
SI9S,11/29,1968,GVL
SI9T,15/33,2953,GVL
SI9U,15/33,2953,GVL
SI9V,16/34,3018,Earth
SI9Z,03/21,2953,Piçarra
SIA1,18,66,ASP
SIA5,04/22,2625,Earth
SIA6,10/28,3281,Piçarra
SIA9,13/31,1968,Earth
SIAD,7/25,2953,GRS
SIAE,13/36,62,CON
SWSJ,16/34,1969,GRE
SWQV,15/24,66,GRS
SIQF,17/35,3018,ASP
SIAK,18/31,79,CON
SWNW,07/25,2625,ASP
SWNW,4/22,2559,ASP
SIAQ,17/35,5105,ASP
SIAV,23/32,82,CON
SIAW,12/30,2461,Piçarra
SIB1,11/29,2330,ASP
SIB3,04/22,2625,GRS
SIB5,13/31,2298,GRS
SIB6,12/30,3937,Earth
SIB7,06/24,3281,GRS
SIB8,01/19,3281,GVL
SIB9,02/20,2953,ASP
SIBB,27,66,MET
SIBC,8/26,2297,GRS
SIBE,13,59,CON
SIBG,09,62,CON
SIBH,2/17,79,CON
SJNT,6/15,69,CON
SIBL,2,62,MET
SIBM,01,69,CON
SNYY,15/33,2297,GRS
SJPQ,12,64,CON
SD52,15,66,CON
SIBU,11/29,3281,ASP
SIBV,17/35,2625,GRE
SIBW,08/26,3281,ASP
SIBX,1/19,3445,GRE
SIBY,14/32,3740,ASP
SIBZ,13/31,3937,ASP
SIC,13/31,4364,CON
SIC1,13,66,CON
SIC3,01/19,4265,GVL
SIC4,29,72,GRS
SIC6,24/03,66,CON
SIC7,1,77,CON
SIC8,26,69,ASP
SICC,1/19,98,CON
SICD,17/35,59,GRS
SICJ,2/20,2625,ASP
SICK,4/22,3773,ASP
SICL,26,69,ASP
SICM,04/22,2953,GRE
SICN,5/23,2625,GRS
SWSL,4/22,4265,ASP
SJP8,1/19,2625,GRS
SDHH,11/29,98,ASP
SICT,18/27,69,CON
SICV,5/32,59,CON
SICW,04/22,2133,Earth
SICX,22/31,63,CON
SDRX,04/22,1968,GRS
SICZ,5/17,69,CON
SID1,09/27,3773,Earth
SID3,01/18,2461,GVL
SID4,12/30,2461,Earth
SID5,03/21,3610,ASP
SID6,01/19,4923,Earth
SID7,01/19,3292,GVL
SID8,02/20,1315,Earth
SID9,18/36,3609,GVL
SIDA,27,59,CON
SNM2,18/36,3281,ASP
SIDE,17/35,85,CON
SIDL,31,59,CON
SIDM,02/20,3281,GVL
SIDQ,H1/H1,69,GRS
SIDR,18/36,1640,GRS
SIDT,21,79,CON
SN94,17/26,64,CON
SDSF,13/22,69,CON
SIDY,8/26,1640,GRS
SIE1,09/27,3937,Piçarra
SIE2,01/19,4595,ASP
SIE3,11/29,4265,GRS
SIE5,14/32,3445,Piçarra
SIEA,3/21,3117,GRS
SNCF,11/29,2625,ASP
SIEF,9/27,1969,ASP
SDAB,3/30,66,CON
SIEJ,18/36,3609,ASP
SJVF,2/20,2953,ASP
SIEP,11/20,82,CON
SIER,20/29,69,CON
SIEU,23/33,69,CON
SIEV,15/33,3051,GRS
SIEY,10/28,69,CON
SIF2,14/32,2953,GVL
SIF3,17/35,3935,Piçarra
SIF4,11,69,CON
SIF5,01/19,2956,Earth
SIF8,10/28,3940,GVL
SIF9,03/21,3609,Piçarra
SJZ9,13/34,2625,GRS
SIFB,23,75,CON
SIFG,22/31,59,CON
SIFK,15,69,CON
SIFQ,9/27,2461,GRE
SIFT,1/19,3281,ASP
SIFU,7/25,1969,GRS
SIFV,07/25,5249,ASPH
SIFW,12/30,2297,GRS
SIE4,17/35,2664,ASP
SIFZ,3/12,69,CON
SIG2,16/34,1313,GVL
SIG3,17/35,2596,ASP
SIG4,18/36,3280,Earth
SIG5,07/25,2626,Piçarra
SIG7,11/29,4265,GVL
SIGB,9/18,69,CON
SIGC,3,66,CON
SNNT,16/34,75,GRS
SWGB,6/24,62,CON
SIGJ,5/19,66,CON
SIGK,16/25,79,CON
SIGN,6/24,3117,ASP
SJAA,18/36,4593,ASP
SIGQ,13,79,CON
SIGA,8/26,3609,GRS
SIGT,5/23,2297,GRE
SI6A,06/24,3281,Earth
SIGV,8,62,MET
SIGX,6/24,3281,GRS
SWUV,11/29,4659,ASP
SIGZ,8/29,59,CON
SIH3,05/23,4597,GVL
SIH4,31,66,CON
SIH8,07/25,4593,ASP
SIH9,12,66,CON
SIHB,5/23,2559,ASP
SIHC,11/23,66,CON
SIHD,14/25,69,CON
SIHI,2/20,2021,ASP
SJCF,13/31,2149,GRE
SIHK,7/32,62,CON
SIHL,9,92,CON
SIHM,11,66,CON
SIHO,15/33,66,CON
SIHQ,7/25,92,CON
SIHS,16,59,CON
SIHT,5/14,66,CON
SIHW,5/23,1804,GRE
SJOB,26,62,CON
SIHZ,9/27,66,CON
SII6,11/29,3609,GVL
SII8,09/27,3281,GVL
SIIA,9/27,4593,ASP
SIIB,16/25,69,CON/GRS
SJSP,6/15,75,CON
SBOJ,9/27,2461,GVL
SIFN,11/29,2625,Clay
SIFN,11G/29G,2621,GRE
SIIG,2/20,3117,GRS
SIIH,17/35,69,CON
SIII,15/33,3937,GRE
SIIK,16/34,2096,GRS
SNFW,13/31,3609,GRE
SITT,9/27,2789,ASP
SIIO,7,85,CON
SIQT,19,69,GRS
SIIR,0/27,69,CON
SIIS,02/20,3281,GRS
SIIS,12/30,2041,GRS
SIIU,15/33,2625,ASP
SIIW,23/32,79,CON
SIIY,17/35,62,CON
SSZB,9/27,2625,GRE
SIJ2,01/19,2381,Earth
SIJ2,03/21,4593,ASP
SIJ8,04/26,3937,GVL
SIJ9,32,69,GRS
SICH,9/27,69,CON
SIJD,9/33,79,CON
SIJE,1/19,2297,ASP
SIJF,1/15,79,CON
SIJG,17/35,2953,GRS
SIJI,8/H1,46,CON
SSAT,10/28,2953,ASP
SJHK,16/34,3445,ASP
SIJN,01/19,2133,GRS
SIJO,5/23,3609,GRS
SIJP,21/30,66,CON
SJRL,12/32,66,CON
SIJR,12/30,1640,GRS
SIJS,09/27,2624,GVL
SIJT,27,59,ASP
SIJU,14/32,2789,GRE
SWNI,34,66,MET
SIJX,22/33,79,CON
SIJY,06/24,2297,GRS
SIJZ,14/32,2953,ASP
SIK2,06/24,3281,Earth
SIK3,27,72,CON
SIK4,07/25,3937,GVL
SIK6,11/29,4199,GVL
SIK7,14/32,2625,Piçarra
SIK8,12/30,3281,Earth
SIK9,01/19,2625,GVL
SIKA,06/24,2953,GVL
SIKB,H/H,,
SWCD,18/36,3609,GVL
SIKD,31,79,CON
SIKE,13,66,CON
SIKF,8,79,CON
SIKH,24,59,CON
SIXN,27,69,CONC
SIKK,14/32,2920,GRE
SIKL,7/16,66,CON
SIKM,16/34,2953,ASP
SIKN,10/28,2690,ASP
SIKP,2/20,4921,GRS
SW22,13/31,2297,GVL
SIKS,12/H1,79,CONC
SIKT,9/36,39,CON
SIKV,2/11,66,CON
SNLS,18/36,59,GRS
SWBP,08/26,3281,GRS
SIKZ,17/35,3937,ASP
SIL1,07/25,4822,GRS
SIL2,08/26,3980,GRS
SIL6,05/23,3937,GRS
SIL7,20,59,CON
SIL8,01/19,3609,Earth
SIL9,17/35,3937,Earth
SILA,8/26,2461,GRS
SILC,08/26,5676,ASP
SILE,17/32,62,CON
SILF,9/32,69,CON
SILG,02/20,3608,TER
SWDE,18/26,69,ASP
SILJ,18/36,2789,ASP
SILK,20/34,62,MET
SNNW,3/21,3281,ASP
SILP,34,69,CON
SILQ,08/26,2116,ASP
SILR,31,69,CON
SSA2,06/24,3281,ASP
SILU,3/21,3937,ASP
SILX,3,59,CON
SIM0,15/33,2578,ASP
SIM3,10/28,4593,GVL
SIM9,15/33,3609,GVL
SSXE,9/36,62,CON
SIMD,27,62,CON
SIME,9/27,3445,ASP
SIMG,1/19,3937,GRS
SIMJ,11/29,2913,GRE
SIMK,5/23,6562,ASP
SIMM,1/19,69,CON
SSAM,3/21,2625,GRS
SJHM,20/29,62,CON
SIMQ,18/36,2953,GRS
SIMR,12/30,4265,ASP
SIMU,1/19,3284,GRS
SIMV,6/24,2986,GRS
SIMW,17/35,3967,GRE
SIMX,3/21,2297,GRS
SIMY,1/19,2762,GRE
SIMZ,2/20,3871,GRS
SIN3,07/25,2298,Piçarra
SIN4,14/32,2454,Earth
SIN6,10/28,2297,Earth
SIN9,02/20,1641,Earth
SINB,14/23,62,GRS
SWOD,17/35,69,CON
SINE,31/H1,62,CON
SING,14/32,2297,GRE
SINH,3/21,3100,GRS
SINK,14/32,3281,GRS
SINL,14/32,59,CON
SWLH,9/27,3445,ASP
SI4B,7/25,3937,ASP
SINQ,4/22,3281,ASP
SNRC,12/30,3281,GRS
SINT,9/27,2789,GRE
SDJ4,07/25,2789,Earth
SDJ4,11/29,2789,GVL
SINW,5/30,72,CON
SINY,2/20,72,CON
SINZ,14/32,2493,GRE
SIO2,15/33,1641,Piçarra
SIO3,11/29,2953,Earth
SIO4,11/29,2624,Earth
SIO6,01/19,3608,GVL
SIO8,01/19,2625,GVL
SIO9,17,79,CON
SIOB,7/25,3937,GRS
SIOC,13/31,3609,GRE
SIOE,16/34,1969,GRASS
SIOH,12,98,CON
SWWP,8/26,2625,ASP
SIOO,4/22,3609,GRE
SIOQ,17/35,3281,GRS
SN89,6/24,1969,GRS
SIOS,10/28,3937,GRE
SIOT,12/30,5085,Asphalt
SIOW,18/29,62,CON
SIP3,16/34,4265,GVL
SIP6,15/33,1643,GVL
SIP7,01/19,3937,Earth
SIP8,16/34,3117,Earth
SIPA,14/32,3937,ASP
SIPB,10/28,1804,ASP
SIPD,10/28,59,MET
SIPE,5/23,5906,ASP
SIPG,9/27,4757,ASP
SIPK,1/19,3937,ASP
SIPN,2/20,2625,ASP
SIPO,13/31,3609,ASP
SIPS,5,69,CON
SIPT,12,62,CON
SIPX,22,66,CON
SIPZ,18/31,59,CON
SIQ2,08/26,3610,Piçarra
SIQ4,03/21,3281,Earth
SIQ6,15/33,3281,Earth
SIQ7,8,69,CON
SDR3,14/32,2854,ASP
SIU2,06/24,2626,GRS
SIQD,4/22,2625,GRS
SIQE,14/32,5741,ASP
SILM,12,66,CON
SNYL,3/21,3281,ASP
SIQH,7/16,75,CON
SIQI,3/21,1916,GRS
SIQJ,11/29,3937,ASP
SIQK,14/32,1542,CON
SJDR,7/29,59,CON
SIQS,18/36,2297,ASP
SIQU,1/19,3281,ASP
SIQV,4/22,3281,ASP
SIQY,9/27,3117,GRE
SSFZ,3/21,2953,GRE
SIR2,23,69,CON
SIR3,08/26,3937,Earth
SIR6,09,66,CON
SIR7,18/36,2625,Earth
SIRB,17/35,2953,GRE
SJDM,17/35,3937,ASP
SIRF,13/31,2625,ASP
SIRH,4/22,3281,GRS
SIRI,11/29,3281,ASP
SIRJ,12/30,4678,ASP
SIRL,31,69,ASP
SIRN,18/36,4757,ASP
SIRS,16/34,2789,GRE
SIXU,16/34,3281,ASP
SIRV,18/36,2592,ASP
SDB8,9/27,3281,ASP
SIQB,32,69,CON
SIRY,20/34,79,CON
SIRZ,4/14,62,CON
SIS3,10/28,2625,Earth
SIS6,11/29,4265,Earth
SIS7,11/29,3609,GVL
SIS8,04/22,2067,GVL
SISC,25,69,CON
SISD,16/34,3937,ASP
SISH,13/31,66,CON
SISJ,6/24,2297,GRS
SISL,6/24,2625,GRS
SNRR,31/H1,59,CONC
SISN,16/34,3609,Earth
SISO,9/27,2953,CON
SISQ,3,66,CON
SISW,02/20,3936,TER
SISX,7/25,1312,GRS
SISY,9/27,1476,ASP
SIT2,09/27,2953,Earth
SIT3,02/20,3430,Earth
SIT5,04/22,3936,Earth
SIT6,11/29,2953,ASP
SIT8,07/25,3937,GVL
SITB,12/30,3281,GRS
SITE,24/33,62,CON
SWBN,13/31,2133,ASP
SITK,2/12,79,MET
SIUH,9/27,3281,GRVL
SITP,31,79,CON
SITQ,8,79,CON
SI8L,3/21,3609,GRASS
SITU,15/33,2625,GRE
SITX,15/33,2621,GRS
SIU4,18/36,3938,Earth
SIU5,18/36,4922,
SIU6,03/21,3281,GVL
SIU7,16/34,2789,GVL
SIU8,06/24,59,CON
SIUD,13,79,CON
SJIH,13/33,69,CON
SIUF,3/21,3445,ASP
SIUG,11/29,2461,GRS
SIUM,10/28,4265,GRE
SIUO,10/28,3937,GRS
SIXQ,25/34,95,CON
SJJV,7/25,3937,ASP
SIUR,13/31,2625,GRE
SDSK,1/19,2625,GRE
SWCC,1/19,4265,ASP
SIV3,03/21,,ASP
SIV5,11/29,3281,Earth
SIV6,4,69,CON
SIV7,04/22,3609,GVL
SIV8,05/23,3281,Earth
SIV9,18/36,2625,GVL
SIVB,14,69,CON
SIIZ,9/27,2625,GVL
SWIP,8/26,1640,ASP
SJL9,02/20,2359,GRS
SIVG,9/27,1969,GRS
SIVH,28,69,CON
SIVI,6/31,79,MET
SIVJ,13/31,1640,ASP
SIVN,5/23,3773,ASP
SIVO,9/27,2621,ASP
SIVP,2/20,2953,Saibro
SJIS,11/29,3609,ASP
SJT6,16/34,4104,GVL
SIVC,7/20,66,GRS
SIH5,36,66,CON
SIVU,5/23,3150,ASP
SIVV,3/21,3609,GRS
SIVW,8/26,1312,ASP
SIVX,2/20,89,CON
SIVZ,18/36,2297,GRE
SIW2,18/36,2625,Piçarra
SIW3,16/34,2385,GVL
SIW4,17/35,2953,GVL
SIW6,16/34,3937,Earth
SIW7,12/30,3281,Earth
SIWA,9/27,4429,ASP
SIWB,7/25,3609,ASP
SIWE,8/26,3707,ASP
SIRT,18/36,3937,GRE
SDLZ,15/33,4429,ASP
SIMA,18/36,2953,ASP
SI2I,15/33,4101,ASP
SIWN,3/21,4593,ASP
SIWQ,5/23,2789,GRE
SIWR,7/25,2625,ASP
SDUP,1/28,69,CON
SD4R,7/25,4265,ASP
SSIL,3/20,75,CON
SIWY,17/35,2297,GRS
SIWZ,7/25,3281,GRS
SIX2,05,69,COM
SIX3,26,69,GRS
SIX5,12/30,3321,ASP
SIX6,03/21,2953,GVL
SIX7,11/29,1969,Earth
SIX8,02/20,2953,GVL
SIXA,13/31,1969,GRE
SIXC,3/15,62,CON
SIXD,01/19,2034,GRS
SIXD,11/29,2526,GRS
SIXE,11/29,5249,GRE
SNRK,6/24,2625,GRE
SIXG,6/24,2625,GRE
SIXH,11,59,CON
SIXJ,22,59,CON
SIXO,9/27,3281,ASP
SD24,6/24,4921,ASP
SWJQ,1/19,2953,GRS
SIXV,18/36,4265,GRE
SIY2,09/27,3281,ASP
SIY3,30,59,GRS
SIY6,20,69,CON
SIY7,17/35,4429,Earth
SIY8,16/34,3281,Earth
SIY9,07/25,3281,Piçarra
SWUP,8/17,62,CON
SD7A,5/23,1969,GRS
SIYG,13,66,CON
SIYH,17/35,1969,GRS
SIYK,15/33,2329,ASP
SIYL,14/23,92,ASP
SIEL,5/23,3379,ASP
SIYO,14/32,2625,GRE
SIYU,4/31,69,CON
SIYV,15,69,GRS
SDQE,18/36,3937,ASP
SIYZ,5,59,CON
SIZ0,10/28,2132,GVL
SIZ1,01/19,3010,GVL
SIZ4,16/34,2625,GVL
SIZ6,16/34,3281,Earth
SIZB,35,62,CON
SNYX,7/25,2303,ASP
SIZE,23,66,CON
SIZF,3/21,3281,ASP
SDXT,2/20,3281,ASP
SIZH,1/19,3510,GRE
SJVY,9/27,3937,ASP
SIZJ,4,69,CON
SIZK,01/16,3282,GVL
SIZO,2/20,4921,ASP
SIZQ,10/28,1969,GRS
SIZS,16/34,2625,ASP
SIZV,9,69,ASP
SDRO,13,59,GRS
SIZX,11/29,3937,ASP
SIZY,16,98,CON
SJ01,18/36,3610,Earth
SJO9,11/29,5085,ASP
SJ0C,10/28,3769,Earth
SJ10,02/20,3281,Earth
SJ12,12/30,3282,Earth
SJ13,10/28,3610,GVL
SJ14,03/21,2396,Earth
SJ15,15/33,2298,Earth
SJ16,14/32,3281,GVL
SJ17,01/19,4265,GVL
SJ19,17/35,2297,GVL
SJ1A,07,59,GRS
SJ1B,08/26,3610,Earth
SJ1D,23,59,ASP
SJ1E,03/21,1969,GVL
SJ1F,14/32,3120,GVL
SJ1G,02/20,3282,GVL
SJ1M,17/35,2427,Earth
SJ1O,18/36,4261,Earth
SJ1R,02/20,3281,GVL
SJ1V,08/26,5907,ASP
SJ1Z,04/22,2621,Earth
SJ21,18/36,3282,GVL
SJ22,01/19,3937,GVL
SJ24,24,59,CON
SJ27,10/28,1968,GVL
SJ28,04/32,2625,GVL
SJ2A,07/25,2625,Earth
SJ2B,14/32,2461,Earth
SJ2C,10/28,2297,Piçarra
SJ2E,06/24,3281,GVL
SJ2F,02/20,2625,GVL
SJ2G,18/36,2297,GVL
SJ2H,03/21,3281,Earth
SJ2J,13/31,2953,GRS
SJ2L,2,69,CON
SJ2M,18/36,2625,GVL
SJ2N,11/29,2625,GVL
SJ2P,12/30,3609,Earth
SJ2Q,06,70,CON
SJ2T,07/25,2953,GVL
SJ2U,09/27,2953,GRS
SJ2W,02/20,2953,Earth
SJ2X,04/22,2789,GRS
SJ2Z,2,69,GRS
SJ30,21,82,CON
SJ31,13,59,CON
SJ32,17/35,2625,GRS
SJ33,05/23,3281,GVL
SJ34,11/29,4265,GVL
SJ36,12/30,2953,ASP
SJ39,15/33,4921,ASP
SJ3A,01/19,2625,GRS
SJ3B,13/31,965,Piçarra
SJ3C,17/35,1201,GRS
SJ3D,10/28,4921,ASP
SJ3E,15/33,3281,GRS
SJ3F,09/27,1968,Earth
SJ3G,08/26,2402,Earth
SJ3H,29,66,CON
SJ3I,28,69,CON
SJ3J,18/36,3609,GVL
SJ3K,11/29,3281,Earth
SJ3L,10/28,3937,Earth
SJ3M,10/28,1640,Earth
SJ3N,02/20,3281,GRS
SJ3O,07/25,2953,Earth
SJ3P,15/33,3281,Earth
SJ3Q,10/28,2428,Earth
SJ3S,11/29,3281,GVL
SJ3T,17/35,2625,Earth
SJ3U,10/28,3937,GVL
SJ3V,08/26,4265,ASP
SJ3W,32,69,GRS
SJ3X,13/31,3937,Earth
SJ3Y,11/29,2625,Piçarra
SJ3Z,15/33,3937,Earth
SJ42,14/32,3281,GVL
SJ43,18/36,4593,GVL
SJ44,14/32,3281,GVL
SJ46,07/25,3904,Earth
SJ47,10,69,CON
SJ49,08/26,2470,Earth
SJ4A,10/28,3937,Piçarra
SJ4B,12/30,2297,Earth
SJ4C,10/28,1312,GRS
SJ4D,04/22,3937,Piçarra
SJ4E,13/31,2625,Piçarra
SJ4F,15/33,3937,GVL
SJ4G,03,78,CON
SJ4H,16/34,3281,GVL
SJ4I,01/19,3281,GVL
SJ4L,15/33,4265,Piçarra
SJ4M,04/22,2297,GRS
SJ4R,10/28,2133,GRS
SJ4T,17/35,3281,ASP
SJ4U,17/35,3281,GVL
SJ4V,16/34,66,CON
SJ4X,01/19,2461,Earth
SJ54,05/23,2626,GVL
SJ56,10,69,CON
SJ58,13,74,GRS
SJ59,07/25,2625,Piçarra
SJ5A,08/26,1640,Earth
SJ5D,14/32,3280,Earth
SJ5R,25,59,CON
SJ60,18,69,CON
SJ63,06/24,2592,Earth
SJ64,04/22,3609,Earth
SJ67,11,69,GRS
SJ68,18/36,3281,GVL
SJ69,05/23,3281,GVL
SJ6A,05/23,1968,Earth
SJ6B,06/24,2953,Piçarra
SJ6C,31,59,GRS
SJ6D,07/25,2625,GVL
SJ6E,02/20,2297,GVL
SJ6F,03/21,3281,GRS
SJ6G,09/27,2953,GVL
SJ6H,12/30,1804,GVL
SJ6K,01/16,2133,GVL
SJ6L,10/28,2789,GVL
SJ6N,01/19,3281,ASP
SJ6P,16/34,2953,GVL
SJ6Q,08/26,2953,GVL
SJ6R,05/23,3937,GVL
SJ6S,14/32,1968,GVL
SJ6T,35,69,CON
SJ6V,09/27,3117,GVL
SJ6W,9,66,CON
SJ6Y,08/26,2953,Piçarra
SJ6Z,09/27,3937,Earth
SJ72,19,59,CON
SJ74,14/32,2461,Earth
SJ75,12/30,3938,ASP
SJ77,14/32,4265,Earth
SJ78,11/29,3281,Earth
SJ79,05/23,2625,GRS
SJ7A,10/28,3445,GVL
SJ7B,06/21,59,CON
SJ7D,06/24,3937,GRS
SJ7F,04/22,2626,GVL
SJ7G,13/31,2461,GRS
SJ7H,08/26,69,CON
SJ7J,18/36,3281,GVL
SJ7K,14/32,3281,GVL
SJ7L,09/27,4921,Earth
SJ7M,18/36,59,CON
SJ7P,18/36,3609,GVL
SJ7Q,03/21,1640,GVL
SJ7R,05/23,2953,GVL
SJ7S,03/21,2625,GVL
SJ7U,13/31,3281,Earth
SJ7V,16/34,2625,GVL
SJ7X,01/19,2625,GRS
SJ7Y,10/27,71,CON
SJ82,13/31,3281,GVL
SJ83,07/25,3937,GVL
SJ87,11,66,CON
SJ88,09/27,3937,Earth
SJ8B,03/21,2953,GVL
SJ8C,20,66,CON
SJ8E,08/26,1476,Earth
SJ8F,11/29,2297,Piçarra
SJ8K,09/27,2625,Earth
SJ8L,05/33,1965,Earth
SJ8M,8,79,CON
SJ8P,01/19,2953,GVL
SJ8Q,06/24,2297,GVL
SJ8R,05/23,3281,GVL
SJ8S,17/35,3281,GVL
SJ8T,12/30,2228,Piçarra
SJ8U,17/35,2953,Earth
SJ8V,12/30,3937,Earth
SJ8W,08/26,3930,GRS
SJ8X,09/27,2953,Earth
SJ8Y,04/22,3281,GVL
SJ8Z,01/19,3609,GVL
SJ92,12/30,4429,ASP
SJ93,03/21,3609,Piçarra
SJ98,04/22,2618,Earth
SJ99,14/32,4593,Piçarra
SJ9C,02/20,2953,GVL
SJ9D,05/23,3281,GVL
SJ9E,01/35,66,CON
SJ9G,06/24,3937,GVL
SJ9H,05/23,2461,GVL
SJ9J,02/20,3609,Earth
SJ9K,06/24,1968,GRS
SJ9L,03/21,4495,Earth
SJ9M,10/28,4265,Piçarra
SJ9N,15/36,2625,GVL
SJ9P,01/19,3281,Earth
SJ9Q,20,69,CON
SJ9R,01/19,3117,Earth
SJ9S,10/28,2953,GVL
SJ9T,01/19,2953,GVL
SJ9U,01/19,4593,Earth
SJ9V,02/20,4265,GVL
SJ9W,03,69,GRS
SJ9X,07/25,4593,GVL
SJ9Z,14/32,3281,GVL
SJA3,06/24,3609,Earth
SJA4,05/23,2953,GRS
SJA6,01/19,2789,Earth
SJA7,18/36,3609,Earth
SJA8,18/36,2625,GVL
SJA9,02/20,3937,GVL
SJAB,H1,64,Concrete
SDWR,11/29,3937,ASP
SJAD,7/28,66,ASP
SN8K,10/28,2625,ASP
SJPC,18/36,3937,GVL
SJAI,15/33,2625,GRE
SJAJ,18,59,CON
SSEC,7/25,3937,ASP
SJAM,3,69,ASP
SJAN,25,69,GRS
SJAO,12/25,79,CON
SJAP,18/27,66,GRS
SJAQ,6/24,4199,GRE
SSYB,12/30,2133,GRS
SJAS,17/35,2953,GRE
SJAU,12/30,459,ASP
SJAW,18/36,2953,GRE
SNEK,8/26,4462,ASP
SJAZ,10/28,3281,GRE
SJB1,05/23,59,CON
SJB6,14/32,3609,Earth
SJB7,12,79,CON
SJB8,10/28,3281,Earth
SJB9,04/22,3609,Earth
SWTF,9,79,MET
SJBE,10/28,59,CON/MET-ROOF
SJBG,21,66,CON
SJSI,20,62,CON
SJBI,22/31,69,CON
SJBJ,20/29,69,CON
SJBK,15/33,3028,GRE
SJBL,32,69,GRS
SJBP,12,69,CON
SJBQ,11/29,79,ASP
SJBT,16/34,1969,GRE
SITI,11/29,3904,ASP
SJBX,13/31,2625,GRS
SJBY,6/24,4921,ASP
SJBZ,18/36,2690,GRE
SJC4,14/32,2789,Earth
SJC6,11/29,69,CON
SJC7,16/34,3937,Earth
SJC8,05,69,CON
SJC9,18,69,CON
SJCA,5/23,5249,ASP
SJCB,2,66,CON
SN2N,02/20,3609,GRS
SDQB,8/26,3281,GRE
SJCG,21,79,GRS
SJCI,22,62,CON
SJAR,16/34,3150,GRVL
SNAF,3/21,4265,GRE
SJCP,5/23,2953,ASP
SJCQ,16/34,4921,ASP
SSCS,32,69,CON
SJCV,16,59,CON
SJCW,11/29,4413,ASP
SJCY,12/30,5249,ASP
SI4R,7/25,3281,ASP
SJD1,09/27,4266,ASP
SJD2,03/21,2762,Earth
SJD4,18/36,3937,Earth
SJDE,01/19,3609,Grass
SICA,18/36,85,CON
SSYU,6/24,3281,GRS
SJTW,12/30,1191,GRS
SJDK,27,66,CON
SJDL,5/23,2621,GRS
SJDN,6/24,1804,GRS
SJDO,13,75,CON
SJDP,10,79,ASP
SJDQ,27,62,CON
SJDS,13/31,3543,ASP
SJDT,6/24,1870,GRS
SJDU,9/27,1161,GRS
SJDW,17/35,3937,ASP
SJDX,8/26,1873,GRS
SJDY,11/29,2621,GRS
SJDZ,11/29,4265,Dirt
SJE3,10/28,3281,GVL
SJE4,13/31,3281,GVL
SJE7,04,59,CON
SJE8,04/22,3117,GVL
SJE9,26,68,CON
SJEA,8/26,3609,ASP
SJEB,12,69,CON
SJEF,14/32,1870,GRS
SJEG,02/20,2625,GRS
SJEH,4/22,3281,ASP
SJEI,17,69,CON
SJEK,3/21,3281,ASP
SIOV,11/29,3215,ASP
SJEN,14/32,2297,GRS
SISE,10/19,75,CON
SJER,3/21,3281,ASP
SJEX,3/21,3281,GRE
SJF2,07/25,3281,GVL
SJF3,05,69,CON
SJF6,08/26,3937,ASP
SJF7,10/28,3937,Earth
SJF8,02/20,2953,GVL
SWTE,12/21,72,CON
SJFB,9/27,2953,ASP
SJFC,24,79,CON
SJFD,15,62,CON
SJFF,6/24,3510,ASP
SJFH,16,69,GRS
SIXM,1/19,2789,ASP
SD8F,10/28,3215,GRS
SJFK,10/28,3937,GRE
SJFL,6/24,2625,ASP
SJFM,4/22,3182,GRS
SJFN,18/36,2953,GRS
SWBO,18/36,2953,GRS
SJFQ,14/32,2953,GRE
SD3O,1/19,3281,GRE
SJFT,9/27,2953,ASP
SJFU,4/22,2953,ASP
SJFV,18/36,4160,ASP
SJG3,18/36,3281,GVL
SJG4,17/35,3117,GVL
SJG6,04/22,4265,ASP
SJG8,16/34,3609,Earth
SJG9,08/26,1640,Earth
SJGC,9/27,4265,GRE
SJGD,06/24,4921,GRE
SJGD,9/27,3937,GRE
SJGE,11/29,1804,GRE
SNIN,17/35,1253,GRS
SSWD,36,69,CON
SJGH,7/25,1969,GRS
SJFX,1/19,1969,GRS
SSFF,1,59,CON
SJGM,9/21,62,CON
SJGN,18/36,3937,ASP
SJGU,12/30,4921,ASP
SDTA,7/25,3281,GRE
SJGY,11/29,2625,ASP
SJGZ,8/26,3281,GRS
SJH2,11/29,2303,Piçarra
SJH3,01/19,4593,Earth
SJH4,05/23,3281,GVL
SJH6,07/25,4265,GVL
SJH7,12,69,CON
SJH8,13/31,3937,Earth
SJH9,12/30,3944,Piçarra
SJHB,H1/H1,59,CON
SJHC,7/25,66,GRS
SJHE,04/22,2625,GVL
SJHE,18/36,3937,ASP
SJHG,12/30,3609,ASP
SJHH,16/34,3281,ASP
SJHI,12/21,69,CON
SWRM,2/20,3117,ASP
SNSU,4/22,3937,GRE
SW1X,3/21,3937,GVL
SJHQ,2/20,3937,ASP
SJHS,12/30,3937,GRE
SJHU,18/36,2461,SAND
SJHW,5/23,3937,ASP
SJI3,11/29,4757,ASP
SJI6,06/24,4921,GVL
SJIA,11,85,CON
SJIB,20,85,CON
SJIC,12/30,2625,GRS
SJID,10/28,3937,GRE
SJIF,18/36,2625,ASP
SJJG,3/21,1624,GRS
SJIR,17/35,3117,ASP
SJIW,36,69,CON
SJIX,8/26,69,CON
SWNM,17/35,4593,ASP
SJJ2,29,59,CON
SJJ3,02/20,2625,GVL
SJJ4,15/33,3281,Piçarra
SJJ6,03/21,3445,Earth
SJJ7,14/32,2789,Earth
SJJ8,07/25,1968,Piçarra
SJJ9,12/30,2461,Earth
SJJB,15/33,3937,GRE
SJJE,27,85,CON
SJJF,2/20,3215,ASP
SNGV,13/31,3281,ASP
SIWO,08/26,3281,GRS
SJJK,17/35,3281,ASP
SJJL,16/34,3543,ASP
SJJO,9/27,2297,GVL
SJJR,4/22,3281,GRE
SJJS,10,85,CON
SJDC,16/34,3281,ASP
SJJU,17/35,328,ASP
SIJA,10/28,2625,ASP
SJJY,6/33,82,CON
SJJZ,8/23,108,CON
SJK3,14/32,3937,Earth
SJK4,01/19,2625,Piçarra
SJK6,17/35,2625,Piçarra
SJK7,18,66,CON
SJK8,02,59,CON
SJK9,07/35,3117,Piçarra
SJKA,18/36,5528,ASP
SJKB,1/19,3937,ASP
SJKD,19/28,59,CON
SJKF,2,59,GRS
SDO4,10/28,2297,GVL
SJKI,10/28,3609,ASP
SIB2,15/33,2621,GRS
SJKL,2/20,2133,GRE
SJKM,3/21,2297,GRE
SJKN,12/30,2625,GRE
SJKO,10/28,1969,GRE
SJKP,18/36,2625,GRE
SJKQ,17/35,2297,GVL
SJKS,11/29,2297,GRS
SJKT,9/27,2297,GRE
SJKU,1/19,2297,GRE
SJKV,10/28,2625,GRE
SJKW,8/26,2133,GRE
SJKX,11/29,1755,Earth
SJKZ,07/25.,1427,Earth
SJL1,02/20,3443,Earth
SJL3,17/35,3937,GVL
SJL4,08/26,3937,GVL
SJL6,05/23,3281,GVL
SJL7,02/20,1640,Earth
SJL8,14/32,4921,ASP
SJLA,11/29,1903,Earth
SJLB,08/26,3609,GVL
SJLC,12/30,1969,Earth
SJLD,1/19,2920,ASP
SJLE,9/27,1969,GRS
SJLH,9/27,1969,GRE
SJLI,9/27,3150,ASP
SJLJ,11/29,2297,GRE
SJLK,2/20,1969,GRE
SJLL,8/26,2133,GRE
SJLM,12/30,1969,GRE
SJLN,9/27,2297,GRE
SJLO,9/27,2133,GRS
SJLP,1/19,1969,GRE
SJLQ,8/26,1969,GRE
SJLS,18/36,1969,GRE
SJLT,9/27,1969,GRE
SJLU,8/26,2461,ASP
SJLV,18/36,2297,GRE
SJLW,9/27,1969,GRE
SJLX,9/27,2133,GRE
SJM2,10/28,3281,GVL
SJM3,04/22,4265,Earth
SJM4,01/19,3527,Earth
SJM5,11/29,3937,Earth
SJM6,01/19,3281,GVL
SJM7,14/32,4265,Earth
SJM9,10/28,3924,Piçarra
SWBD,14/32,3281,GRS
SJMB,7/16,69,CON
SJMC,19,59,CON
SJMD,17/35,1969,GRS
SJME,6/24,2297,ASP
SJMF,9/27,1969,GRE
SJMH,1/19,2297,GRS
SJMI,8/26,1969,GRS
SJMJ,4/22,2953,ASP
SJMK,1/19,2297,GRS
SJML,17/35,2297,ASP
SJMM,3/21,2133,GRE
SJMN,9/27,2625,ASP
SJMO,12/30,1969,GRE
SJMP,9/27,2133,GRE
SJMQ,8/26,2133,GRE
SJMR,1/19,3281,GRE
SJMS,23,66,GRS
SJMT,10/28,2297,GRS
SJMU,18/36,1969,GRE
SJMV,12/30,3937,GRE
SJMW,9/27,1969,GRE
SJMX,10/28,1969,GRE
SJMZ,10/28,3281,ASP
SJN1,12/30,3281,GVL
SJN2,02/20,3281,Piçarra
SJN6,13,59,CON
SJN8,19/01,64,GRS
SJN9,12/30,3609,Earth
SWEQ,9/27,1969,ASP
SJNB,10/28,1969,GRE
SJNC,7/25,1969,GRS
SJNE,18/36,1969,GRS
SJNF,2/20,1804,GRE
SJNG,1/19,2625,GRS
SJNK,2/20,3215,ASP
SJNL,3/21,4980,ASP
SJNM,2/20,3937,ASP
SSFN,17/35,2625,GRS
SJNP,17/35,3445,ASP
SJNQ,2/20,4003,GRE
SJNU,14/32,3281,GRE
SJNV,1/19,3773,GRE
SJNW,9/27,4921,GRE
SJNX,5/23,3146,ASP
SJNY,27/36,69,CON
SNZP,1/19,3773,ASP
SJO2,03/21,1968,Earth
SJO3,03/21,3937,GVL
SJO4,18/36,59,GRS
SDUZ,17/35,66,GRS
SNHO,9,69,CON
SJOE,04,66,GRS
SJOG,03/21,4285,ASP
SNRJ,7/25,3445,ASP
SJOJ,6/24,3904,ASP
SJOL,10/28,66,CON
SJOO,16/34,3215,ASP
SSNC,5,59,CON
SJOQ,17,66,CON
SJOU,01/19,3182,GVL
SJOV,3/13,72,CON
SJOW,5/23,2953,ASP
SDRQ,9/27,6562,GRE
SJOY,16/34,4921,ASP
SJOZ,9,79,CON
SJP2,06/24,3937,Earth
SJP3,01/19,108,CON
SJP4,04/22,3281,GVL
SJP7,05/23,2428,Earth
SJPB,7/16,79,GRS
SJPD,6/9,72,CON
SJPE,24/33,62,CON
SJPF,8/21,82,CON
SWIW,2/20,2625,GRE
SJPJ,4/13,69,CON
SJPM,9/18,69,CON
SJPO,16/34,3068,GRE
SJPP,3/21,3609,ASP
SBOB,15/33,2251,GRE
SBOB,17/35,2328,GVL
SWFC,18/36,3773,ASP
SJPW,3/21,2461,ASP
SJPX,3/21,3281,ASP
SJPZ,9,59,GRS
SJQ3,12/30,3937,Earth
SJQ4,09/27,2625,Earth
SJQ7,20,59,CON
SJQ8,22,59,CON
SJQ9,26,59,CON
SJ2K,9/27,3609,GRE
SJQC,4,79,CON
SWYG,12/30,1969,Grass
SJQF,4/22,3937,GRE
SJQG,15,66,CON
SJQI,1/19,3937,GRE
SJQK,8/26,3281,GRE
SJQM,9,59,GRS
SJQN,13/31,4921,ASP
SJQQ,6/24,2756,GRE
SSJC,7/25,3281,GRS
SJQT,16/34,2244,GRS
SJQW,35,66,GRS
SJQX,12/30,2625,ASP
SJQY,18/36,108,CON
SJR1,27,69,CON
SJR3,06/24,4593,GVL
SJR4,13/31,3937,Piçarra
SJR7,07/22,3281,Earth
SJR8,01/19,2625,Earth
SJR9,01/19,2953,GVL
SJRB,7/25,4593,ASP
SJRC,16/34,3937,ASP
SJRD,7/25,66,GRS
SJRE,14,79,CON
SJRF,9,69,CON
SJRG,6/24,4921,ASP
SJRH,17/35,3937,GRS
SJRI,12/30,4429,ASP
SJRK,1/19,2772,ASP
SJRM,35,79,CON
SJRN,13/24,69,CON
SJRO,11/29,3609,GRE
SI99,6/24,4921,Earth
SJRQ,5/24,79,CON
SJRR,2/20,2625,GRE
SJRS,12/30,3609,GRE
SJRV,1/19,5249,ASP
SJRW,10/28,5249,ASP
SJRX,32,62,CON
SJMG,11,62,MET
SJRZ,36,66,CON
SJS2,23,59,CON
SJS2,23,59,CON
SJS4,04/22,3281,Earth
SJS6,12/30,2625,GVL
SJS7,10/28,2953,GVL
SJS9,09/27,3280,GRS
SJSA,13/31,2953,GRS
SIEB,9/27,3937,ASP
SJSE,4/22,2297,ASP
SJSG,12/17,62,CON
SJSH,05/23,4380,ASP
SJSH,5/23,1896,GRE
SWAI,16/34,2297,GRE
SJSN,11/29,2625,ASP
SIT9,18/36,3609,GVL
SJSR,1/19,2953,ASP
SJSS,16/34,3281,ASP
SJST,7/34,59,CON
SJSU,11/29,2297,GRS
SJT2,11/29,3937,Earth
SJT3,11/29,3675,Piçarra
SJT9,18/36,3281,GVL
SJTB,7/25,4593,ASP
SJTD,22/35,69,CON
SJTF,8/26,3937,ASP
SJTL,11/29,3281,GRE
SJTM,4/22,3051,GRE
SJTP,17/35,3609,ASP
SJTS,12/30,3281,ASP
SJTT,14/32,3281,ASP
SJTU,6/24,3937,ASP
SJTV,3/12,59,CON
SJTX,33,59,GRS
SJTY,4/27,62,CON
SJTZ,10/28,3281,ASP
SJU4,05/23,3281,Earth
SJU8,11/29,3281,Earth
SJU9,09/27,3117,GVL
SIPH,2/20,3609,GRS
SJUB,18/36,3609,ASP
SJUE,14/23,79,CON
SJUF,1,95,CON
SJUH,12/30,3281,GRE
SWFS,10,79,GRS
SJJH,18/36,3937,GRE
SJUL,3/21,3281,GRE
SJWN,14/32,59,CON
SS2H,02/20,2789,earth
SJUS,3/21,3937,GRS
SJUT,17/35,103,CON
SJUU,2/20,3117,GRS
SJUW,26/35,69,CON
SJUX,9,69,CON
SJUY,2/28,69,CON
SJUZ,19/28,79,CON
SJV1,12/30,3609,Earth
SJV3,08/26,1640,GRS
SJV7,05/23,1476,Earth
SJV9,12/30,4921,Earth
SDFM,5,59,CON
SI9B,14/32,3281,ASP
SJVE,13/22,79,CON
SJVH,4/13,62,CON
SNNZ,H1/H1,66,CON
SJVJ,30,59,GRS
SJVK,04/22,3281,Earth
SIOK,8/26,2953,ASP
SJVM,3/21,2100,GRE
SJVO,10/28,3314,ASP
SJVP,9/27,5249,ASP
SJVR,17/35,3281,ASP
SJVS,1/19,2625,ASP
SNRT,6/24,75,CON
SJVX,14/32,2264,GRS
SJW2,04/22,2953,GRS
SJW6,13/31,2625,Piçarra
SJW8,17,66,GRS
SJW9,12/30,3609,GVL
SJWE,3/21,4265,ASP
SJWF,13,59,GRS
SJWG,7/25,1969,GRS
SJWI,7/25,3281,GRE
SJWJ,16/28,69,MET
SJWK,13/31,59,CON
SJ9B,1/19,3937,ASP
SN8Y,7/25,2953,GRE
SJWP,09/27,3611,ASP
SJWQ,13/31,2953,ASP
SJWR,31,69,GRS
SJWS,10/15,79,CON/GRS
SJWV,1/19,3740,ASP
SJWW,14/32,3937,ASP
SJWX,9/27,3609,ASP
SJWY,6/18,59,CON
SJWZ,7/16,69,CON
SJX2,01/19,3281,GVL
SJX3,13/31,59,CON
SJX4,02,59,CON
SJX7,02/20,2625,GVL
SNEY,3/21,2789,ASP
SJXC,8/26,4593,ASP
SJXD,36,59,CON
SJN7,31,62,GRS
SWEH,16/34,3281,GRE
SJXJ,11/29,2608,ASP
SJXM,7/25,2953,GRE
SJXP,32,59,CON
SIBR,1,59,CON
SJXR,26,66,CON
SJXS,8/26,4921,ASP
SJXT,23,69,GRS
SJXV,1/19,2953,GRE
SJXX,15/33,3281,GRE
SJXY,34,64,CON
SJY2,14/32,2625,GVL
SJY3,03/21,3593,GVL
SJY4,17/35,3937,GVL
SJY6,08/26,3609,
SJY7,09/27,5577,ASP
SJY9,03/21,4265,Earth
SJYD,08/26,3938,ASP
SJYE,10/28,2953,GRE
SJYF,8/26,3281,ASP
SJYG,9/27,1969,GRS
SJYI,9/27,2297,GRE
SJYJ,8/26,2133,GRS
SJYK,17/35,2625,GRS
SJYL,17/35,2953,ASP
SJYM,5/23,1969,GRE
SJYO,16/34,2297,GRE
SJYP,9/27,2625,GRE
SJYQ,09/27,2625,Dirt
SJYR,12/30,1969,GRS
SJYS,8/26,1969,GRE
SJYT,18/36,3281,GRE
SJYU,8/26,3281,GRE
SJYV,19,79,CON
SJYW,11/29,4265,GVL
SJYW,2/20,4265,GVL
SJYX,H1,66,Turf
SJZ1,11/29,3115,GVL
SJZ4,02/20,3609,Earth
SJZ8,10/28,4593,Earth
SJZB,02/20,2953,GVL
SJZC,09/27,3281,GRE
SJZD,8/26,2625,GRS
SJZF,12/30,3937,GRE
SJZH,7/25,2953,ASP
SJZI,12/34,79,CON
SJZJ,25,69,GRS
SJZK,34,69,CON
SWHH,4/23,79,CON
SD3X,33/-,59,GRS
SJZP,3/21,3937,ASP
SJZS,14/32,2953,ASP
SJZT,9/27,5577,GRE
SJZU,3,69,CON
SJZV,22,69,ASP
SJZW,16/34,3281,GRE
SJZY,30,69,CON
SIP2,05/23,3281,Earth
LZDN,17/35,1870,asphalt
SK-0051,01/19,1404,ASP
SK-0057,05/23,1968,asphalt
SK-0065,14/32,1476,ASP
SK-0097,10/28,2790,grass
SK-0098,04L/22R,3117,UNK
SK-0098,04R/22L,3117,UNK
SK-039,08/26,,ASP
SK-434,01/19,2214,ASP
SK-467,17/35,4080,ASP
SK53,07/25,4198,ASP
SKAG,12/30,3937,ASP
SKAP,09/27,,UNK
SKAP,10/28,8204,ASP
SKAR,02/20,7045,ASP
SKAS,01/19,5331,ASP
SKAS,02/20,,UNK
SKBC,10/28,3985,ASP
SKBG,17/35,7381,ASP
SKBN,03/21,4935,ASP
SKBO,14L/32R,12467,ASP
SKBO,14R/32L,12467,ASP
SKBQ,05/23,9842,CON
SKBS,17/35,,UNK
SKBS,18/36,3973,ASP
SKBU,09/27,3945,ASP
SKCC,03/21,6341,ASP
SKCC,16/34,7700,ASP
SKCD,09/27,3980,ASP
SKCG,01/19,8530,ASP
SKCL,02/20,9842,ASP
SKCN,04/22,3675,ASP
SKCO,06/24,5249,ASP
SKCU,01/19,3794,ASP
SKCV,05/23,4396,ASP
SKCZ,02/20,4930,ASP
SKEB,18/36,4310,ASP
SKEJ,04/22,5905,ASP
SKFL,12/30,4921,ASP
SKGA,06/24,4446,GRE
SKGB,06/24,6233,ASP
SKGI,02/20,5249,ASP
SKGO,01/19,6644,ASP
SKGP,01/19,4256,ASP
SKGY,10/28,,UNK
SKGY,11/29,5643,ASP
SKIB,14/32,5905,ASP
SKIO,06/24,4167,ASP
SKIP,06/24,5774,ASP
SKIP,08/26,8202,ASP
SKJC,17/35,4003,Asphalt
SKLC,15/33,7153,ASP
SKLG,12/30,3937,ASP
SKLM,09/27,4876,ASP
SKLM,10/28,,UNK
SKLP,15/33,5643,UNK
SKLT,03/21,6168,ASP
SKMA,06/24,6070,ASP
SKMD,02/20,8202,ASP
SKME,05L/23R,1320,CON
SKME,05R/23L,3785,ASP
SKMG,11/29,4921,ASP
SKMJ,07/25,5300,ASP
SKML,18/36,3560,ASP
SKMP,02/20,4068,ASP
SKMR,14/32,7539,ASP
SKMU,02/20,5889,ASP
SKMZ,09/27,,UNK
SKMZ,10/28,4835,ASP
SKNQ,05/23,3937,ASP
SKNV,02/20,5880,ASP
SKOC,01/19,3937,ASP
SKOT,16/34,3103,ASP
SKPA,05/23,5382,ASP
SKPB,09/27,5540,ASP
SKPC,07/25,5907,ASP
SKPD,17/35,5910,ASP
SKPE,08/26,6627,ASP
SKPI,06/24,4912,ASP
SKPN,06/24,3310,ASP
SKPP,07/25,6266,ASP
SKPQ,01/19,9987,ASP
SKPR,18/36,4230,ASP
SKPS,02/20,7585,ASP
SKPV,17/35,3832,ASP
SKPZ,04/22,4935,ASP
SKQU,01/19,5905,ASP
SKQU,18/36,,UNK
SKRA,07/25,3527,ASP
SKRG,01/19,11286,ASP
SKRH,09/27,5413,ASP
SKRH,10/28,,UNK
SKSA,16/34,3937,ASP
SKSI,04/22,3930,ASP
SKSJ,01/19,4897,ASP
SKSM,01/19,5577,ASP
SKSO,04/22,6171,ASP
SKSP,06/24,7808,ASP
SKSV,13/31,,UNK
SKSV,14/32,4921,ASP
SKTB,09/27,4921,ASP
SKTD,05/23,3609,UNK
SKTI,04/22,9280,ASP
SKTI,04L/22R,1431,CON
SKTJ,04/22,3635,ASP
SKTL,17/35,4429,ASP
SKTM,07/25,6561,ASP
SKTQ,07/25,6220,CON
SKUA,03/21,8110,GRE
SKUA,07/25,6780,ASP
SKUB,12/30,2750,ASP
SKUC,11/29,6890,ASP
SKUI,13/31,4593,ASP
SKUL,01/19,3495,ASP
SKVG,16/34,4320,ASP
SKVL,15/33,5520,ASP
SKVP,02/20,6890,ASP
SKVV,05/23,5616,ASP
SKYP,05/23,8448,ASP
SL-0004,15/33,3600,
SLAG,16/34,6562,ASPH
SLAL,18/36,11811,Asphalt
SLBJ,01/19,4921,ASP
SLCB,05/23,8692,ASP
SLCB,14/32,12460,ASP
SLCE,18/36,2001,GRS
SLCI,01/19,5108,Concrete
SLCO,02/20,6562,ASP
SLCP,17/35,5653,GRASS
SLET,16/34,9098,ASP
SLGM,16/34,5767,Asphalt
SLGY,17/35,5905,UNK
SLHI,17/35,4801,ASP
SLLP,10/28,13123,CON
SLLP,10L/28R,6725,GRE
SLMG,16/34,4593,UNK
SLOR,09/27,6125,GRE
SLOR,18/36,8075,ASP
SLPB,01/19,3838,Concrete
SLPO,06/24,9130,ASP
SLPS,05/23,6562,ASP
SLRB,18/36,3940,GRASS
SLRI,13/31,5906,UNK
SLRQ,14/32,4921,ASP
SLRQ,18/36,4757,ASP
SLRY,18/36,4921,UNK
SLSA,14/32,5013,ASP
SLSB,18/36,5906,UNK
SLSI,18/36,3936,UNK
SLSR,01/19,4925,GRASS
SLSU,05/23,9300,CON
SLSV,18/36,9055,ASP
SLTI,03/21,6234,GRASS
SLTJ,13/31,10007,ASP
SLTR,14/32,7874,ASP
SLUY,13/31,13123,CON
SLVM,18/36,4918,ASP
SLVR,16/34,11483,CON
SLYA,02/20,6890,ASP
SMJP,11/29,11417,ASPHALT
SMZO,11/29,2461,Asphalt
SN-0001,03/21,6200,concrete
SN00,18/36,1287,TURF
SN01,H1,20,ASPH/ CONC
SN03,08/26,2400,TURF-G
SN03,15/33,2010,TURF-G
SN03,17/35,2285,TURF-G
SN04,18/36,1800,TURF
SN05,17/35,2640,TURF
07S,18/36,2400,TURF-G
SN08,18/36,2800,TURF
SN09,17/35,2590,TURF
SN0A,09/27,3411,ASP
SN10,01/19,2200,TURF
SN11,H1,30,CONC
KM64,01/19,3500,TURF
KM64,12/30,3030,TURF
SN13,18/36,2500,TURF
SN16,06/24,2625,GVL
SN17,01,64,Con
SN18,08/26,965,TURF
SN18,17/35,2100,GRVL
SN19,5,59,CON
SN1A,01,79,CON
SN1F,12/30,3282,Earth
SN1L,29,64,GRS
SN1M,01/19,2754,Piçarra
SN1R,13/31,3935,GVL
SN1S,07/25,4922,Earth
SN20,N/S,2000,TURF
SN21,18/36,2600,TURF
SN22,17/35,2200,TURF
SN29,03/21,2480,TURF
SN29,16/34,2650,TURF
SN29,17/35,2460,TURF
SN2A,08/26,2789,Earth
SN2B,12/30,89,ASP
SN2H,02/20,3281,GVL
SN2I,34,66,CON
SN2K,04/22,4265,Earth
SN2L,10/28,3281,Earth
SN2M,06/24,2625,GVL
SN2O,,66,Concrete disk
SN2P,01/19,2789,ASP
SN2Q,11/29,3281,Earth
SN2R,16/34,5577,GVL
SN2T,4,69,OON
SN2U,16/34,4265,Piçarra
SN2Y,04/22,2789,Earth
SN2Z,25,59,CON
SN30,H1,50,CONC
SN31,H1,40,CONC
SN32,17/35,2200,TURF
SN33,18/36,1900,TURF
SN34,17/35,2600,TURF
SN35,H1,40,CONC
SN36,17/35,2400,TURF
SN37,18/36,2600,TURF
SN38,H1,40,CONC
SN3B,01/19,4593,GRS
SN3C,01/19,3281,GRS
SN3D,24,66,GRS
SN3E,11/29,3609,Earth
SN3F,03/21,59,CON
SN3G,07/25,4921,GVL
SN3I,4,20,CON
SN3K,23,66,CON
SN3L,11/29,2953,Earth
SN3M,12/30,3806,Earth
SN3O,12/30,3945,ASP
SN3P,07/25,2953,Earth
SN3Q,08/26,3937,Piçarra
SN3R,10/28,2346,GVL
SN3S,04/22,2953,GRS
SN3T,06/24,2461,GVL
SN3W,16/34,4593,Earth
SN3Y,01/19,5085,ASP
SN3Z,04/22,2625,Earth
SN40,18/36,1900,TURF
SN41,18/36,1700,TURF
SN42,09/27,2640,TURF
SN44,N/S,3150,TURF
SN45,18/36,2400,TURF
SN46,09/27,2600,TURF
SN46,18/36,2600,TURF
SN47,N/S,2400,TURF
SN4A,17/35,5249,Earth
SN4D,09/27,4265,Earth
SN4E,02/20,3937,GVL
SN4F,09/27,3281,Earth
SN4H,16/34,4921,ASP
SN4J,10/28,2625,Earth
SN4K,07/25,2297,Earth
SN4M,17/35,4429,Piçarra
SN4N,28,79,CON
SN4O,02/20,2625,GVL
SN4P,01/19,3281,GVL
SN4Q,05/23,4921,ASP
SN4R,13/31,3609,GVL
SN4S,16/34,2789,GVL
SN4T,14/32,3937,Piçarra
SN4U,12/30,3281,Piçarra
SN4W,12/30,3281,GVL
SN4X,15/33,3281,GVL
SN4Y,36,59,ASP
SN4Z,14/32,2625,GRS
SN50,H1,40,CONC
SN51,12/30,3936,Earth
SN52,18/36,2400,TURF
SN53,N/S,3200,TURF
SN54,H1,60,CONC
SN55,17/35,2200,TURF
SN57,18/36,2100,TURF
SN58,17/35,2440,TURF
SN59,17/35,1300,TURF
SN60,H1,25,CONC
SN61,18/36,4200,TURF
SN62,09/27,1900,TURF
SN63,17/35,3100,TURF-F
SN64,N/S,2640,TURF
SN65,17/35,2100,TURF
SN68,18/36,2300,TURF
SN69,N/S,2200,TURF
SN6B,05/23,2625,GVL
SN6C,10/28,2953,GVL
SN6D,10/28,2953,GVL
SN6E,10/28,3937,Piçarra
SN6F,,,
SN6F,09,75,Con
SN6G,04/22,3609,GVL
SN6H,10/28,3609,GVL
SN6J,18/36,4593,GVL
SN6K,01/19,3281,ASP
SN6L,10/28,5906,ASP
SN6M,17/35,3281,Earth
SN6N,15/34,79,CON
SN6Q,01/19,3281,GVL
SN6R,06/24,3609,GVL
SN6S,10/28,3937,GVL
SN6T,09/27,2297,Earth
SN6V,16/34,2789,Earth
SN6W,23,59,CON
SN6X,01/19,2953,Earth
SN6Y,18/36,2789,GVL
SN6Z,09/27,3970,Piçarra
SN70,E/W,1565,TURF
SN70,N/S,2300,TURF
SN72,18/36,2310,TURF
SN73,H1,105,CONC
SN74,H1,50,CONC
SN75,16/34,1900,TURF
SN76,04/22,4200,None
SN76,13/31,4200,None
SN76,17/35,7000,ASP
SN78,08/26,1700,TURF
SN7C,03/21,3281,GRS
SN7G,10/28,2953,GVL
SN7L,07/28,59,GRS
SN7Q,11/29,2625,GRS
SN7R,06/24,3937,Piçarra
SN7S,11/29,4921,Piçarra
SN7T,15/33,3937,GVL
SN7W,11/29,3937,GVL
SN7X,12/30,3937,GVL
SN7Y,01/19,4593,GVL
SN81,18/36,1400,TURF
SN82,16/34,1968,Piçarra
SN83,17/35,2400,TURF
SN85,09/27,2300,TURF
SN88,E/W,1600,TURF
SN88,N/S,600,TURF
SN8B,18,66,CON
SN8C,06/24,4265,GRS
SN8E,10/28,1347,Earth
SN8F,04/22,3445,Earth
SN8G,12/30,2298,Earth
SN8M,02,59,GRS
SN8Q,19,59,CON
SN8R,31,40,CON
SN8S,07/25,3611,ASP
SN8T,9,59,CON
SN8U,14/32,3281,GVL
SN8V,09/27,2261,GVL
SN8Z,09/27,3279,GVL
SN90,N/S,2300,TURF
SN91,06/24,2300,TURF-DIRT
SN92,N/S,2100,TURF
SN94,E/W,1300,TURF
SN95,13/31,3150,TURF-F
SN95,17/35,2250,CONC-TURF-G
SN97,18/36,2400,ASPH
SN98,01/19,2150,TURF
SN99,05/23,2000,TURF
SN99,N/S,1500,TURF
SN9A,08/26,2950,Piçarra
SN9C,02,66,ASP
SN9I,15/33,3281,GVL
SN9N,09/27,2461,Piçarra
SN9O,14/32,3628,Earth
SN9P,18/36,2784,GVL
SN9Q,18/36,2165,Earth
SN9S,06/24,3628,GVL
SN9T,01/19,2855,Earth
SN9U,10/28,72,CON
SN9W,03/21,72,CON
SN9X,01/19,3282,Earth
SNA1,18/36,2952,GVL
SNA2,11/29,2295,Earth
SNA3,09/27,2295,Earth
SNA4,04/22,4265,GVL
SNA6,03/21,3281,GVL
SNA7,06/24,2953,Earth
SNA8,15/33,3280,Earth
SNA9,01/19,3609,GVL
SNAB,13/31,4085,ASP
SNAC,15/33,2953,ASP
SNAD,11/29,2625,ASP
SNAE,15/33,4265,ASP
SNAG,5/23,4921,ASP
SNAJ,09/27,2297,Shale
SNAK,10,89,CON
SNAL,10/28,3051,ASP
SNAO,09/27,4249,ASP
SNAO,09H/27H,79,CON
SNAP,10/28,4921,ASP
SNAQ,20/29,79,CON
SNAR,7/25,4593,ASP
SNAS,6/24,4921,ASP
SISG,14/32,3182,ASP
SNAV,14/32,3281,ASP
SNAX,12/30,5541,ASPH
SNB2,06/24,79,CON
SNB4,18/36,4593,ASP
SNB7,09/27,2625,GVL
SNB8,26,59,CON
SNB9,28,69,GRS
SJVW,9/27,5906,ASP
SNBC,09/27,4101,Piçarra
SNBF,12/30,2625,Earth
SNBG,11/29,3937,ASPH
SNBH,15/33,79,CON
SNBI,10/28,5249,ASP
SNBL,01/19,2625,Earth
SNBM,12/30,3740,ASP
SNBN,2/20,2297,ASP
SNBQ,H1,59,Concrete
SNBR,8/26,5249,ASP
SNBS,15/33,4849,ASP
SNBT,12/30,3281,ASP
SNBX,6/24,4265,ASP
SNBZ,18/36,3937,ASP
SNC2,02/20,4110,Earth
SNC3,01/19,2786,Earth
SNC4,12/30,3936,Piçarra
SNC6,15/33,4595,Piçarra
SNC7,15/33,2297,GVL
SNC8,15/33,3938,GVL
SNC9,17/35,3609,GVL
SNCA,10/28,4659,ASP
SNCB,7/25,3182,ASP
SNCD,13/31,72,CON
SNCE,10/28,3281,GRE
SNCH,H1,89,CON
SNCI,1/19,4429,ASP
SNCJ,11/29,2841,ASP
SNCL,04/22,2641,CON
SNCM,10/H1,66,CON
SNCP,09/27,5912,ASPH
SNCR,11/35,59,CON
SNCS,11/29,3937,ASP
SNCT,02/20,3543,ASP
SNCV,14/32,3281,GRE
SNCW,9/27,98,CON
SNCX,15/33,4265,ASPH
SNCY,11/29,2297,ASP
SNCZ,7/25,3478,ASP
SND7,17,69,CON
SND8,21,59,GRS
SND9,21,64,GRS
SNDC,5/23,3150,ASP
SBOT,11/29,2953,ASP
SNDH,13/31,5020,ASP
SICU,5/23,3937,GRS
SNDQ,9/27,3937,GRE
SNDR,2/30,4984,ASP
SNDT,3/21,5282,ASP
SNDU,03/21,2231,ASPH
SNDV,17/35,5052,ASP
SNDX,16/34,2625,ASP
SNE1,4,72,CON
SNE2,06,64,CON
SNE3,10/28,3610,GVL
SNE4,02/20,4295,Earth
SNE6,1,69,CON
SNE7,04/22,3610,Earth
SNE8,18/36,4265,Earth
SNEB,9/27,4265,ASP
SNEC,16/34,3117,GRE
SNED,14/32,4396,ASP
SNEF,30/H1,66,CON
SNEG,04/22,3937,Gravel
SWDT,7/25,1969,ASP
SNEQ,33,69,CONC/MTAL
SNEU,18/36,3937,ASP
SJUP,2,69,CONC
SNEW,11/29,4669,ASP
SNEZ,6/24,2789,ASP
SNF3,01/19,3282,Earth
SNF6,18/36,3781,Earth
SNF7,12/30,4005,Earth
SNF8,11/29,2953,GVL
SD5H,08/26,3609,ASP
SDVM,01/19,2789,GVL
SNFE,4/22,5249,ASP
SNFF,13/31,1804,ASP
SJAC,11/29,2461,ASP
SWFD,13/31,3281,GRASS
SNFI,2/20,4921,ASP
SNFJ,7/25,4265,ASP
SNFN,2/20,3281,GRASS
SNFO,2/20,3379,ASP
SNFP,10/28,3609,ASP
SIAC,4/22,2625,GRE
SSDM,3/21,2297,ASP
SNFU,7/25,3281,ASP
SD9C,15/33,3609,ASPH
SNFX,13/31,5249,ASP
SNFZ,3/21,3707,ASP
SNG2,08/26,3281,GVL
SNG3,10/28,4265,GVL
SNG6,08/26,3107,Piçarra
SNG7,02/20,2953,GVL
SNG8,04,66,GRS
SNG9,33,59,CON
SNGA,06/24,3570,ASPH
SD5A,9/27,3281,ASP
SNGD,15/33,5249,ASP
SNGE,08/26,59,CONC
SNGF,12/30,72,CON
SNGG,16/34,3937,ASP
SNGI,14/32,5577,ASP
SNGK,1/19,3937,GRE
SNGL,3/21,98,CONC
SNGN,16/34,4114,ASP
SNGP,15/33,3281,GRE
SNGR,9/27,2953,GRS
SNGS,14/32,2625,ASP
SNGT,6/24,4265,ASP
SNGX,12/30,4856,ASP
SITY,32/H1,79,CONC
SNGZ,3/29,62,CONC
SNH2,05,69,CON
SNH4,01/19,2789,GVL
SNH6,10/28,3282,Earth
SNH7,02/17,59,GRS
SNH8,12,66,CON
SNH9,09/27,3436,Earth
SNHB,12/32,59,CON
SNHD,12/30,3609,TER
SWWF,10/28,2953,GRE
SNHG,1/19,3281,ASPH
SNHH,2/20,98,CON
SNHI,12/27,89,CON
SNHJ,12/30,2690,ASPH
SNHM,11/29,60,Ceramic Brick
SNHN,5/14,69,CON
SSZK,17/35,4921,GVL
SNHS,13/31,5905,ASP
SNHT,4/14,59,GRS
SNHU,7/25,3281,TER
SNHV,04,59,Metal
SNHW,8/26,2953,ASP
SNHY,4/22,59,CON
SNHZ,10/33,59,CONC
SNI2,06/24,2952,Earth
SNI3,07/25,3924,Earth
SNI7,10/28,3609,ASP
SNI8,16,64,CON
SNIB,14/32,3937,ASP
SNIC,11/29,4593,ASP
SNID,5,69,CON
SNIE,10/28,3543,ASP
SNIF,1/19,1804,GRE
SNIG,16/34,4626,ASP
SIUE,15/33,98,ASP
SI7L,8/26,3937,GRE
SNIO,13/31,5118,ASP
SNIP,11/29,3478,ASP
SNIQ,H1,59,Concrete
SNIR,8/26,3281,ASP
SNIS,1/19,3281,ASP
SNIT,16/34,3937,ASP
SNIU,15/33,4265,ASP
SNIV,13/31,2625,GRVL
SNIX,2/20,4265,GRVL
SNIZ,11/29,4265,GRVL
SNJ1,02/20,3444,Earth
SNJ4,16/34,3937,Earth
SNJ7,10/28,2295,Piçarra
SNJ9,03/21,2297,GVL
SNJA,10/28,2126,GRS
SNJB,14/32,4101,ASP
SDZI,7/25,4134,Clay
SNJF,13/31,3937,ASP
SNJI,2/20,3937,ASP
SNJJ,06/24,2953,GRVL
SNJK,14/32,4199,ASP
SNJM,2/20,3839,ASP
SNJN,8/26,3937,ASP
SNJP,6/24,4265,ASP
SNJQ,10/28,3707,ASP
SNJR,8/26,4593,ASP
SNJV,9/27,4790,ASP
SNJX,15/33,69,CON
SI3O,18/36,4101,GRE
SNKA,9/27,72,CONC
SNKB,10/28,2625,ASP
SNKC,6/24,3281,ASP
SNKD,16/34,3150,ASP
SNKE,13/31,2625,Earth
SNKF,3/21,3150,ASP
SNKH,15/33,3445,ASP
SNKI,06/24,3937,ASPH
SNKJ,18/36,4429,ASP
SN1Z,14/32,3281,ASP
SNKN,11/29,3412,ASP
SNKO,13/31,3609,ASP
SNKR,11/29,3281,ASP
SNKS,8/26,2625,ASP
SNKU,12/30,2297,GRE
SNKV,7/25,1673,ASP
SNKY,9/27,2953,PIÇ
SNL3,09/27,2297,GRS
SNL4,13/31,3937,Earth
SNL7,10/28,3609,GVL
SNL9,08/26,2165,Earth
SNLA,9/27,4836,ASP
SNLG,6/24,4134,ASP
SNLI,17/35,3937,ASP
SNBD,4/22,66,CON
SNLN,06/24,6102,ASPH
SNLO,5/23,3510,ASP
SNLQ,11/29,4921,ASP
SNLR,9/27,69,CON
SNLT,7/25,3478,ASP
SIBI,1/19,1411,Earth
SNLY,5/23,3281,ASP
SNLZ,12/30,3294,GRE
SNM1,32,59,CON
SNM3,18/36,3937,Earth
SNM4,08/26,9281,Earth
SNM5,15/33,3937,GVL
SNM6,16/34,3281,GVL
SNM7,02/20,3412,Earth
SNM8,06/24,3938,Earth
SNM9,12/30,3281,GVL
SNMA,10/28,4675,ASP
SNMC,12/30,4324,ASP
SNMD,15/33,2297,CON
SNME,12/30,2575,ASP
SNMF,5/23,2615,GRE
SNMG,13/26,59,CON
SNMI,17/35,5741,ASP
SNMJ,7/25,4265,ASP
SNMK,11/29,4987,ASP
SNML,11/29,3281,GRE
SNMN,15/33,2411,Earth
SNMP,15/33,3281,GVL
SNMQ,14/27,59,CON
SNMR,05/23,2067,SAND
SNMU,05/23,4593,ASPH
SNMV,2/20,3281,GRS
SNMX,08/26,4429,ASPH
SNMZ,5/23,4298,ASP
SNN2,4,69,GRS
SNN7,10/28,3741,Earth
SNN9,03/21,3281,Earth
SNNB,11/29,3445,CON
SNNC,7/25,3281,ASP
SNNE,12/30,2034,GRE
SIPW,2/20,2953,ASP
SWLJ,4/22,3937,ASP
SNNM,15/33,2953,GRE
SNNO,18/36,2789,GRS
SNNP,18/36,3937,GRS
SNNU,11/29,4003,ASP
SI4P,14/32,3281,GVL
SI4P,18/36,2887,GRS
SNOB,10/28,3389,ASP
SN2C,16/34,3281,ASP
SSKX,11/29,1906,ASP
SNOE,11/29,3937,ASP
SNOF,6/24,3543,GRS
SNOG,16/34,3937,ASP
SJRY,18/36,2953,GRS
SNOK,10/28,3117,GVL
SNOL,01/19,4757,GVL
SNOM,18/36,3609,ASP
SJPH,4/31,79,CON
SIA3,17/35,3117,Earth
SNOS,14/32,4921,ASP
SIAY,9/27,3937,GRS
SNOU,3/21,3937,ASP
SNOV,16/34,1969,ASP
SNOW,13/31,3609,GRE
SNOX,17/35,5249,ASP
SNOZ,9/27,3281,ASP
SNP2,25,66,CON
SNP4,05/23,3281,GVL
SNP5,10/28,2297,Earth
SNP7,02/20,3938,GVL
SNP8,25,53,CON
SNP9,17,69,CON
SNPA,12/30,4134,ASPH
SNPC,14/32,5741,ASP
SNPD,09/27,5577,ASP
SNPI,18/36,4429,ASP
SNPJ,5/23,3937,ASP
SNPK,H1,64,GRS
SNPL,18/36,3609,GRE
SNPN,11/29,3609,GRE
SNPO,15/33,3937,GRE
SDGX,16/34,2690,ASP
SNPQ,12/30,3281,SAND
SNPR,21/35,66,CON
SN4G,11/29,3937,ASP
SNPU,7/25,3855,ASP
SJZ3,16/34,1640,GRS
SNPX,10/28,4856,ASP
SNPY,5/23,5249,ASP
SNPZ,10/28,3281,GRE
SNQ4,18,69,CON
SNQ6,06/24,3281,GVL
SNQ9,16/34,3611,GVL
SNQA,1/19,2625,ASP
SNQC,H1,64,Concrete
SNQD,15/33,3937,ASP
SNQE,1/19,2493,ASP
SNQG,16/34,5906,ASP
SNQH,H1,79,Turf
SI20,17/35,3609,ASP
SNQK,9,59,CON
SNQM,3/21,3937,ASP
SNQN,06/24,3302,Asphalt
SNQP,2/20,2953,GRS
SNQR,3/21,2625,GRS
SNQS,9/27,2953,GRS
SNQT,14/32,2789,GRS
SNQU,07/25,4593,ASP
SNQV,9/27,3937,ASP
SNQW,12/30,3232,ASP
SNQX,14/32,3937,ASP
SNQY,5,59,CON
SNR2,11/29,4266,Earth
SNR3,11/29,2953,GVL
SNR6,10/28,3840,Piçarra
SNR7,18/36,3281,Earth
SNR8,02/20,3353,Earth
SNR9,02,50,CON
SIYR,5/23,3150,ASP
SI5D,13/31,62,CON
SNRD,11/29,3822,ASP
SJCR,10/28,4265,ASP
SNRF,H1,69,Concrete
SNRG,9/27,62,CON
SS92,21,89,CON
SNRL,H1,59,GRS
SNRM,11/29,4429,ASP
SNRN,1/19,3609,GRE
SNRP,16/34,3609,GRE
SNRQ,11/29,2953,GRE
SN7M,4/22,3379,ASP
SNRU,13/31,5906,ASP
SNRV,6/24,2625,ASP
SNRX,12/30,3937,ASP
SNRY,7/18,59,CON
SNRZ,03/21,3887,ASP
SNS3,08/26,3413,GVL
SNS6,17/35,2954,GVL
SNSC,3/21,3937,GRE
SJFA,9/27,3937,GRE
SNSE,16/34,3609,ASP
SWER,11/29,3937,GRE
SNSG,17/35,4265,ASP
SNSH,9/27,4921,ASP
SNSI,4/22,2625,GRE
SNSJ,6/24,2625,ASP
SDI3,07/25,2953,GVL
SNSM,09/27,6102,ASP
SNSO,2/20,3018,ASP
SNSQ,3/12,62,CON
SNSR,3/21,3609,ASP
SNSS,18/36,4856,ASP
SN3U,17/35,3937,ASP
SJX8,12/30,3117,GVL
SNI6,6/24,3609,ASP
SNDS,7/25,2789,GRS
SNSY,6/24,2625,GRS
SNT2,02/20,3607,Earth
SNT3,09/27,2953,GVL
SNT4,13/33,3933,ASP
SNT6,10/28,4921,Earth
SNT7,09/27,2953,GVL
SNT8,13/31,4594,Earth
SNT9,13/31,3557,Earth
SNTA,09/27,3609,GRE
SNTD,9/27,4364,ASP
SNTE,H1/H1,74,GRS
SNTF,11/29,4790,ASPH
SNTH,H1/H1,64,CON
SNTI,9/27,4987,ASP
SD4L,03/21,2625,Earth
SD4L,3Z/21Z,3281,ASP
SNXA,10/28,2592,Graded earth
SNTM,01/19,3281,GRE
SNTO,11/29,3904,ASP
SNTP,13/31,4265,ASP
SNTQ,11/29,5249,ASP
SNTR,10/28,4068,ASP
SNTS,12/30,5249,ASP
SNTY,13/31,3937,ASP
SNU2,31,78,CON
SNUB,16/34,3543,ASP
SNUC,11/29,4921,ASP
SNUG,11/29,2625,GRE
SNUH,7/25,3658,GRS
SNUI,8/26,3937,ASP
SNUN,17/35,3871,ASP
SNUP,13/31,2625,ASP
SNUQ,8/33,69,MET
SNUS,3/21,2133,ASP
SNUT,6/24,4659,ASP
SS8H,11/29,3281,GRE
SNUZ,17/35,2953,Piçarra
SNVA,1/19,4035,ASP
SNVB,04/22,5906,ASP
SNVC,17/35,2953,ASP
SNVD,10/28,3937,ASP
SNVF,18/27,59,CON
SNVH,18/36,2953,ASP
SNVI,04/22,4265,ASP
SJF4,8/26,2625,GRS
SNXP,16/34,3281,GRE
SNVR,8/26,4265,ASP
SNVS,07/25,5249,ASP
SNVT,33,69,MET
SJ38,09/27,1640,GRS
SJ7W,11/29,3281,ASP
SSWO,17/35,2887,GRS
SNVX,35,66,CON
SNVY,16/34,3281,GRS
SNW1,06/24,2789,GVL
SNW2,28,59,GRS
SNW3,02/20,3612,GVL
SNW4,13/31,3282,GVL
SNW7,17/35,3774,Earth
SNW8,05/23,3281,Piçarra
SNW9,13/31,3938,Piçarra
SNWC,14/32,3117,ASP
SNWD,15/33,2887,GRS
SNWF,6/24,3215,GRS
SNWG,2/20,2625,GRS
SNWH,16/34,1804,GRS
SNWI,18/36,2854,GRS
SNWJ,17/35,2953,GRS
SNWK,15/33,2625,GRS
SI4C,03/21,3281,Earth
SDQ2,09/27,2625,GVL
SNWO,9/27,2953,GRE
SNWR,17/35,3117,ASP
SNWS,8/26,4921,ASP
SNWU,4/22,2887,GRS
SNWV,3/21,62,GRS
SNWW,18/27,79,GRS
SNX2,05/23,2954,GRS
SNX3,15,69,CON
SNX4,14/32,1477,Earth
SNX7,18/36,3281,Earth
SNX8,18/36,3281,ASP
SNX9,17/35,1969,GVL
SNXB,9/27,4921,ASP
SNXC,7/16,79,CON
SNXE,15/33,1969,GRS
SIXX,15/33,1969,GRS
SNXG,14/32,4593,ASP
SNXH,9/27,4839,ASP
SNXJ,10/24,59,MET
SNXK,2/20,3937,ASP
SDLN,04/22,4921,Clay
SNXQ,13/31,4659,ASP
SNXR,1/19,2625,GRE
SNXV,9/27,4921,ASP
SNXX,16/34,7218,ASP
SNXY,5/23,3937,ASP
SNY2,20,69,GRS
SNY3,16/34,3937,Piçarra
SNY4,08/25,3609,GRS
SNY6,01/19,2953,GRS
SNYA,5/23,3937,Piçarra gravel
SNYB,3/21,5906,ASP
SNYE,9/27,5709,ASP
SJ9Y,11/29,3937,asphalt
SNYG,10/20,66,CON
SNYH,12/30,4593,ASP
SIAX,16/34,2789,GRE
SNYJ,17/35,1476,GVL
SNYJ,5/23,1969,ASP
SNYK,18/23,66,CON
SNYP,12/30,3150,ASP
SD9O,14/32,3117,GVL
SNYS,2/20,4593,GRE
SNYT,3/21,4921,ASP
SNYU,18/36,5299,ASP
SNYV,9/27,3196,ASP
SNYW,5/23,2625,ASP
SNZ4,14/32,3937,Earth
SNZ5,13,66,CON
SNZ6,01/19,3937,GVL
SNZA,1/19,4199,ASP
SIZR,2/20,2953,GRS
SJJJ,13/31,2297,ASP
SIWD,7/25,4593,GRS
SNZI,H1/H1,64,CON
SNZK,12/30,5118,ASP
SNZM,13/31,66,CON
SNZO,14/32,2625,ASP
SNZR,11/29,4921,ASP
SNZT,5/23,2953,ASP
SNZU,11/29,2854,ASP
SNZV,7/25,2461,ASP
SNZW,9/27,2789,ASP
SNZX,H1/H1,66,CON
SNZZ,13/31,2625,ASP
SOCA,08/26,10486,ASP
SOOA,07/25,3938,ASP
SOOG,04/22,3937,CON
SOOM,04/22,3281,ASP
SOOR,06/24,2625,ASP
SOOY,11/29,1640,Grass
SOR,04/22,,
SOR,13/31,,
SPAB,18/36,3600,ASP
SPAC,02/20,5249,UNK
SPAS,12/30,6749,ASP
SPAY,04/22,4921,ASP
SPBC,12/30,5905,ASP
SPBL,09/27,3871,ASP
SPBR,13/31,4429,ASP
SPCL,02/20,9186,ASP
SPCM,09/27,2953,asphalt
SPDR,10/28,6075,ASP
SPEE,13/31,3956,ASP
SPEO,01/19,5905,ASP
SPEP,07/25,5922,ASP
SPEQ,06/24,5905,ASP
SPGB,17/35,4921,ASP
SPGM,01/19,6890,
SPGP,05/23,4219,ASP
SPHI,01/19,8266,ASP
SPHO,02/20,9186,ASP
SPHY,03/21,8202,ASP
SPHZ,16/34,10007,ASP
SPJC,16L/34R,11506,CON
SPJC,16R/34L,11417,CONC
SPJA,16/34,6168,ASP
SPJE,16/34,7874,ASP
SPJI,03/21,6562,ASP
SPJJ,13/31,9220,ASP
SPJL,12/30,13780,ASP
SPJN,15/33,6562,
SPJR,16/34,8201,ASP
SPLC,17/35,13064,ASP
SPLN,10/28,5915,ASP
SPLO,12/30,8202,ASP
SPLP,02/20,8019,ASP
SPME,14/32,8202,ASP
SPMF,15/33,5775,ASP
SPMS,09/27,5912,ASP
SPNC,07/25,8202,ASP
SPON,18/36,3280,Natural terrain
SPOY,11/29,4900,Asphalt dirt
SPPH,03/21,2296,Clay / Grass
SPPY,13/31,6496,ASP
SPQT,06/24,8202,CON
SPQU,10/28,9777,ASP
SPRM,01/19,3281,ASP
SPRU,02/20,9920,ASP
SPSO,04/22,9908,ASP
SPST,17/35,8530,ASP
SPTN,02/20,8202,ASP
SPTU,01/19,11482,CON
SPUR,01/19,8202,ASP
SPYL,17/35,8038,ASP
SPZA,07/25,3355,ASP
SPZO,10/28,11146,ASP
SMEG,05/29,3934,asphalt
SRV,18/36,2601,GRVL-DIRT-F
SS07,03/21,2954,Earth
SS0L,02,75,CON
SS1,04W/22W,6000,Water
SS1,09W/27W,3500,WATER
SS1A,04/22,2953,Earth
SS1F,07/25,3117,GVL
SS1L,01/19,3771,Earth
SS1M,16/34,2293,GVL
SS1P,08/26,4595,Earth
SS1X,01/19,3610,GVL
SS22,02/20,3282,GVL
SS23,04/22,1312,Earth
SS24,21,64,CON
SS25,05/23,3937,Earth
SS26,27,79,ASP
SS28,03/21,3115,Earth
SS2C,03/21,3606,Earth
SS2E,17/35,3939,GVL
SS2F,22,69,CON
SS2G,03/21,3281,Earth
SS2I,11/29,54,CON
SS2K,30,59,ASP
SS2L,11,66,CON
SS2M,07/25,2625,GVL
SS2N,08/26,3939,ASP
SS2O,09/27,4595,Earth
SS2P,17/35,1641,Earth
SS2R,03/21,2953,GVL
SS2S,12/30,3281,Earth
SS2T,09/27,2461,Earth
SS2U,08/26,3281,GVL
SS2V,06/24,3609,GRS
SS2W,13/31,3610,Earth
SS2X,13/31,2625,GVL
SS2Y,08/26,3931,Earth
SS2Z,07/25,2625,GVL
SS32,03/21,4264,Earth
SS33,02/20,3087,Earth
SS34,12/30,3937,Earth
SS36,18,64,CON
SS37,03/21,3937,Earth
SS38,01/19,1969,GRS
SS39,15/33,3280,GVL
SS3B,04/22,3283,Earth
SS3C,13/31,2953,GVL
SS3D,12/30,3283,Piçarra
SS3E,11/29,4758,ASP
SS3F,19,59,CON
SS3G,06/24,2297,Earth
SS3J,31,66,CON
SS3K,17/35,3939,GVL
SS3N,28,59,CON
SS3O,6,59,CON
SS3P,01/19,3281,GVL
SS3Q,02/20,2954,Earth
SS3R,11/29,3279,Earth
SS3S,03/21,2298,GRS
SS3T,07/25,3608,Earth
SS3U,11/29,2461,GVL
SS3V,01/19,66,CON
SS3W,02/20,1576,ASP
SS3X,22,72,CON
SS3Y,19,85,CON
SS3Z,11/29,2624,Piçarra
SS40,13,66,CON
SS42,10/28,2625,Earth
SS43,16/34,2132,Earth
SS44,11/29,2953,Earth
SS46,03/21,3773,GVL
SS48,05/23,3281,GVL
SS49,17/35,3282,Earth
SS4A,03/21,4594,GVL
SS4B,04/19,69,CON
SS4C,12/30,2294,Earth
SS4E,09,59,CON
SS4G,3,64,CON
SS4H,13/31,3605,Earth
SS4I,07/25,2680,Piçarra
SS4J,15,59,CON
SS4L,09/27,2297,ASP
SS4M,9,59,CON
SS4N,04/22,3937,ASP
SS4O,14/32,3281,Earth
SS4P,04/22,3278,Earth
SS4Q,6,66,CON
SS4R,01/19,3281,Earth
SS4S,09/27,3937,Earth
SS4U,11/29,3282,Piçaara
SS57,14,69,GRS
SS63,09/27,4922,Earth
SS67,03/21,1936,Earth
SS6A,13/31,3708,Piçarra
SS6B,16/34,5905,ASP
SS6H,15/23,3281,GRS
SS6I,08/26,3988,Earth
SS6J,02/20,3281,Earth
SS6K,12/30,2789,GRS
SS6L,11/29,3741,ASP
SS6N,06/14,3281,Saibro
SS6Q,18,59,GRS
SS6R,16/34,2619,Earth
SS6S,15,69,CON
SS6T,18/36,2461,Earth
SS6U,30,59,GRS
SS6V,11/29,3938,Piçarra
SS6X,20,59,CON
SS6Y,8,68,CON
SS6Z,4,66,CON
SS72,15,79,CON
SS73,02/20,4922,ASP
SS74,11/29,1969,GVL
SS75,14,69,CON
SS76,20,69,GRS
SS77,16,59,CON
SS78,10/28,4918,Earth
SS79,30,59,CON
SS7B,05/23,2625,GVL
SS7E,11/29,3282,GVL
SS7F,13/31,2951,Earth
SS7G,14/32,2624,Piçarra
SS7H,09/27,4513,Earth
SS7I,32,69,CON
SS7J,17/35,1641,Earth
SS7K,15/33,2953,GVL
SS7L,07/25,2297,GVL
SS7M,11/32,69,GRS
SS7N,02/20,4595,Earth
SS7O,05/23,4265,ASP
SS7P,10/28,3938,Earth
SS7Q,12/30,3936,Earth
SS7R,8,72,CON
SS7S,13/31,3275,ASP
SS7T,11/29,2953,GVL
SS7U,02/20,2953,GVL
SS7Y,08/26,3609,GVL
SS82,17/35,2624,Piçarra
SS8A,14/32,3117,Earth
SS8B,2,66,CON
SS8D,11,69,CON
SS8E,13/31,2954,GVL
SS8F,05/23,2789,Earth
SS8G,06/24,2955,Earth
SS8L,10/28,3775,GRS
SS8M,14/32,2587,Earth
SS8N,08/26,2789,ASP
SS8O,06/24,59,GRS
SS8P,19,78,CON
SS8V,15/32,1313,GRS
SS8W,29,66,CON
SS93,09/27,2460,Earth
SS96,14/32,3282,Earth
SS97,18/36,3281,Earth
SS98,14,59,CON
SS99,14/32,1339,Earth
SS9C,08/26,1997,GRS
SS9D,15/33,3610,Earth
SS9G,21,66,CON
SS9H,14/32,2295,GRS
SS9J,11/29,2625,GVL
SS9K,32,59,CON
SS9N,14/32,2303,Earth
SS9O,15/33,3970,Earth
SS9P,10/28,3937,ASP
SS9Q,14/32,2624,Piçarra
SS9R,05/23,4065,Earth
SS9S,06/24,3605,GVL
SS9T,18/36,3937,Earth
SS9U,24,66,ASP
SS9V,03/21,2624,GVL
SS9W,10/28,2627,GRS
SS9X,32,59,ASP
SS9Z,02/20,3281,Earth
SSA0,01/19,2626,GVL
SSA3,11/29,3610,Earth
SSA4,11/29,4265,Earth
SSA6,06/24,3284,Earth
SSA7,10/28,3933,ASP
SSA8,08/26,3905,GVL
SSA9,13/31,3937,ASP
SSAA,H1,64,Concrete
SSAB,5/23,3937,ASP
SSAD,11/29,5906,ASP
SSAE,6/24,3281,GRE
SSAF,15/33,3281,GRS
SSAG,10/28,2953,GRE
SSAK,14/32,2461,GRS
SSAK,4/22,2625,GRS
SSAN,09/27,3281,ASP
SSAP,10/28,4593,ASP
SSAQ,15/33,3543,GRS
SSAQ,17/35,3084,GRS
SJRJ,17/35,2297,GRE
SSAU,14/32,2133,GRS
SSAV,18/36,3281,GVL
SSAY,5/23,3281,ASP
SDEQ,5/23,79,CONC
SSB2,10/28,3609,Earth
SSB3,13/31,2784,GVL
SSB6,06/24,2626,Earth
SSB7,05/23,3281,Earth
SSB8,02/20,2953,GVL
SSB9,13/21,3938,GVL
SSBC,11/29,3937,ASP
SSBF,7/25,3281,ASP
SSBG,13/31,3281,GRE
SSBK,1/19,3707,GRS
SSBL,19/01,3543,ASP
SSBN,9/27,3618,Asphalt
SSBP,30,59,CON
SDD8,15/33,2369,ASP
SSBR,16/34,4265,ASP
SSBT,1/19,3281,Earth
SJ97,18/36,2953,Earth
SSBV,3/21,4265,ASP
SJR2,8/26,1804,GRS
SSBX,13/31,2461,GRS
SSBY,18/36,4593,ASP
SSC3,16/34,2299,Piçarra
SSC7,09/27,2953,Earth
SSC8,18/36,2796,Earth
SSC9,11/29,3925,GVL
SSCA,8/26,3937,GRS
SWWQ,12/30,2789,ASP
SSCD,5/23,6562,ASP
SIBK,1/19,2100,GRS
SIBK,15/27,1969,GRS
SIBK,9/27,1870,GRASS
SSCF,12/30,2953,GRE
SSCH,9/27,3609,GRE
SSCI,2/20,4265,ASP
SJI8,01/19,2625,GVL
SSCK,14/32,4856,ASP
SSCL,13/31,2953,ASP
SSCM,03/21,3937,ASP
SSCN,06/24,4134,ASP
SSCO,3/21,2625,GRE
SSCP,6/24,4593,ASP
SSCQ,02/20,4921,ASP
SSCR,1/19,4593,ASP
SSCT,4/22,3937,ASP
SSCU,6/24,2953,ASP
SIQO,4/22,3281,GRS
SSCX,17/35,3281,GRE
SSCY,2/28,59,CON
SSD1,15,69,GRS
SSD2,17,69,GRS
SSDA,H1,,
SSDD,H1/H1,89,CON
SNXZ,16/34,3281,GRE
SSDI,16/34,2953,ASP
SSDK,11/29,4200,concrete
SSDL,14/32,3281,Piçarra
SSDP,16/34,3937,ASP
SSDQ,05/23,2297,GRS
SSDT,13/31,3281,ASP
SSDV,01/19,3609,GRS
SSDW,17/35,3609,GVL
SSDX,17/35,1969,GRE
SSEB,13/31,3904,GVL
SNEO,27/36,59,CONC
SSED,07/25,2717,ASP
SSEE,6/24,1870,GRS
SSEF,2/20,1969,TER
SSEJ,17/35,59,CON
SSEK,6/24,2625,GRE
SSDB,9/23,66,CON
SN2S,16/34,3281,GRE
SSEP,14/32,3740,GRE
SDQA,18/36,2953,GRS
SSER,14/32,4199,ASP
SSEU,03/21,2953,GVL
SSEV,07/25,1969,GRS
SSEW,15/33,2625,GRASS
SSEX,04/22,3117,GVL
SSEZ,7/25,2339,GRE
SSFA,07/25,4921,ASP
SSFB,7/25,4331,ASP
SJC3,4/22,3937,GRS
SSFE,02/20,3100,ASP
SSXG,6/24,3937,GRE
SSFH,1/19,2297,TER
SSFJ,04/22,2789,GRS
SSFK,4/22,3346,ASP
SSFL,11/29,4921,ASP
SSFO,3/21,2625,GRS
SBFT,6/24,5643,ASP
SSFX,11/29,2461,GRS
SSFY,1/10,85,CON
SSGA,15/33,3937,ASP
SSGB,02/20,3281,ASP
SSGE,07/25,3340,GRE
SSGF,2/20,3445,ASP
SSGH,11/29,3445,ASP
SSGJ,10/28,3117,GRE
SDQX,5/23,2756,TER
SSGM,9/27,2625,GRE
SSGN,18/36,3281,GRS
SSGO,16/34,3921,GVL
SSGP,10/28,1936,asp
SSGT,14/32,2953,GRE
SSGU,6/24,2690,GRS
SSGV,1/H1,59,CONC
SSGW,05/23,3278,ASP
SNIH,1/19,2953,GRS
SSGY,08/26,4265,ASP
SSGZ,4/22,3281,GRS
SSHA,6/24,3937,ASP
SJ7T,12/30,2493,GRS
SSHE,15/33,5249,ASP
SITF,14/32,3937,ASP
SSHH,12/32,59,ASP
SSHK,6/24,4429,GRE
SSHL,9/27,2625,GRE
SSHM,9/27,59,CON
SSHN,10/28,3281,GRS
SSHR,16/35,59,CON
SSHS,1/10,59,CON
SSHT,14/32,3937,GRASS
SSHU,12/30,2297,GRS
SSHV,11/29,3773,Earth
SSHX,18/36,4167,ASP
SSHZ,15/33,3445,ASP
SSIC,1/19,2461,ASP
SSIE,6/24,4921,GVL
SSIF,17/35,4265,ASP
SNYF,8/26,3281,GRE
SSIJ,18/36,4200,ASP
SI8B,2/20,2953,GRS
SSIQ,15/33,3169,GRS
SSIR,9/27,2493,GRE
SSIS,18/36,3281,ASP
SSIU,18/27,66,CONC
SDX6,11/29,1969,GRS
SDMF,1/19,1640,ASP/GRS
SDVT,01/19,3281,ASP
SSIZ,17,62,CONC
SSJA,15/33,4396,ASP
SIW8,03/21,3610,Earth
SSRJ,6/24,2297,GRS
SSJF,23/32,82,CON
SSJG,2/20,2297,GRS
SSYN,8/26,3510,GRS
SSJI,18/36,3117,ASP
SWBT,4/22,2559,GRE
SSJK,11/29,3904,GRE
SSJM,5/23,4921,ASP
SSJO,2/20,2165,GRS
SSJP,7/25,1969,ASP
SSJQ,11/29,4265,TER
SNYM,13/26,72,CON
SSJV,2/20,2165,GRS
SSJW,14/32,2461,GRE
SSJX,16/34,2953,GRS
SSJY,3/21,2165,GRS
SS8K,1/19,2822,GRS
SSKA,1/19,1969,GRS
SSKB,15/33,2461,GRS
SWUN,13/31,1969,GRE
SINP,2/20,2461,GRS
SJPI,18/36,3281,GRS
SSKG,6/24,3609,ASP
SSKH,8/26,2625,GRS
SJEL,11/29,2953,GRS
SSKK,8/26,2297,GRS
SSKM,02/20,4495,ASP
SSKP,2/20,2533,GRE
SSKQ,3/21,3281,GRVL
SSKR,6/24,2953,TER
SSKS,12/30,3346,ASP
SSKT,03/21,3910,ASP
SSKU,10/28,3281,GRE
SSKW,15/35,6890,ASPH
SNLD,17/35,3773,GRASS
SSKY,15/33,3937,GRVL
SSKZ,11/29,5118,ASP
SSLB,7/25,1837,GRS
SSLD,2/20,2625,GRS
SSLE,H1/H1,79,CON
SSLG,6/24,3937,GRE
SSLH,H1/H1,69,CON
SJTC,17/35,2625,GRS
SSLN,7/25,3609,ASP
SSLO,5/23,3609,ASP
SSLP,1/19,3281,ASP
SDTD,16/34,3281,GRS
SSLR,2/20,2133,GRE
SSLT,15/33,3937,ASP
SSXU,17/35,2297,GRS
SSVD,2/20,3281,GRS
SSLY,17/26,59,CONC
SSMC,16/34,2953,GRS
SS4V,2/20,3281,GRS
SSMG,13,69,CONC
SSMH,16/34,1969,GRS
SSMJ,1/19,2625,GRS
SSMK,9/27,1312,GRS
SJ4K,6/24,2297,GRS
SSMQ,2/30,66,CONC
SSMR,17/35,3937,ASP
SSMT,5/23,3199,ASP
SSMU,19,59,GRS
SSMV,16/34,2592,TER
SSMW,1/19,1969,GRS
SSMX,12/30,2116,TER
SSMY,2/20,3281,ASP
SSMZ,16/34,3937,GRVL
SSNA,6/24,3609,ASP
SSNB,10/28,4586,ASP
SSND,1/19,4593,GRVL
SSNF,17/35,2165,ASP
SSNG,13/31,3018,GRS
SSNH,2/20,3937,GRE
SSNI,3/21,3281,GRS
SSNJ,16/34,3615,GRASS
SWAP,3/21,3445,ASP
SDN7,02/20,3937,GVL
SSNP,13/31,3281,ASP
SSNQ,18/36,3937,GRS
SSNR,18/36,3281,GRS
SSNS,13/31,4921,GVL
SSNU,11/29,2953,GRE
SSNV,3/21,1804,GRS
SI4N,13/31,4593,ASP
SSNX,7/19,69,CON
SSNY,4/22,3937,GRASS
SSOA,4/22,66,CON
SSOD,14/32,3215,ASP
SSOE,17/35,4134,ASP
SSOG,15/33,3937,ASP
SSOI,15/33,3822,GRE
SSOJ,9/27,2953,GRASS
SSOK,11/29,3084,Asphalt
SSOL,5/23,4921,ASP
SSON,11/29,2297,GRS
SSOQ,9/27,3150,GRS
SSHD,15/33,1969,GRS
SSOS,11/29,3117,Sand
SSOT,1/19,5577,GRE
SSOU,18/36,4593,GRE
SSOY,8/26,2625,GRVL
SWYB,27,62,CONC
SSPA,09/27,3694,ASP
SSPC,8/26,4593,GRVL
SSPD,8/26,3937,GRVL
SSPE,8/26,3281,GRVL
SSPG,6/24,4774,ASP
SSPI,12/30,4921,ASP
SSPL,5/23,3281,ASP
SSPM,18/36,4265,ASP
SSPN,14/32,4331,ASP
SSPO,4/22,2428,ASP
SSRA,17/35,3609,GRS
SDL4,01/19,2953,ASPH
SSPS,2/20,3609,ASP
SSPT,3/21,3937,ASP
SDP8,16/34,3937,ASPH
SIMB,2/20,2953,ASPH
SSPY,1/19,2953,ARG
SSQA,16/34,3937,ASP
SJOD,13/31,2953,ASPH
SSQC,10/28,3937,ASP
SIVA,21/30,69,GRS
SSQE,7/16,59,CON
SWVY,12/30,3281,ASP
SSQH,26,69,CON
SSQI,10/28,2756,GRVL
SI74,25,59,MET
SSQP,17/35,3281,ASP
SSQR,09/27,3281,TER
SSQS,09/27,5249,ASP
SSQT,05/23,4659,ASP
SSQU,10/28,1969,GRE
SSQV,10/28,62,CON
SSQW,8/26,69,MET
SSQX,17,69,CON
SSQY,3/20,69,CON
SSQZ,10/28,4265,ASP
SSRB,17/35,2625,GRE
SSRC,4/22,3281,GRE
SSRE,6/24,3937,ASP
SSRF,13/31,4265,ASP
SJF9,02/20,2953,GVL
SJQB,3/21,3937,ASP
SSRK,11/29,4921,ASP
SD2R,15/33,2789,ASP
SILN,11/29,3609,GRE
SNZB,02/20,1969,GRE
SSRU,3/21,3609,GRE
SSRV,11,66,CON
SSRW,13/31,2444,ASP
SSRZ,10/28,3281,Clay
SSSA,02/20,3281,ASP
SSSB,07/25,4921,ASP
SSSB,14/32,2297,GRS
SSSC,8/26,3871,ASP
SSSD,16/34,4265,GRE
SSSE,12/32,59,CON
SSSG,4/22,3281,GRE
SSSH,7/25,2297,GRS
SSSI,12/30,4921,Earth
SSSK,16/34,2789,Piçarra
SSSN,5/23,82,CON
SDM4,15/33,2133,GRE
SSSP,10/28,3921,GRS
SSSR,9/27,1640,GRE
SSSS,18/36,2297,GRS
SSST,17/35,4396,GRE
SWXL,14/32,2297,GRE
SSSY,5/23,3018,GRE
SSSZ,10/28,3773,ASP
SSTA,9/27,2461,GRS
SSTB,3/21,4495,ASP
SSTC,21/34,66,GRS
SSTD,10/28,1345,GRE
SNU4,04/22,3282,Earth
SSTG,6/24,1969,GRS
SDUE,9/27,3609,ASP
SSTI,14/32,1804,TER
SSTJ,11/29,1969,GRE
SSTK,13/31,2625,GRE
SSTP,16/34,3937,TER
SSTQ,3/21,3281,TER
SWDR,12/30,2461,GRS
SSTT,27,59,CONC
SSTU,13/31,3281,GRS
SSTY,17/35,4921,GRE
SSUA,16/34,2953,GRE
SSUC,13/31,2953,GRS
SSUF,H1/H1,69,CON
SNOY,9/22,66,CON
SNFD,17/27,66,GRS
SSUJ,13,66,CON
SSUL,03/21,1755,ASP
SSUM,04/22,4692,ASP
SSUN,4/13,62,CON
SSUO,4/31,69,CON
SSUP,4/22,59,CON
SIJ4,14/32,3399,GRS
SSUS,08/26,3281,GVL
SSUU,11/29,2953,GRE
SSUV,17/35,3281,ASP
SSUK,6/24,4331,ASP
SSVA,16/34,1673,ASP
SSJB,18/36,1575,GRS
SSVE,3/21,2953,GRS
SDG2,01/19,3117,GVL
SSVH,18/36,3937,GRS
SSVI,10/28,4594,ASP
SSVK,3/21,3281,GRS
SDNL,1/19,2953,GRS
SSVN,12/30,3281,Clay
SSVO,15/33,3281,ASP
SIZZ,02/20,59,CONC
SSVU,9/27,4196,PIÇ
SSWT,01/19,2625,GVL
SSVW,10/28,2822,GRE
SSVY,14/32,2625,GRS
SSVZ,11/20,72,CONC
SSWG,3,59,MTAL
SSWH,3/21,2625,GRASS
SSWI,20/29,79,CONC
SSWJ,7/H1,66,GRASS
SWSA,10/28,3740,GRS
SJO8,16/34,4921,ASP
SSWR,01/19,3281,GVL
SSWS,09/27,3281,Earth
SSWS,17/35,2690,GRE
SSWU,9,69,CON
SDXO,13/31,2789,GRS
SSWW,3/21,1673,GRS
SSOB,02/28,79,CONC
SSWZ,2/20,2723,GRE
SSXA,11/29,2297,GRS
SDU7,14/32,2789,GRS
SDU7,15/33,3934,GRS
SSXD,14/32,3937,GRE
SNWN,18/36,59,CON
SSXH,12/30,5709,ASP
SIT7,3/21,4265,GRE
SSXJ,8/26,98,CON
SSXL,3/21,2953,GRS
SJS3,9/27,2953,GRE
SSXN,7/25,3609,ASP
SSXO,12/30,3281,ASP
SIN8,06/24,2953,GRE
SSXS,19,62,CON
SWCL,7/28,62,CON
SSXV,2/20,3281,GRE
SSLW,12/30,2953,ASP
SSXX,18/36,3773,ASP
SSXZ,2/20,2953,GRE
SSYA,07/25,3445,GVL
SIFM,12/30,2625,GRE
SSYD,11/29,5906,GVL
SSYE,18/36,1969,GRS
SSYF,4/22,3937,GRE
SDOF,9/20,69,CON
SSYJ,8,69,CON
SSYL,18/36,3937,GRS
SSYO,17/35,2297,GRE
SSYQ,5/23,2133,GRS
SD3D,9/27,3445,GRE
SSYS,18/36,2625,GRE
SSYT,18/36,3002,GVL
SSYU,16/34,2297,GRE
SSYV,18/36,3281,GRE
SSYW,09/27,3281,GVL
SSYY,10/28,3281,GRE
SNF4,7/25,4757,GRS
SSZA,8/26,1969,GRS
SI4E,18/36,3937,GRS
SSZF,8/26,2165,GRS
SSZG,4/22,3281,GRE
SSZH,4/22,4265,GRS
SNLX,5/32,62,ASP
SSZL,6/24,3281,GRS
SDV7,7/25,2297,GRS
SJ96,7/25,1312,GRE
SSZO,10/28,3281,GVL
SSZP,18/36,2953,GRE
SDP5,17/35,4266,ASP
SSZR,7/25,3937,ASP
SSZT,4/22,3937,GRE
SWUU,10/28,3281,GRE
SSZW,5/23,3117,GRE
SU01,12/30,1377,Grass
SUAA,01/19,4101,CON
SUAG,11/29,4183,UNK
SUAN,01/19,4100,GRS
SUCA,13/31,4495,Concrete
SUCD,05/23,2559,GRS
SUCD,09/27,1772,GRS
SUCH,10/28,2789,GRS
SUCL,01/19,5577,GRS
SUCM,17/35,3478,GRE
SUCN,03/21,2297,GRS
SUCN,09/27,3281,GRS
SUCN,15/33,1476,GRS
SUDU,03/21,7477,ASP
SUDU,10/28,4764,ASP
SULS,01/19,5249,ASP
SULS,08/26,6998,ASP
SUME,08/26,3675,UNK
SUMO,07/25,4573,UNK
SUMU,01/19,7382,PEM
SUMU,07/25,10499,PEM
SUMU,10/28,5577,CON
SUPE,02/20,1870,concrete
SUPU,02/20,4331,ASP
SUPU,10/28,2953,UNK
SURB,14/32,2815,UNK
SURV,05/23,6004,UNK
SUSJ,08/26,3937,GRS
SUSJ,12/30,2789,GRS
SUSJ,17/35,2034,GRS
SUSO,05/23,5210,ASP
SUSO,13/31,2461,GRS
SUTB,10/28,3806,UNK
SUTG,9/27,3609,GRS
SUTR,01/19,3510,GRS
SUTR,10/28,1970,GRS
SUVE,14/32,2067,GRS
SUVE,3/21,2165,GRS
SUYI,18/36,1969,GRS
SV02,07/25,4885,ASP
SV73,11/29,3260,ASP
SV74,07/25,7086,ASP
SV75,01/19,5760,ASP
SVAC,05/23,2461,ASP
SVAC,11/29,5990,ASP
SVAE,09/27,4120,ASP
SVNJ,11/29,4420,ASP
SVAN,09/27,4134,ASP
SVAS,05/23,4592,ASP
SVIA,01/19,3345,ASP
SVBC,02/20,9186,ASP
SVBC,15/33,9842,ASP
SVBI,03/21,3940,ASP
SVBI,13/31,6560,ASP
SVBO,04/22,4199,ASP
SVBL,09/27,10400,CON
SVBM,09/27,9350,ASP
SVBS,06/24,4453,ASP
SVBS,11/29,6846,ASP
SVCB,07/25,5527,ASP
SVCB,12/30,4605,ASP
SVCD,11/29,4920,ASP
SVUR,12/30,3350,ASP
SVCG,10/28,3450,ASP
SVCJ,15/33,6575,ASP
SVCL,09/27,4790,ASP
SVCN,01/19,7070,ASP
SVCP,17/35,6611,ASP
SVCR,09/27,6761,ASP
SVCS,10/28,6562,ASP
SVCU,08/26,10171,ASP
SVCZ,08/26,9842,ASP
SVDP,15/33,4331,ground
SVDS,06/25,2820,grass
SVPI,07/25,5212,ASP
SVPP,04L/22R,5266,GRS
SVPP,04R/22L,7546,DIRT
SVEB,09/27,3281,ASP
SVED,08/26,4000,ASP
SVEW,05/23,4118,ASP
SVEP,08/26,4137,ASP
SVET,10/28,3937,ASP
SVEZ,07/25,3937,ASP
SVFM,11/29,6475,ASP
SVFU,08/26,3278,ASP
SVKG,03/21,3937,ASP
SVKG,XX/XX,,
SVGD,05/23,6792,ASP
SVGI,05/23,6585,ASP
SVGU,05/23,5905,ASP
SVHD,12/30,3084,ASP
SVHG,08/26,3937,ASP
SVHH,12/30,4265,ASP
SVIC,11/29,3937,ground
SVIE,09/27,3937,ASP
SVJC,09/27,9186,ASP
SVJM,06/24,4990,ASP
SVLF,01/19,6643,ASP
SVLF,18/36,,UNK
SVLM,07/25,4095,ASP
SVLM,XX/XX,,
SVLO,08/26,9843,ASP
SVMC,03L/21R,9843,PEM
SVMC,03R/21L,8202,PEM
SVMD,06/24,5348,ASP
SVMG,09/27,10433,ASP
SVMG,09L/27R,9629,ASP
SVMI,09/27,9930,ASP
SVMI,10/28,11483,ASP
SVMP,08/26,4659,ASP
SVMT,06/24,6890,ASP
SVMZ,08/26,3905,ASP
SVMZ,XX/XX,,
SVNX,08/26,4921,ASP
SVSN,08/26,3675,ASP
SVSM,10/28,3609,ASP
SVOK,08/26,3490,ASP
SVON,06/24,6160,ASP
SVPA,04/22,8272,ASP
SVPB,08/26,3051,ASP
SVPC,10/28,6970,ASP
SVPE,09/27,4180,ASP
SVPG,10/28,3435,ASP
SVPX,09/27,3001,grass
SVPX,10/28,3051,GRS
SVPI,06/24,3871,ground
SVPM,02/20,3576,ASP
SVPM,H,,ASP
SVLP,09/27,6080,ASP
SVPR,07/25,6726,ASP
SVPT,05/23,3775,ASP
SVTO,10/28,5905,ASP
SVQU,09/27,3720,ASP
SVRA,10/28,3281,ASP
SVRB,08/26,3910,ASP
SVRS,07/25,2756,ASP
SVRX,13/31,3835,ASP
PFSV,05/23,4000,GRVL-G
SVSA,17/35,6135,ASP
SVSB,12/30,5560,ASP
SVSB,XX/XX,,
SVSE,11/29,5445,ASP
SVSN,09/27,4810,ASP
SVSO,11/29,9990,ASP
SVSP,05/23,4921,ASP
SVSR,11/29,6420,ASP
SVST,08/26,6299,ASP
SVST,18/36,1785,ASP
SVSZ,18/36,8835,ASP
SVTC,07/25,5512,ASP
SVTH,07/25,4836,ASP
SVTM,08/26,9765,ASP
SVTP,11/29,,Surface paved
SVTW,9/27,2296,
SVUP,12/30,3645,ASP
SVVA,10/28,9842,ASP
SVVG,09/27,10645,ASP
SVVL,03/21,6791,ASP
SVVP,08/26,4921,ASP
SVVQ,13/31,3800,ASP
SVWB,09/27,3915,ASP
SVWQ,16/34,3585,ASP
SW1B,15,66,CON
SW1G,21,69,GRS
SW1M,07,80,CON
SW1N,13,59,GRS
SW1O,13,59,CON
SW24,13/31,59,CON
SW27,18/36,3281,GVL
SW28,31,66,CON
SW2A,07/25,3773,Earth
SW2B,10/28,3217,GVL
SW2C,04/22,3938,GVL
SW2D,10/28,2789,GVL
SW2E,14/32,2790,Piçarra
SW2F,01/19,3773,GVL
SW2G,09/27,4264,Earth
SW2H,12/30,3281,ASP
SWAA,12/30,2119,ASP
SWAB,H1,,
SWAD,03/21,2953,GVL
SWAE,2/20,2625,GRS
SWAJ,03/21,4921,Clay/Gravel
SWAK,06/24,3117,Clay
SWAO,14/32,3281,ASP
SWAQ,14/32,2625,GRE
SWAR,1/19,3937,ASP
SWAU,8/26,3281,TER
SWAZ,17/35,2953,GVL
SWBC,9/27,3937,ASP
SWBF,11/29,3655,ASP
SWBG,1/19,4921,ASP
SJ9A,7/25,3937,ASP
SWBJ,9/27,3084,GRE
SWBK,10/28,4921,GVL
SWBR,12/30,3937,ASP
SN2D,13/31,2953,GVL
SWBV,13/31,3740,ASP
SWBX,11/29,3281,GRS
SIAG,8/26,3281,GRE
SWIX,15/33,2592,GVL
SWCA,4/22,5463,ASP
SWCB,11/29,3937,GRE
SWCB,18/36,3937,ASP
SIYD,18/36,3215,GRS
SWDD,4/22,4921,ASP
SDE4,17/35,4921,ASP
SJLZ,18/36,2953,ASP
SIRM,07/25,5249,ASP
SWCO,02/20,3281,Eerth
SWCQ,02/20,4905,ASP
SWJS,13/31,3281,GRS
SNHE,8/26,3576,GRE
SWCZ,15/33,3537,ASP
SIBA,4/22,3281,GRE
SDPH,12/30,4593,ASP
SS2B,16/36,1805,EARTH
SWDG,11/29,3609,TER
SNOH,18/36,2953,GRS
SWDM,17/35,5348,ASP
SWDN,10/28,4167,GVL
SWDP,13/25,69,conc
SNES,12/30,2297,ASP
SDE2,8/26,3773,GRS
SWDY,12/30,2608,GRE
SWEC,3/21,3806,ASP
SWED,10/28,3937,GVL
SWEF,10/28,2625,ASP
SWEI,16/34,7546,ASP
SWEK,18/36,2247,GRE
SWEM,8/26,2953,ASP
SWEN,13/31,2953,Earth
SWEO,13/31,2297,GRE
SIEM,18/36,3281,ASP
SIRR,3/21,2297,GRE
SWEW,17/35,4921,GRS
SWFA,3/21,3937,GRS
SWFG,18/36,2953,GRE
SWFL,03/21,3904,GVL
SWFN,11/29,2621,ASP
SD4B,9/27,3281,GRE
SWFQ,3/21,5906,ASP
SWFR,5/23,4593,ASP
SWOS,11/29,3773,ASP
SWFU,1/19,3271,ASP
SWFV,15/33,1969,ASP
SWFX,12/30,4757,ASP
SDSH,6/24,4790,ASP
SWGC,18/36,3281,GVL
SWFM,01/19,2625,GVL
SWUH,3/21,3281,ASP
SWGI,12/30,5577,ASP
SSXP,12/30,2953,ASP
SWGN,9/27,5919,ASP
SWGO,08/26,4272,ASP
SWGO,7/25,3937,GRE
SWGP,3/21,3740,ASP
SWGQ,3/21,3281,GRS
SWGT,1/19,3937,TER
SDV3,6/24,3609,GRS
SWGV,8/26,4921,GRE
SWGW,14/32,3773,ASP
SJPV,12,59,CON
SSUT,2/20,4921,ASP
SWHI,12/H1,62,MTAL
SWHL,1/19,3281,ASP
SWHM,16/34,3937,ASP
SWHP,03/21,5208,ASP
SWHQ,9/27,3281,GRS
SWHR,04/22,2625,GRS
SWHS,9/27,2625,ASP
SWHT,14/32,4987,ASP
SWHU,12/30,3934,ASP
SWHZ,18/36,2625,GRS
SWIB,7/25,3609,ASP
SWIC,02/20,3281,Earth
SIGS,14/32,3773,ASP
SWIF,28,59,CON
SWIH,01/19,3937,ASP
SWII,01/19,4921,CON
SWIK,5/23,3281,ASP
SWIL,3/21,2625,GRS
SWIM,15/33,3609,ASP
SWIN,1/19,6562,ASP
SJ94,02/20,4921,ASP
SWIR,16/28,69,CONC
SWIS,13/31,4593,ASP
SWIT,01/19,3151,ASP
SJP6,15/33,2625,GRE
SWIV,10/28,2297,ASP
SIM2,01/19,4265,GRE
SWIY,12/30,5052,ASP
SWIZ,17/35,3937,ASP
SWJB,14/32,3904,ASP
SWJC,6/24,3570,ASP
SWJD,2/20,3609,GRE
SWJE,8/26,3609,GRE
SDB9,15/33,3281,GRS
SWJG,3/21,3937,GRE
SWJL,14/32,2625,GRE
SWJM,6/24,2953,GRE
SWJN,17/35,5249,ASP
SWJP,13/31,3937,ASP
SWHN,7/25,2953,GRE
SWXD,9/27,4593,GRE
SWJU,15/33,4265,ASP
SWJV,5/23,3937,ASP
SWJW,13/31,4921,ASP
SWPS,2/20,1640,GRS
SWJY,2/20,3510,GRE
SN4C,2/20,2625,GRS
SWKA,5/23,2953,GRE
SWKB,13/31,2297,GRS
SWKC,17/35,6070,ASP
SWKE,15/33,3281,ASP
SNY7,17/35,4593,GRE
SWKJ,6/24,3609,GRE
SWKK,30,64,CON
SWKL,11/29,2625,GRS
SWKM,15/33,1969,ASP
SWKO,10/28,5249,ASP
SWKP,16/34,3281,ASP
SWKQ,16/34,5413,ASPH
SWKR,8/26,2625,GRE
SWKT,17/35,4593,ASP
SWKU,17/35,3937,ASP
SWKV,6/24,3609,ASP
SWKX,16/34,3609,GRS
SWKY,4/22,2592,ASP
SWKZ,1/19,3281,ASP
SWLA,9/27,3281,ASP
SWLB,18/36,3937,ASP
SWLC,3/21,4921,ASP
SNCK,6/24,3281,ASP
SWLF,18/36,2592,ASP
SWFF,5/23,2625,GRE
SWLO,4/22,59,CON
SWLP,7/25,3281,GRE
SWLR,18/36,5906,GRS
SWLS,13/31,3281,GRS
SWLT,8/26,3281,ASP
SWLV,18/31,3937,ASP
SWLW,10,62,CONC
SWMA,5/23,2625,GRE
SWMB,17/35,2625,ASP
SWMC,5/23,2625,GRE
SIAM,6/33,59,CON
SWME,18/36,3281,ASP/GRE
SWMG,5/23,3937,ASP
SWMH,16/34,2625,ASP
SWMJ,1/19,2133,GRS
SWMK,7/25,3937,ASP
SJSX,11/29,3937,GVL
SWMO,1/19,3281,GRE
SWMQ,09/27,3937,GRS
SWMT,3/21,2789,GRE
SWMU,12/30,3281,ASP
SWMV,14/32,2789,GRE
SWMW,1/19,3937,ASP
SJ4Y,5/23,3560,ASP
SWMY,11/29,3937,GRS
SWMZ,14/32,2789,ASP
SWNA,7/25,3937,ASP
SWNE,07/25,2953,ASP
SSDG,3/21,2625,ASP
SWNH,06/24,4951,ASP
SIZ3,12/30,3117,GRE
SWNJ,09/27,4265,GVL
SWNJ,18/36,2625,GVL
SWNK,18/36,5249,ASP
SWNQ,02/20,4852,ASP
SWNS,7/25,6043,ASP
SWNU,08/26,2953,Earth
SBNV,14/32,3609,ASP
SI83,02/20,3281,GVL
SI83,3/21,3281,GVL
SWNY,12/28,69,CON
SWOA,18/36,2822,GRE
SWOB,18/36,4167,ASP
SWOC,15/33,2133,ASP
SSDU,8/26,3281,GRE
SWOG,10/28,2621,ASP
SWOK,7/25,2297,GRS
SWOL,9/27,2953,GRE
SWON,16/34,3281,ASP
SI2E,16/34,3937,ASP
SWOR,3/21,2953,GRE
SWOT,02/20,4922,GRE
SWOU,12,65,CON
SWOW,12/30,3675,ASP
SWOZ,01/19,3937,ASP
SWPB,17/35,4921,GRE
SWPC,13/31,3937,Piçarra
SWPD,6/24,2461,ASP
SWPE,18/36,3281,GVL
SWPF,02/20,4265,GVL
SWPH,10/28,2953,ASP
SWPI,6/24,5906,ASP
SWPK,18/36,4265,ASP
SWPL,7/25,3281,GRS
SWPM,4/22,4265,ASP
SWPP,05/23,3740,Earth
SWPQ,13/31,3330,Earth
SWPR,10/28,4757,ASP
SWPU,06,65,CON
SWPX,11/29,3117,GVL
SWPY,1/19,3609,ASP
SWPZ,10/28,4921,ASP
SWQA,6,59,CON
SWQB,24,75,CON
SWQE,18/36,3182,ASP
SWQF,H1,59,Concrete
SWQG,11/29,2953,GRS
SWQH,10/28,4265,ASP
SBQI,4/22,8202,GRE
SWQL,2/20,4068,ASP
SWQP,16/34,3281,GRE
SWQS,12/30,3117,GRS
SWQT,01/19,3117,Piçarra
SWQU,01/19,3379,GVL
SWQW,18/36,2953,GVL
SWRA,2/20,4265,ASP
SWRC,4/22,2789,GRE
SWRD,01/19,2625,GVL
SIAT,3/21,3117,GRE
SWRG,5/23,3281,GRS
SWRI,9/27,4134,ASP
SJOP,18/36,3609,GVL
SWRL,2/20,3117,GRS
SWRN,H1/H1,62,CON
SWRO,01/19,4265,Earth
SIZA,08/26,3609,GVL
SWRS,3/21,2789,ASP
SWRT,17/35,3937,GRS
SWRW,17/35,3937,ASP
SWRY,18/36,3937,ASP
SWRZ,18/36,4528,ASP
SIVF,12/30,2953,GRE
SWSD,1/19,3855,ASP
SWSF,18/36,3609,ASP
SWSG,10/28,4921,ASP
SWSI,14/32,2625,Earth
SSII,18/36,66,CON
SWSN,01/19,4265,GRS
SWSP,1/19,328,ASP
SWSQ,10/28,3937,ASP
SWSV,15/33,3281,GRS
SWSW,H1/H1,62,ASP
SWSZ,18/36,3609,ASP
SJL2,2/20,2461,ASP
SWTG,13/31,5020,ASP
SD16,11/29,2953,GVL
SWTI,15/33,4429,ASP
SIF0,2/20,3281,ASP
SWTK,10/28,4265,ASP
SWTL,10/28,3281,ASP
SWTN,01/19,3281,GVL
SWTO,10/28,3937,ASP
SWTP,9/27,3937,SAND
SWTQ,6/24,3609,ASP
SWTR,2/20,3281,GRE
SWTS,18/36,4921,ASP
SWTT,H1/H1,66,CON
SWTU,3/21,4921,ASP
SD7U,18/36,2953,GRE
SWTY,06/24,4593,ASP
SWUA,8/26,4921,ASP
SWUE,14/32,3281,GVL
SWUF,22,69,GRS
SWUK,18/36,2953,ASP
SWUL,16/34,3281,GVL
SWUQ,12/30,3543,ASP
SWOQ,2/20,3609,ASP
SWUW,1/19,2297,GRS
SWUZ,12/30,4265,ASP
SWVB,28,59,CON
SWVC,07/25,4429,GRE
SWVF,6/24,4127,GRE
SWVG,07,66,CON
SBQD,06/24,2789,Earth
SBQD,14/32,2789,ASP
SS47,02/20,3938,GVL
SWVK,16/34,3609,ASP
SD4H,18/36,3806,GRE
SWVR,2/20,2543,ASP
SWVS,16/34,2953,GVL
SWVU,18/36,2789,GRS
SWVV,12/30,3071,GRE
SWVW,06/24,2395,ASP
SWVX,17/35,2953,GVL
SNQO,14/32,3510,GRS
SWVZ,13/31,2625,ASP
SWWA,14/32,4921,ASP
SWWE,13/31,1640,GRS
SDF8,18/36,3609,GVL
SJJW,03/21,3280,TER
SWWH,03/21,3281,GRS
SWWI,09/27,3281,GVL
SWWM,10/28,3445,ASPH
SDVX,3/21,3773,ASP
SWWT,16/34,2625,GRE
SWWU,18/36,4724,ASP
SWWV,17/35,2297,Earth
SWWW,09/27,1968,GRE
SWWX,1/19,2625,GRE
SWWY,10/28,1837,GRE
SJND,13/31,1969,ASP
SWXA,08/26,2953,GRE
SWXB,18/36,3281,GRS
SWXC,18/36,3609,ASP
SWXE,05/23,5249,ASP
SSTL,18/36,3281,GRS
SWXJ,14/32,1969,GVL
SWXM,02/20,6096,ASP
SWXO,3/21,3281,ASP
SNBW,15/33,4921,ASP
SSPU,1/19,2493,ASP
SN9D,3/21,2625,ASP
SD7H,15/33,3340,ASP
SWXV,04/22,4888,GVL
SDDC,18/36,1969,GVL
SWXX,05/23,3937,GRS
SNZS,2/20,3937,ASP
SWXZ,15/33,2297,GRS
SJ26,25,59,CON
SIUY,14/32,3609,ASP
SWYH,18/36,2625,GRS
SWYK,3/21,4528,ASP
SWYM,16/34,3871,ASP
SWYN,8/26,3937,ASP
SWYO,3/21,3117,GRE
SWRX,18/36,3281,ASP
SWYR,18/36,2297,GVL
SJD7,05/23,4121,Earth
SWYV,12/30,2887,GRS
SWYW,06/24,7087,ASP
SWYY,17/35,3773,ASP
SJIE,6/21,85,ASP
SWZA,01/19,4921,GRE
SJHZ,18/36,2461,GRS
SWZC,09/27,3116,GRS
SWZD,01/19,2953,ASP
SWZE,13/31,3281,GRS
SWZG,12/30,4921,GRS
SWZK,8/31,69,CON
SWEU,10/28,2625,GRS
SSSF,3/21,2133,GRE
SWZO,13/31,3937,ASP
SWZP,12/30,2625,ASP
SWZQ,11/29,3445,Earth
SWZS,1/19,1968,GRE
SWZT,3/21,3802,ASP
SWZY,17/35,2953,ASP
SWZZ,4,69,CON
SXP,01/19,3015,GRAVEL-G
SXP,09W/27W,15000,WATER
SXP,18W/36W,15000,WATER
KSXS,H1,2000,ASPH/ CONC
KSXS,H2,1300,ASPH/ CONC
KSXS,H3,2000,ASPH/ CONC
KSXS,H4,1620,ASPH/ CONC
KSXS,H5,1000,ASPH/ CONC
KSXS,HA,1300,ASPH/ CONC
KSXS,HB,1300,ASPH/ CONC
KSXS,HC,1300,ASPH/ CONC
SY-0035,09/27,9842,CON
SY-0036,04/22,4275,ASP
SYAH,06/24,,
SYCJ,06/24,11023,ASP
SYCJ,11/29,5002,ASP
SYEC,07/25,4201,concrete
SYKA,07/25,2018,asp
SYKR,07/25,4501,Dirt
KSYL,H1,2740,ASPH/ CONC
SYLD,11/29,5000,ASP
SYLT,07/25,5985,ASP
KT13,17/35,3800,TURF-G
T14,18/36,3120,TURF-P
T22,H1,100,ASPH/ CONC
T25,09/27,3100,TURF-F
T26,14/32,2990,TURF-G
T29,18/36,2395,Grass
T32,17/35,1550,TURF-G
33XA,04/22,2800,ASPH-P
T44,02/20,4400,WATER-E
T48,13/31,3344,TURF-TRTD-G
T57,H1,105,CONC
T58,18/36,2500,TURF-G
T66,N/S,4000,WATER
T71,14/32,2800,ASPH-G
T73,05W/23W,4400,WATER
T73,11W/29W,2245,WATER
T73,15/33,2600,ASPH-F
T73,16W/34W,3000,WATER
T76,13/31,3700,TURF-G
T79,17/35,2550,TURF-F
T80,17/35,1580,TURF-G
T87,09/27,1650,TURF-F
T87,17/35,1400,TURF-F
T94,12/30,2225,ASPH-TURF-G
T95,H1,90,CONC
TA00,13/31,3000,TURF
TA01,16/34,2400,TURF
TA02,01/19,2450,TURF
TA05,15/33,2700,TURF
TA06,17/35,2000,TURF
TA07,14/32,2400,TURF
TA08,18/36,1950,TURF
TA09,8/26,4000,ASP
TA11,18/36,4300,TURF
TA13,18/36,2600,TURF
TA14,H1,50,ASPH/ CONC
TA15,H1,60,CONC
TA16,17/35,2500,TURF
TA17,02/20,2016,TURF
TA18,NE/SW,2500,TURF
TA19,18/36,2350,GRVL-F
44TT,H1,60,CONC
TA23,15/33,4000,TURF
TA24,16/34,4000,ASP
TA25,17/35,5500,CONC-G
TA26,16/34,2500,TURF
TA30,03/21,1700,TURF
TA31,01/19,3800,TURF
TA33,18/36,4200,TURF
TA34,13/31,5200,ASP
TA37,18/36,2480,turf
TA38,H1,120,CONC
TA39,H1,40,CONC
TA40,H1,30,ASPH/ CONC
TA41,H1,60,ASPH/ CONC
TA43,14/32,1650,TURF
TA44,13/31,4000,DIRT
TA45,H1,100,ASPH/ CONC
TA46,15/33,3200,TURF
TA47,17/35,2600,TURF
TA48,H1,200,GRASS / SOD
TA49,16/34,1537,TURF
NM05,NE/SW,4000,ASPH
TA51,17/35,2800,TURF
TA52,16/34,3200,ASP
TA53,18/36,3080,TURF
TA55,02/20,2200,TURF
TA57,15/33,2000,TURF
TA58,08/26,2100,ASPH
TA59,18/36,1400,TURF
TA61,17/35,3100,ASPH
TA64,09/27,4200,Natural Soil
TA65,16/34,4200,ASPH
TA66,05/23,2500,DIRT
TA67,12/30,3000,TURF-G
TA69,H1,40,ASPH/ CONC
TA70,17/35,3000,CON
TA71,H1,40,CONC
TA73,15/33,2200,TURF
TA74,H1,50,CONC
TA75,17/35,2200,TURF
TA78,17/35,3500,ASP
TA79,H1,40,CON
TA79,H2,40,CON
TA80,12/30,3900,DIRT
TA81,13/31,4200,ASP
TA84,15/33,3000,DIRT
TA86,09/27,2000,TURF
TA87,14/32,1000,TURF
TA88,H1,120,CONC
TA89,01/19,5000,ASP
TA91,H1,31,CONC
TA93,17/35,3000,TURF
TA94,H1,400,GRASS / SOD
TA96,H1,400,GRASS / SOD
TA97,09/27,900,TURF
TA97,18/36,1300,TURF
TA98,H1,40,CONC
TAPA,07/25,9003,ASP
TAPH,10/28,1640,
TBPB,09/27,11000,ASP
PPCT,04/22,3300,GRAVEL-F
TD-0014,09/27,10000,ASP
TD-0016,07/25,4290,Dirt
TD-0017,,7300,Dirt
TDCF,01/19,3130,ASP
TDPD,09/27,6352,ASP
TE00,H1,55,ASPH/ CONC
TE01,06/24,3100,TURF
TE01,16/34,1900,TURF
TE02,14/32,2500,TURF
TE03,H1,35,CONC
TE04,18/36,3000,TURF
TE06,17/35,3000,TURF
TE07,H1,50,CONC
TE08,17/35,2100,TURF
TE09,04/22,3500,TURF
TE10,04/22,2200,TURF
TE11,H1,75,CONC
TE13,08/26,1500,TURF
TE14,H1,30,CONC
TE15,09/27,1880,TURF
TE15,13/31,2200,TURF
TE16,N/S,2200,TURF
TE17,14/32,2200,TURF
TE18,H1,80,ASPH/ CONC
TE19,H1,40,CONC
TE20,H1,100,GRASS / SOD
TE20,H2,100,GRASS / SOD
TE21,18/36,3400,TURF
TE22,H1,48,CONC
TE23,H1,50,ASPH/ CONC
TE24,17/35,2675,TURF
TE26,12/30,5500,ASP
TE27,16/34,5000,ASP
TE28,H1,40,CONC
TE29,13/31,5220,GRAVEL
TE30,H1,32,ASPH/ CONC
TE30,H2,32,ASPH/ CONC
TE30,H3,32,ASPH/ CONC
TE31,H1,30,ASPH/ CONC
TE32,17/35,3500,DIRT
TE34,17/35,1600,TURF
TE35,H1,20,GRASS / SOD
TE36,17/35,2000,TURF
TE37,15/33,6200,ASP
TE38,12/30,1715,TURF
TE39,17/35,2000,TURF
TE40,4/22,1130,Turf
TE41,H1,50,CONC
TE42,H1,40,CONC
TE43,H1,56,CONC
TE43,H2,56,CONC
TE45,17/35,5400,TURF
TE46,H1,70,CONC
TE47,07/25,1700,TURF
TE47,16/34,1500,TURF
TE48,17/35,1800,TURF
TE49,H1,50,GRASS / SOD
TE50,15/33,1500,TURF
TE51,17/35,3000,TURF
TE52,17/35,3050,TURF
TE54,H1,40,CONC
55TT,07/25,3000,TURF
TE57,17/35,2000,TURF-DIRT
TE58,09/27,1500,TURF
TE58,17/35,3501,TURF
TE59,H1,33,CONC
TE60,H1,88,CONC
TE62,09/27,3300,ASP
TE63,17/35,4200,TURF-DIRT
TE64,H1,48,CONC
TE65,H1,250,GRASS / SOD
TE66,H1,60,CONC
TE67,16/34,2500,ASPH
TE68,18/36,2375,TURF
TE69,H1,20,CON
TE69,H2,20,CON
TE71,18/36,4000,TURF
TE73,01/19,4159,TURF
TE74,05/23,2700,TURF
TE75,17/35,3300,TURF
TE76,18/36,1700,TURF
TE77,17/35,2461,TURF-G
TE78,04/22,5395,ASP
TE79,H1,38,CONC
TE80,H1,40,CONC
TE81,17/35,2400,TURF
TE82,H1,100,CONC
TE82,H2,80,CONC
TE83,16/34,5117,ASP
TE84,05/23,1400,TURF
TE85,12/30,2450,ASPH
TE86,17/35,3100,TURF
TE87,13/31,1200,TURF
TE88,13/31,3400,TURF
TE90,14/32,3600,TURF
TE91,15/33,2400,TURF
TE93,H1,30,GRASS / SOD
TE94,H1,50,CONC
TE97,18/36,2000,ASPH
TE98,H1,48,CONC
TE99,14/32,3300,ASP
TF8,H1,40,ASPH/ CONC
TFFA,09/27,1985,paved
TFFF,10/28,9843,ASP
TFFG,12/30,3937,ASP
TFFJ,10/28,2119,CON
TFFM,09/27,4068,ASP
TFFR,12/30,11499,ASP
TFFS,09/27,1786,ASPHALT
TGPY,10/28,9003,ASP
TGPZ,09/27,2625,Concrete
TH-0001,01/19,1500,Grass
TH-0003,07/25,,
TH-0006,10/28,,Asphalt
TH-0008,05/23,,
TH-0011,06/24,2200,Asphalt
TH-0015,16/34,2600,asphalt
TH-0023,03/21,,
TH-0024,18/36,,Grass
TH-0025,17/35,2296,asphalt
TH-0028,05/23,3773,Tarmac
TH-0030,03/21,4921,Asphalt
TH-0031,,3609,ASP
TH-0034,09/27,2690,Asphalt
VTZ3,02/20,4320,
TH-0040,10/28,2340,asphalt
TH-0042,12/30,,Asphalt
TH-0043,07/25,2400,Grass
TH-0044,03/21,2290,grass
TH-0050,01/19,,
TH-0051,18/36,5065,ASP
TH-0062,18/36,1824,Asphalt
TH-0064,07/25,,Concrete
TIST,10/28,7000,ASP
TISX,10/28,10002,ASP
TJ-0011,03/21,3937,ASP
TJ-UT44,07/25,8208,ASP
TJ-UT45,08/26,8270,CON
TJ-UT46,04/22,2585,ASP
TJAB,08/26,3975,ASP
TJBQ,08/26,11702,ASP
TJCP,13/31,2600,ASPH-G
TJIG,09/27,5317,ASP
TJMZ,09/27,4998,ASP
TJPS,12/30,6904,ASP
TJRV,18/36,5800,ASPH-CONC
TJRV,7/25,11000,PEM
TJSJ,08/26,10002,ASP
TJSJ,10/28,8016,CON
TJVQ,09/27,4301,ASP
TKE,E/W,10000,WATER
PTFK,NE/SW,5000,WATER
TKPK,07/25,7602,ASP
TKPN,10/28,3996,ASP
TLPC,09/27,5735,ASP
TLPL,10/28,9003,ASP
PALT,02/20,2461,GRVL-DIRT-F
PALT,15/33,3300,Gravel
UTAN,16/34,10499,ASP
TM-UT50,07/25,6540,ASP
TM-UT52,17/35,9855,CON
TM-UT55,10/28,7871,CON
TM-UT56,17/35,4849,ASP
TM-UT58,02/20,8266,CON
TN00,H1,50,CONC
TN01,09/27,3000,TURF
TN03,H1,40,CONC
TN04,H1,60,CONC
TN05,H1,45,DECK
TN06,H1,50,CONC
TN07,17/35,2400,TURF
TN08,15/33,2800,TURF
TN09,NE/SW,2000,TURF
TN10,E/W,2300,TURF
TN11,06/24,1537,TURF
TN12,13/31,3100,TURF
TN14,01/19,3600,TURF
TN15,H1,60,CONC
TN16,02/20,2870,TURF-F
TN17,18/36,1000,TURF
TN18,18/36,1500,TURF
TN19,H1,50,CONC
TN20,07/25,2300,TURF
TN21,08/26,800,ASPH
TN22,H1,30,CONC
TN23,13/31,2200,TURF
TN25,H1,42,CONC
TN28,H1,20,CONC
TN29,H1,58,CONC
TN30,02/20,1700,TURF
TN31,H1,40,CONC
TN32,H1,40,ASPH/ CONC
TN33,H1,300,CONC
TN34,H1,90,CONC
TN35,H1,85,CONC
TN36,01/19,2700,TURF
TN37,14/32,2330,TURF
TN39,N/S,2000,TURF
TN40,H1,40,CONC
TN42,H1,24,CONC
TN43,03/21,3200,TURF-P
TN44,03/21,3120,ASP
TN46,H1,90,CONC
TN49,1/19,2718,Turf
TN50,04/22,2900,TURF
TN52,17/35,1250,TURF
TN53,N/S,1700,TURF
TN55,H1,100,GRASS / SOD
TN56,06/24,1700,TURF
TN57,H1,55,CONC
TN57,H2,55,CONC
TN57,H3,55,CONC
TN57,H4,55,CONC
TN57,H5,55,CONC
TN57,H6,55,CONC
TN58,02/20,1000,GRE
TN58,16/34,1500,GRE
TN60,H1,40,ASPH/ CONC
TN61,H1,603,GRASS / SOD
TN64,02/20,1100,TURF
TN65,01/19,2400,GRE
TN66,06/24,2100,TURF-G
TN67,09/27,2650,TURF
TN69,H1,24,ASPH/ CONC
TN70,18/36,1100,TURF
TN71,06/24,1600,TURF
TN74,05/23,2100,TURF
TN76,H1,150,GRASS / SOD
TN77,02/20,3200,TURF
TN77,15/33,2000,TURF
TN79,16/34,1800,TURF
TN80,10/28,2000,CONC
TN83,04/22,2200,TURF
TN84,H1,100,GRASS / SOD
TN85,04/22,3000,CON
TN87,03/21,2700,ASPH
TN88,H1,50,CONC
TN89,05/23,2200,TURF
TN90,H1,100,GRASS / SOD
TN91,H1,40,CONC
TN92,H1,60,CONC
TN94,07A/25D,1700,TURF
TN96,18/36,2700,TURF-G
TN97,18/36,2500,TURF
TN98,01/19,2100,TURF
TNCA,11/29,9000,ASP
TNCB,10/28,9449,ASP
TNCC,11/29,11188,ASP
TNCE,06/24,4265,ASP
TNCM,10/28,7546,ASP
TNCS,12/30,1312,CON
TQPF,11/29,5462,ASP
TR-0018,06/24,6217,concrete
TR-0041,06/24,885,Ground
TR-0295,05/23,5938,ASP
TR-0297,07/25,3806,ASP
TR-0298,15/33,7103,ASP
TR-0304,04/32,1750,
TR-0315,H,46,CON
TRPG,10/28,1968,ASP
TS00,10/28,1500,TURF
TS02,15/33,2800,TURF
TS03,16/34,1500,DIRT
TS04,15/33,4800,ASP
TS06,H1,65,ASPH/ CONC
TS07,18/36,3580,TURF-G
TS08,17L/35R,2000,CONC
TS08,17R/35L,5000,TURF
TS09,H1,40,CONC
TS10,H1,60,CONC
TS11,17/35,1900,TURF
TS12,H1,30,CONC
TS14,18/36,2350,ASPH
TS15,09/27,5300,CALICHE
TS16,H1,50,CON
TS17,H1,60,CONC
TS18,18/36,3233,TURF-GRVL-G
TS21,08/26,3000,Grass
TS23,H1,100,CONC
TS26,H1,30,CONC
TS27,17/35,3200,TURF
TS28,H1,30,CONC
TS29,18/36,2000,TURF-G
TS30,H1,40,CONC
TS31,H1,160,CONC
TS32,H1,50,CONC
TS33,H1,30,CONC
TS34,H1,60,CONC
TS35,12/30,2900,TURF
TS36,17/35,3800,ASP
TS37,H1,50,CONC
TS38,H1,18,CONC
TS39,17/35,4000,TURF
TS43,H1,40,ASPH/ CONC
TS44,03/21,2000,TURF
TS45,H1,997,GRASS / SOD
TS47,14/32,1800,TURF
TS48,H1,50,CONC
TS49,H1,30,ASPH/ CONC
TS50,N/S,2150,TURF
TS52,H1,100,CONC
TS53,H1/H1,30,Mats
TS54,18/36,1421,TURF
TS55,06/24,1700,TURF
TS55,08/26,1900,TURF
TS55,17/35,1200,TURF
TS56,H1,60,ASPH/ CONC
TS57,01/19,4750,TURF
TS58,H1,25,CONC
TS59,H1,65,ASPH/ CONC
TS60,H1,100,GRASS / SOD
TS61,09/27,1800,TURF
TS63,18/36,1850,TURF
TS64,H1,100,GRASS / SOD
TS65,17/35,3700,ASP
TS66,H1,50,ASPH/ CONC
TS67,14/32,700,ASPH
TS68,H1,60,GRASS / SOD
TS69,12/30,4000,TURF
TS71,18/36,2400,TURF
TS72,H1/H1,100,CON
TS74,17/35,2300,TURF
TS76,16/34,2700,ASPH-GRVL
TS77,H1,39,CONC
TS78,17/35,4200,TURF
TS82,H1,30,CONC
TS83,H1,60,CONC
TS85,18/36,2400,TURF
TS86,H1,55,CONC
TS87,N/S,2500,TURF
TS89,16/34,2000,TURF
TS92,15/33,1600,TURF
TS93,H1,20,CONC
TS94,05/23,3500,TURF
TS96,17/35,2450,ASPH-F
TS97,H1,100,GRASS / SOD
TSG,06/24,4963,ASPH-P
TSG,12/30,4871,ASPH-P
TT-TT01,10/28,2677,asphalt
TT00,1/19,1762,Turf
TT01,11/29,1500,TURF-GRVL
TT05,11/29,1571,Turf
TT07,H1,40,CON
TT10,8/26,2096,Turf
TT11,18/36,1789,Turf
TT12,15/33,1967,Turf
TT15,H1,40,Concrete/Turf
TT16,18/36,2700,Turf
TT18,18/36,2000,Turf
TT19,18/36,2280,Turf
TT20,6/24,1965,Turf
TT26,3/21,2225,Turf
TT27,17/35,3874,Turf/Gravel
TT29,17/35,1800,Turf
TT32,9/27,1500,Turf
TT33,H1,50,CON
TT34,9/27,3164,ASP
TT35,12/30,3601,Asphalt/Gravel
TT36,1/19,2093,Turf
TT37,18/36,1903,Turf
TT40,18/36,2540,Turf
TT41,6/24,962,Turf
TT44,2/20,3000,Turf
TT45,15/33,4387,Turf
TT45,5/23,7634,ASP
TT46,14/32,2080,Turf
TT47,18/36,2100,Turf
TT48,8/26,2728,Turf
TT50,1/19,2000,Turf
TT53,17/35,2000,GVL
TT54,18/36,2250,Turf
TT56,H1,40,CON
TT57,16/34,2000,Turf/Dirt
TT60,H1,40,Turf/Dirt
TT61,17/35,2800,Turf
TT62,H1,30,CON
TT65,12/30,930,Turf
TT66,2/20,2750,CON
TT73,18/36,1682,Turf
TT75,18/36,2135,Turf
TT80,1/19,1206,Turf
TT83,H1,37,Turf
TT86,16/34,2037,Turf
TT87,4/22,2245,Turf
TT94,3/21,3207,Turf
TT98,1/19,2584,Turf
TTCP,11/29,9002,ASP
TTPP,10/28,10500,ASP
TUPA,09/27,2500,UNK
TUPJ,07/25,4642,ASP
TUPW,03/21,3100,GRAVEL
TVSA,04/22,9000,ASP
TVSB,12/30,3609,ASP
TVSC,13/31,5900,ASP
TVSM,09/27,3255,ASP
TVSU,08/26,2467,ASP
TW-0089,05/23,10044,UNK
TW-0090,18/36,5249,Hard
ZWTS,02/20,8530,CON
TX00,17/35,2723,TURF
TX03,E/W,1745,TURF
TX03,N/S,2360,TURF
TX04,4/22,1170,turf
TX05,01/19,2300,TURF
TX06,H1,600,GRASS / SOD
TX07,16/34,6000,ASP
TX08,H1,90,CONC
TX10,H1,200,GRASS / SOD
TX11,18/36,1200,TURF-G
TX13,1/19,6000,CONC-G
TX17,H1,100,CONC
TX18,H1,450,ASPH/ CONC
TX19,08/26,2175,ASPH-TURF
TX19,17/35,2700,ASPH-TURF
TX20,01/19,2300,TURF
TX21,18/36,1870,TURF
TX22,05/23,2380,TURF
TX22,10/28,1430,TURF
TX23,16/34,4500,TURF
TX24,12/30,3000,DIRT
TX25,17/35,4850,ASP
TX26,H1,50,GRAVEL / CINDERS / CRUSHED ROCK / CORAL/SHELLS / SLAG
TX29,18/36,3300,TURF
TX30,H1,60,CONC
TX31,02/20,5200,ASP
TX32,18/36,2900,TURF
TX34,09/27,2200,TURF
TX35,17/35,3075,TURF
TX37,N/S,1800,TURF
TX38,17/35,2140,TURF
TX39,18/36,1800,TURF
TX40,16/34,2600,TRTD-DIRT
TX41,15/33,2000,TURF
TX42,13/31,3375,TURF
TX43,18/36,3200,TURF
TX44,H1,51,CONC
TX45,E/W,3200,TURF
TX46,17/35,2600,TURF
TX47,17/35,3000,TURF
TX48,01/19,2418,Grass
TX50,H1,40,CONC
TX50,H2,45,CONC
TX51,E/W,2075,TURF
TX51,N/S,2200,TURF
TX51,NW/SE,1620,TURF
TX52,14/32,2000,TURF
TX53,H1,30,CONC
TX55,H1,60,CONC
TX56,02/20,3700,DIRT
TX57,H1,94,CONC
TX58,H1,75,CONC
TX59,H1,30,CONC
TX60,H1,65,ASPH/ CONC
TX62,18/36,2900,TURF
TX63,H1,30,CONC
TX64,17/35,4000,TURF
TX65,H1,25,CONC
TX66,17/35,1900,TURF
TX67,16/34,1750,TURF
TX69,H1/H1,50,CONC
TX70,06/24,3875,ASPH
TX74,16/34,1800,TURF
TX75,04/22,2750,ASPH
TX78,17/35,2100,TURF
TX79,14/32,5020,DIRT
TX81,09/27,1238,TURF
TX82,15/33,1824,TURF
TX83,H1,48,GRASS / SOD
TX85,H1,210,ASPH/ CONC
TX86,H1,50,CONC
TX87,H1,40,ASPH/ CONC
TX91,05/23,1100,TURF
TX93,15/33,1600,TURF
TX93,18/36,3700,TURF
TX94,08/26,2500,TURF
TX96,17/35,1900,TURF
TX97,01/19,1600,TURF
35TT,17/35,2110,TURF
TX99,01/19,2600,TURF
TX99,04/22,3000,TURF
TX99,08L/26R,2800,TURF
TX99,08R/26L,2300,TURF
TX99,13/31,2200,TURF
TXKF,12/30,9705,ASP
TYE,18/36,3000,GRVL-G
KU37,02/20,3800,GRVL-DIRT-F
KU41,16/34,4600,TURF-F
U45,18/36,2900,TURF-GRVL-F
U46,01/19,2600,DIRT-F
KU48,7/25,2700,TURF-G
U51,07/25,3280,GRVL-F
U53,06/24,4600,TURF-G
U54,17/35,1900,TURF-DIRT-F
U60,01/19,3550,TURF-G
U61,03/21,4450,TURF-F
U65,07/25,2650,TURF-G
U72,04/22,2500,TURF-DIRT-F
U74,05/23,5424,DIRT-F
U74,14/32,4650,DIRT-G
U84,18/36,2500,TURF-G
U86,07/25,2950,DIRT-G
KU87,14/32,4900,TURF-G
U88,10/28,3850,TURF-G
KU91,05/23,2750,DIRT-F
KU92,05/23,3450,TURF-G
U93,03/21,4000,TURF-GRVL-G
U93,09/27,1750,TURF-F
KU94,06/24,3163,GRVL-G
KU97,13/31,3800,GRVL-G
U98,03/21,3400,GRVL-TURF-G
KU99,07/25,2250,TURF-P
UKBC,18/36,8202,CON
UA-0026,01/19,8202,CON
UKHB,08/26,8202,CON
UKNT,H,394,CON
UA-0094,12/30,,
UKLS,11/29,,
UA-3730,09/27,6562,CON
UA-9862,08/26,13123,ASP
UA-9863,09/27,9450,PEM
UKBE,H,98,CON
UCFB,14/32,5905,ASP
UA34,03/21,5370,PEM
UA36,08/26,8204,CON
UA36,08L/26R,9844,CON
UZTC,08/26,8183,CON
UAAA,05L/23R,14764,ASPH
UAAA,05R/23L,14436,ASP
UAAH,05/23,8208,CON
UAAL,09/27,7546,CON
UAAT,02/20,9846,CON
UACC,04/22,11484,ASP
UACK,02/20,8325,ASP
UACP,05/23,8190,ASP
UADD,13/31,9514,ASP
UAFG,16/34,5708,asphalt
UCFR,10/28,5577,ASB
UCFM,07/25,13780,CON
UCFO,12/30,10538,ASP
UCFK,10/28,8202,ASP
UAFW,11/29,8859,CON
UAII,10/28,9186,CON
UAIT,05/23,10827,ASP
UAKD,04/22,8530,CON
UAKK,05/23,10831,CON
UAOL,05/23,10500,asphalt
UAON,06/24,14765,asphalt
UAOO,05/23,8858,ASPH
UARR,04/22,9183,CON
UASK,12/30,8234,ASP
UASK,12L/30R,6088,GRS
UASP,03/21,8202,CON
UASS,02/20,3270,CON
UASS,08/26,10159,CON
UASZ,09/27,4938,CON
UATE,12/30,10013,ASP
UATE,12L/30R,9630,GRE
UATG,14/32,9842,ASP
UATG,14R/32L,7776,ASP
UATT,12/30,10505,CON
UAUR,08/26,8185,ASP
UAUU,14/32,9229,ASP
UBBI,17/35,8218,CON
UBBS,05/23,7145,ASP
UB14,08/26,8200,CON
UB0G,13/31,3966,ASP
UB18,18/36,8670,CON
UBBB,16/34,13123,ASP
UBBB,17/35,10499,CON
UBBF,11/29,9843,ASP
UBBG,12/30,10827,CON
UBBL,15/33,10837,ASP
UBBN,14L/32R,10826,ASP
UBBN,14R/32L,10826,CON
UBBQ,16/34,11811,Asphalt/Concrete
UBBY,15/33,9843,Asphalt
UBBZ,03/21,9843,ASPH
UCFL,07/25,12467,ASP
UD21,05/23,3281,CON
UD21,18/36,3252,CON
UDLS,13/31,6555,ASP
UDSG,02/20,10564,ASP
UDYE,03/21,9134,ASP
UDYZ,08/26,12631,ASP
UECT,01/19,10170,CON
UEEA,06/24,4514,ASP
UEEE,05L/23R,8202,CON
UEEE,05R/23L,11155,CON
UELL,08/26,11811,CON
UEMA,16/34,5906,
UEMM,01/19,4265,CON
UEMO,16/34,4265,ASP
UEMT,08/26,5020,ASP
UENI,04/22,4593,ASP
UENN,16/34,4265,
UENS,17/35,5906,CON
UENW,12/30,5249,CON
UERL,07/25,6562,GRAVEL
UERO,18/36,7874,
UERP,17/35,10170,CON
UERR,07/25,9187,CON
UESK,01/19,5906,concrete
UESO,07/25,6233,CON
UESS,13/31,5577,ASP
UEST,03/21,9845,CON
HUKI,18/36,3937,ASP
UG-0002,02/20,6004,Dirt
HUMY,02/20,4260,dirt
UGSG,15/33,9802,CON
UG11,10/28,8182,CON
UG22,09/27,8170,CON
UG24,14/32,8131,CON
UGGT,10/28,5551,ASP
UG26,09/27,4692,ASP
UG27,14/32,8205,CON
UG28,13/31,8862,CON
UGAM,11/29,3609,CONC
UGB,12/30,5280,GRVL-P
UGKO,07/25,8202,CON
UGSB,12/30,8202,ASP
UGSS,12/30,12012,CON
UGTB,13L/31R,8202,ASP
UGTB,13R/31L,9843,CON
UHBB,18/36,9256,ASP
UHHH,05L/23R,11483,ASP
UHHH,05R/23L,13124,CON
UHHT,06/24,3116,CON
UHK1,05/23,7545,CON
UHK2,02/20,7546,CON
UHKD,01/19,8202,CON
UHKG,12/30,11154,CON
UHKK,18/36,8202,CON
UHKM,09/27,9842,CON
UHKP,13/31,8202,CON
UHMA,02/20,11483,CON
UHMD,02/20,7190,GRS
UHMG,06/24,6561,CON
UHMK,09/27,11482,CON
UHMM,10/28,11326,CON
UHMO,09/27,7874,
UHMP,17/35,8202,CON
UHMW,03/21,5249,GVL
UHNB,03/21,4593,CON
UHNN,11/29,6233,CON
UHOO,03/21,6562,CON
UHPD,02/20,5249,CON
UHPK,01/19,4100,CON
UHPP,-12/30,735,ASP
UHPP,16L/34R,11155,CON
UHPP,16R/34L,11155,CON
UHSB,14/32,7808,concrete
UHSH,13/31,5262,Concrete
UHSH,13L/31R,4265,
UHSI,13/31,7546,concrete
UHSK,16/34,5249,
UHSN,04/22,5741,ASP
UHSS,01/19,11155,CON
XHWI,03/21,8202,CON
UHWK,13/31,4265,CON
UHWP,13/31,5249,GRAVEL
UHWW,06/24,3191,ASP
UHWW,07L/25R,11483,CON
UHWW,07R/25L,11483,ASP
UHWW,16/34,1975,ASP
UIAA,11/29,9430,CON
UIAA,11L/29R,5905,GRS
UIAE,15/33,8202,CON
UIAR,06/24,5905,CON
UIBB,12/30,10368,CON
UIBS,07/25,9843,CON
UIBV,10/18,4594,CON
UIIB,15/33,13123,CON
UIII,12/30,11696,CON
UIKB,06/24,5436,dirt
UIKK,09/27,5085,CON
UITK,04/22,5248,CON
UITT,12/33,6561,CON
UIUN,05/23,5249,CON
UIUU,08/26,11155,CON
UIUU,08L/26R,6700,GRS
UIUU,14/32,4630,GRS
UKHW,17/35,8202,CON
UKMC,13/31,8202,CON
UKBB,18L/36R,13123,CON
UKBB,18R/36L,11483,CON
UKCM,02/20,8431,ASP
UKCM,11/29,4624,GRE
UKDB,09/27,8202,CON
UKDD,09/27,9320,CON
UKDE,02/20,8210,CON
UKDR,18/36,8202,CON
UKFF,01/19,,UNK
UKFF,01L/19R,12142,CON
UKFK,07/25,5420,ASP
UKGW,10/28,2297,G
UKHH,08/26,7285,PEM
UKKE,15/33,8180,ASP
UKKK,08/26,7579,Concrete
UKKM,15/33,11483,CON
UKLC,07/25,5446,CON
UKLH,16/34,7219,CON
UKLI,10/28,8226,CON
UKLL,13/31,10843,ASP
UKLN,15/33,7270,ASP
UKLR,05/23,2150,ASP
UKLR,11/29,8615,CON
UKLT,10/28,6465,CON
UKLU,10/28,6686,CON
UKOH,03/21,8202,CONC
UKON,05/23,8438,ASP
UKON,05L/23R,5905,GRS
UKOO,07/25,1815,GRS
UKOO,16/34,9186,PEM
UKOO,18/36,2950,BRI
UKOR,05/23,10568,concrete
UKVN,07/25,1346,Asphalt
UKWW,13/31,8175,concrete
ULAA,08/26,8202,CON
ULAH,12/30,7875,CON
ULAL,03/21,2132,dirt
ULAL,11/29,5236,Concrete
ULAM,06/24,8202,CON
ULAS,10/28,4920,CON
ULBZ,01/19,1969,dirt
ULDW,04/22,5905,CON
ULEH,16/34,2133,Dirt
ULKK,13/31,4757,ASP
ULKS,13/31,8202,Concrete
ULLI,10L/28R,11146,CON
ULLI,10R/28L,12402,CON
ULLP,03/21,8202,Concrete
ULMM,13/31,8202,CON
ULNP,13/31,2625,
ULOO,01/19,8281,CON
ULOO,01R/19L,5578,GRE
ULPB,02/20,8202,CON
ULPK,02/20,2133,Asphalt concrete
ULPP,05/23,2295,ASP
ULPS,15/33,2559,G
ULWC,03/21,8202,CON
ULWU,06/24,5069,ASP
ULWW,15/33,4921,CON
31CO,14/32,3200,Turf
UM-0006,5/23,9000,Asphalt
UMBB,11/29,8596,ASP
UMBK,10/28,1640,A
UMGG,10/28,8428,ASP
UMII,06/24,8550,ASP
UMKK,06/24,10991,CON
UMLI,15/33,9836,CON
UMMA,04/22,9836,CON
UMMG,09/27,2172,ASP
UMMG,17/35,8399,CON
UMMS,13L/31R,12139,CONC
UMMS,13R/31L,11946,CON
UMNB,08/26,9836,CON
UMNM,04/22,1969,ground
UMNV,15/33,8202,CON
UMOO,13/31,8422,ASP
UNAA,02/20,10663,ASP
UNAA,02C/20C,8202,GRS
UNAA,02L/20R,4265,ASP
UNAU,08/26,5906,CON
UNBB,06/24,9350,CON
UNBG,02/20,7546,ASPHALT
UNNG,02/20,2460,Asphalt
UNEE,05/23,10499,CON
UNEE,05L/23R,8655,ASP
UNHZ,13/31,1837,GRE
UNIB,07/29,3581,CON
UNII,17/35,7217,CON
UNIP,04/22,5597,
UNIS,03/21,4920,CON
UNIT,17/35,4593,CON
UNIW,06/24,4592,CON
UNKB,08/26,3938,CON
UNKI,06/24,5250,CON
UNKL,11/29,12139,ASP
UNKM,11/29,5905,CON
UNKO,03/21,4922,CON
UNKS,08/26,8038,CON
UNKY,05/23,8858,CON
UNLK,03/21,8202,CON
UNLL,17/35,4430,CON
UNLW,05/23,2133,CON
UNNE,01/19,10500,CON
UNNT,07/25,11801,ASP
UNNT,16/34,11818,ASP
UNOO,06/24,9435,GRS
UNOO,07/25,8202,ASP
UNOO,15/33,2380,GRS
UNOS,04/22,9842,CON
UNSS,15/33,6562,CON
UNTR,01/19,2952,Grass
UNTT,03/21,8202,asphalt
UNWW,01/19,8789,CONC
UODD,05/23,4920,CON
UOHH,06/24,8872,CON
UOIG,07/25,5248,CON
UOII,12/30,8202,CON
UOOO,01/19,11254,CON
UOOW,13/31,5085,ASP
UOOW,13H/31H,394,ASP
UOTT,13/31,5905,CON
URKA,04/22,8202,CON
URKG,01/19,10171,CONC
URKK,05L/23R,7218,ASP
URKK,05R/23L,9835,CON
URMG,08/26,8202,Concrete
URML,14/32,8662,CON
URML,14R/32L,8688,GRS
URMM,11/29,12795,CON
URMN,06/24,7218,ASP
URMO,09/27,9843,CON
URMS,09/27,9842,ASPHALT
URMT,07/25,8530,ASP
UROD,01/19,4758,CON
URRP,05/23,11811,CON
XRRT,10/28,9052,concrete
URSS,02/20,8202,CON
URSS,06/24,9498,CON
URWA,09/27,10499,CON
URWA,11/29,5090,Dirt
URWI,09/27,10499,ASP
URWI,09L/27R,7555,GRE
URWW,05/23,9186,CON
URWW,08/26,1595,GRS
URWW,11/29,8101,ASP
URWW,11R/29L,5575,GRS
US-0001,18/36,5662,ASP
48ID,18/36,2532,Turf
US-0014,04/22,2112,grass
US-0017,4/22,2100,GVL
CO33,18/36,2600,Turf
CO33,8/26,2000,Turf
US-0027,18/36,2900,Turf
US-0030,N/S,3400,Turf
US-0031,H1,50,CONC
US-0035,12/30,2400,Turf
US-0058,16/34,2200,grass
US-0060,09/27,1700,TURF
US-0062,H1,65,CON
US-0063,6/24,2300,Turf
US-0079,9/27,2665,Turf
US-0087,12/30,4025,PEM
US-0109,15/33,1800,Turf
US-0110,NE/SW,2000,Turf
US-0112,05/23,2000,TURF
5PA4,16/34,1378,Turf
US-0149,17/35,3900,ASP
5II5,18/36,2000,Turf
US-0158,6/24,3000,GVL
US-0161,10/28,3000,Turf
87NC,15/33,2100,Turf
US-0166,18/36,2535,Turf
US-0167,18/36,1900,Turf
XS62,16/34,3000,Turf
GA13,H1,53,Mats
MI16,H1,50,CON
US-0177,2/20,3300,Turf
US-0184,H1,100,Mats
64KY,05/23,2206,asphalt
US-0219,lower/higher,,
US-0238,H1,15,ASPH/CONC
US-0239,E/W,2000,Turf
CMB5,13/31,2336,TURF
US-0247,H1,80,CON
US-0248,17/35,3230,asphalt
US-0252,4/24,4800,Gravel
US-0257,16/34,12800,concrete
US-0272,7/25,2120,GVL
25LA,17/35,1049,Turf
25LA,2/20,1099,Turf
3MN3,H1,50,CON
US-0320,6/24,1950,Turf
US-0324,04W/22W,8000,WAT
US-0324,08W/28W,5000,WAT
WA81,18/36,1700,GRS
4TE1,15/33,3000,Turf
MN23,10/28,2000,turf
30KS,17/35,2597,Turf
62AZ,17/35,1950,Dirt
62AZ,7/25,1250,Dirt
OR32,11/29,2000,Turf
MO95,3/21,1805,Turf
MO13,9/27,2582,Turf
US-0427,15/33,900,Turf
WI66,15/33,1550,GRS
WI66,H1/H1,40,CON
7TS9,4/22,1730,Turf
US-0455,H1,40,PIERCED STEEL PLANKING / LANDING MATS / MEMBRANES
7TA6,18/36,2500,ASP
US-0491,H1,75,Turf
7TS7,H1,40,CON
7PA6,10/28,1500,Turf
IL68,9/27,3690,Turf
50WI,H1/-,44,CON
US-0505,14/32,1900,Turf
US-0506,18/36,1975,Turf
MN68,10/28,2036,GVL
11ID,H1/-,85,Turf
70WI,H1/H1,40,ASP
TN13,8/26,1570,Turf
15LA,H1/H1,40,CON
7TS3,9/27,1400,Turf
GA15,H1/H1,40,CON
0MI8,H1/H1,48,CON
5TS7,17/35,1800,Turf
00AR,18/36,2500,Turf
LS29,H1,57,CON
2LA8,3/21,1000,Turf
US-0571,15/33,1200,TURF-F
73OK,15/33,2100,Turf
7IL9,18/36,2170,Turf
TA62,3/21,2000,Dirt
MI21,H1/H1,30,Turf
US-0586,H1,500,Turf
US-0587,9/27,1940,Turf
20LS,18/36,2600,Turf
77TA,18/36,1700,Turf
8AL7,9/27,1000,Turf
34OK,18/36,2000,Turf
17LA,H1,40,CON
57FD,H1/H1,40,Turf
KCO1,4/22,10000,Water
MU31,16/34,1140,Turf
UT01,17/35,980,Dirt
35OK,18/36,2800,Turf
US-0629,1/19,1970,Turf
MN72,H1,45,CON
2MN5,8/26,5309,Water
US-0637,18/36,2040,Turf
OK69,7/25,2400,Turf
MU03,18/36,1720,Turf
8VA1,13/31,4600,ASP
US-0647,7/25,3275,Turf
02TS,2/20,4000,ASP
US-0652,H1,35,CON
WI54,18/36,1300,Turf
US-0655,18/36,2020,Turf
SD73,17/35,1740,Turf
24KS,17/35,1270,Turf
US-0661,11/29,2500,Turf
NE51,18/36,600,Turf
74MN,NW/SE,4000,Water
81TS,18/36,1800,Turf
1AL9,H1/H1,65,CON
1MN4,W/E,4600,Water
TS13,7/25,3200,Turf
US-0674,14/32,1200,Turf
OK10,18/36,2000,Turf
58WI,17/35,2000,Turf
4AL5,6/24,2200,Turf
0AK8,02/20,3700,GVL
1OK2,2/20,1880,Turf
1OK6,9/27,1100,Turf
32OK,18/36,1100,Turf
US-0696,9/27,5000,ASP
1TX0,15/33,2040,Turf
10TS,14/32,1500,Turf
OK64,17/35,800,Turf
OK64,H1/H1,10,Turf
US-0705,06/24,2300,GRVL-TURF-P
US-0705,11/29,2250,TURF-P
US-0705,16/35,2800,TURF-P
CO08,18/36,2250,Turf
1AR4,17/35,1800,Turf
PA38,H1/H1,40,ASP
19PN,13/31,1400,Turf/Gravel
61OK,17/35,1320,Turf
1NY2,H1/H1,45,Roof/Top
US-0713,10/28,3000,Turf
2AR1,9/27,2130,Turf
84OK,17/35,1250,Turf
OH98,18/36,2200,Turf
48NY,7/25,800,Turf
TS99,1/19,1031,Turf
0CA0,15/33,3000,ASP
US-0735,8/26,2400,Turf
TE72,9/27,1600,Turf
US-0737,E/W,2000,TURF
AZ09,17/35,2845,Dirt
AZ09,9/27,2420,Dirt
K7ME,18/36,2140,Turf
3KY7,H1,40,CON
IN58,1/19,1600,Turf
8NY7,10/28,1955,Turf
FD21,18/36,5313,WATER
FD21,9/27,4073,Water
7PA0,H1/H1,40,Turf
06TS,12/30,1600,Turf
US-0764,15/33,,
1NJ3,H1/H1,50,CON
NY03,2/20,1700,Turf
3LA5,H1/H1,54,CON
NR24,H1,40,CON
46TE,18/36,1216,Turf
LA94,H1,42,CON
1XS0,17/35,1800,GRS
63TX,11/29,2458,GRS
10WA,4/22,2116,GRS
11WI,H1/H1,24,CON
OH86,18/36,1500,GRS
US-0784,18/36,3049,GRS
2OK3,18/36,2890,Turf
TS79,18/36,3800,Dirt
1TN1,H1/H1,40,CON
FD59,11/29,2464,Turf
13TA,H1/H1,40,asphalt/concrete
8WI7,16W/34W,6157,water
8WI7,4W/22W,4336,Water
CN35,H1/H1,37,CONC
21PA,H1/H1,50,CON
MO48,12/30,1661,GRS/GVL
OK88,5/23,3045,Turf
FD43,16/34,2993,Water
FD68,12/30,4000,Water
92OK,16/34,1320,Turf
OK91,17/35,1400,Turf
8MN9,H,45,CON
8MN9,H1,45,CON
AZ49,17/35,2700,Dirt
3OK2,9/27,1250,Turf
4OK2,17/35,3493,Turf
54MO,11/29,1100,Turf
3PA3,H1,60,Turf/Dirt
5TA7,H1/H1,70,CON
4OK6,6/24,1000,Turf
79WA,14/32,1600,GRS
CA30,H1/H1,37,CON
93MO,12/30,4500,Turf
73MN,5W/23W,2500,Water
5NC3,3/21,2000,Turf
XS02,1/19,745,Turf
57CA,H1/H1,45,CON
25FD,16/34,2000,Water
NY33,18/36,2050,Turf
49OH,6/24,3000,Turf
9NJ9,H1/H1,45,Auminum Roof Top
25NJ,H1/H1,55,CON
3MN4,9/27,2250,GRS
XS04,H/H,,
XS04,H1/H1,65,ASP
08WA,16/34,1255,Turf
MI39,9/27,1200,Turf
0AR3,7/25,1565,Turf
US-0885,17/35,4000,CON
3NY1,17/35,1660,Turf
GA77,18/36,2500,Turf
GA97,H1/H1,54,Roof/Top
NC84,12/30,3335,Turf
6TN5,6/24,1863,Turf
81OH,11/29,1400,Turf
05OK,9/27,1250,Turf
13WA,9/27,2722,Turf
PA07,9/27,960,Turf
US-0909,12/30,4084,Caliche
US-0911,14/32,4017,Caliche
97CA,16/34,2700,CON
07CT,H1/H1,90,Turf
GA07,H1/H1,40,CON
IN39,18/36,2425,Turf
MT17,H1/H1,50,CON
8OK4,17/35,2184,Turf
8OK6,04/22,2000,Turf
60OK,18/36,1300,Turf
30OK,H1/H1,65,CON
7OK8,18/36,1320,Turf
2OK0,17/35,1320,Turf
US-0931,1/19,2750,Dirt
CO26,18/36,2500,Turf
86WI,2/20,1850,Turf
IN27,9/27,1150,Turf
US-0941,17W/35W,5268,Water
ME50,H1/H1,60,ASP
US-0948,1/19,3073,Turf
US-0951,7/25,2400,Turf
77TE,18/36,3500,Turf
4PS2,H1/H1,100,GRS
GA12,H1/H1,40,CON
LS09,18/36,2400,GRASS
AZ71,10/28,2034,Dirt
88XS,17/35,5068,ASP
US-0967,17/35,1350,GVL
01OK,17/35,760,Turf
01OK,18/36,760,Turf
24MI,H1/H1,50,GRS
XS29,H1/H1,40,CON
K28X,18/36,3294,Turf
K28X,4/22,1389,Turf
MO42,H1/H1,31,Roof/Top
6MN3,14W/32W,5500,Water
US-0986,SW/NE,3000,lakebed
0PA0,H1/H1,44,ASP
1FL4,H1/H1,60,CON
24NY,H1/H1,46,CON
2PA0,H1/H1,25,CON
32FL,H1/H1,41,CON
71XS,16/34,1780,Turf
US-0993,17/35,3800,Turf
8XS3,13/31,3000,Turf
93XS,16/34,2244,Turf
99XS,1/19,3430,Turf
ID08,H1/H1,50,CON
ID08,H2/H2,50,CON
ID08,H3/H3,50,CON
K0F3,16/34,3015,ASP
MT62,16/34,2000,Turf
US-10000,18/36,3516,ASP
US-10002,07/25,4500,TURF-GRVL-F
US-10004,N/S,2150,Turf
US-10006,NW/SE,2000,TURF
US-10007,NE/SW,1600,TURF
US-10009,13/31,2704,ASPH-F
US-1001,17/35,1014,Turf
US-10010,09/27,900,WATER
US-10011,12/30,2300,DIRT-P
US-10013,12/30,2000,TURF
US-10014,18/36,5300,DIRT
US-10015,H1,50,TURF
US-10016,H1,20,CONC
US-10017,17/35,2590,DIRT
UT07,H1/H1,20,CON
US-10020,H1,25,CONC
US-10021,09/27,2703,TURF-F
US-10023,05/23,1100,TURF
US-10023,18/36,1600,TURF
US-10024,H1,40,ASPH
US-10025,H1,65,CONC
US-10026,08/26,1650,TURF
US-10027,04/22,2450,TURF-P
US-10028,12/30,1500,TURF
76NR,14/32,2780,Turf
US-10030,17/35,2500,TURF
US-10033,09/27,1848,TURF
US-10035,09/27,800,TURF
US-10036,H1,40,TURF
US-10037,13/31,1500,TURF
US-10039,18/36,2600,TURF
4NC2,10/28,1000,Turf
US-10040,H1/H1,40,PSP
US-10040,H2/H2,20,PSP
US-10041,18/36,4150,TURF-G
US-10042,01/19,2800,TURF
US-10043,03/21,2035,TURF
US-10044,10/28,2150,TURF
US-10045,15/33,1300,TURF
US-10046,15/33,1800,TURF
US-10048,17/35,1880,TURF
US-10049,H1,50,CONC
US-10050,H1,100,ASPH
US-10053,H1,40,MATS
US-10054,14/32,3400,TURF
US-10058,09/27,1200,TURF
US-10059,E/W,2400,TURF
US-10060,06/24,1738,TURF
US-10061,H1,450,TURF
US-10062,17/35,3650,DIRT-F
US-10063,07/25,1200,TURF
US-10063,15/33,2600,TURF
US-10066,13/31,1965,TURF
US-10067,H1,120,CONC
US-10068,13/31,1530,TURF
US-10069,H1,55,CONC
US-10070,01/19,1800,TURF
US-10072,H1,30,TURF
US-10073,07/25,2200,TURF
US-10074,09/27,800,TURF
US-10075,H1,120,GRAVEL
US-10076,H1,95,CONC
US-10078,H1,100,TURF
US-10079,08/26,2000,TURF-G
US-10080,H1,40,CONC
US-10082,02/20,1850,Turf
US-10082,12U/30U,1400,Turf
US-10083,E/W,2000,TURF
US-10084,E/W,1800,Turf
US-10085,H1,44,CONC-GRVL
US-10086,H1,65,CONC
US-10087,H1,65,CONC-G
US-10088,18/36,2400,TURF
US-10089,17/35,2800,ASPH
US-10091,14C/32C,2900,TURF
US-10091,14L/32R,2900,TURF
US-10091,14R/32L,4200,TURF
US-10092,H1,24,CONC
US-10093,18/36,2075,TURF
US-10094,17/35,1900,TURF-G
US-10095,E/W,2200,TURF
US-10096,13/31,2700,TURF
US-10097,H1,60,ASPH
US-10098,H1,60,TURF
US-10099,09/27,2040,TURF-F
4PA7,7/25,780,Turf
US-10100,17/35,2200,TURF-G
US-10101,H1,60,CONC
US-10101,H2,60,CONC
US-10103,09/27,3300,TURF
US-10104,E/W,2100,TURF
US-10105,03/21,2300,TURF
US-10106,H1,100,CONC
US-10107,H1,60,TURF
US-10108,15/33,2400,TURF
US-10109,E/W,1200,TURF
US-10109,N/S,1600,TURF
IN84,H1,40,Asphalt/Gravel
US-10110,E/W,2200,TURF
US-10111,01/19,2100,TURF
US-10113,17/35,1600,TURF
US-10114,02/20,1400,TURF
US-10116,09/27,2150,TURF
US-10117,H1,40,TURF
US-10118,09/27,2260,TURF-G
US-10119,09/27,3600,TURF-F
US-10120,NE/SE,3000,Turf
US-10121,14/32,2370,TURF-G
US-10121,17/35,2500,TURF-G
US-10122,H1,50,CONC
US-10124,18/36,1100,DIRT
US-10125,10/28,2600,TURF
US-10125,17/35,2000,TURF
US-10126,02/20,1500,TURF
US-10127,H1,100,TURF
US-10128,13/31,3452,TURF
US-10130,H1,37,CONC
US-10131,18/36,2640,ASPH
US-10133,ALL/WAY,424,TURF
US-10134,18/36,3000,TURF
US-10135,H1,70,TURF
US-10136,14/32,1200,TURF
US-10138,17/35,2500,TURF
US-10139,H1,50,CONC
US-10140,01/19,2230,TURF
US-10140,06/24,1480,TURF
US-10142,H1,80,CONC
US-10143,H1,20,ASP
US-10143,H2,20,ASP
US-10144,18/36,2200,TURF
US-10145,H1,50,PSP
US-10146,18/36,2150,TURF
US-10149,18/36,2500,TURF
US-10151,18/36,4000,TURF
US-10152,10/28,2500,ASPH
US-10156,16/34,2300,TURF
US-10157,17/35,2600,TURF
US-10158,18/36,1500,TURF
US-10159,05/23,3500,DIRT
US-10159,15/33,5000,DIRT
US-1016,18/36,1725,Turf
US-10160,13/31,2570,TURF-F
US-10160,17/35,1900,GRVL-F
US-10161,15/33,2000,TURF
US-10162,08U/26U,1350,TURF
US-10163,08/26,3200,GRAVEL
US-10164,H1,150,ASPH
US-10165,17/35,2000,TURF-P
US-10166,N/S,2270,TURF
US-10167,09/27,3000,ASPH
US-10168,12/30,2100,TREATED-F
US-10169,06/24,1500,TURF
US-10170,17/35,2152,TURF-G
US-10171,H1,50,ASPH
US-10172,18/36,2100,TURF
US-10174,N/S,1700,DIRT
US-10175,H1,48,CONC
US-10177,E/W,2300,TURF
US-10178,H1,32,ASPH
US-10179,09/27,3500,TURF
US-10180,15/33,2200,TURF
US-10181,H1,60,ASPH
US-10183,H1,75,CONC
US-10184,H1,50,TURF
US-10186,11/29,2600,TURF-G
US-10187,18/36,1350,TURF-G
US-10188,17/35,4000,DIRT
US-10189,14/32,7335,ASPH-G
US-10190,10L/28R,2610,CONC
US-10190,10R/28L,2610,DIRT
US-10191,10/28,2740,TURF-F
US-10192,H1,90,DIRT
US-10193,09/27,2400,TURF-F
US-10194,09/27,2000,TURF-G
US-10196,05/23,2280,ASPH-P
US-10199,12/30,3000,TURF
US-10200,E/W,1320,TURF
US-10200,N/S,1320,TURF
US-10201,N/S,2200,TURF
US-10202,18/36,2400,TURF
US-10203,H1,32,CONC
US-10205,H1,50,CON
US-10206,18/36,1300,TURF
US-10207,H1,50,CONC
US-10208,15/33,2100,TURF-G
US-10209,H1,24,CONC
US-1021,3/21,2900,Turf
US-10210,H1,60,ASP
US-10211,N/S,2400,TURF
US-10212,06/24,1600,TURF
US-10213,H1,40,CONC
US-10214,NW/SE,2350,TURF
US-10215,07/25,1800,TURF
US-10216,17/35,2240,TURF-F
US-10217,N/S,2850,TURF
US-10218,09/27,3960,TURF
US-10219,NE/SW,2200,TURF
US-10220,N/S,1450,Turf
US-10221,09/27,2000,TURF
US-10223,13/31,1700,TURF
US-10225,01/19,3100,TURF
US-10226,09/27,2000,TURF
US-10227,ALL/WAY,10000,WATER-E
US-10227,NE/SW,4000,WATER
US-10228,04/22,1900,TURF
US-10228,14/32,2800,TURF
US-10229,H1,120,ASPH
US-10230,H1,60,ASPH
US-10231,18/36,2900,TURF
US-10237,N/S,1600,TURF
US-1024,17/35,2960,Turf
US-1024,5/23,1840,Turf
US-10240,H1,100,TURF-F
US-10242,06/24,1500,TURF
US-10243,H1,72,TURF
US-10244,H1,50,ASPH
US-10245,H1,65,TURF-GRVL
US-10246,N/S,1600,TURF
US-10249,16/34,1887,TURF
US-10250,13/31,5350,CON
US-10251,13/31,1900,TURF
US-10251,18/36,1900,TURF
US-10252,03/21,3000,TURF
US-10252,18/36,2000,TURF
US-10253,15/33,6000,ASPH
US-10254,H1,30,CONC
US-10255,H1,20,ASPH
US-10257,H1,25,CONC
US-10258,09/27,2500,TURF
US-10259,H1,54,ASPH
US-10260,H1,50,CONC
US-10261,07/25,2000,TURF
US-10262,H1,125,CONC-TURF
US-10263,14/32,2539,UNK
US-10264,03/21,2200,TURF-G
US-10265,07/25,2280,ASPH-G
US-10266,NE/SW,2600,ASPH
US-10267,09/27,900,TURF
US-10267,18/36,2300,TURF
US-10268,09/27,2650,TURF
US-10268,15/33,1800,TURF
US-10269,N/S,1200,TURF
US-10270,09/27,1550,TURF-G
US-10271,09/27,2500,TURF
US-10273,08/26,3100,TURF
US-10273,09W/27W,6000,WATER
US-10273,18/36,2000,TURF
US-10274,12/30,2100,TURF
US-10277,18/36,2300,Turf
US-10278,18/36,2500,Turf
US-10280,14/32,5200,ASPH
US-10281,06/24,1900,TURF
US-10282,17/35,2400,ASPH
US-10284,01/19,3550,TURF
US-10287,E/W,1350,TURF
US-10288,06/24,4000,TURF
US-10289,H1,450,CONC
US-10290,02/20,2700,TURF
US-10291,09/27,3300,TRTD
US-10293,08/26,600,TURF
US-10295,18/36,2200,TURF
US-10296,08/26,1445,TURF
US-10297,08/26,2400,TURF-G
US-10298,17/35,1800,TURF
US-10299,17/35,3200,TURF
US-1030,18/36,2800,Turf
US-10300,13/31,2880,TURF
US-10301,16/34,2000,DIRT
US-10302,H1,65,ASPH
US-10303,H1,20,CONC
US-10304,H1,405,ASPH-G
US-10305,05/23,1800,TURF
US-10306,N/S,1200,Turf
US-10308,09/27,1750,TURF
US-1031,1/19,1300,Turf
US-10310,H1,150,ASPH
US-10312,18/36,2200,TURF
US-10313,09/27,2000,TURF
US-10314,N/S,1578,TURF
US-10315,H1,30,CONC
US-10316,H1,30,CONC
US-10317,B1,200,Turf
US-10318,H1,70,CONC
US-10319,08/26,1000,TURF
US-10319,16/34,2000,TURF
US-10320,H1,30,CONC
US-10321,NE/SW,5000,WATER
US-10321,NW/SE,2400,WATER
US-10322,H1,100,ASPH
US-10325,H1,40,ASPH
US-10327,03/21,2870,ASPH-F
US-10328,H1,60,ASPH
US-10329,H1,120,ASPH
US-10330,18/36,2300,TURF
US-10331,13/31,2000,TURF
US-10333,10/28,1400,TURF
US-10334,H1,20,CONC
US-10335,15/33,2650,TURF
US-10336,16/34,2400,TURF
US-10337,16/34,2600,ASPH
US-10338,17/35,1600,TURF
US-10339,17/35,3340,TURF-P
US-10341,01/19,1500,TURF-G
US-10341,10/28,2750,TURF-G
US-10342,18/36,1800,TURF
US-10343,18/36,1320,DIRT
US-10345,15/33,2400,DIRT
US-10346,18/36,2000,TURF
US-10347,18/36,2300,TURF
US-10348,11/29,1650,TURF
US-10349,04/22,2500,TURF
US-1035,5/23,1200,Turf
US-10350,09/27,2320,TURF
US-10351,17/35,2500,TURF
US-10352,H1,100,TURF
US-10353,09/27,2020,TURF
US-10354,18/36,2430,Turf
US-10356,14/32,3168,GRS
US-10357,H1,24,ASPH
US-10358,H1,14,CONC
US-10359,H1,215,CONC
US-10360,12/30,2500,TURF-GRVL
US-10361,01L/19R,2140,DIRT
US-10362,H1,50,ASPH
US-10363,18/36,2100,ASPH-TURF
US-10364,09/27,2000,TURF
US-10365,18/36,2640,TURF
US-10366,01/19,2415,TURF
US-10369,14/32,1870,TURF
US-10370,H1,60,CONC
US-10371,17/35,2500,TURF
US-10372,N/S,2200,TURF
US-10373,9/27,3000,Turf
US-10375,H1,46,CONC
US-10376,H1/H1,100,Turf
US-10377,18/36,1190,TURF
5J2,13W/31W,5000,WAT
US-10379,03/21,2849,ASPH-CONC-F
US-10379,14/32,1517,TURF-F
US-1038,13/31,1800,GVL
US-10380,18/36,1000,DIRT
US-10381,E/W,4000,DIRT
US-10381,N/S,1000,DIRT
US-10382,04/22,2200,TURF
US-10383,08/26,1500,DIRT
US-10383,17/35,2640,DIRT
US-10384,N/S,2100,GRS
US-10384,NE/SW,2200,GRS
US-10384,NW/SE,2200,GRS
US-10385,17/35,2625,TURF
US-10386,18/36,1900,TURF
US-10387,04/22,2915,ASPH-F
US-10387,04U/22U,2900,TURF-G
US-10388,09/27,1850,TURF
US-10389,H1,35,CONC
US-10389,H2,35,CONC
US-10389,H3,35,CONC
US-10389,H4,35,CONC
US-10389,H5,35,CONC
US-10389,H6,35,CONC
US-1039,17/35,3000,ASP
US-10391,07/25,1570,TURF-G
US-10391,17/35,2250,TURF-G
US-10392,13/31,1150,TURF
US-10392,17/35,1550,TURF
US-10395,H1,20,CONC-G
US-10397,16/34,2200,TURF
US-10400,NE/SW,2170,Turf
US-10401,09/27,1314,TURF
US-10402,N/S,2228,TURF
US-10403,09/27,2100,TURF
US-10404,09/27,2640,TURF
US-10404,18/36,3200,TURF
US-10406,H1,60,CONC
US-10407,H1,100,TURF
US-10408,10/28,2300,TURF
US-10412,10/28,3400,TURF
US-10414,N/S,2600,TURF
US-10415,H1,200,TURF
US-10416,17/35,1650,TURF
US-10417,H1,250,TURF
US-10418,18/36,2000,TURF
US-10419,H1,200,TURF
US-1042,17/35,4011,ASP
US-10421,18/36,1000,TURF
US-10422,N/S,3600,TURF
US-10423,E/W,2800,TURF
US-10424,E/W,2640,TURF
US-10425,18/36,1700,TURF
US-10427,H1,25,GRAVEL
US-1043,6/24,2820,ASP
US-10430,07/25,1450,TURF
US-10432,H1,60,TURF
US-10433,03/21,1400,TURF
US-10434,14/32,1800,Turf
US-10434,4/22,1700,Turf
US-10435,09/27,1476,TURF
US-10436,04/22,3110,TURF-F
US-10437,17/35,2600,TURF
US-10438,18/36,1400,TURF
US-10439,H1,150,TURF
17OK,18/36,1300,Turf
US-10440,12/30,4500,ASPH
US-10441,18/36,2500,TURF
US-10442,E/W,1750,DIRT
US-10443,N/S,2300,TURF
US-10444,H1,525,TURF
US-10445,16/34,1900,TURF
US-10446,05/23,2500,TURF
US-10446,18/36,2100,TURF
US-10448,08/26,3000,TURF-GRVL-P
US-10448,11/29,2150,TURF-GRVL-P
US-10449,H1,120,ASPH
US-1045,3/21,1540,Turf
US-10450,18/36,2000,TURF-F
US-10451,E/W,1800,TURF
US-10452,H1,100,GRAVEL
US-10453,18/36,2500,TURF
US-10455,10/28,800,GRAVEL-F
4CO9,16/34,2011,Turf
US-10458,H1,125,ASPH
US-10459,17/35,2640,ASPH
US-10460,16/34,3800,ASPH-CONC
US-10461,H1,12,MATS
US-10462,16/34,1700,TURF
US-10463,E/W,3000,TURF
US-10464,N/S,1600,TURF
US-10465,18/36,2000,TURF
US-10466,07/25,2800,TURF
US-10467,04/22,2960,TURF
US-10467,18U/36U,1125,TURF
US-10470,N/S,3630,Turf
US-10471,H1,20,CONC
US-10472,17/35,2400,ASPH-P
US-10473,10/28,2700,TURF
US-10476,09/27,2800,TURF
US-10477,16/34,3080,TURF
US-10478,15/33,1400,TURF
US-1048,E/W,2000,Turf
US-10480,09/27,1775,TURF-F
US-10482,17/35,1450,DIRT-P
US-10483,17/35,1600,TURF
US-10485,H1,11,WOOD
US-10486,13/31,1900,TURF
US-10486,18/36,1320,TURF
US-10486,H1,50,TURF
US-10487,01/19,2100,TURF
US-10488,H1,50,CONC
US-10489,06/24,2700,TURF-GRVL
US-1049,17/35,2600,Turf
US-10490,H1,50,ASPH
US-10491,18/36,2400,TURF
US-10493,04/22,1600,TURF
US-10496,NW/SE,2200,DIRT
US-10498,17/35,2640,TURF
US-10499,H1,45,CONC
US-1050,8/26,950,GVL
US-10500,H1,50,TURF
US-10501,H1,35,CONC
US-10503,04/22,1500,TURF
US-10504,H1,20,CONC
US-10505,E/W,1600,TURF
US-10506,E/W,325,TURF
US-10507,H1,400,TURF
US-10508,04/22,1800,TURF
US-10509,16/34,4500,ASP
US-10510,H1,50,ASPH
US-10511,18/36,3068,TURF-P
US-10512,N/S,2540,TURF
US-10513,08/26,1300,TURF
US-10513,17/35,2600,TURF
US-10514,03/21,1665,TURF-P
US-10514,09/27,1850,TURF-P
US-10515,N/S,2200,TURF
US-10516,03/21,2000,GRVL-G
US-10517,06/24,3000,TURF-P
US-10517,12/30,5000,TURF-P
US-10518,09/27,2300,TURF
US-10519,17/35,2500,TURF
25MI,10/28,2480,Turf
US-10520,H1,50,GRAVEL
US-10521,H1,30,CONC
US-10522,H1,48,CONC
US-10523,01/19,1500,TURF
US-10524,02/20,3000,ASP
US-10525,H1,96,ASPH-CONC
US-10526,H1,130,TURF
US-10527,15/33,2300,TURF
US-10530,03/21,1900,TURF-F
US-10532,12/30,1000,DIRT
US-10533,05/23,800,DIRT
US-10534,09/27,2500,TURF
US-10535,01/19,4800,DIRT
US-10536,H1,15,CONC
US-10537,H1,50,TURF-G
US-10538,H1,50,TURF
US-10539,H1,200,GRVL
FL73,H1/H1,42,CON
US-10540,10/28,1800,TURF
US-10541,H1,30,TURF
US-10542,17/35,2400,Turf
US-10543,H1,12,CONC
US-10544,09/27,3400,ASPH
US-10545,09/27,1500,TURF
US-10545,13/31,1200,TURF
US-10546,E/W,3000,TURF
US-10546,N/S,2100,TURF
US-10547,H1,100,CONC-G
US-10548,18/36,2600,TURF
US-10549,N/S,3800,Dirt
US-10550,03/21,2500,TURF
US-10552,17/35,2000,TURF
US-10553,18/36,2650,TURF
US-10555,02/20,2500,TURF
US-10556,H1,20,CONC
US-10557,09/27,1775,TURF
US-10558,NE/SW,4000,TURF
US-10559,15/33,3250,TURF
US-1056,9/27,2500,ASP
US-10560,17/35,1850,TURF
US-10561,H1,20,CONC
US-10563,N/S,2100,TURF
US-10566,N/S,400,TURF
US-10568,08/26,1400,TURF
US-10568,18/36,2200,TURF
US-10569,13/31,1850,TURF-G
US-1057,N/S,1900,Turf
US-10570,17/35,4000,TURF
US-10573,06/24,1300,TURF
US-10575,14/32,1535,Turf
US-10576,05/23,2000,TURF
US-10577,18/36,900,TURF
US-10578,18/36,2400,TURF
US-10579,E/W,1800,TURF
US-10580,17/35,2013,TURF
US-10582,17/35,1500,TURF
US-10583,09/27,2144,TURF
US-10585,14/32,6300,ASPH
US-10586,H1,40,CONC-G
US-10586,H2,40,CONC-G
US-10586,H3,40,CONC-G
US-10586,H4,40,CONC-G
US-10586,H5,40,CONC-G
US-10586,H6,40,CONC-G
US-10587,15/33,1200,TURF-F
US-10589,H1,50,ASPH
US-1059,11/29,2000,Turf
US-10590,17/35,1900,TURF-G
US-10592,H1,100,TURF
US-10593,H1,100,CONC
US-10594,H1,20,TURF
US-10595,10/28,2360,TURF
US-10596,17/35,3800,TURF
US-10597,H1,25,CONC
US-10598,H1,75,CONC
US-10599,09/27,2550,TURF-G
US-10600,01/19,2000,TURF
US-10601,01/19,1340,TURF
US-10602,03/21,2600,ASPH
US-10602,04/22,1600,TURF
US-10603,10/28,3100,TURF
US-10604,H1,90,ASPH
US-10605,H1,50,CONC-G
US-10607,N/S,2000,TURF
US-10608,04/22,1425,TURF
US-10609,09/27,2660,TURF-F
98VA,H1/H1,54,Turf
US-10610,H1,80,TURF
US-10611,H1,150,MATS
US-10612,05/23,3180,TURF-F
US-10613,E/W,2600,TURF
US-10615,12W/30W,6000,WATER
US-10617,N/S,1300,TURF
MT22,5/23,2135,Turf
US-10620,17/35,2200,TURF
US-10621,09/27,1800,TURF
US-10622,17/35,1700,TURF
US-10624,16/34,1800,TURF
US-10626,H1,60,TURF
US-10627,09/27,2000,TURF
US-10628,09/27,400,TURF
US-10629,11/29,1500,TURF
US-10630,02/20,1750,TURF
US-10630,08/26,1900,TURF
US-10634,H1,365,TURF
US-10635,02/20,1345,TURF
US-10635,11/29,1440,TURF
US-10636,H1,100,TURF
US-10637,N/S,2280,TURF
US-10639,H1,75,ASPH
US-10640,17/35,2600,ASPH
US-10641,09/27,3100,TURF
US-10643,17/35,2700,TURF
US-10644,08/26,5200,TURF-DIRT
US-10645,16/34,4700,TURF
US-10647,H1,30,ASPH-G
US-10648,18/36,860,TURF
US-10649,18/36,2640,TURF
US-10650,06/24,2400,TURF
US-10651,15/33,1600,TURF
US-10653,09/27,2600,TURF
US-10655,02/20,2100,TURF-F
US-10656,07/25,2350,ASPH
US-10659,17/35,1200,TURF
US-10660,H1,16,WOOD
US-10661,18/36,2400,TURF
US-10662,H1,65,CONC
US-10663,02/20,3000,TURF
US-10664,H1,59,ASPH
US-10665,H1,60,CONC
US-10666,18/36,2300,TURF
US-10667,18/36,3400,GRVL
US-10668,07/25,3450,TURF-G
US-10668,12/30,2620,TURF-G
US-10668,17/35,2350,TURF-G
US-10669,12/30,2600,TURF
US-10670,H1,385,TURF-G
US-10671,17/35,2900,TURF
US-10672,12/30,2400,TURF
US-10674,N/S,2700,TURF
US-10675,17/35,2860,ASPH-F
US-10676,H1,40,CONC
US-10680,18/36,2580,TURF-F
US-10681,18/36,1600,TURF-G
US-10682,12/30,2800,TURF
US-10683,06/24,2800,TURF
US-10684,18/36,3000,COP
US-10685,16/34,2200,ASPH
US-10688,H1,206,ASPH
US-10689,H1,65,ASPH-TURF
US-1069,H1/H1,51,CON
US-10690,H1,99,ASPH-TURF
US-10691,H1,99,ASPH-TURF
US-10692,10/28,3900,GVL
US-10695,07/25,2800,TURF
US-10695,10/28,2200,TURF
US-10695,14/32,2600,TURF
US-10695,18/36,1000,TURF
US-10696,06/24,800,DIRT
US-10696,12/30,1000,DIRT
US-10698,2/20,2700,Turf
US-10699,14/32,2400,TURF-F
US-10700,H1,100,ASPH
US-10701,H1,60,CONC
US-10702,18/36,1900,TURF
US-10703,08/26,2625,TURF-G
US-10704,H1/H1,37,MATS-G
US-10705,10/28,2500,TURF
US-10706,E/W,900,TURF
US-10707,H1/H1,75,GRS
US-10708,H1,30,ASPH
US-10709,18/36,650,TURF
US-10710,NW/SE,1800,TURF
US-10712,N/S,1320,TURF
US-10715,18/36,2000,TURF
US-10716,H1,60,TURF
US-10717,18/36,2100,TURF-F
US-10717,B1/B1,1400,TURF-P
US-10718,18/36,2000,TURF-G
US-10719,09/27,2000,TURF
US-10720,8/26,3000,Turf
US-10721,18/36,2600,TURF
US-10722,H1,700,CONC-TURF
US-10724,H1,100,ASPH
US-10727,18/36,3370,ASPH
US-10728,09/27,2650,TURF-F
US-10728,18/36,2580,TURF-F
US-10729,H1,75,ASPH
08AR,18/36,2650,Turf
US-10730,ALL/WAY,15000,WATER
US-10731,H1,52,TURF
US-10732,18/36,3500,TURF
US-10737,18/36,2900,TURF
US-10739,18/36,2200,TURF
US-10741,12/30,2500,Turf
US-10742,H1,50,TURF
US-10743,08/26,2100,TURF-F
US-10744,17/35,1200,DIRT-TURF
US-10745,03/21,1400,TURF
US-10746,17/35,2400,TURF-G
US-10747,09/27,1260,TURF
US-10751,H1,50,CONC
US-10753,08/26,2000,TURF-P
US-10754,N/S,1500,TURF
US-10755,09/27,2000,TURF
US-10756,03/21,1700,TURF
US-10757,14/32,2250,TURF
US-10759,H1,75,TURF
3OK6,2/20,3000,ASP
US-10761,H1,50,CONC
US-10761,H2,50,CONC
US-10761,H3,50,CONC
US-10761,H4,50,CONC
US-10761,H5,50,CONC
US-10762,04/22,2300,TURF
US-10763,17/35,5000,ASPH
US-10764,16/34,3000,ASPH-P
US-10765,03/21,2350,DIRT
US-10766,18/36,2300,TURF
US-10767,17/35,2977,TURF
US-10768,7/25,3000,TURF-P
US-10769,09/27,1700,TURF
9OK4,6/24,2641,Turf
US-10771,H1,100,ASPH
US-10773,17/35,1900,TURF
US-10775,H1,20,CONC
US-10776,18/36,2800,TURF
US-10777,18/36,2505,TURF-G
US-10778,01/19,4000,ASPH
73XS,17/35,3580,Dirt
73XS,8/26,2307,Dirt
US-10780,18/36,1600,TURF
US-10781,H1,75,TURF
US-10782,09/27,2400,ASPH-F
US-10783,17/35,2200,TURF
US-10784,13/31,1000,TURF
US-10785,08/26,1600,TURF
US-10786,01/19,2400,TURF
US-10788,H1,72,CONC
US-10789,18/36,1800,TURF
0XA0,1/19,900,Turf
US-10791,H1,600,TURF
US-10792,14/32,2200,TURF
US-10793,02/20,2100,DIRT
US-10793,13/31,1300,DIRT
US-10793,15/33,2100,DIRT
US-10793,17/35,1800,DIRT
US-10794,09/27,2300,TURF
US-10795,07/25,2500,DIRT
US-10796,09/27,2450,TURF
US-10796,15/33,2450,TURF
US-10797,02/20,1000,TURF-GRVL
US-10798,18/36,1744,TURF-G
US-10799,09/27,1800,TURF
3IL8,18/36,2800,Turf
US-10800,E/W,1700,TURF
US-10801,H1,360,Turf
US-10803,13/31,2700,TURF
US-10804,18/36,2526,TURF-G
US-10805,18/36,2600,TURF-G
US-1081,9/27,1600,Turf
US-10810,09/27,2400,TURF
US-10811,13/31,2000,TURF
US-10812,05/23,1930,TURF-F
US-10812,15/33,2100,TURF-F
US-10813,10/28,2000,TURF
US-10814,17/35,2800,GRS
US-10815,H1,25,CONC
US-10816,17/35,900,TURF
US-10817,H2,80,ASPH-P
US-10818,H1,200,Turf
IN73,H1/H1,60,CON/GVL
US-10821,08/26,1430,TURF-F
US-10821,12/30,2000,TURF-F
US-10821,17/35,2065,TURF-F
US-10822,07/25,1440,TURF
US-10823,18/36,2400,TURF
US-10824,H1,50,CONC
US-10825,05/23,2100,GRAVEL
US-10826,H1,30,ASPH
US-10828,H1,30,CONC
US-10829,09/27,2072,TURF-G
OH17,H1/H1,50,CON
US-10831,05/23,900,TURF
US-10831,18/36,1200,TURF
US-10832,H1,100,ASPH
US-10833,02/20,3376,TURF
US-10835,07/25,2500,ASPH
US-10837,17/35,1650,TURF-G
US-10839,18/36,2640,TURF
NM15,H1/H1,42,CON
US-10840,05/23,3200,TURF-G
US-10841,17/35,2000,TURF
US-10842,18/36,1900,TURF-G
US-10843,09/27,1300,TURF
US-10844,17/35,1600,TURF
US-10845,03/21,2500,TURF-F
US-10846,16/34,2000,TURF
US-10847,H1,16,WOOD
US-10848,17/35,2200,TURF
US-10849,16/34,2500,ASPH
US-1085,2/20,1000,Turf
US-10850,H1,35,ASPH
US-10851,14/32,3200,TURF
US-10852,H1,60,CONC-TURF
US-10855,17/35,2800,DIRT
US-10859,H1,100,TURF
US-10860,18/36,2500,TURF-DIRT
US-10861,H1,100,ASPH
US-10862,H1,42,CONC
US-10864,H1/H1,96,CON
US-10865,H1,30,CONC
US-10866,H1,30,TURF
US-10867,H1,200,TURF
US-10868,H1,40,ASPH
US-1087,13W/31W,12007,Water
US-10870,16/34,1760,TURF
US-10871,E/W,2600,TURF
US-10872,H1,16,CONC
US-10873,18/36,2550,TURF
US-10874,18/36,2080,TURF
US-10875,N/S,5280,WATER
US-10876,18/36,2514,TURF-GRVL-F
US-10877,02/20,2600,TURF-G
US-10877,17/35,2400,TURF-G
US-10878,18/36,700,TURF
US-10880,E/W,2600,GRS
US-10881,09/27,2100,TURF
US-10882,N/S,1500,TURF
US-10883,N/S,2600,TURF
US-10884,H1,50,ASPH
US-10885,H1,30,ASPH
US-10887,18/36,2640,TURF
US-10888,03/21,2200,TURF
US-10889,N/S,2100,TURF
MD07,H1/H1,43,CON/GVL
US-10890,N/S,2000,TURF
US-10891,13L/31R,2800,TURF
US-10891,13R/31L,1600,TURF
US-10893,06/24,2000,Turf
US-10895,04/22,4000,TURF
US-10896,15/33,800,TURF-G
US-10896,18/36,1860,GRVL-TRTD-P
US-10897,H1,75,ASPH
US-10898,18/36,2300,TURF
US-10899,18/36,1500,TURF
US-10900,H1,30,CONC
US-10903,17/35,2000,Turf
US-10905,01/19,1800,TURF
US-10907,18/36,2500,TURF
US-10908,H1,50,CONC
US-10910,03/21,5800,ASPH-P
US-10911,E/W,1200,DIRT
US-10912,09/27,1350,TURF
US-10912,17/35,1550,TURF
US-10913,H1,20,CONC
US-10914,NW/SE,2000,TURF
US-10916,05/23,2700,TURF-P
US-10916,18/36,1470,TURF-P
US-10917,06/24,1800,TURF-G
US-10918,H1,40,ASPH
US-10920,17/35,2275,GRVL-TRTD
US-10923,15/33,2700,TURF
US-10926,18/36,2350,TURF
US-10927,N/S,1800,TURF
US-10929,05/23,2000,TURF
US-10930,17/35,1500,DIRT
US-10931,11/29,3300,TURF-DIRT
US-10933,N/S,4000,TURF
US-10934,07/25,1900,TURF-P
US-10935,H1,1000,TURF
US-10935,H2,40,CONC
US-10935,H3,40,CONC
US-10935,H4,40,CONC
US-10935,H5,40,CONC
US-10935,H6,40,CONC
US-10935,H7,40,CONC
US-10936,09/27,2670,TURF-G
US-10936,18/36,1410,TURF-G
US-10937,E/W,2000,TURF
US-10938,03/21,1800,TURF
US-10939,N/S,1320,TURF
02MT,14/32,2700,Dirt
US-10940,18/36,2200,TURF
US-10942,17/35,1285,TURF
US-10943,H1,40,CONC
US-10944,H1,100,TURF
US-10945,18/36,2600,TURF
US-10946,H1,75,TURF
US-10948,17/35,1800,TURF
US-10950,18/36,2284,TURF
US-10951,N/S,2000,TURF
US-10952,09/27,2550,TURF
US-10952,18/36,3500,TURF
US-10953,H1/H1,50,CONC
US-10954,04/22,2500,TURF
US-10956,17/35,2600,TURF
US-10958,H1,310,TURF
US-10959,09/27,1700,TURF
US-10960,14/32,2200,TURF
US-10961,H1,400,TURF
US-10962,14/32,2000,TURF
US-10965,07W/25W,7800,WATER
US-10965,09W/27W,6720,WATER
US-10965,18W/36W,5440,WATER
US-10966,10/28,2000,TURF
US-10968,H1,600,TURF
US-10968,H2,1200,TURF
US-10969,H1,450,CONC
US-10969,H2,50,CONC
US-10969,H3,25,CONC
US-10970,H1,50,CONC
US-10971,N/S,2640,TURF
US-10973,H1,25,ASPH-G
US-10975,13/31,3200,DIRT-TRTD
US-10976,H1,31,CONC
US-10977,08/26,2000,TURF
US-10978,09/27,2400,TURF
US-10979,N/S,2550,GRVL-G
US-10980,H1,24,CONC
US-10981,H1/H1,30,CONC
US-10981,H2/H3,30,CONC
US-10982,10/28,2000,TURF
US-10983,18/36,1600,TURF-G
US-10984,N/S,1900,GRAVEL
US-10985,09/27,1600,TURF
US-10986,H1,40,CONC
US-10987,17/35,2020,TURF-G
US-10988,NW/SE,1200,TURF
US-10989,18/36,2500,TURF-F
US-1099,13/31,2181,Dirt
US-1099,17/35,1560,Dirt
US-10990,17/35,2600,TURF-F
US-10991,09/27,2640,TURF-G
US-10992,09/27,1400,TURF
US-10993,10/28,1200,TURF
US-10995,01/19,1700,TURF
US-10996,05/23,2400,TURF-G
US-10997,N/S,3000,TURF
US-10998,H1,20,CONC
US-10999,H1,24,CONC
US-1100,15/33,1606,turf
US-11001,14/32,1659,ASPH-F
US-11002,09/27,2801,TURF-G
US-11003,16/34,5300,DIRT
US-11004,09/27,2200,DIRT
US-11005,NW/SE,2150,TRTD
US-11006,18/36,2378,TURF-G
US-11007,H1,60,CONC
US-11008,H1,20,CONC
US-11009,18/36,1750,TURF
US-11010,H1,50,TURF
US-11011,N/S,2000,TURF
US-11012,12/30,2000,TURF
US-11013,18/36,2000,TURF
US-11014,H1,40,MATS
US-11015,H1,192,TURF
US-11017,17/35,2200,TURF
US-11018,17/35,2500,TURF
US-11020,02/20,2600,TURF
US-11022,E/W,2276,TURF
US-11023,18/36,1791,TURF
US-11024,03/21,5000,WATER
US-11024,09/27,5000,WATER
US-11024,13/31,5000,WATER
US-11026,01/19,2500,TURF
US-11026,12/30,1800,TURF
US-11027,NE/SW,4400,WATER
US-11028,06/24,2600,ASP
US-11029,H1,40,CONC
US-11030,14/32,2900,TURF
US-11031,18/36,2000,TURF
US-11032,12/30,3200,DIRT
US-11033,18/36,1800,TURF
US-11037,11/29,1350,TURF
US-11038,H1,60,ASP
US-11040,H1,150,CONC
US-11041,E/W,1700,TURF
US-11041,N/S,970,TURF
US-11042,H1,60,GRVL
US-11043,E/W,2500,TURF
US-11044,09/27,3000,TURF
US-11045,17/35,2000,TURF
US-11046,18/36,3150,TURF
2FL5,H1/H1,34,CON
2FL5,H2/H2,34,CON
US-11051,3/21,1100,Turf
US-11052,H1,60,CONC
US-11053,H1,100,CONC
US-11054,18/36,5000,ASP
US-11055,H1,40,CONC
US-11055,H2,31,CONC
US-11055,H3,35,CONC
US-11055,H4,19,CONC
US-11055,H5,34,CONC
US-11056,15/33,2600,DIRT
US-11057,H1,35,CONC
US-11057,H2,35,CONC
US-11058,H1,200,CONC
US-11058,H2,200,CONC
US-11060,17/35,3000,ASPH
US-11061,H1,100,CONC
US-11062,04/22,2000,TURF
US-11063,H1,50,CONC
US-11064,04/22,1800,TURF
US-11066,H1,50,CONC
US-11067,03/21,3750,TURF-DIRT-P
US-11067,04W/22W,5000,WATER
US-11068,H1/H1,50,ASP
US-11069,18/36,2200,TURF
39KS,6/24,2000,Turf
US-11070,ALL/WAY,6000,WATER
US-11071,09/27,3950,TURF-F
US-11072,01/19,2000,TURF
US-11073,03/21,2750,TURF
US-11074,N/S,3600,DIRT
US-11075,04/22,600,DIRT
US-11075,13/31,800,DIRT
US-11076,02/20,1800,TURF-P
US-11078,H1,52,ASPH-G
US-11079,17/35,3120,GRAVEL-P
US-11080,H1,104,TURF
US-11081,05/23,2800,GRVL
US-11083,02/20,1800,TURF
US-11084,11/29,3000,TURF
US-11085,08/26,2000,TURF
49AL,17/35,2632,Turf
US-11087,H1,25,CONC
US-11088,N/S,2600,TURF
US-11089,H1,50,CONC
5FL6,9/27,1875,Turf
US-11091,H1,20,ASPH
US-11093,H1,60,ASP
US-11094,01/19,1500,TURF-GRVL
US-11095,H1,19,CONC
US-11096,H1,30,CONC
US-11097,05/23,2000,TURF
US-11098,09/27,1015,GRS
66OH,8/26,2422,ASP
US-11101,H1,150,TURF
US-11102,18/36,1800,Turf
US-11103,14/32,5300,ASPH
US-11105,N/S,1700,TURF
US-11108,NW/SE,5000,WATER
AL01,H1/H1,30,CON/GVL
US-11110,18/36,1000,TURF
US-11112,09/27,2640,TURF
US-11113,18/36,2600,TURF
US-11114,H1,30,CONC
US-11115,18/36,2500,TURF-G
US-11117,H1,50,ASPH
US-11121,14/32,1400,DIRT
US-11122,01/19,6595,GRVL
US-11122,06/24,5193,GRVL
US-11122,16/34,5349,GRVL
US-11123,18/36,1400,GVL
US-11124,H1,56,CONC
US-11125,H1,25,MATS
US-11126,02/20,750,TURF
US-11127,H1,200,ASPH
US-11128,H1,100,ASPH
US-11129,17/35,2600,DIRT
IA18,9/27,2193,Turf
US-11130,05/23,2800,DIRT
US-11130,17/35,1750,DIRT
US-11131,H1,40,CONC
US-11134,H1,40,CONC
US-11135,12/30,3200,ASPH
US-11136,H1,60,ASPH
US-11137,18/36,2920,GRVL-F
KNDV,H1,100,ASPH
US-11139,16/34,2500,ASPH-DIRT
IA43,4/22,1700,Turf/Gravel
US-11140,15/33,3000,DIRT
US-11141,H1,50,ASPH
US-11142,E/W,2485,ASPH
US-11143,H1,150,ASPH
US-11144,H1,300,TURF
US-11145,H1,45,ASPH
US-11146,N/S,2400,ASPH
US-11147,H1,53,TURF
US-11148,H1,20,WOOD
US-11149,09/27,1600,ASPH
ID42,12/30,1350,Turf
US-11151,H1,60,CONC
US-11152,H1,75,CONC
US-11153,H1,40,CON
US-11154,H1/H1,50,GRVL-TRTD
US-11155,H1,42,CONC
US-11156,N/S,2600,TURF
US-11157,H1,80,CONC
US-11158,04/22,3800,DIRT
US-11159,H1,30,CONC
US-1116,3/21,1450,Turf/Dirt
US-11160,H1,100,ASPH
US-11161,H1,40,MATS
US-11162,H1,68,ASPH
US-11163,H1,80,ASPH
US-11164,H1,50,ASPH-CONC
US-11165,H1,45,CONC
US-11166,H1,220,CONC
US-11167,H1,40,CONC
US-11168,H1,65,ASPH
US-11169,18/36,2500,TURF
PA44,9/27,1500,Turf
US-11170,H1,50,CONC
US-11171,N/S,1600,GRVL
US-11172,H1,60,CONC-TURF
US-11173,H1,63,ASPH-P
US-11174,H1,80,CONC
US-11176,H1,55,ASPH
US-11177,H1,95,ASPH
US-11178,H1,40,CONC
US-11179,H1,60,ASPH
NV77,H1,40,ASP
US-11180,H1,67,CONC
US-11182,11/29,2300,GRAVEL
US-11185,01/19,4000,GRVL
US-11185,08/26,3900,ASP
US-11185,10/28,1800,GRVL
US-11186,H1,200,TURF
US-11187,B1,100,TURF
TN27,2/20,1710,Turf/Dirt
US-11190,H1,50,ASPH
US-11191,17/35,3000,TURF
US-11192,08/26,2800,DIRT
US-11192,11/29,5480,DIRT
US-11193,H1,95,ASPH
US-11197,17/35,3600,GVL
US-11198,H1,30,ASPH
US-11199,09/27,1800,DIRT-G
US-11200,H1,162,ASP
US-11201,15/33,2600,Turf
US-11202,E/W,1800,TURF
US-11202,N/S,1300,TURF
US-11203,H1,50,TURF
US-11204,17/35,1800,TURF
US-11205,16/34,1900,TURF
US-11206,H1,50,CONC
US-11208,12/30,2600,ASPH
US-11209,H1,60,ASPH
US-11210,H1,40,CONC
US-11211,H1,100,TURF
US-11212,H1,100,ASPH
US-11214,H1/H1,110,ASPH-CONC
US-11215,H1,37,ASPH
US-11217,01/19,1685,TURF-G
US-11218,10/28,2275,TURF-G
US-11219,H1,50,ASPH
US-11220,H1,50,ASPH
US-11221,H1,24,CONC
US-11223,NW/SE,2300,TURF
US-11227,14/32,2099,TURF
US-11227,17/35,2180,TURF
US-11228,H1,80,CONC
US-11229,16/34,1300,TURF
US-11230,15/33,4564,ASPH
US-11231,11/29,2769,ASPH-F
US-11233,17/35,2000,ASPH-F
US-11234,17/35,2585,TURF-F
US-11234,2/20,2375,TURF-P
US-11236,H1,60,CONC
US-11237,H1,50,ASPH-F
US-11238,09/27,2400,TURF
US-11239,H1,55,TURF
48OK,18/36,1200,Turf
US-11240,H1,110,CONC
US-11241,02/20,1800,TURF
US-11242,H1,58,ASPH
US-11243,18/36,3400,TURF
US-11244,H1,26,CONC
US-11245,H1,40,CONC
US-11246,18/36,3000,TURF
US-11248,03/21,2600,TURF
US-11249,12/30,2110,TURF
19LA,17/35,3574,CON
US-11252,H1,120,TURF
US-11253,H1,65,CONC
US-11254,H1,50,CONC
US-11255,H1,60,CONC
US-11256,H1,60,TURF
US-11257,18/36,4000,TURF
US-11258,H1,80,ASPH
US-11259,H1,30,CONC
ID34,H1/H1,52,CON
US-11260,16/34,2240,TURF
US-11262,H1,50,CONC
US-11263,H1,50,CONC-G
US-11264,09/27,1950,TURF-G
US-11264,13/31,1100,TURF-G
US-11265,09W/27W,3000,WATER
US-11265,17W/35W,5000,WATER
US-11266,05/23,2600,ASP
US-11266,09/27,2800,ASP
US-11266,14/32,2800,ASP
US-11266,18/36,6002,ASPH
US-11267,08/26,1958,TURF
US-11268,18/36,2000,TURF
US-11269,09/27,3000,TURF
US-11270,01/19,2500,TURF
US-11271,09/27,2500,TURF
US-11272,H1,24,WOOD
US-11273,NW/SW,4500,Water
US-11274,03/21,3000,TURF
US-11275,N/S,3800,TURF
US-11276,09/27,5000,CONC
US-11277,14/32,3000,TURF
US-11278,09/27,2830,TURF
US-11279,H1,100,TURF
US-11280,09/27,2300,TURF
US-11281,09/27,2200,TURF
US-11282,H1,83,TURF
US-11283,18/36,2500,TURF
US-11284,18/36,2400,TURF
US-11285,11/29,2700,GRVL-G
US-11286,18/36,2263,TURF
US-11288,H1,400,TURF
US-11289,03/21,2400,TURF-G
US-11293,15/33,1900,TURF
US-11294,08/26,2400,TURF
US-11295,03/21,1800,ASPH-G
US-11297,04/22,2100,TURF
US-11298,15/33,4000,CONC
US-11299,1/19,2800,Turf
US-11300,H1,90,ASP
US-11301,17/35,2500,TURF
US-11302,E/W,850,DIRT
US-11303,H1,60,CONC
US-11304,09/27,1800,TURF
US-11305,18/36,3500,TURF
US-11306,H1,19,CONC
US-11309,17/35,4500,TURF
US-11310,N/S,1830,TURF
US-11313,H1,30,CONC
US-11315,ALL/WAY,15000,WATER
US-11317,11/29,3800,ASPH-F
US-11320,02/20,2950,ASPH
US-11321,NW/SE,1965,GRVL-TRTD
US-11323,H1,30,TURF
US-11325,H1,100,ASPH-G
US-11326,09/27,2695,ASPH-P
US-11327,2/20,2269,Asphalt
US-11328,02/20,1577,TURF-F
US-11331,9/27,1300,Turf
US-11332,18/36,3000,TURF
US-11333,17/35,1960,Turf
US-11334,18/36,1500,Turf
US-11334,6/24,2600,Turf
US-11335,18/36,2500,TURF
US-11336,H1,500,TURF
32TE,10/28,969,Turf
32TE,13/31,700,Turf
US-11341,18/36,2640,TURF-F
US-11342,18/36,2300,TURF
US-11343,E/W,1800,TURF
US-11344,18/36,1700,TURF
US-11345,H1,174,CONC
US-11346,H1,150,Turf
US-11347,H1,60,CONC
US-11348,N/S,2500,Turf
45LA,H1/H1,800,CON
US-11350,E/W,2626,TURF
US-11352,09/27,2600,TURF
US-11353,15/33,1000,TURF
US-11354,N/S,1600,TURF
US-11354,NE/SW,1300,TURF
US-11355,H1,70,ASPH
US-11355,H2,70,ASPH
US-11355,H3,70,ASPH
US-11356,4/22,2100,Turf
US-11357,N/S,1800,TURF
US-11358,9/27,2500,Turf
US-11359,3/21,2200,Turf
US-11360,H1,10,GRVL
US-11363,09/27,2600,TURF
US-11364,17/35,2500,Turf
US-11365,17/35,2185,Turf
US-11366,08/26,2120,TURF-G
US-11368,01/19,2400,TURF
US-11369,H1,100,ASPH
US-11374,H1,20,TURF
US-11375,17/35,1800,TURF
US-11376,16/34,3900,TURF
US-11377,09/27,1600,TURF
US-11379,H1,50,ASPH
US-11380,17/35,2600,DIRT
US-11381,03/21,2600,TURF-G
US-11382,H1/-,60,ASP
US-11383,16/34,1800,TURF-DIRT
US-11384,H1,60,TURF
US-11385,N/S,2000,DIRT
US-11386,11/29,2100,TURF-GRVL
US-11387,09/27,1800,TURF-G
US-11388,H1,1500,TURF
US-11389,18/36,2300,TURF
16KY,H1/H1,36,CON
US-11390,E/W,1280,TURF
US-11391,09/27,1900,TURF
US-11392,NW/SE,2600,TURF
US-11393,18/36,1320,TURF
US-11394,N/S,1350,TURF
US-11395,16/34,2000,TURF
US-11396,10/28,2500,TURF
US-11397,18/36,1400,TURF
US-11398,18/36,1800,TURF
US-11399,NE/SW,900,TURF
01PA,14/32,1200,Turf
US-11400,H1,40,TURF
US-11401,H1,35,CONC
US-11402,N/S,1300,TURF
US-11403,18/36,2000,TURF
US-11404,H1,23,ASPH
US-11407,NW/SE,2400,TURF
US-11408,E/W,1500,TURF
US-11410,09/27,2450,TURF
US-11411,07/25,1600,TURF
US-11412,H1,56,ASPH
US-11414,18/36,1882,TURF-G
US-11416,N/S,1900,TURF
US-11417,H1,40,UNKNOWN
US-11418,09/27,1320,TURF
US-11419,09/27,1685,TURF
6WI3,9/27,1700,Turf
US-11420,N/S,1800,TURF
US-11421,H1,40,CONC
US-11422,18/36,1412,TURF
US-11423,N/S,1200,TURF
US-11424,NE/SW,1800,TURF
US-11425,08/26,2000,TURF
US-11425,17/35,2600,TURF
US-11426,H1,150,TURF
US-11427,N/S,2500,TURF
US-11428,18/36,2200,TURF
US-11429,H1,40,CONC
US-11430,H1,60,ASPH-GRVL
US-11431,H1,35,CONC
US-11432,H1,45,ROOF-TOP
US-11433,H1,120,CONC
US-11434,E/W,2640,TURF
US-11435,18/36,1708,TURF
US-11436,18/36,2400,TURF
US-11437,09/27,2200,TURF
US-11438,18/36,1800,TURF
US-11439,09/27,2000,TURF
NM12,17/35,2870,Dirt
US-11440,09/27,2200,TURF
US-11441,01/19,1800,TURF
US-11442,02/20,3000,TURF
US-11443,N/S,1680,TURF
US-11444,E/W,2400,TURF
US-11446,NE/SW,1350,TURF
US-11447,N/S,1900,TURF
US-11448,18/36,1320,TURF
US-11449,18/36,1860,TURF
US-11450,E/W,2500,TURF
US-11451,18/36,1950,TURF
US-11452,01/19,2039,TURF
US-11454,N/S,1000,TURF
US-11454,NE/SW,800,TURF
US-11455,17/35,2100,TURF
US-11456,16/34,2400,ASP
US-11456,8/26,2500,Turf
US-11458,H1,60,CONC
US-11459,09/27,2600,TURF
US-1146,11W/29W,3200,Water
US-11460,H1,50,ASPH
US-11462,09/27,2640,TURF
US-11463,06/24,2600,TURF
US-11465,H1,200,TURF
US-11466,09/27,2500,TURF
US-11468,ALL/WAY,15000,WATER
US-11469,N/S,2500,TURF
US-1147,1/19,1602,GVL
US-11473,09/27,2235,ASPH-TURF
US-11474,09/27,2500,TURF
US-11475,18/36,2500,TURF-G
US-11477,18/36,2200,TURF
US-11478,18/36,1940,TURF-G
US-11479,18/36,2400,TURF
US-11481,12/30,1900,TURF
US-11483,03/21,1450,GRAVEL
US-11487,H1,65,CONC
US-11489,B1,200,TURF
72KS,17/35,2550,Turf
US-11490,17/35,2585,TURF-P
US-11491,10/28,3917,ASPH-P
US-11492,15/33,3980,ASP
US-11493,11/29,3200,ASPH-TRTD-F
US-11494,15/33,1840,TURF-G
US-11495,05/23,2362,ASP
US-11495,13/31,2877,ASP
US-11496,18/36,3750,ASPH-F
US-11497,09/27,3300,TURF-F
US-11498,14/32,2600,ASPH-GRVL-P
US-11499,09/27,3451,ASP
US-11499,15/33,2310,GRE
US-11499,18/36,2145,GRE
US-11500,11/29,5326,ASPH
US-11500,11L/29R,3400,GRS
US-11501,08/26,3770,ASP
US-11502,13/31,3207,ASP
US-11503,09/27,3030,ASP
US-11504,02/20,4260,ASP
US-11505,06/24,3515,ASP
US-11506,10/28,3570,GRE
US-11507,16/34,3249,ASP
US-11508,08/26,3469,ASP
US-11509,09/27,5892,ASP
US-11510,10/28,3069,ASP
US-11511,17/35,2700,ASP
US-11512,17/35,3594,ASP
US-11513,04/22,2595,ASP
US-11513,11/29,2948,ASP
US-11514,07/25,3200,ASP
US-11515,11/29,4800,ASP
US-11516,09/27,3401,ASP
US-11517,08/26,4875,ASP
US-11517,18/36,3278,ASP
US-11518,09/27,3455,ASP
US-11518,16/34,2000,GRS
US-11519,04/22,3542,ASP
US-11520,14/32,3200,ASP
US-11521,03/21,3235,ASP
US-11521,17/35,4000,ASP
US-11522,18/36,2202,ASP
US-11523,05/23,3081,ASP
US-11524,03/21,3300,ASP
US-11525,09/27,4005,ASP
US-11526,10/28,5700,ASP
US-11526,18/36,3562,GRS
US-11527,02/20,3453,ASP
US-11527,11/29,6650,ASP
US-11528,06/24,3499,ASP
US-11529,15/33,3400,CON
NV20,H1/H1,50,CON
US-11530,02/20,3198,ASP
US-11531,03/21,3010,ASP
US-11532,06/24,4500,ASP
US-11532,17/35,2650,ASP
US-11533,15/33,3020,ASP
US-11534,16/34,4024,ASP
US-11535,04/22,3500,ASP
US-11536,17/35,3980,ASP
US-11537,08/26,3087,ASP
US-11538,06/24,3315,ASP
US-11539,11/29,2870,ASPH-P
US-11540,04/22,3000,ASP
US-11540,09/27,3000,ASP
US-11540,18/36,3000,ASP
US-11541,05/23,3600,ASP
US-11541,09/27,3600,ASP
US-11541,17/35,3600,ASP
US-11542,05/23,4000,ASP
US-11542,09/27,5296,ASP
US-11542,14/32,4000,ASP
US-11542,18/36,5200,ASP
US-11543,17/35,3950,ASP
US-11544,16/34,4250,CON
US-11546,05/23,4006,ASP
US-11546,16/34,2465,GRS
US-11547,02/20,4008,ASP
US-11548,09/27,3559,ASP
US-11548,18/36,2593,ASP
US-11549,18/36,3802,CON
00OH,H1/H1,50,CON
US-11550,08/26,6885,COP
US-11551,13/31,6303,ASP
US-11552,01/19,4800,ASP
US-11553,16/34,4817,ASP
US-11554,05/23,3000,ASP
US-11555,09/27,6125,ASP
US-11556,04/22,3013,ASPH-F
US-11556,17/35,2700,GRS
US-11557,06/24,4807,ASP
US-11560,06/24,2493,ASPH-P
US-11560,12/30,2355,ASPH-DIRT-P
US-11562,11/29,2650,ASPH-F
US-11563,H1,1400,ASPH/ CONC
US-11564,H1/H1,30,CONC
US-11565,16/34,2600,TURF
US-11566,07/25,1400,TURF
US-11567,N/S,2815,TURF
US-11568,04/22,1000,TURF
US-11569,13/31,2500,TURF
US-11571,09/27,1500,TURF
US-11572,18/36,5100,ASPH-TURF
US-11573,H1/H1,55,CONC
US-11574,H1,30,GRAVEL
US-11578,H1,60,CONC
US-11579,N/S,2000,TURF
US-11580,E/W,2200,TURF
US-11581,09/27,2600,TURF
US-11582,09/27,2300,TURF
US-11584,09/27,4203,ASP
US-11585,09/27,2000,TURF
US-11586,18/36,2600,TURF
US-11587,H1,40,CONC
US-11588,18/36,2100,TURF
US-11589,09/27,2400,TURF
US-11593,18/36,2000,TURF
US-11596,18/36,2450,ASPH-TURF
US-11597,H1,24,CONC
US-11601,H1,40,CONC
US-11605,11/29,2500,TURF
US-11609,08/26,4000,TURF
US-11610,H1,50,CONC
US-11613,H1,20,GRASS / SOD
US-11614,E/W,5500,WATER-E
US-11614,N/S,5500,WATER-E
US-11614,NW/SE,6000,WATER-E
US-11615,18/36,2670,TURF-G
US-11616,17W/35W,1500,WATER
US-11616,7W/25W,3600,WATER
US-11617,H1,100,CONC
US-11618,01/19,3000,TURF
US-11620,H1,285,CONC
US-11621,H1,75,GRASS / SOD
US-11622,H1,60,GRASS / SOD
US-11624,H1,50,CONC
US-11625,16/34,5000,WATER
US-11626,H1,50,ASPH/ CONC
US-11627,H1,44,CONC
US-11628,18/36,2000,TURF
MI43,H1/H1,40,CON
US-11630,15/33,1460,GRASS / SOD
US-11631,09/27,1900,TURF
US-11632,03/21,2200,TURF
US-11632,09/27,2650,TURF
US-11632,14/32,1800,TURF
US-11633,13/31,2400,TURF
US-11634,H1,65,GRASS / SOD
US-11635,H1,30,CONC
US-11636,H1,22,ASP/CONC
US-11637,10/28,1835,TURF
US-11638,H1,15,ASPH/ CONC
46LA,18/36,2700,CON
US-11640,H1,40,ASPH/ CONC
US-11641,15/33,5000,WATER
US-11642,09/27,2000,TURF
US-11644,H1,50,GRASS / SOD
US-11645,12/30,1100,TURF
US-11646,01/19,1200,TURF
US-11647,17/35,1400,TURF
US-11648,09/27,3300,WATER
US-11648,16/34,11000,WATER
US-11650,14/32,2000,TURF
US-11651,E/W,1800,TURF
US-11652,18/36,2700,TURF
US-11653,09U/27U,1400,TURF
US-11653,18U/36U,1100,TURF
US-11654,09/27,1900,TURF-F
US-11655,H1,60,CONC
US-11655,H2,60,CONC
US-11656,18/36,2450,TURF-G
US-11657,H1,84,ASPH/ CONC
US-11660,11/29,1400,Turf
US-11662,04/22,1800,TURF
US-11663,H1,75,CONC
US-11664,H1,460,GRASS / SOD
US-11665,N/S,1300,TURF
US-11666,N/S,2360,TURF
US-11667,18/36,2500,TURF
US-11668,05/23,2500,TURF
US-11669,18/36,2600,TURF-F
US-11670,09/27,2400,TURF-G
US-11671,09/27,3300,GRVL-TRTD
US-11672,H1,80,CONC
US-11673,E/W,2700,TURF
US-11674,08/26,1900,TURF-P
US-11675,H1,180,CONC
US-11676,09/27,2500,TURF
US-11676,18/36,2400,TURF
US-11677,H1,50,ASPH/ CONC
US-11678,09/27,2400,TURF
US-11680,NW/SE,1750,TURF
US-11681,E/W,1750,TURF
US-11682,11W/29W,5900,WATER
US-11684,E/W,2300,TURF
US-11685,N/S,2600,TURF
US-11686,07/25,5000,WATER
US-11686,13/31,5300,WATER
US-11688,09/27,4000,WATER
US-11688,18/36,4000,WATER
US-11691,17/35,2000,TURF
US-11692,11/29,2615,TURF-F
US-11693,18/36,3000,TURF
US-11694,E/W,30000,WATER
US-11695,18/36,1900,TURF-G
US-11696,17/35,2650,TURF
US-11697,N/S,2480,TURF
OR42,9/27,4983,Dirt
US-11700,18/36,2250,TURF
US-11702,16/34,5000,WATER
US-11703,09/27,5000,WATER
US-11703,18/36,8000,WATER
US-11704,09/27,1470,TURF
US-11706,E/W,2000,TURF
US-11708,N/S,2500,TURF
US-11710,N/S,3000,TURF
US-11712,H1,50,CONC
US-11713,09/27,1500,TURF
US-11714,17/35,2650,TURF
US-11715,18/36,2400,TURF
US-11716,01/19,1800,TURF
US-11717,18/36,1825,TURF-G
US-11718,16/34,2000,TURF-F
US-11719,N/S,2400,TURF
US-11720,08/26,2600,TURF
US-11721,14/32,2900,TURF-G
US-11722,18/36,1500,TURF
US-11723,09/27,2200,TURF
US-11724,18/36,1400,TURF
US-11725,03/21,2000,TURF
US-11726,08/26,2300,TURF
US-11727,16/34,4000,ASP
US-11728,09/27,1700,TURF-P
US-11729,03/21,2400,TURF
OR44,4/22,1943,GVL
US-11730,08/26,2100,TURF
US-11732,16/34,3000,TURF
US-11733,18/36,1800,TURF
US-11734,03/21,1700,TURF
US-11735,N/S,1650,TURF
US-11737,09/27,2240,TURF
US-11738,18/36,2700,TURF
US-11742,16/34,3700,Turf
US-11743,NW/SE,2550,TURF
US-11744,12/30,2900,TURF
US-11747,E/W,3000,TURF-DIRT
US-11749,E/W,1000,Turf
US-11750,10/28,3400,TURF
US-11751,03/21,3700,TURF
US-11751,07/25,2640,TURF
US-11751,16/34,2640,TURF
US-11752,03/21,1200,TURF
US-11753,06/24,2500,TURF
US-11755,N/S,3150,Turf
US-11758,H1,50,CONC
US-11763,H1,30,CONC
US-11765,10/28,1200,Turf
US-11767,NE/SW,3400,Turf
US-11769,7/25,2700,Turf
US-11770,08/26,3900,DIRT
US-11771,H1,40,ASPH/ CONC
US-11772,16/34,3100,GRAVEL
US-11773,8/26,2400,Turf
US-11774,08/26,3000,ASP
US-11775,02/20,3000,TURF
US-11777,18/36,2300,TURF
US-11778,H1,400,GRASS / SOD
US-11779,H1,40,ASPH/ CONC
US-11780,H1,43,PIERCED STEEL PLANKING / LANDING MATS / MEMBRANES
US-11781,09/27,1900,TURF
US-11782,H1,33,CONC
US-11783,2/20,1900,Turf
US-11784,18/36,2700,TURF
US-11785,17/35,1500,TURF
US-11786,H1,50,CONC
US-11787,H1,40,CONC
US-11788,H1,20,CONC
US-11789,15/33,2000,TURF
US-11790,H1,27,GRASS / SOD
US-11792,18/36,2000,TURF
US-11793,17/35,2500,TURF
US-11794,14/32,1940,TURF
US-11795,H1,60,CONC
US-11797,11/29,2000,TURF
US-11798,18/36,2600,TURF
US-11799,17/35,2150,TURF
US-1180,12/30,1600,TURF
US-11800,18/36,2000,TURF
US-11801,08/26,2600,TURF
US-11803,17/35,2700,TURF
US-11804,18/36,2000,TURF
US-11805,H1,30,GRASS / SOD
US-11806,12/30,1450,TURF
US-11807,03/21,4000,TURF-GRVL-G
US-11809,10/28,2221,TURF-G
US-11809,17/35,2460,ASPH-TURF-F
US-11813,13/31,1500,TURF
US-11813,17/35,1500,TURF
US-11817,03/21,2180,TURF-GRVL
US-11818,04/22,1800,TURF
US-11819,18/36,3300,TURF-G
US-11820,09/27,1800,TURF
US-11821,08/26,1700,TURF
US-11822,03/21,2025,TURF-F
US-11823,H1,500,GRASS / SOD
US-11824,01/19,1400,TURF
ND58,13/31,2083,Turf
US-11826,08/26,2600,TURF-F
US-11827,08/26,1400,TURF
US-11828,09/27,2000,TURF
US-11830,10/28,2000,TURF
US-11830,15/33,2000,TURF
US-11831,08/26,1200,Turf
US-11832,09/27,1800,TURF
US-11832,18/36,2600,TURF
US-11834,6/24,1800,Turf
US-11835,10/28,2000,TURF
US-11838,17/35,2640,TURF
US-11840,E/W,1300,TURF
US-11841,02/20,1600,TURF
US-11841,18/36,1300,TURF
US-11842,NW/SE,1200,TURF
US-11844,N/S,1700,Turf
US-11846,N/S,1380,TURF
US-11847,17/35,2600,Turf
US-11848,H1,90,GRASS / SOD
US-11852,H1,60,CONC
US-11854,H1,33,CONC
US-11856,H1,40,GRASS / SOD
US-11857,06/24,4500,WATER
US-11857,16/34,4500,WATER
US-11858,01/19,2200,TURF
US-11862,H1,100,GRAVEL / CINDERS / CRUSHED ROCK / CORAL/SHELLS / SLAG
US-11863,H1,25,ASP
US-11864,H1,75,GRASS / SOD
44CA,9/27,1697,Dirt
US-11870,H1,100,GRS
US-11873,H1,62,WOOD
US-11876,H1,85,GRASS / SOD
US-11878,H1,75,ASPH/ CONC
US-11879,H1/H1,100,TURF
US-11883,01/19,1200,TURF
US-11884,N/S,1200,TURF-GRVL
US-11885,H1,20,PIERCED STEEL PLANKING / LANDING MATS / MEMBRANES
US-11887,H1,40,CONC
US-11888,09/27,2000,ASPH
US-11890,14/32,6800,WATER
US-11891,05/23,12100,WATER
US-11891,13/31,4200,WATER
US-11892,H1,90,ASPH/ CONC
US-11893,H1,100,ASPH/ CONC
US-11895,14/32,2500,TURF
US-11896,10/28,2000,Turf
US-11897,H1,100,ASPH/ CONC
US-11899,E/W,2400,DIRT
US-11901,H1,40,TURF
US-11902,06/24,5000,DIRT
US-11903,14/32,3100,DIRT
US-11904,08/26,2640,TURF
US-11905,NE/SW,5800,TURF
US-11906,17/35,2500,TURF
US-11907,18/36,2890,TURF
US-11908,H1,75,GRASS / SOD
US-11909,16/34,1300,TURF
US-11910,08/26,2700,TURF
US-11911,07/25,7000,ASPH
US-11913,03/21,3750,DIRT
US-11914,H1,428,ASPH/ CONC
US-11916,H1,60,GRASS / SOD
US-11917,E/W,5280,TURF-G
US-11917,N/S,2640,TURF-G
US-11918,15/33,5445,ASP
US-11918,16/34,5445,ASPH-P
US-11919,06/24,2500,GRE
IA21,18/36,2000,Turf
US-11920,08/26,2400,GRE
US-11920,15/33,4000,ASP
US-11921,09/27,4000,TURF
US-11922,08/26,2500,DIRT
US-11925,12/30,6975,CONC
US-11925,17/35,7950,CONC
US-11927,H1,20,ASPH/ CONC
MT57,7/25,2515,Turf
US-11931,9/27,4500,Soil
US-11932,E/W,2100,GRAVEL
US-11934,H1,35,CONC
US-11936,02/20,3300,DIRT
US-11937,11/29,2600,DIRT
US-11938,18/36,4000,GVL
US-11939,H1,100,ASPH/ CONC
US-11940,H1,20,CONC
US-11941,16/34,3300,GRVL-TURF
US-11943,16/34,3700,ASP
US-11944,H1,20,GRAVEL / CINDERS / CRUSHED ROCK / CORAL/SHELLS / SLAG
US-11947,18/36,1540,TURF
US-11948,10/28,2300,TURF
US-11949,09/27,1600,TURF
WA56,H1/H1,100,Turf/Dirt
US-11950,H1,60,ASPH/ CONC
US-11951,13/31,2400,GRS
US-11952,02/20,2000,TURF
US-11953,03/21,3025,ASP
US-11954,01/19,1800,TURF
US-11955,H1,65,ASPH/ CONC
US-11956,H1,150,GRASS / SOD
US-11957,04/22,2804,TURF
US-11958,E/W,2500,TURF
US-11959,16/34,1800,TURF
US-11960,12/30,1500,TURF
US-11961,06/24,2700,TURF
US-11962,15/33,1400,ASPH
US-11963,02/20,2200,TURF
US-11964,E/W,1800,TURF
US-11964,N/S,1800,ASPH-TURF
US-11965,17/35,1350,TURF
US-11966,03/21,3900,ASPH
US-11966,07L/25R,8000,ASPH
US-11966,07R/25L,8000,ASPH
US-11966,16L/34R,10000,CONC
US-11966,16R/34L,10000,CONC
US-11967,11/29,2500,CONC-G
US-11968,14/32,2156,UNK
US-11969,H1,45,GRASS / SOD
6OK3,15/33,1000,Turf
US-11970,17/35,2870,ASPH-TURF-P
US-11971,16/34,2600,TURF
US-11974,03/21,1850,TURF-DIRT
US-11974,15/33,2660,TURF-DIRT
US-11975,02/20,2000,TURF
US-11976,09/27,1200,TURF-G
US-11976,18/36,2305,TURF-G
US-11978,09/27,2800,TURF
US-11979,H1,70,ASPH/ CONC
US-11980,09/27,2095,TURF-G
US-11981,10/28,1800,TURF
US-11982,17/35,1800,TURF
US-11983,18/36,2200,TURF
US-11984,18/36,2700,TURF
US-11985,17/35,2150,TURF
US-11986,12/30,2400,TURF
US-11987,13/31,1000,TURF
US-11989,02/20,280,TURF
TE33,1/19,2564,ASP
US-11990,07/25,2000,TURF
US-11991,02/20,2100,TURF
US-11992,H1,70,NEOPRENE
US-11993,H1,45,CONC
US-11993,H2,50,CONC
US-11994,18/36,1800,TURF
US-11996,09/27,1700,TURF
US-11997,10/28,2100,TURF
US-11998,10/28,2000,TURF
US-11999,H1,33,ASPH/ CONC
US-12001,09/27,1800,TURF
US-12002,15/33,2400,TURF
US-12002,17/35,1250,TURF
US-12003,18/36,1700,TURF
US-12005,N/S,2000,TURF
US-12006,03/21,2600,TURF-G
US-12007,09/27,2500,TURF
US-12008,18/36,1000,TURF
US-12009,12/30,1500,TURF
MN46,09/27,2992,Turf
US-12010,09/27,2600,TURF
US-12011,18/36,1820,TURF
US-12012,18/36,2300,TURF
US-12014,09/27,2000,TURF
US-12015,09/27,1770,TURF
US-12016,H1,40,CONC
US-12017,09/27,2600,TURF
US-12018,09/27,2200,TURF
US-12019,16/34,3240,ASP
US-12021,17/35,2600,TURF-G
US-12022,16/34,1700,GRE
US-12022,17/35,1700,TURF-G
US-12025,16/34,2640,TURF
US-12026,17/35,2500,TURF
US-12028,17/35,2100,TURF
US-12029,17/35,4600,TURF
US-12032,17/35,1800,ASPH
US-12034,17/35,1357,TURF
US-12036,18/36,2400,TURF
US-12038,17/35,2000,ASPH
US-12039,H1,30,CONC
US-12041,16/34,2264,ASPH
US-12042,ENE/WSW,1840,DIRT
US-12043,17/35,2000,TURF
US-12044,17/35,2000,TURF
US-12045,01/19,4500,TURF-P
US-12047,H1,70,ASPH/ CONC
US-12048,08/26,2640,TURF
US-12049,16/34,1900,ASPH-P
US-12050,17/35,2800,TURF
US-12051,17/35,3375,ASP
US-12053,NE/SW,4000,ASPH
US-12054,H1,100,GRASS / SOD
US-12055,12/30,2200,TURF-GRVL
US-12056,N/S,1500,TURF
US-12057,18/36,2860,TURF
US-12058,16/34,1470,TURF
US-12060,18/36,2400,TURF
US-12064,N/S,1600,TURF
US-12066,H1,70,ASPH/ CONC
US-12067,H1,100,ASP
US-12069,07/25,500,TURF
US-12070,07/25,2500,DIRT
US-12071,12/30,2250,GRAVEL
US-12072,10/28,1900,TURF-G
US-12073,05C/23C,4200,DIRT-F
US-12073,05L/23R,4200,DIRT-F
US-12073,05R/23L,4200,DIRT-F
US-12073,14/32,2400,DIRT-E
US-12074,10/28,1800,TURF
US-12075,H1,70,ASPH/ CONC
US-12076,09/27,2000,TURF
US-12077,18/36,2110,TURF-GRVL-P
US-12078,03/21,2060,TURF
US-12079,H1,30,CONC
WA17,H1/H1,200,Turf/Dirt
US-12080,H1,360,GRASS / SOD
US-12081,H1,200,ASPH/ CONC
US-12082,N/S,1700,TURF
US-12083,06/24,1700,ASPH
US-12085,09/27,1800,TURF
US-12086,09/27,1200,TURF
US-12087,E/W,1300,TURF
US-12087,NE/SW,1800,TURF
US-12088,NE/SW,1800,TURF
US-12089,H1,35,CONC
5OK6,17/35,1200,Turf
US-12090,10/28,1500,TURF
US-12091,15/33,1095,TURF
US-12092,NW/SE,7500,WATER
US-12093,10/28,1040,GRVL-DIRT-P
US-12095,E/W,1800,TURF
US-12096,08/26,1450,TURF
US-12098,17/35,2044,TURF
US-12099,H1,60,GRASS / SOD
US-12100,05/32,1100,TURF
US-12101,H1,60,CONC
US-12102,N/S,1300,TURF
US-12103,03/21,1400,TURF
US-12104,01/19,2500,TURF
US-12104,10/28,2000,GRAVEL
US-12105,03/21,1400,TURF
US-12107,12/30,1300,TURF
US-12108,13/31,1400,TURF
US-12109,08/26,2100,TURF
US-12111,04/22,3175,TURF-G
US-12112,09/27,2400,TURF
US-12113,H1/H1,60,CON
US-12114,10/28,1800,TURF
US-12116,H1,60,GRASS / SOD
US-12119,H1,60,ASPH/ CONC
US-12120,H1,300,ASPH
US-12121,H1,30,ASPH
US-12123,H1,75,ASPH/ CONC
US-12124,17/35,700,TURF
US-12126,H1,25,CONC
US-12127,16/34,2724,ASPH-G
US-12128,06/24,2500,TURF-G
US-12129,14W/32W,15000,WATER-E
US-12131,03/21,2400,TURF-F
US-12132,04/22,1500,TURF-P
US-12133,09/27,1500,TURF
US-12136,03/21,1900,ASPH
US-12137,18/36,2300,TURF
US-12138,14/32,1400,TURF
US-12140,18/36,1740,TURF
US-12141,H1,25,CONC
US-12142,N/S,1300,TURF
US-12144,H1,25,CONC
US-12146,N/S,2525,TURF
US-12147,08/26,2250,TURF-P
US-12149,NW/SE,2500,TURF
US-12150,12/30,2300,TURF
US-12153,E/W,4500,TURF-P
US-12153,NW/SE,4500,TURF-P
US-12154,H1,700,GRASS / SOD
US-12155,11/29,3000,TURF
US-12156,N/S,2600,TURF
US-12157,N/S,1800,Turf
US-12158,14/32,1400,TURF
US-12159,13/31,1550,TURF
US-12160,01/19,2500,TURF
US-12160,18/36,2000,TURF
US-12161,18/36,630,TURF
US-12163,NE/SW,2800,TURF
US-12164,16/34,2600,Turf
US-12165,17/35,2640,GRVL-DIRT
US-12167,17/35,2000,TURF
US-12168,17/35,3000,TURF
US-12170,16/34,2000,TURF
US-12171,17/35,2400,TURF
US-12172,01/19,1800,TURF
US-12174,H1/H1,40,ASP
US-12176,N/S,1900,TURF
US-12177,N/S,2000,DIRT
US-12178,17/35,2600,TURF-DIRT
US-12179,H1,75,ASPH/ CONC
US-1218,9/27,2640,Turf
US-12180,03/21,2300,TURF
US-12181,17/35,2600,Turf
US-12183,N/S,2600,TURF
US-12184,N/S,2300,TURF
US-12185,17/35,2450,TURF-F
US-12186,14/32,2080,ASPH-F
US-12187,17/35,2790,ASPH-G
US-12188,E/W,3654,ASPH-TURF
US-12189,H1,50,GRASS / SOD
US-12190,H1,100,CONC
US-12191,H1,50,GRASS / SOD
US-12192,H1,30,CONC
US-12192,H2,30,CONC
US-12192,H3,30,CONC
US-12192,H4,30,CONC
US-12192,H5,30,CONC
US-12192,H6,30,CONC
US-12192,H7,30,CONC
US-12192,H8,30,CONC
US-12193,17/35,2600,TURF
US-12194,16/34,2500,TURF
US-12195,16/34,2300,TURF
US-12196,17/35,5000,TURF
US-12197,01/19,1960,TURF-P
US-12198,H1,58,CONC
US-12199,16/34,1900,TURF
US-12200,16/34,2500,TURF
US-12201,H1,80,ASPH/ CONC
US-12202,13/31,4000,TRTD-DIRT-P
US-12203,H1,40,CONC
US-12205,18/36,2040,CONC
US-12206,H1,68,CONC
US-12207,13/31,2000,TURF
US-12207,17/35,1375,TURF
US-12208,H1,40,CONC
US-12208,H2,40,CONC
US-12208,H3,40,CONC
US-12208,H4,40,CONC
US-12209,H1,65,CONC
US-12210,H1,52,WOOD
US-12211,N/S,1800,TURF
US-12213,14/32,1400,TURF
US-12215,17/35,4000,TURF-G
US-12216,H1,200,CONC
US-12217,H1,80,ASPH/ CONC
US-12218,H1,29,CONC
US-12219,H1,100,GRASS / SOD
US-12220,18/36,3000,TURF
US-12221,H1,20,CONC
US-12222,11/29,2500,DIRT
US-12222,13/31,3700,TURF
US-12223,18/36,2100,TURF
US-12224,H1,150,GRASS / SOD
US-12225,H1,60,CONC
US-12226,H1,20,CONC
US-12226,H2,70,CONC
US-12227,H1,30,CONC
US-12228,17/35,2700,TURF-P
US-12229,15/33,3000,TURF-G
43TS,16/34,3100,ASP/CON
US-12230,13/31,2130,TURF-G
US-12230,15/33,1750,TURF-G
US-12231,17/35,1200,TURF
US-12232,17/35,1400,TURF-P
US-12233,11/29,2650,TURF
US-12238,H1,30,CONC
US-12240,14/32,1914,TURF
US-12241,H1,44,CONC
US-12242,18/36,2500,TURF
US-12245,H1,12,CONC
US-12245,H2,12,CONC
US-12245,H3,12,CONC
US-12245,H4,12,CONC
US-12245,H5,12,CONC
US-12245,H6,12,CONC
US-12245,H7,12,CONC
US-12246,5D/23A,1100,Turf
US-12247,18/36,1500,TURF
US-12249,18/36,2000,TURF
US-12250,H1,30,CONC
US-12252,13/31,2200,Turf
US-12253,05/23,2200,TURF
US-12255,H1,200,GRAVEL / CINDERS / CRUSHED ROCK / CORAL/SHELLS / SLAG
US-12256,04/22,1400,TURF
US-12257,18/36,1400,GRVL
US-12258,17/35,4470,ASP
US-12259,H1,30,CONC
4TN6,11/29,2000,Tuef
US-12260,H1,50,CONC
US-12261,H1,50,CONC
US-12262,14/32,2150,TURF
US-12263,13/31,3935,TURF-G
US-12264,H1,20,CONC
US-12264,H2,20,CONC
US-12266,17/35,1020,TURF
US-12267,H1,30,CONC
US-12268,17/35,4500,DIRT
US-12269,H1,55,CONC
US-12270,04/22,2550,TURF-P
US-12271,17/35,2600,TURF
US-12272,15/33,1500,TURF
US-12273,17/35,2280,TURF
US-12274,11/29,2300,DIRT
US-12275,H1,30,GRASS / SOD
US-12276,17L/35R,2400,TURF
US-12276,17R/35L,2600,TURF
US-12277,H1,100,CONC
US-12278,H1,50,CONC
US-12279,H1,60,ASPH/ CONC
US-12280,16/34,1550,TURF
US-12281,H1,50,CONC
US-12281,H2,50,CONC
US-12281,H3,50,CONC
US-12281,H4,50,CONC
US-12282,04/22,2500,TURF
US-12283,17/35,1985,TURF
US-12284,H1,50,CONC
US-12285,17/35,2640,DIRT
US-12286,17/35,2800,TURF
US-12287,N/S,2000,TURF
US-12288,H1,25,GRASS / SOD
US-12289,08/26,2675,TURF
US-12289,16/34,2465,TURF
US-12290,09/27,1100,TURF
US-12290,18/36,900,TURF
US-12291,H1,100,GRASS / SOD
US-12292,17/35,2150,TURF
US-12293,17/35,4000,TURF
US-12294,17/35,3300,TURF
US-12295,18/36,2150,ASPH
US-12296,15/33,2550,TURF
US-12297,16/34,2600,TURF
US-12298,H1,40,ASPH/ CONC
US-12299,09/27,1685,TURF
US-12299,17/35,1750,TURF
US-12300,15/33,3300,ASP
US-12301,H1,40,CONC
US-12302,H1,50,CONC
US-12303,H1,50,GRASS / SOD
US-12304,H1,100,CONC
US-12305,H1,60,CONC
US-12306,N/S,2000,TURF
US-12307,H1,100,GRASS / SOD
US-12308,04/22,1800,TURF
US-12309,1/19,2150,TURF
US-1231,10W/28W,7000,Water
US-12310,H1,70,CONC
US-12313,NW/SE,3960,TURF
US-12314,18/36,4700,ASPH
US-12318,04/22,3650,TURF-DIRT-F
US-12322,H1/H1,80,TURF
US-12323,2/20,4800,Dirt
US-12324,07/25,4500,DIRT
US-12325,H1,50,CONC
US-12326,07/25,3000,GRAVEL
US-12327,01/19,3500,DIRT
US-12328,H1,100,CONC
US-12329,H1,50,CONC
US-12331,E/W,2221,TURF
US-12332,02/20,800,TURF
US-12333,06/24,2100,TURF
US-12333,15/33,1100,TURF
US-12334,15/33,3000,TURF
US-12335,H1,40,ASPH/ CONC
US-12337,18/36,900,TURF
US-12338,09/27,1800,TURF
US-12339,N/S,1400,TURF
US-12340,16/34,3575,TURF
US-12341,H1,1800,GRAVEL / CINDERS / CRUSHED ROCK / CORAL/SHELLS / SLAG
US-12345,03/21,1500,TURF
US-12346,06/24,3000,TURF
US-12347,10/28,2000,TURF-F
US-12348,09/27,1250,TURF
US-12350,H1,30,GRASS / SOD
US-12351,03/21,2000,TURF
US-12352,3/21,2600,GRS
US-12354,8/26,3600,Turf
US-12355,3/21,1900,GRS
US-12357,4/22,1850,Turf
US-12359,13/31,2100,TURF
US-12360,02/20,2300,TURF
US-12362,04/22,2000,TURF-G
US-12364,01/19,1975,TURF
US-12367,H1,53,PIERCED STEEL PLANKING / LANDING MATS / MEMBRANES
US-12372,13/31,1000,TURF
US-12373,09/27,4000,TURF
US-12375,02/20,1100,TURF
US-12377,03/21,3100,TURF-G
US-12378,03/21,2324,ASPH-G
US-12380,14/32,4600,TURF
US-12381,H1,50,ASPH/ CONC
US-12382,02/20,1000,TURF
WN22,5/23,2200,GVL
US-12384,H1,100,ASPH/ CONC
US-12385,07/25,2400,TURF
US-12386,07/25,2300,TURF-GRVL-F
US-12387,15/33,2000,TURF-DIRT
US-12388,01/19,1900,TURF
US-12389,H1,75,GRAVEL
US-12390,16/34,2050,TURF-F
US-12391,18/36,1200,TURF
1WA3,07/25,3600,ASP
US-12393,02/20,1600,TURF
US-12394,09/27,1800,TURF-F
US-12396,03/21,2780,TURF
US-12398,09/27,2500,TURF
US-12399,08/26,2000,TURF
US-12400,02/20,1900,TURF
US-12401,18/36,1100,TURF
US-12402,09/27,2000,TURF
US-12403,17/35,1350,TURF
0WI6,13/31,1550,TURF
US-12406,17/35,1600,TURF
US-12407,H1,300,ASPH/ CONC
US-12407,H2,114,ASPH/ CONC
US-12408,E/W,2800,TURF
US-12409,18/36,2600,GRS
US-12410,H1,56,CONC
US-12412,07/25,1330,TURF
US-12413,E/W,6000,WATER
US-12414,H1,16,PIERCED STEEL PLANKING / LANDING MATS / MEMBRANES
US-12416,N/S,1250,TURF
US-12417,18/36,2300,DIRT-TURF
US-12418,07/25,1380,TURF-G
US-12419,10/28,2200,TURF
SC01,13/31,3000,Turf
SC01,18/36,2400,Turf
US-12420,09/27,500,TURF-DIRT
US-12421,H1,50,CONC
US-12421,H2,200,CONC
US-12422,H1,30,GRASS / SOD
US-12423,17/35,1400,TURF-DIRT
US-12424,09/27,2400,GRVL
US-12425,13/31,1820,TURF
US-12427,09/27,2000,TURF
US-12428,09/27,2050,TURF-G
US-12429,12/30,1700,TURF
US-12430,9/27,2200,Turf
US-12431,09/27,1900,TURF
US-12432,H1,100,ASPH/ CONC
US-12433,9/27,1975,Turf
US-12434,H1,50,ASPH/ CONC
US-12435,07/25,1250,ASPH
US-12436,01/19,3195,ASPH-P
US-12438,10/28,3900,ASP
US-12439,H1/H1,16,ASPH
US-12441,13/31,2600,TURF
US-12442,H1,60,CONC
US-12443,E/W,4100,TURF-G
US-12443,N/S,1700,TURF-F
US-12444,14/32,1900,TURF
US-12445,07/25,1950,TURF
US-12446,11/29,2900,Dirt
US-12447,NE/SW,4600,GRVL
US-12449,H1/H1,100,TURF
NM23,H1/H1,282,ASP
US-12450,H1/H1,50,TURF
US-12451,H1/H1,40,CONC
US-12452,13/31,2800,TURF
US-12453,08/26,5000,CALICHE
US-12453,15/33,2500,CALICHE
US-12454,13/31,3800,ASPH-TRTD-G
US-12455,H1,30,CONC
US-12455,H2,50,CONC
US-12456,H1,20,CONC
US-12457,H1,75,CONC
US-12458,15/33,1500,TURF
US-12459,H1/H1,48,ASPH
NM39,H1/H1,30,CON
US-12460,14/32,2100,TURF
US-12461,15/33,2200,TURF
US-12462,05/23,3700,ASPH
US-12462,15/33,4600,ASPH
US-12463,01/19,2110,GRAVEL
US-12464,17/35,1660,TURF
US-12465,17/35,2200,TURF
US-12466,17/35,1800,TURF
US-12467,13/31,1500,TURF
US-12468,E/W,2000,TURF
US-12468,NW/SE,2000,TURF
US-12469,14/32,2100,TURF
8OK7,17/35,2630,Turf
US-12470,02/20,2200,TURF
US-12470,09/27,2400,TURF
US-12470,H1/H1,50,CON
US-12471,15/33,3200,DIRT
US-12472,07/25,5200,ASP
US-12473,18/36,1800,ASPH
US-12474,10/28,4500,ASPH
US-12475,15/33,2400,TURF
US-12476,17/35,1800,TURF
US-12477,08/26,2500,TURF
US-12477,13/31,2500,TURF
US-12477,17/35,2500,TURF
US-12478,12/30,2500,TURF
US-12479,15/33,2300,TURF
US-12480,02/20,3519,ASPH-P
US-12481,03/21,1400,TURF-F
US-12481,15/33,2600,ASPH-F
US-12482,07/25,350,GRVL-DIRT-P
US-12490,11/29,3150,ASP
82OH,H1,35,ASP
US-12494,15/33,1600,ASP
US-12494,6/24,3948,ASP
US-12503,12/30,3794,UNK
US-12509,02/20,5000,ASP
US-12509,08/26,6000,ASP
US-12509,17/35,7000,ASP
MT13,11/29,1807,Turf
US-12517,18/36,2150,ASPH
US-12518,H1,45,PIERCED STEEL PLANKING / LANDING MATS / MEMBRANES
US-12519,07/25,4400,ASPH-G
US-12520,9/27,2156,ASP
US-12521,04/22,1300,TURF
US-12522,15/33,1850,DIRT
US-12523,09/27,1300,TURF
US-12524,08/26,3000,TURF
US-12525,01/19,2000,TURF
US-12526,12/30,1800,TURF-F
US-12527,H1,64,ASPH
US-12528,H1,80,ASPH
US-12529,16/34,2000,TURF-G
US-12530,09/27,4000,ASPH
US-12531,09/27,2800,TURF-G
US-12532,H1,50,CONC
US-12533,H1,14,CONC
US-12534,16/34,945,TURF-G
US-12535,02/20,2200,TURF-F
US-12535,18/36,2200,TURF-G
US-12536,10/28,2625,TURF
US-12537,04/22,1202,TURF-GRVL
US-12538,09/27,1200,Natural Soil
US-12539,H1,60,ASPH
US-12540,H1/H1,58,ASPH
US-12541,H1,50,TURF
US-12542,H1/H1,44,ASPH-G
US-12543,H1,500,TURF
NY93,H1/H1,50,TURF
US-12545,H1,50,TURF
US-12546,H1,45,ASPH
US-12547,H1/H1,30,WOOD
US-12548,H1,55,CONC
US-12549,H1/H1,55,CONC
MI93,13/31,3010,Asphalt/Turf
US-12550,H1,100,TURF
US-12551,01/19,850,TURF-P
US-12552,H1/H1,25,CONC
US-12553,01/19,1446,TURF
US-12554,18/36,1350,TURF
US-12555,H1/H1,30,MATS
US-12556,12/30,700,TURF
US-12557,03/21,1602,TURF
US-12558,H1,50,CONC
US-12559,H1,60,TURF
US-12560,01/19,3000,TURF
US-12561,01/19,4400,TURF
US-12562,H1,50,TURF
US-12563,18/36,2700,TURF
US-12564,H1,30,CONC
US-12565,H1,310,ASPH-CONC
US-12566,11/29,2000,GRVL
US-12567,03/21,1950,TURF
US-12567,5/23,1950,TURF
US-12568,01/19,2000,TURF
US-12569,08/26,1630,Turf
US-12569,17/35,1000,Turf
US-12570,H1,16,WOOD
US-12571,H1,200,TURF
US-12572,02/20,2500,ASPH
US-12573,13/31,800,TURF
US-12574,06/24,2200,TURF-G
US-12575,16/34,1055,DIRT
US-12576,9/27,1513,CONC
US-12577,H1,60,CONC
US-12578,H1,40,CONC-G
US-12581,11/29,1820,ASP
US-12582,16/34,2480,TURF-G
US-12583,02/20,2200,GRS
US-12586,4/22,1200,Turf
7OK4,18/36,2058,Turf
US-1262,12W/30W,4000,Water
US-1262,16/34,1400,GVL
US-1262,1W/19W,4000,Water
US-1262,7/25,1560,GVL
US-1262,8W/26W,3000,Water
US-12625,14U/32U,600,GRS
US-12630,9/27,1100,Turf
US-12640,17/35,900,Turf
US-12640,6/24,1860,Turf
MD85,15/33,4100,ASP
US-12646,9/27,2200,Turf
US-12647,08/26,4600,GRVL-P
US-12648,13/31,3800,ASP
US-12649,05/23,2999,ASP
US-12649,12/30,2244,GRS
36IA,18/36,2500,Turf
14ME,2W/20W,4000,WAT
21FD,H1,40,CON
NH91,H1,15,CONC
NH70,H1,17,CONC
US-12687,18/36,2534,Turf
US-12688,18/36,2570,Turf
US-12689,H1,50,Turf
US-12690,9/27,1205,Turf
US-12691,9/27,3157,Turf
US-12692,18/36,1002,Turf
80AR,5/23,3168,Turf
MI37,8W/26W,3662,WAT
US-12695,H1,45,CON
03FL,14/32,903,Turf
12TA,17/35,2700,Turf
19ND,H1,40,Deck
37CN,14/32,1700,Turf/Dirt
48LA,11/29,1251,Turf
49FL,H1,45,CON
66FL,H1,50,Deck
OR77,8/26,1100,Turf
NE53,17/35,3909,Turf
OK14,18/36,1304,Turf
TN09,17/35,1159,Turf
WY41,12/30,2400,Turf
7TA4,13/31,4000,ASP
2CO1,H1,56,Aluminum Rooftop
38FA,H1,35,CON
9KS3,18/36,3036,Turf
MI17,10/28,1000,Turf
5KY6,2/20,1671,Turf
ID89,1/19,1973,Turf
TA49,H1,40,CON
WI98,6W/24W,7000,WAT
0WI5,13/31,506,Turf
3IL2,H1,40,Concrete/Gravel
0MN6,18W/36W,5065,WAT
26GA,4/22,550,Turf/Dirt
CO79,H1,35,Asphalt/Concrete
MT75,H1,100,CON
ND38,13/31,1408,Turf
MT36,8/26,1852,Turf/Dirt
4TN9,11/29,3119,Turf
83NJ,H1,55,CON
MT92,8/26,1121,Turf
73LA,H1,43,CON
07TE,5/23,1153,Turf
53LA,H1,54,CON
98NH,2W/20W,2602,WAT
MI38,H1,50,ASP
OH95,1/19,2100,Turf
TE02,14/32,2264,Turf
TE35,15/33,1819,Turf/Dirt
TE54,6/24,1229,Turf
TS87,16/34,5141,Turf
TX85,H1,60,CON
US-12758,11/29,2456,Grass
17XA,14/32,1124,Dirt
1UT9,18/36,1608,Turf/Gravel
29AZ,H1,53,CON
2VA9,H1,60,CON
US-12767,E/W,2723,Grass
US-12767,N/S,2723,Grass
US-12767,NE/SW,2723,Grass
59PA,3/21,2800,ASP
4OR1,17/35,2238,Turf
2KY0,5/23,1351,Turf
3TN2,14W/32W,3000,WAT
1LA9,14/32,1535,Turf/Gravel
24CO,9/27,1330,Turf/Dirt
VA44,13W/31W,8144,WAT
VT54,H1/H1,33,Turf
WA97,7/25,1600,Turf/Dirt
71TA,11/29,4200,Turf
US-12782,,165,Asphault
KBPD,36/20,2573,Concrete
US-12784,01/19,,
US-12785,18/36,1590,Turf
VT24,H1/H1,33,Turf/Dirt
US-12790,18/36,773,Sod
US-12794,9/27,1923,Sod
US-12802,14/16,2373,Dry Lake
01WI,9/27,2400,Turf
5IL7,9/27,1918,Turf
61KS,17/35,2665,Turf
7AK0,1/19,928,Turf/Gravel
AK80,6/24,1286,Turf/Gravel
IL54,10/28,2592,Turf
MN26,4/22,1500,Turf
NE85,17/35,3400,Turf
TS31,H1,47,CON
XS17,H1,30,Concrete/Turf
US-12824,H2,60,CON
US-12825,H2,70,Asphalt/Concrete
2OR5,H1,100,CON
3TN4,4/22,3200,Turf
55FL,18/36,1029,Turf
7KY3,7/25,2266,Turf
7MO5,14/32,2600,Turf
CO32,3/21,2700,Turf
IN47,9/27,2640,Turf
MI19,H1,35,Turf
MT93,H1,40,CON
ND29,18/36,2549,Turf
TX11,H1,55,CON
0OH7,H1,12,Turf
1TN2,4/22,2500,Turf
35PN,H1,40,CON
74LA,18/36,3000,Turf
PA85,H1,60,Asphalt/Turf
VG44,14/32,2800,Turf
2AL4,3/21,1000,Turf
73FL,H1,54,CON
MN30,H1,60,Turf
XS37,H1,40,CON
2FL8,H1,300,CON
24WI,14W/32W,4000,WAT
55IL,9/27,1800,Turf
76WI,H1,42,Concrete/Dirt
MI99,H1,32,Wood
WI28,H1,35,Turf
01TA,10/28,1200,Turf
0FL5,9W/27W,3000,WAT
26AL,18/36,2068,Asphalt/Turf
2LA3,5/23,2064,Turf
29WI,06W/24W,5000,WAT
45TA,9/27,2000,Turf
46AZ,H1,54,CON
55OH,H1,50,CON
62LA,18/36,1000,Turf
63AZ,H1,43,Mats
MO36,4U/22U,466,Turf
MI95,H1,20,Turf
MO62,18/36,1182,Turf
MT85,8/26,1297,Turf
MT87,H1,40,Asphalt/Concrete
8GA0,H1,45,CON
TA88,9/27,1200,Turf/Dirt
TS28,17/35,2015,Turf
3OK1,18/36,1250,Turf
68KY,8/26,2100,Turf
8AL8,1/19,1217,Turf
37GA,H1,90,CON
53TX,H1,40,CON
65KS,H1,40,Turf
02NJ,H1,60,Aluminum
IL73,9/27,2000,Turf
US-12974,01/19,3420,ASP
US-1298,17/35,750,Dirt
07MI,H1,32,CON
0MN9,H1,40,CON
34TA,14/32,5500,Turf
3VA6,H1,50,CON
47MI,H1,36,CON
58FL,11/29,800,Turf
IL96,18/36,2450,Turf
TS77,11/29,2711,GVL
4IN2,H1,40,Turf
24MN,08W/26W,7109,WAT
MI72,H1,50,CON
MI72,HX,,
CO30,H1,44,CON
3FL4,01W/19W,4300,WAT
52IL,9/27,1600,Turf
US-12999,18/36,1296,Turf
MN36,H1,40,CON
2KY3,H1,50,CON
US-13002,09/27,784,turf
58IL,18/36,2640,Turf
9OK5,18/36,2504,Turf
3KY1,13/31,2248,Asphalt/Gravel
1TN7,18/36,1250,GRS
3TX2,18/36,3000,Turf
2TX3,H1,25,Concrete/Gravel
7TX3,H1,32,CON
70IL,18/36,2500,Turf
21OK,H1,15,CON
63TS,18/36,1823,Turf
8VA2,H1,50,ASP
2IL8,12/30,1600,Turf
US-13017,H1,40,CON
8IL7,18/36,1675,Turf
18XS,04/22,3240,Caliche
1IN2,18/36,2500,GRS
3LA2,H1,42,CON
68LA,H1,42,CON
2ID9,H1,65,ASP
37PA,H1,40,Aluminum
33MT,01/19,1515,Turf/Dirt
66TS,12/30,2200,Turf
51IL,09/27,2721,Turf
3IL0,H1,40,Turf
26XA,01/19,1902,Turf-Dirt
TX54,H1/-,40,CON
US-1483,H2,45,ASP/CON
US-1504,1/19,1571,Turf
US-1504,15/33,2268,Turf
MT40,13/31,1600,Turf
MT40,3/21,2350,Turf
MT40,9/27,1300,Turf
TF9,8/26,2500,Dirt
US-1586,6/24,4137,Dirt
US-1593,E/W,5280,Water
US-1593,SE/NW,5280,Water
89CA,4/22,3353,ASP
US-1645,18/36,5000,ASP
US-1673,H1/H1,40,CON
US-1698,H1/H1,57,Turf
81AR,17/35,1700,Turf
US-1705,H1,40,CON
US-1729,H1,40,ASP
US-1747,12/30,,
US-1748,17/35,3250,Turf
85AZ,H1,40,CON
85AZ,H1,40,CON
85AZ,H1,40,CON
85AZ,H1,40,CON
94FA,9/27,5195,Turf
46TS,H1,60,CON
TT68,04/22,3222,Caliche
US-1908,9/27,2200,Turf
19ME,9/27,3437,Asphalt/Gravel
US-1925,H1,40,CON
US-1941,18/36,2700,GRVL
30PA,10/28,1169,Turf
K0IN,10W/28W,2675,Water
50KS,18/36,1050,Turf
US-2001,H1,40,Mats
US-2036,H1,100,TURF
7NY8,9/27,1400,Turf
39AL,H1,40,CON
US-20NJ,H1/H1,45,CONC-G
US-20NJ,H2/H2,45,CONC-G
TS80,13/31,4802,ASP
TT91,17/35,3487,ASP
US-2290,06/24,2524,Concrete
AL03,01/19,2002,TURF-G
AL03,1/19,2002,Turf
AL03,7/25,1104,Turf
US-2402,07/25,2300,GRVL
TX65,12/30,4100,ASP
68KS,11/29,1900,Turf
US-2569,18/36,2000,dirt
TA54,16/34,3424,Dirt
TA54,9/27,1639,Dirt
61ME,H1,45,ASP
CA93,H1,65,Rooftop Aluminum
US-2801,14/32,1000,Asphalt
US-2825,H1,900,Turf
9AK9,08/26,1900,Turf
06AN,18/36,1083,Dirt/Gravel
AK07,18/36,2000,Turf/Gravel
US-2924,15/33,2070,Turf
US-2941,16/34,4000,Dirt
US-2977,18/36,2995,Turf
6TS2,17/35,1900,Turf
US-2FA7,09/27,660,GRASS / SOD
US-3037,16/34,6606,ASP
25TE,H1/-,65,CON
35TE,18/36,2008,Turf
US-3057,H2,63,CON
TX84,H1,65,CON
US-3131,H1,40,CON
12UT,15/33,2004,Dirt
US-3194,H1,50,CON
05HI,H1,40,Turf/Dirt
US-3224,9W/27W,3000,Water
US-3250,18/36,2322,Turf
US-3264,H1,35,CON
US-3269,1/19,2000,Turf
23MI,16/34,1200,Turf
4MI0,H1/-,50,CON
4MN8,H1/-,48,CON
OR76,8/26,1203,Turf
OR82,7/25,2096,Turf
TN99,9/27,2990,Turf
US-3333,H1,54,CON
TT59,H1,45,CON
21TE,H1,45,CON
US-3347,H1,60,CON
14FD,H1/-,36,ASP
76PA,H1/-,45,CON
7MO6,H1/-,40,CON
IA12,10/28,2658,GRS
IA39,H1/-,45,CON
US-3409,3/21,1519,Turf
45TX,H1,50,CON
US-3482,8/26,3989,Turf/Dirt
US-3501,,,
CL73,H1,100,ASP
US-3664,H1,45,CON
36WA,13/31,1780,TURF
US-3747,9I/9E,40,CON
0WA3,H1/-,40,CON
55KY,H1/-,42,CON
68OR,H1/-,40,CON
70MO,18/36,1675,GRS
70MO,9/27,1550,GRS
US-3783,18/36,2550,Turf
89KY,21/-,78,Concrete/Gravel
LS08,16/34,3491,Turf
MI77,H1/-,200,Turf
OK16,1/19,3100,Turf
9VA6,18/36,2200,Turf
US-3801,18/36,2624,Grass
TA40,H1,40,CON
US-3918,H1,48,Roof/Top
US-3921,H1/090,40,Asphalt/Coccrete
59AL,H1,40,CON
US-3956,H1,30,CON
US-3961,15/33,4108,asphalt
US-3961,H/H,98,asphalt
35NY,H1/-,20,Concrete/Turf
3T9,08/26,5500,ASPH-G
1MI1,H1/-,135,Turf
US-4025,9/27,3430,Turf
US-4027,17/35,2700,turf
US-4048,4/22,3566,Turf/Dirt
US-4050,3/21,2200,GVL
US-4058,16/34,1350,Turf
US-4059,13/31,744,Turf
US-4059,16/34,718,Turf
US-4060,18/36,2100,turf
2FA3,9/27,2300,Turf
US-4185,3W/21W,4141,Water
00TA,H1/-,107,CON
11TN,2/20,1200,Turf
36NC,12/30,2007,Turf
58TE,17/35,1224,Turf
5MO7,5/23,2315,Turf
35AZ,8/26,2635,Dirt
IA38,6/24,2700,Turf
UT70,H1/-,24,CON
UT70,H2/-,24,CON
TA76,9/27,3000,Turf
MU96,H1,40,CON
US-4350,12/30,2000,TURF
UT57,H1/-,40,ASP
US-4363,H1,40,ASP
OH16,H1/-,60,CON
US-4395,H1,44,ASP
31LL,H1/-,20,CON
CL36,H1,40,CON
CO39,8/26,3800,Turf
US-4407,17/35,2200,Turf
07ID,18/36,1955,Turf
US-4426,09/27,2400,TURF
US-4437,H1,60,ASP
XS36,2/20,3085,Dirt
US-4444,H1,40,CON
58XA,9/27,2272,Turf/Dirt
MN99,H1,50,ASP
8KY3,7/25,1800,Turf
MO52,H1,40,CON
TX49,17/35,3000,Turf
TS51,H1,40,CON
90PN,H1,60,ASP
50NM,H1,54,CON
7TE8,18/36,2758,ASP
33PN,H1,65,ASP
92TX,H1,55,Turf
8TA7,H1,45,CON
1TX1,H1,55,CON
IS18,H1,100,Turf
ID15,H1,40,Turf
28GA,H1,40,CON
24IN,2/20,3200,Turf
23JY,17/35,3250,Turf
6MN7,18/36,1562,Turf
47MO,H1,40,CON/GVL
2OH7,18/36,1208,Turf
US-4498,H1,40,CON
NV03,H1,60,CON
80KS,18/36,1700,Turf
AL04,2/20,2533,Turf
IA15,H1,40,CON
IA68,18/36,3500,Turf
MO15,18/36,1204,Turf
NC78,H1,60,CON
NY78,4/22,1444,Turf
US-4618,5/23,3000,Asphalt/Turf
90MS,18/36,2900,CON
US-4741,3/21,3800,Turf
US-4753,10/28,4000,Turf
VA20,3/21,1200,GRS
2CO2,03/21,2700,Dirt
IA42,9/27,2812,GRS
51CO,H1,44,CON
IL09,H1,54,CON
IA06,H1,40,CON
2LL3,18/36,1665,Turf
US-4783,H1,450,Turf
21IN,6/24,1600,GRS
6TX1,17/35,1900,Turf
49MI,11/29,1040,Turf
36MI,H1,43,CON
MA62,H1,46,Asphalt/treated
0KY6,H1,40,CON
US-4842,18W/36W,7920,Water
US-4842,5W/23W,6440,Water
1KS5,H1,54,CON
7FL3,12W/30W,5264,Water
NM18,8/26,2400,Dirt
NM54,12/30,5397,Turf/Dirt
NY41,9/27,1632,Turf
30XS,H1,40,CON
TN51,6/24,1700,Turf
VA65,8/26,971,Turf
IL97,9/27,1935,Turf
17KS,18/36,2550,Turf
53IL,18/36,1600,CON
LA58,H1,59,Mats
5IL4,H1,100,CON
US-4868,18/36,840,Turf
US-4868,9/27,320,Turf
5KY9,H1,42,CON
US-4872,H1,40,CON
US-4888,H1,40,CON
9KY6,H1,50,CON
6WI6,18/36,2108,Turf
7NC8,H1,50,Turf
14MT,17/35,3490,Turf
14MT,8/26,2550,Turf
6TX2,16/34,5998,ASP
US-4951,17/35,1200,GRS
US-4957,H1,40,ASP
TS46,17/35,1485,Turf
0TA8,16/34,1270,Turf
0CA1,H1,54,CON
7CO5,H1,63,CON
CO23,9/27,1200,Turf
75GA,10W/28W,6000,Water
7IL6,H1,44,CON
GA42,9/27,1900,ASP
FL40,9/27,3153,Turf
06WI,18/36,1500,Turf
06WI,6/24,2200,Turf
02FL,H1,40,Conc/Turf
10NY,H1,75,Asph/Conc
13FD,NW/SE,17302,Water
27AK,11/29,1700,Grvl/Dirt
5MN8,H1,45,ASP
8MI0,H1,40,CON
99MI,18/36,1100,Turf
US-4999,H1,54,Mats
US-5002,18/36,1200,Turf
TN54,6/24,1997,Turf
87LA,5/23,3200,Turf
MD59,H1,50,Turf
45XA,H1,38,CON
US-5032,H1,50,CON
US-5033,H1,42,CON
XA49,14/32,1637,Turf
43CO,9/27,2500,Dirt
CO29,12/30,2700,Turf/Dirt
IL35,H1,40,GVL
US-5119,H1,40,CON
78MO,15/33,2000,Turf
65MO,18/36,2860,
14IN,H1,60,Roof/Top
19TE,H1,50,CON
US-5166,15/33,1650,TURF
02MN,4/22,2145,Turf
19OH,H1,44,CON
1OH7,H1,43,CON
1OI7,H1,40,CON
2MI3,9/27,1854,Turf
3KS1,18/36,2200,Turf
40MO,1/19,2452,Turf
41MN,H1,50,CON
4KS4,17/35,1100,Turf
63PA,H1,55,CON
85LA,H1,44,CON
95XS,3W/21W,4495,Water
GA65,9/27,1508,Turf
IA65,H1,40,CON
ID45,15/33,2046,Turf
OR84,10/28,2764,Dirt
OR92,2/22,2756,GVL
SC05,9/27,2219,Turf
TA68,16/34,3200,Turf
XA35,H1,75,CON
MS20,18/36,4400,Turf
7MO7,1/19,2646,Turf
OK44,H1,40,CON
US-5218,H1,20,CON
21UT,17/35,1410,Dirt/Gravel
52NK,8/26,2112,Turf
K1UT,9/27,1843,DIRT-GRVL
US-5334,5/23,2476,Dirt
09UT,14/32,1830,Dirt
US-5412,H1,40,CON
NV36,H1,40,CON
OR67,7/25,851,Turf
2TX9,16/34,2655,Turf
10IN,2/20,1300,Turf
10IN,9/27,960,Turf
5KS2,18/36,2400,Turf
86KY,H1,15,Mats
89MN,H1,45,CON
IA77,18/36,2300,Turf
ID39,14/32,2540,
MU42,H1,40,CON
OR98,H1,20,Turf
1MO2,2/20,2400,ASP
NE15,18/36,2500,Turf
5TX1,2/20,1300,Turf
18IN,9/27,1017,Turf
US-5644,18/39,2617,Turf
27TX,13/31,1194,Turf
28IN,H1,35,CON
K73G,6/24,1500,Turf
2MI4,8/26,600,Turf
32IN,10/28,2033,Turf
4MI3,H1,260,Turf
5MI4,H1,70,Turf
75OH,10/28,2100,Turf
80LA,12/30,2524,Turf
AL15,H1,40,CON
WA70,H1,50,CON
US-5670,14/32,3280,GRAS
US-5670,H1,50,CON
US-5712,02/22,3800,Asphalt/dirt
3AL7,H1,30,CON
35CN,15/33,2577,Asphalt/Gravel
33MN,9/27,850,GRS
US-5805,1/19,2580,ASP
92XA,14/32,2835,CON
42ID,4/22,2955,Dirt
41GE,H1,40,CON
US-58T,13/31,3000,TURF-G
KC61,15W/33W,3000,WAT
ID76,9/27,2260,Turf/Gravel
US-5909,5/23,2000,Turf
US-5934,H1,70,ASPH
US-5988,H1,50,CON
NV56,H1,60,CON
US-6120,8/26,1500,CON
18TT,18/36,2597,Caliche
US-6150,12/30,2339,Turf
IL05,9/27,2630,Turf
LL59,H1,44,CON
OH12,9/27,2600,Turf
59TN,8/26,2000,Asphalt/Concrete
US-6259,09/27,2500,TURF
US-6259,18/36,1300,TURF
6TE4,18/36,1200,GRS
OL28,18/36,2576,Turf
MD26,H1,97,Concrete/Turf
43VA,H1,46,Roof/Top
3SD6,H1,40,Turf
9PA3,18/36,1295,GRS
96TS,1/19,2131,Turf
IA14,H1,40,Turf/Dirt
IA66,H1,25,CON
TA20,1/19,2190,ASP
TX16,18/36,1775,Turf
UT62,H1,40,CON
03VA,H1,54,CON
4WI6,H1,52,CON
2TN3,18/36,1200,Turf
25PA,H1,40,Rooftop
US-6356,18/36,3000,TURF
TX28,7/25,6300,CON
TA35,18/36,3508,ASP
US-6366,18/36,1200,Turf
43AS,17/35,2662,Turf
51AS,12/30,2929,Asphalt/Turf
26AS,10/28,2553,Turf
US-6410,14W/32W,2000,WAT
2IL4,H1,75,CON
2IL5,H1,40,Wood
3IL7,H1,35,Turf
57AK,7/25,1104,GVL
5KS4,17/35,1000,Turf
6KS1,H1,40,CON
CO91,33/33,40,CON
NE24,18/36,600,Turf
OH90,14S/32S,1000,Turf
OI85,5/23,3300,ASP
6AR5,9/27,4584,Asphalt/Turf
US-6439,18/36,2840,ASP
TS05,16/34,3466,GVL
TS90,9/27,2011,Dirt
US-6493,H1,41,ASP
OK83,H1,37,CON
39PA,H1,40,ASP
US-6540,18/36,3200,Concrete/Turf
US-6550,H1,38,CON
US-6551,17/35,1896,Turf
8MI1,H1,40,ASP
US-6553,H1,50,CON
US-6554,18/36,880,Turf
US-6572,15/33,3200,ASP
US-6573,1/19,2366,Turf
US-6582,H1,35,Turf
US-6594,17/35,3072,Turf
US-6665,18/36,1050,GRS
US-6665,9/27,850,GRS
UT40,H1,40,CON
MN71,14/32,3193,CON
TX88,12/30,2800,Turf
TX88,2/20,1725,Turf
TX88,5/23,3100,Turf
OR03,16/34,1500,Turf
US-6705,8/26,1784,Dirt
24OH,H1,35,CON
US-6772,18/36,1850,asphalt
09MN,12W/30W,5047,WAT
09MN,3W/21W,5064,WAT
CA54,H1,54,CON
21MO,2/20,2300,Turf
22NE,H1,54,CON
2IA7,15/33,1307,Turf
54MN,H1,45,CON
6IL0,9/27,1000,Turf
6IL6,6/24,2330,Turf
72XS,18/36,3000,Turf
8IL6,H1,40,Turf
AL31,H1,40,CON
MI47,3/21,2600,Turf
MO89,13/31,1158,Turf
PN39,2/20,1208,Turf
TA27,18/36,1216,Turf
TX12,1/19,3400,Turf
38IL,9/27,2500,Turf
17FD,7W/25W,4008,WAT
FD82,H1,40,CON
NC47,H1,100,CON
TX33,H1,40,CON
US-6814,06/24,1500,TURF
US-6814,09/27,1200,TURF
US-6814,18/36,3600,TURF
US-6818,12/30,1115,Gravel/Turf
US-6821,E/W,2500,Turf
US-6822,H1,33,CON
0MN5,H1,40,CON
16MN,H1,45,CON
19TS,1/19,3666,ASP
37MN,H1,40,CON
3OH2,H1,36,CON
41IL,3W/21W,3451,WAT
62TS,1/19,2111,Turf
NC35,14/32,1511,Turf
US-6834,H1,100,CON
VA63,3/21,1470,Turf
US-6836,14/32,2392,ASP
54LA,9/27,3100,Turf
US-6863,18/36,2100,Concrete/Turf
0KS3,H1,60,CON
17AZ,H1,35,CON
17AZ,H2,35,CON
20AZ,H1,36,ASP/CON
84TA,18/36,910,Turf
9NE6,13/31,2004,Turf/Dirt
9NE6,6/24,2125,Turf
IA94,18/36,2575,Turf
ID83,9/27,2535,Turf
NE73,16/34,2600,Turf
TA83,H1,35,Turf
98AA,14/32,1586,GVL
09AN,8/26,3200,Dirt/Gravel
27PN,H1,55,CON
3GA7,9/27,2974,Turf
5AR8,8/26,2460,
5FD5,H1,40,CON
6FL2,H1,50,CON
6KS6,18/36,700,Turf
98IA,H1,44,CON
9OH9,H1,50,CON
MI04,H1,40,CON
MI33,H1,30,ASP
VA59,17/35,1400,Turf
US-6985,H1,54,CON
24NR,14/32,2400,Turf
92MD,H1,65,CON
US-7037,H1,36,Turf
1GA6,18/36,4642,Turf
1GA6,6/24,2210,Turf
AL73,H1,40,CON
LA04,8/26,2730,Turf
LS46,18/36,2600,Turf
OR97,H1,34,CON
US-7092,06/24,1800,TURF
US-7092,17/35,1900,TURF
US-7092,18/36,1000,TURF
TS41,16/34,1400,Turf
08IL,18/36,2000,Turf
14MA,17W/35W,5287,WAT
70MN,16W/34W,5300,WAT
7FL2,H1,40,Concrete/Turf
CA48,H1,53,CON
FL83,9/27,1839,Turf/Dirt
MT26,11/29,1556,Turf
MT68,12/30,1007,Turf/Dirt
XS46,18/36,3291,Turf
5NY3,H1,40,CON
0FL4,H1,40,CON
40FL,5/23,1013,Turf
AZ19,8/26,2680,Dirt
54TT,H1,55,CON
US-7215,12/30,3500,Gravel/Dirt
US-7215,7/25,2000,Gravel/Dirt
70TX,H1,36,CON
NV88,14/32,3350,Asphalt/Dirt
20NV,10/28,3482,Dirt
TE61,H1,40,CON
34PA,10/28,1760,Turf
52TN,1/19,390,Turf
FL03,18/36,3200,Turf/Dirt
US-7304,H1,60,CONC
US-7305,N/S,1600,TURF
US-7306,12/30,1500,TURF
US-7308,01/19,1600,TURF
76MO,H1,40,CON
US-7317,H1,30,CONC
US-7355,H,50,ASP
US-7356,H1,40,CON
65GA,H1,50,CON
70GA,H1,16,Wood
KI26,H1,60,Concrete/Gravel
KI26,H2,100,CON
GA02,H1,40,CON
OR80,9/27,1330,Turf/Dirt
NV11,H1,50,Asphalt/Concrete
ID31,8/26,2408,Turf
OR60,9/27,1496,Turf/Dirt
TN59,H1,40,CON
TN62,H1,25,Asphalt/Concrete
WA69,H1,200,CON
XS22,15/33,1170,Turf
8GA5,4/22,1800,Turf
6IA6,1/19,2400,Turf
LS21,18/36,2500,Turf
62KT,17/35,1500,Turf
OR16,14/32,1400,Turf
57IL,H1,55,CON
LA89,1/19,4400,Turf
IN97,H1,50,Mats
23MO,16/34,1350,Turf
0MN1,H1,44,CON
US-7481,6W/24W,1869,WAT
KO48,14/32,762,Turf
US-7484,3/21,976,Turf
49NE,H1,30,CON
CO98,H1,58,Mats
MT66,7/25,2688,Turf
OR01,18/36,2342,Turf
WY08,10/28,1472,Turf
98IN,H1,40,Metal/Mats
9NC6,H1,54,CON
MN04,14W/32W,2000,WAT
34LS,H1,40,ASP
04KS,3/21,1400,Turf
04KS,9/27,2000,Turf
03WI,H1,50,Asphalt/Concrete
03WI,H1,50,Asphalt/Concrete
07WI,H1,50,Asphalt/Concrete
08WI,16/34,1021,Turf
0KS6,17/35,2400,Turf
14FA,H1,50,Turf
84IL,10/28,1600,Turf
CO94,10/28,1540,Turf
ID63,14/32,1345,Turf
MT56,7/25,2587,Turf/Dirt
NV44,H1,42,CON
NV49,H1,40,CON
TA28,18/36,2660,Turf
WI48,H1,61,Asphalt/Concrete
29TA,H1,45,CON
21TX,2/20,2500,Turf
67KY,9/27,775,Turf
85TS,H1,53,CON
ID50,1/19,723,Turf
NV28,H1,60,ASP
XA45,17/35,992,Turf
XS05,15/33,2500,Turf
04MO,H1,40,CON
20KS,3/21,1000,Turf
2WI2,H1,80,CON
32NK,H1,46,CON
92KY,13/31,1091,Turf/Dirt
IA20,18/36,1710,Turf
FA77,H1,33,Turf
NK63,H1,40,CON
NM20,8/26,705,Dirt
TE55,H1,40,CON
14MO,7/25,2600,Turf
23NE,H1,40,CON
31WI,9/27,716,Turf
6VA7,H1,40,Asphalt/Concrete
7MI5,H1,55,Asphalt/Concrete
NV29,H1,45,Asphalt/Concrete
MN20,H1,40,Asphalt/Cdncrete
NV47,2/20,4233,Dirt
NV68,9/27,3428,Dirt
MS62,17/35,3450,Turf
US-7732,5/23,5000,Dirt
13MN,H1,45,Mats
3MN1,9/27,1235,Turf
MN21,14/32,1736,Turf
29IL,18/36,2467,Turf
CO99,1/19,600,Turf/Dirt
15MO,14/32,1640,Turf
24FA,H1,40,CON
26FA,H1,55,CON
26FA,H1,55,CON
31MN,1/19,1224,Turf
4PN9,H1,40,CON
IN09,8/26,2200,Turf
FA31,H1,45,CON
PA22,H1,65,ASP
WA99,H1,55,Wood
30GA,9/27,3014,Turf
3NY9,H1,36,CON
ID97,16/34,3329,Turf/Dirt
OR26,H1,40,CON
PS35,H1,26,ASP
WI75,H1,70,CON
70CO,14/32,6000,Dirt
3PS2,4/22,2036,Turf
4WA6,H1,150,Turf
64OH,H1,45,CON
99FL,H1,50,CON
US-8026,18/36,1385,Turf
FD13,H1,40,Turf
83KS,3/21,2267,Turf
US-8085,11/29,4170,ASP
TX01,H1,40,Turf
US-8133,10/28,3195,ASP
29NY,H1,46,ASP
4PN4,H1,55,Mats
75NJ,H1,55,CON
CL18,H1,46,CON
CL88,H1,36,CON
MT34,11/29,1033,Turf
OK66,17/35,1287,Turf
TN68,13/31,1156,Turf
CO04,17/35,863,GVL
69WA,H1,50,CON
WY37,H1,40,Asphalt/Concrete
AL72,H1,54,CON
CO28,18/36,4800,Turf
MN54,H1,44,CON
4WN4,18/36,846,Turf
1WA7,H1,55,Roof/Top
30ID,4/22,1500,Turf
36NY,H1,50,ASP
26MO,15/33,533,Turf
6AL3,17/35,2760,Turf
44AR,2/20,751,GVL
4PS6,H1,36,Turf/Dirt
25TX,17/35,3000,Asphalt/Concrete
3FA2,H1,50,CON
9AL9,H1,40,CON
74XS,H1,40,ASP
75KS,7/25,1500,Turf
9AL0,H1,40,CON
TN75,5/23,2500,GVL
XA39,H1,60,CON
TA03,H1,36,CON
TA03,H2,36,CON
TA03,H3,36,CON
US-8187,H1,54,CON
82ME,2/20,3184,ASP
14OR,H1,85,Asphalt/Concrete
K55D,10/28,3090,Turf
MI03,1/19,1297,Concrete/Gravel
08IN,H1,40,CON
1MT4,8/26,1932,Turf
81TE,3/21,1500,Dirt
5AR4,18/36,2628,Turf
93OH,H1,51,CON
2SD3,18/32,1355,Turf
OL23,18/36,2169,Turf
OK61,H1,80,CON
29MD,H1,60,CON
47AR,11/29,2067,Turf
60OH,H1,48,CON
87OH,H1,44,CON
94MO,H1,40,CON
97OH,H1,56,CON
IN19,H1,80,CON
MN73,12W/30W,3298,WAT
OK90,18/36,2021,Turf
PN29,H1,42,Concrete/Gravel
PN29,H1,42,Concrete/Gravel
PN33,H1,34,CON
PS42,1/19,2300,Turf
SD25,13/31,5000,ASP
TA60,5/23,2000,Turf
TE05,18/36,3020,Turf
TE92,H1,40,Turf
9TX2,H1,40,CON
18MI,10/28,2061,Turf
2KS3,18/36,1500,Turf
30IN,9/27,2400,Turf
44MO,11/29,1326,Turf
57MO,10/28,2135,Turf
65AR,11/29,1335,Turf
6MI8,H1,80,GRS
72WI,H1,45,CON
99KY,3/21,844,Turf
MY17,9/27,2000,GVL
OK32,18/36,1739,Turf/Dirt
07TN,H1,40,CON
0KY3,H1,48,CON
00TN,3/21,1900,Turf
0KY2,H1,40,Wood
4MD5,6/24,1596,Turf
4PA9,H1,34,ASP
87KS,18/36,2400,Turf
MT63,16/34,1970,Turf
NH66,5W/23W,2100,WAT
OK56,2/20,1776,Turf
TX14,12/30,2682,Turf
11MI,H1,30,Turf
2PS6,H1,36,CON
34IN,9/27,1266,Turf
51SC,H1,45,CON
5PS4,H1,21,Concrete/Turf
AZ42,H1,36,Asphalt/Concrete
CO09,H1,840,CON
NM28,H1,43,Metal
NY58,H1,40,CON
OR48,3/21,2000,Turf/Gravel
TA77,6/24,2014,Turf/Dirt
UT99,H1,40,CON
WY45,9/27,2042,Concrete/Gravel
US-8452,3/21,5000,ASP
11GA,H1,100,Turf
15AZ,H1,54,ASP
24LA,18/36,1500,Turf
72NY,H1,40,Turf
76NJ,H1,55,CON
AL61,1/19,1900,Turf
CN10,H1,65,Mats
CT31,H1,36,ASP
FA14,H1,30,CON
US-8464,1/19,2400,Turf
MT96,8/26,326,Dirt
MT84,1/19,930,Turf
TN47,4W/22W,2989,WAT
TN81,8/26,2500,ASP
OH50,H1,44,CON
22MN,12W/30W,3200,WAT
28IA,H1,45,CON
30AZ,5/23,1295,Dirt
3VG5,6/24,1500,Turf
3FA4,H1,40,CON
4MN2,5W/23W,7252,WAT
52MO,18/36,1190,Turf
5KS3,17/35,2640,Turf
6CO5,17/35,4857,Dirt/Gravel
8MI2,H1,150,GVL
MI92,H1,40,Asphalt/Concrete
MI36,H1,75,GVL
MS92,18/36,2200,CON
PA23,H1,40,CON
PS23,H1,42,Turf
XA00,H1,36,Turf
XS89,H1,50,CON
05UT,18/36,1800,Dirt
14TA,16/34,1789,Dirt
1CA8,H1,50,CON
28IL,H1,52,CON
2KY8,H1,40,CON
3KY2,H1,60,CON
4KY0,H1,40,CON
4KY3,H1,60,Turf
71MN,H1,50,Asphalt/Concrete
7MI9,H1,25,CON
95MO,1/19,1400,Turf/Dirt
MY43,18/36,2102,Turf
OH74,8/26,164,Turf
OL04,H1,53,Roof/Top
VG31,8/28,800,Turf
83MS,18/36,2600,Turf
1AZ4,H1,42,Roof/Top
20MN,H1,40,CON
34AZ,H1,40,CON
4KY8,12/30,1229,Turf
4AR4,18/36,2551,Turf
5KY2,17/35,2602,Turf/Dirt
77VA,H1,35,Dirt
7VA5,3/21,1800,Turf
80NC,H1,100,Turf
8MN1,H1,40,CON
CA36,H1,65,Mats
CA45,H1,40,CON
TA90,8/26,2053,Turf
US-8713,6/24,2000,Turf
US-8778,H1,48,ASP
60WN,9/27,2350,Turf/Dirt
TN95,10/28,3605,Asphalt/Turf
87TN,1/19,2800,Asphalt/Concrete
03CO,9/27,2100,Dirt-Gravel
2AK7,7/25,1000,GVL
2ID7,H1,40,CON
2SD8,15/33,4100,Turf
53WA,H1,30,CON
6KY7,H1,50,CON
73TS,16/34,3139,Turf
76TX,H1,55,CON
7KS6,6/24,1350,Turf
9AL6,9/27,2480,Turf
AL47,9/27,1800,Turf
CN96,H1,76,CON
TE12,H1,40,CON
TN86,H1,40,CON
87MS,11/29,3130,ASP
11OR,17/35,2514,Turf
57PN,1/19,1798,Turf
36AZ,H1,40,CON
3FD4,H1,45,Asphalt/Concrete
42TS,18/36,2208,Turf
47CN,H1,50,Dirt
4PN8,5/23,1275,Turf
56MO,18/36,2058,Turf
78AR,18/36,2600,Turf
AL68,H1,80,CON
AL80,H1,43,CON
MT73,8/26,2000,Turf
ND32,H1,40,CON
NM61,10/28,3497,ASP
VA26,13W/31W,3363,WAT
VA34,13W/31W,3578,WAT
27CO,H1,50,ASP
US-8988,H1,50,Rooftop
21TN,H1,35,CON
2MO5,H1,44,CON
33IA,9/27,1600,Turf
5FD3,H1,35,CON
70OH,H1,44,CON
7OK7,18/36,1309,Turf/Dirt
CO61,18/36,775,Dirt
US-9000,H1,28,CON
TT23,H1,32,CON
5NK6,12/30,870,Turf
62TN,H1,40,CON
6MO8,H1,70,CON
51OH,H1,40,CON
K7S1,16/34,2350,
01TX,15/33,3025,Turf
47TN,H1,30,ASP
78VA,3/21,1563,Turf
8MO4,2/20,1640,Turf
9WN6,18/36,2503,Turf
IL46,H1,40,Turf
NR01,H1,40,CON
MI79,16W/34W,3776,WAT
NY39,16/34,3072,Turf
4VA4,12W/30W,4134,WAT
53TS,H1,50,CON
59CO,18/36,2504,Turf
6KS7,18/36,2541,Turf
7IL3,9/27,1717,Turf
75NC,13/31,1212,Turf
81FD,H1,40,CON
88OK,18/36,2000,Turf
CL48,H1,36,CON
FA07,H1,44,CON
MD96,H1,46,CON
NY75,10/28,1853,Turf
TX95,H1,50,Turf
VA33,H1,40,Turf
WV47,H1,40,CON
2MO8,9/27,1326,Turf
2NK5,7/25,605,Turf
42IN,5/23,1700,Turf/Aggregate
43CA,H1,40,Asphalt/Concrete
90AR,18/36,2450,Asphalt/Gravel
8IL3,18/36,2144,Turf
OH51,1/19,2583,Turf
PA83,H1,106,Turf
13TT,13/31,2132,ASP
38MS,12/30,2700,Turf
21OR,25I/7E,100,ASP
38AZ,36I/18E,40,CON
40OR,13/31,1030,Turf
53AZ,1/19,230,Caliche
64MN,2W/20W,6848,WAT
75CO,15/33,1761,Turf
7MN0,1W/19W,5000,WAT
93AR,H1,50,Concrete/Turf
CD05,6/24,1345,Turf/Sand
FA63,9/27,1230,Turf
PN47,H1,55,Mats
PN85,H1,30,Turf
XA28,H1,50,CON
XA81,2/20,3097,Turf
XA82,H1,50,CON
28NJ,H1,78,CONC-G
US-9326,17/35,5000,ASPH-GRVL-P
US-9329,09/27,2200,TURF
US-9331,09/27,2500,TURF
US-9332,15/33,2202,GRVL-F
US-9333,05/23,2600,ASPH-P
US-9339,H1,400,Turf
10KY,1/19,1537,Turf
1IN8,H1,82,CON
3UT7,H1,82,CON
7MD6,H1,45,Turf
US-9346,H1/H1,100,BRICK
US-9347,15/33,8002,PEM
US-9348,05/23,4884,ASP
US-9348,14/32,6308,ASP
US-9349,01/19,5000,ASP
US-9349,14/32,5000,ASP
US-9350,09/27,5399,ASP
US-9350,15/33,6002,ASP
US-9351,06/24,3800,COR
US-9352,H1/H1,40,GRASS
US-9353,16/34,3900,TURF-G
US-9354,H1,74,TURF
US-9356,08/26,2695,TURF-G
US-9357,08/26,3100,TURF-G
US-9358,H1,85,CONC-G
US-9359,09/27,1800,TURF
US-9360,H1,50,CONC
US-9362,17/35,1475,TURF-F
US-9363,09/27,2517,TURF-G
US-9364,H1,60,ASPH
US-9365,17/35,2575,TURF-F
US-9366,10/28,2750,TURF
US-9367,17/35,2640,ASPH
US-9368,07/25,4800,GRVL-DIRT
US-9369,H1,60,TURF
US-9371,09/27,500,TURF
US-9371,18/36,700,TURF
US-9372,07/25,4400,ASPH-G
US-9373,17/35,4500,TURF
US-9374,03/21,1897,TURF-P
US-9374,12/30,2500,TURF-F
US-9374,13/31,2553,TURF-P
US-9376,N/S,1900,TURF
US-9378,01/19,500,TURF
US-9380,17/35,4800,TURF
US-9381,02/20,1500,TURF
US-9381,11/29,1320,TURF
US-9382,13/31,4000,ASPH-G
US-9383,09/27,2000,TURF-G
US-9384,13/31,2375,TURF-G
US-9385,N/S,2000,GRS
US-9386,15/33,2200,TURF
US-9388,14/32,675,TURF-G
US-9388,16/34,925,TURF-G
US-9388,18/36,1130,TURF-G
US-9391,N/S,1500,TURF
US-9393,15/33,2400,ASP
US-9394,18/36,1372,TURF
US-9395,H1,400,TURF-GRVL
US-9396,09/27,3700,TURF
US-9397,18/36,2600,TURF
US-9398,N/S,2200,TURF
US-9399,H1,60,CONC
US-9400,H1,80,ASPH
US-9401,09/27,1800,TURF
US-9402,H1,30,CONC-G
US-9403,H1,40,CONC
US-9404,17/35,2200,TURF
US-9406,14/32,3950,ASPH-P
US-9407,H1,60,CONC
US-9408,H1,40,CONC
US-9410,15/33,2480,ASPH-G
US-9411,17/35,2400,TURF
US-9415,H1,40,CONC
US-9417,18/36,2244,TURF-G
US-9419,H1,67,ASPH
US-9420,NW/SE,3000,TURF-DIRT
US-9421,H1,30,CONC
US-9422,H1,30,CONC
US-9424,07/25,1800,TURF
US-9425,09/27,1500,TURF
US-9426,H1,50,CONC
US-9427,09/27,2200,TURF
US-9428,16/34,3100,ASPH
US-9430,H1,100,CONC
US-9432,09/27,3000,TURF
US-9433,H1,40,CONC
US-9435,7/25,2541,GRVL-F
US-9436,H1/H1,150,GVL
US-9438,E/W,2000,TURF
US-9439,18/36,2200,TURF
US-9440,03/21,2000,DIRT
US-9440,14/32,3250,DIRT
US-9440,16/34,2500,DIRT
US-9441,H1,50,CONC
US-9442,H1,86,CONC
US-9443,08/26,2482,asphalt
US-9444,H1,85,CONC
US-9445,12/30,2250,DIRT
US-9447,H1,113,CONC
US-9448,18/36,4200,DIRT
US-9450,14/32,2150,Turf
US-9450,18/36,2345,Turf
US-9452,09/27,2575,TURF
US-9455,18/36,2600,TURF
US-9456,09/27,1300,TURF
US-9457,09/27,2400,TURF
US-9458,06/24,3000,TURF
US-9459,18/36,1800,TURF
US-9460,E/W,2200,TURF
US-9461,H1,50,ASPH
US-9462,H1,50,TURF
US-9463,18/36,2415,TURF
US-9464,17/35,2400,Turf
US-9466,E/W,2295,TURF
US-9467,H1,35,CONC
US-9468,H1,30,CONC
US-9469,H1,80,ASPH
US-9470,12/30,2300,TURF
US-9474,H1,100,CONC
US-9476,04/22,1700,TURF-G
US-9478,H1,90,CONC
US-9479,H1,90,ASPH
US-9483,N/S,2800,TURF
US-9484,E/W,1650,TURF
US-9487,H1,50,CONC
US-9489,18/36,2700,TURF-G
US-9490,E/W,2100,TURF-G
US-9492,N/S,2000,TURF
US-9494,H1,50,ASPH
US-9495,04/22,2500,TURF
US-9496,09/27,1700,TURF
US-9497,H1,100,ASPH
US-9498,18/36,2370,TURF
US-9499,06/24,1100,TURF
US-9500,H1,30,CONC
US-9501,17/35,2000,Turf
US-9502,18/36,2400,TURF
US-9503,H1,100,ASPH
US-9504,17/35,2500,TURF-G
US-9505,09/27,1700,TURF
US-9507,04/22,1200,TURF-G
US-9508,NW/SE,1800,TURF
US-9509,H1,90,CONC
US-9510,H1,70,CONC
US-9512,17/35,2600,TURF-G
US-9513,17/35,3500,TURF-G
US-9515,12/30,2600,TURF-F
US-9516,18/36,2300,TURF-G
US-9517,N/S,2000,TURF
US-9518,07/25,2500,TURF
US-9518,14/32,1500,TURF
US-9519,H1,50,CONC
US-9519,H2,20,CONC
US-9519,H3,20,CONC
US-9520,N/S,2680,TURF
US-9521,17/35,2600,TURF
US-9522,H1,150,TURF
US-9523,H1,150,TURF
US-9525,01/19,600,TURF
US-9525,09/27,600,TURF
US-9525,13/31,600,TURF
US-9526,H1,20,CONC
US-9527,04/22,1260,TURF
US-9528,NE/SW,2250,TURF
US-9529,17/35,1800,TURF
US-9531,04/22,3900,ASPH
US-9532,H1,40,ASPH
US-9533,11/29,1000,TURF
US-9533,14/32,1000,TURF
US-9533,H1,20,CONC
US-9534,H1,26,CONC
US-9535,16/34,1000,GRVL-DIRT-P
US-9537,E/W,2300,TRTD-DIRT
US-9539,18/36,2600,TURF
US-9539,H1,40,CONC
US-9540,H1,30,CONC
US-9543,H1,50,CONC
US-9544,H1,67,CONC
US-9545,H1,75,TURF
US-9546,H1,50,ASPH
US-9547,02/20,1000,TURF
US-9548,14/32,1975,TURF
US-9549,16/34,900,TURF
US-9550,N/S,2200,TURF
US-9552,07/25,2530,TURF-F
US-9553,H1,24,CONC
US-9555,04/22,1600,TURF
US-9555,18/36,2000,TURF
US-9556,H1,50,TURF
US-9558,12/30,2500,TURF
US-9559,E/W,1600,TURF
US-9561,05/23,2225,TURF-F
US-9563,H1,180,CONC
US-9564,01/19,2800,TURF
US-9564,07/25,2600,TURF
US-9565,H1,100,ASPH
US-9566,18/36,1800,TURF
US-9567,09/27,2200,TURF
US-9569,NE/SW,3000,TURF
US-9570,12/30,1100,TURF
US-9572,08/26,5000,DIRT
US-9573,H1,300,TURF
US-9574,02/20,3350,ASPH-P
US-9575,15/33,2300,TURF
US-9576,H1,40,CONC
US-9577,18/36,2200,ASPH-TURF
US-9578,04/22,2475,ASPH-P
US-9579,NW/SE,1600,TURF
US-9580,06/24,1924,TURF-G
US-9581,N/S,2250,TURF
US-9582,H1,20,CONC
US-9583,H1,35,CONC
US-9584,07/25,2100,TURF
US-9584,09/27,2700,TURF
US-9584,18/36,1800,TURF
US-9585,H1,20,CONC
US-9586,01/19,2000,TURF
US-9586,09/27,2000,TURF
US-9587,09/27,2500,TURF
US-9588,09/27,2000,TURF
US-9589,06/24,1220,TURF-G
US-9593,H1,40,TURF
US-9594,09/27,900,TURF
US-9595,E/W,1900,TURF
US-9599,16/34,1500,TURF-F
US-9600,17/35,4000,DIRT
US-9601,16/34,2300,DIRT
US-9602,01/19,2190,TURF-G
US-9603,H1,835,CONC
US-9604,10/28,2700,TURF
US-9605,05/23,400,TURF-P
US-9605,H1,100,TURF-F
US-9606,17/35,1550,TURF
US-9607,17/35,2600,TURF
US-9608,17/35,2400,TURF
US-9609,09/27,2700,TURF
US-9611,H1,25,CONC
US-9612,H1,30,CONC
US-9613,03/21,1800,TURF
US-9615,NE/SW,1900,TURF
US-9616,H1,50,ASPH
US-9617,H1,65,ASPH
US-9618,H1,20,TURF
US-9619,18/36,2500,TURF
US-9620,H1,20,CONC
US-9620,H2,35,CONC
US-9620,H3,35,CONC
US-9620,H4,35,CONC
US-9622,H1,100,TURF
US-9623,17/35,1520,Turf
US-9625,03/21,2080,ASPH
US-9626,H1,75,ASPH
US-9627,E/W,1700,TURF
US-9627,N/S,3400,TURF
US-9628,H1,88,TURF
US-9629,H1,50,TURF
US-9630,5/23,2000,Turf
US-9631,H1,55,CONC
US-9632,01/19,3800,DIRT
US-9633,18/36,2470,Turf
US-9634,N/S,1200,TURF
US-9635,H1,20,CONC
US-9636,H1,15,CONC
US-9637,H1,100,CON
US-9638,N/S,1800,TURF
US-9639,4/22,1300,GRS
US-9640,17/35,2900,TURF
US-9641,H1,24,CONC
US-9642,17/35,3200,TURF
US-9643,H1,150,ASPH
US-9644,H1,150,CONC-TURF
US-9646,18/36,2600,ASPH
US-9648,09/27,1600,TURF
US-9650,H1,20,CONC
US-9652,H1,65,CONC
US-9653,16/34,2250,GRVL
US-9654,H1,40,TURF
US-9655,H1,71,CONC
US-9656,H1,100,ASPH
US-9657,17/35,3865,GRVL-P
US-9658,14/32,2500,ASPH-F
US-9659,11/29,1360,TURF-G
US-9660,18/36,2300,TURF
US-9663,H1,12,CONC
US-9665,H1,30,TURF
US-9667,9/27,3200,Turf
US-9668,E/W,2000,TURF
US-9669,N/S,1320,TURF
US-9670,N/S,1400,TURF
US-9671,01/19,1240,TURF
US-9671,09/27,1900,TURF
US-9673,H1,35,WOOD
US-9676,18/36,1500,TURF
US-9677,H1,300,CONC-TURF
US-9679,NE/SW,1370,TURF
US-9680,03/21,1800,TURF
US-9681,H1,51,CONC
US-9682,N/S,2000,TURF
US-9685,15/33,1800,TURF
US-9686,17/35,1150,TURF
US-9689,09/27,2100,Turf
US-9690,N/S,1600,TURF
US-9691,04/22,2750,TURF
US-9692,09/27,1320,TURF
US-9694,17/35,2400,Turf
US-9697,H1,80,CONC
US-9698,06/24,1200,TURF
US-9699,E/W,1800,TURF
US-9700,18/36,1570,GRVL
US-9701,04/22,2150,TURF
US-9702,N/S,2000,TURF
US-9703,18/36,1800,TURF
US-9704,01/19,2845,TURF
US-9705,01/19,2500,TURF
US-9706,H1,50,CONC
US-9707,17/35,1800,TURF
US-9708,06/24,2550,TURF
US-9709,09/27,2100,TURF
US-9710,17/35,2640,TURF
US-9711,H1,80,CONC
US-9713,12/30,1400,TURF
US-9714,H1,40,GRVL
US-9715,H1,60,ASPH
US-9716,09/27,2800,GRVL
US-9718,16/34,2800,TURF-F
US-9719,H1,35,CONC
US-9720,08/26,2300,TURF
US-9721,08/26,2600,DIRT
US-9724,01/19,450,TURF
US-9724,12/30,425,TURF
US-9724,16/34,475,TURF
US-9725,H1,40,CONC
US-9726,09/27,1475,TURF-G
US-9728,15/33,2400,TURF
US-9729,02/20,1400,TURF
US-9729,09W/27W,6000,WATER
US-9730,16/34,1900,Turf/Gravel
US-9731,H1,450,ASPH
US-9732,09/27,1898,TURF
US-9733,09/27,1600,TURF
US-9734,16/34,3600,GRVL
US-9736,10/28,2500,ASPH
US-9737,17/35,4000,TURF
US-9738,17/35,4700,DIRT-G
US-9739,H1,25,CONC
US-9739,H2,25,CONC
US-9741,09/27,2240,TURF
US-9743,H1,360,CONC
US-9745,07/25,1800,TURF
US-9747,18/36,2010,ASPH-F
US-9748,09/27,2283,TURF
US-9749,06/24,10560,WATER
US-9749,13/31,6580,WATER
US-9750,01/19,2000,TURF
US-9752,H1,200,ASPH-TURF
US-9753,H1,50,WOOD
US-9754,H1,46,CONC
US-9755,H1,100,TURF
US-9756,H1/H1,40,ASPH
US-9757,16/34,1500,TURF
US-9758,09/27,2800,TURF
US-9759,03/21,2500,DIRT-F
US-9760,18/36,1900,ASPH-TURF
US-9761,10/28,1800,TURF
US-9763,N/S,10000,WATER
US-9764,N/S,2300,Turf
US-9765,H1,100,TURF
US-9766,18/36,2500,TURF
US-9767,15/33,4600,ASPH
US-9768,H1,600,TURF
US-9769,09/27,2720,TURF-F
US-9770,7/25,3221,ASP
US-9771,05/23,2800,TURF-DIRT
US-9772,04/22,1800,DIRT
US-9772,08/26,1400,DIRT
US-9773,18/36,5000,TURF
US-9774,H1,100,CONC-G
US-9776,07/25,1500,TURF
US-9778,02/20,2210,ASPH-F
US-9779,H1,20,CONC
US-9780,12/30,3415,TURF-G
US-9781,H1,126,ASPH
US-9782,E/W,15000,WATER
US-9782,N/S,15000,WATER
US-9783,H1,100,TURF
US-9785,H1/H1,400,CONC
US-9787,NW/SE,1500,TURF
US-9788,10/28,2500,GRAVEL
US-9789,09/27,1600,TURF
US-9790,H1,25,CONC-G
US-9791,08/26,2650,ASPH-F
US-9792,01/19,2550,GRE
US-9793,H1,45,ASPH
US-9794,H1,40,CONC
US-9795,H1,300,TURF
US-9797,03/21,2400,TURF
US-9800,N/S,1975,TURF
US-9801,11/29,3000,TURF
US-9802,12/30,2500,TURF-G
US-9803,H1,300,TURF
US-9804,H1,100,ASPH
US-9805,H1,40,CONC-G
US-9806,18/36,2200,TURF
US-9807,E/W,2600,TURF
US-9809,E/W,1900,TURF
US-9810,14/32,1500,TURF
US-9811,13/31,2000,TURF
US-9812,03/21,1620,TURF
US-9813,16/34,900,TURF
US-9814,H1,70,TURF
US-9815,H1,75,GRVL
US-9816,15/33,1800,TURF
US-9817,H1,80,CONC
US-9818,H1,100,TURF
US-9819,09/27,1836,TURF
US-9819,15/33,2800,TURF
US-9821,H1,50,CONC
US-9822,09/27,2600,TURF
US-9823,H1,60,ASPH
US-9824,H1,20,CONC
US-9825,01/19,2500,TURF-F
US-9826,14/32,2300,TURF
US-9828,05/23,1800,TURF
US-9830,H1,100,TURF-G
US-9831,17/35,2600,TURF
US-9832,09/27,1700,ASPH
US-9833,13/31,2200,TURF
US-9834,07/25,1843,TURF-G
US-9835,NW/SE,2400,TURF
US-9836,17/35,4000,ASPH
US-9837,16/34,2500,TURF
US-9839,H1,20,ASPH-G
US-9840,14W/32W,4100,WATER-E
US-9841,06/24,1000,GRVL
US-9843,17/35,850,TURF
US-9844,18/36,2600,TURF
US-9846,H1,197,ASPH
US-9848,18/36,1650,DIRT
US-9849,H1,20,CONC
US-9851,02/20,500,DIRT
US-9851,15/33,900,DIRT
US-9852,H1,40,CONC
US-9853,H1,30,CONC
US-9854,14/32,1500,GRVL-TRTD
US-9856,H1,47,CONC-F
US-9857,H1,150,TURF
US-9859,H1,68,TURF
US-9860,15/33,2000,TURF
US-9861,01/19,3000,Turf
US-9862,17/35,1000,ASPH
US-9866,01/19,2400,TURF-G
US-9866,09/27,2600,TURF-G
US-9867,18/36,2861,TURF-G
US-9868,02/20,2500,ASPH-L
US-9869,H1,60,CONC
US-9870,03/21,4200,ASP
US-9871,09/27,1000,TURF
US-9872,E/W,2800,TURF
US-9873,18/36,1840,TURF
US-9874,06/24,2300,TURF
US-9875,16/34,2000,TURF
US-9876,09/27,1800,TURF
US-9877,18/36,1600,TURF-G
US-9878,09/27,1900,TURF
US-9879,18/36,2797,TURF-F
US-9880,17/35,2300,TURF-F
US-9881,N/S,1900,TURF
7KY7,17/35,2000,TURF
US-9884,N/S,2640,TURF
US-9886,09/27,2400,TURF
US-9887,18/36,1500,TURF
US-9888,09/27,1900,TURF
US-9889,NW/SE,5000,WATER
US-9890,01/19,2700,TURF
US-9891,N/S,1400,TURF
US-9892,09/27,1320,TURF
US-9893,H1,20,CONC
US-9894,H1,25,CONC
US-9895,H1,400,TURF
US-9896,H1,42,TURF
US-9897,01/19,15000,WATER
US-9898,07/25,1850,TURF
US-9899,H1,30,TURF
US-9907,17/35,925,TURF
US-9908,N/S,2000,TURF
US-9909,04/22,1980,TURF
US-9910,H1,50,CONC
US-9911,09/27,3000,GRVL
US-9912,18/36,2550,TURF
US-9913,10/28,2900,TURF-F
US-9915,H1,32,CONC
US-9915,H2,32,CONC
US-9915,H3,32,CONC
US-9915,H4,32,CONC
US-9916,H1,48,CONC
US-9918,17/35,1960,TURF
US-9919,06/24,3600,ASP
US-9920,H1,50,ASP
US-9921,18/36,2300,DIRT-P
US-9922,H1,80,ASPH
US-9923,18/36,2413,TURF-G
US-9924,18/36,15000,WATER
US-9925,NW/SE,1600,TURF
US-9926,18/36,1980,TURF
US-9927,12/30,1000,TURF
US-9928,17/35,1985,ASPH-TURF-F
US-9929,16/34,2030,CONC-G
US-9930,E/W,4500,DIRT
US-9931,H1,85,CONC
US-9932,NW/SE,2000,TURF
US-9933,17/35,2600,TURF
US-9934,NE/SW,1700,TURF
US-9935,05/23,2040,TURF
US-9936,17/35,2700,TURF
US-9937,08/26,4800,DIRT-F
US-9939,E/W,2100,TURF
US-9941,14/32,1100,TURF
US-9942,NW/SE,10000,WATER
US-9944,H1,100,ASPH
US-9945,18/36,1700,TURF
US-9946,H1,170,CONC-TURF
US-9947,H1,50,GRAVEL
US-9948,18/36,2300,TURF
US-9949,07/25,1600,TURF
US-9952,08/26,1890,TURF
US-9953,17/35,2000,TURF
US-9954,06/24,2300,DIRT
US-9954,11/29,1370,DIRT
US-9956,13/31,1500,TURF
US-9957,E/W,1800,Turf
US-9958,10/28,1800,TURF
US-9959,18/36,1800,TURF
US-9960,N/S,1200,TURF
US-9961,H1,50,ASPH
US-9962,03/21,5200,ASPH-P
US-9962,12/30,8560,ASPH-G
US-9963,16/34,1800,TREATED
US-9964,14/32,2300,ASPH-TURF
US-9965,18/36,2600,TURF
US-9968,10/28,1300,TURF
US-9968,18/36,2200,TURF
US-9970,17/35,1200,TURF
US-9971,01/19,3500,ASPH-DIRT
US-9972,05/23,2600,TRTD-DIRT
US-9973,09/27,2000,TURF
US-9974,17/35,1320,TURF
US-9975,E/W,1600,TURF
US-9978,H1,60,TURF
US-9979,H1,50,ASPH
US-9980,17/35,3055,TURF-F
US-9981,09/27,2390,DIRT
US-9981,10/28,2460,DIRT
US-9982,E/W,4200,ASPH-TRTD
US-9983,H1,600,TURF
US-9985,05/23,3200,ASPH-TURF
US-9986,18/36,1900,TURF
US-9987,05/23,2400,TURF
US-9988,H1/H1,75,GRS
US-9989,01/19,2600,TURF
US-9990,08/26,2000,TURF
US-9990,17/35,1450,TURF
US-9991,18/36,2300,TURF
US-9992,02/20,7500,ASPH
US-9993,14/32,4000,ASPH
US-9994,H1,120,TURF
US-9995,17/35,2500,Turf
US-9996,E/W,2400,TURF
US-9997,H1,45,CONC
US-9998,H1,20,CONC
US-9999,H1,40,CONC
US-OI05,13/31,4284,ASP
OI21,H1/H1,85,ASP
US-PA47,1/19,1430,ASP
US-SC49,H1,50,CONC
UT73,H1,42,CONC
US-UT77,H1,24,ASP
US-VA38,H1,50,CONC
VA47,H1,54,CONC
VA51,H1,70,TURF
VA53,H1,150,GRAVEL
VA74,H1,100,GRASS
USCC,09/27,10499,CON
USCG,12/30,8202,CON
USCM,36/18,10663,CON
USCV,13/31,1967,CON
USDA,04/22,8858,CON
USDB,10/28,8698,CON
USDB,10H/28H,722,ASP
USDD,04/22,8917,CON
USHH,06/24,9180,ASP
USHN,16/34,8307,CON
USHQ,16/34,7028,CONC
USHS,12/30,8202,CON
USHU,18/36,7218,CON
USII,01/19,8202,CON
USKK,03/21,7230,ASPHALT
USKK,06/24,2247,GRASS
USMM,14/32,8360,Concrete
USMU,09/27,8366,concrete
USNN,03/21,10499,ASP
USPP,03/21,10520,CON
USPT,17/35,4921,CON
USRK,17/35,8225,CON
USRN,14/32,8858,CON
USRO,01/19,8202,ASPHALT
USRR,07/25,9154,ASP
USSK,08/26,5905,CON
USSS,08L/26R,8192,ASP
USSS,08R/26L,9925,CON
USTJ,08/26,7875,Concrete
USTL,02/20,3609,CON
USTO,07/25,3938,CON
USTR,03/21,9852,PEM
USTR,12/30,8871,ASP
USUU,02/20,8530,CON
UT00,01/19,5600,DIRT-G
UT03,E/W,2200,ASPH
UT04,H1,1320,TURF-GRVL
UT05,H1,100,CONC-G
UT09,04/22,2500,TURF
UT10,17/35,5100,GRAVEL
UT11,H1,42,ASPH
UT12,H1,30,CONC
UT13,18/36,1100,GRVL-DIRT-F
UT14,H1,60,CONC
UT15,E/W,5280,GRVL
UT16,H1,60,CONC
UT17,08/26,4200,DIRT
UT19,H1,40,CONC
UT1A,08/26,9525,ASP
UT1B,13/31,5012,ASP
UTOD,16/34,6036,ASP
UT1E,01/19,5576,CON
UT1F,06/24,6600,CON
UT1G,15/33,8665,CON
UT1H,11/29,8202,CON
UT1J,12/30,5217,ASP
UT1M,02/20,7845,CON
UT1P,03/21,3900,ASP
UT1Q,04/22,9845,ASP
UT21,H1,50,ASPH/ CONC
UT21,H2,50,ASPH/ CONC
UT21,H3,50,ASPH/ CONC
UT22,H1,75,CONC
UT23,H1,80,ASPH/ CONC
UT24,03/21,4200,DIRT
UT25,16/34,4000,DIRT
UT26,12/30,3600,DIRT
UT26,16/34,2600,DIRT
UT28,17/35,4000,DIRT
UT30,17/35,8920,DIRT
UT31,H1,40,PIERCED STEEL PLANKING / LANDING MATS / MEMBRANES
UT31,H2,40,PIERCED STEEL PLANKING / LANDING MATS / MEMBRANES
UT32,H1,50,ASPH/ CONC
UT33,H1,100,CONC
UT34,H1,100,ASPH/ CONC
UT35,H1,60,CONC
UT36,H1,50,CONC
UT38,H1,250,GRASS / SOD
UT39,H1,200,GRASS / SOD
UT41,15/33,2600,DIRT
UT42,18/36,2400,GRAVEL
UT43,14/32,3500,TURF
UT44,H1/H1,25,CONC
UT45,H1/H1,100,TURF
UT46,H1/H1,75,CONC
UT47,17/35,4400,ASPH
UT49,16/34,2500,DIRT
UT51,H1/H1,40,ASPH
UT52,H1/H1,60,CONC
UT53,12/30,3690,COP
UT54,03/21,2600,DIRT
UT55,H1/H1,90,CONC
UT56,H1/H1,85,ASPH
UT58,H1/H1,50,ASPH
UT61,H1,85,CONC
UT62,H1,75,CONC
UT63,H1,70,CONC
UT64,H1,40,CONC
UT65,01/19,3500,ASP
UT67,01/19,3800,DIRT-GRVL
UT69,08/26,3900,DIRT
UT71,H1,20,CONC
UT72,H1,500,GRASS / SOD
UT74,12/30,3160,DIRT
UT75,14/32,2000,DIRT
UT78,H1,51,CONC
UT79,14/32,2200,TURF
UT80,18/36,4100,TURF-F
UT81,H1,50,CONC
UT82,18/36,4910,GRVL
UT83,13/31,4000,ASPH
UT84,H1,24,PIERCED STEEL PLANKING / LANDING MATS / MEMBRANES
UT85,H1/H1,12,DIRT
UT86,H1,75,CONC
UT87,H1/H1,60,CONC
UT89,9/27,500,Turf
UT90,4/22,917,tURF
UT92,H1,40,Concrete/Gravel
UT95,H1,50,Mats
UT97,09/27,2065,DIRT
UT97,18/36,1290,DIRT
UT98,H1,70,CONC
KUT9,17/35,5200,GRVL-G
UTAA,11/29,5907,ASP
UTAA,11L/29R,12467,CON
UTAA,11R/29L,12467,CON
UTAE,16/34,8858,ASP
UTAK,16L/34R,8202,CON
UTAK,16R/34L,11483,CON
UTAM,17L/35R,9252,CON
UTAM,17R/35L,12467,CON
UTAT,08/26,12467,CON
UTAT,09R/27L,4921,ASP
UTAV,13/31,12467,CON
UTDD,09/27,10170,ASP
UTDK,01/19,9843,ASP
UTDL,08/26,10433,ASP
UTDT,17/35,7497,ASP
UZFN,10/28,10698,ASP
UZFA,04/22,9770,CON
UZFF,18/36,9383,ASP
UZNM,04/22,4964,ASP
UZNN,07/25,1985,ASP
UZNN,15/33,9865,CON
UTNT,02/20,4930,ASP
UZNU,13/31,11065,ASP
UZSA,07/25,13123,ASPH
UZSB,01/19,9843,ASP
UZSK,16/34,9299,ASP
UZSL,07/25,8195,CON
UZSN,18/36,6098,ASP
UZSR,15/33,5000,ASP
UZSS,09/27,10187,ASP
UZST,07/25,9843,CON
UZSU,09/27,4844,ASP
UZTP,08/26,10630,CON
UZTT,08L/26R,13123,CON
UZTT,08R/26L,12812,ASP
UZTZ,07/25,3937,asphalt
MPUP,16/34,1475,concrete
UUAN,10/28,39,CON
UUBA,13/31,5577,CON
UUBC,13/31,6885,ASP
UUBI,11/29,8202,CON
XUBK,04/22,3282,CON
UUBN,03/21,2789,Ground
UUBN,16/34,1969,Ground
UUBP,16/34,7874,CON
UUBS,08/26,5249,CON
UUBW,12/30,15092,CON
UUDD,13C/31C,7776,CON
UUDD,13L/31R,12448,CON
UUDD,13R/31L,11483,CON
UUDL,05/23,9870,ASP
UUEE,06C/24C,11647,CON
UUEE,06L/24R,10499,CON
UUEE,06R/24L,12139,CON
UUEI,06/24,4642,ASP
UUEM,07/25,8202,CON
UUMI,06/24,6889,CON
UUMO,07/25,6729,CON
UUMO,H,50,ASP
UUMT,10/28,9842,
UUMU,12L/30R,9842,concrete
UUMU,12R/30L,11811,concrete
UUOB,11/29,8202,ASP
UUOB,12/30,7930,GRE
UUOD,03/21,6889,CON
UUOK,12/30,8202,CON
UUOL,15/33,7546,CON
UUOO,12/30,7546,CON
UUOO,18/36,,GRS
UUOT,14/32,6889,concrete
UUWL,02/20,66,grs
UUWW,01/19,10039,ASP
UUWW,06/24,11483,ASP
UUYH,18/36,8691,CON
UUYK,17/35,4921,CON
UUYP,16/34,5905,CON
UUYS,13/31,8202,CON
UUYV,01/19,4264,CON
UUYW,08/26,7218,CON
UUYX,15/33,4265,CON
UUYY,18/36,8203,ASP
UWGG,06/24,1640,ASP
UWGG,15/33,1969,ASP
UWGG,18L/36R,9843,ASP
UWGG,18R/36L,9203,CON
UWKB,01/19,6561,concrete
UWKD,11/29,12303,CON
UWKD,11R/29L,8196,CON
UWKE,03/21,8209,ASP
UWKE,04/22,5620,GRS
UWKG,11/29,10826,CON
UWKJ,16/34,7874,ASP
UWKS,06/24,8241,ASP
UWKS,06R/24L,4950,GRS
UWLL,03/21,12533,Concrete
UWLS,13L/31R,3280,CON
UWLW,02/20,16404,CON
UWOO,08/26,8212,CON
UWOR,01/19,1980,GRS
UWOR,07/25,9514,ASP
UWOR,07R/25L,5840,GRS
UWOR,16/34,2030,GRS
UWPP,11/29,9155,asphalt
UWPS,02/20,9186,CONC
UWSB,03/21,7710,CON
UWSG,08/26,9843,CON
UWUB,08/26,4920,CON
UWUK,01/19,6562,CON
UWUU,01/19,2215,GRE
UWUU,05/23,2380,GRE
UWUU,14/32,2115,GRE
UWUU,14L/32R,8245,CON
UWUU,14R/32L,12339,CON
UWWB,01/19,7217,CON
UWWG,02/20,11482,CON
UWWS,04/22,3938,CON
UWWW,05/23,8379,ASP
UWWW,15/33,9846,CON
SURO,06/24,2759,GRS
SURO,09/27,2789,GRS
UY-0007,01/19,2264,GRS
UY-0007,09/27,2067,GRS
UY-0008,14/32,2625,GRE
UY-0009,06/24,1591,GRS
UY-0009,11/29,1640,GRS
UY-0011,14/32,2953,GRS
SUTD,18/36,1804,GRS
SUTD,5/23,3215,GRS
SUTD,9/27,2051,GRS
UY-0023,13/31,3281,ASP
UY-0024,08/26,1968,GRS
UZ-0003,08/26,11675,CON
UZ-0135,07/25,1312,
UZ-UT73,01/19,8180,ASP
UZ-UT77,18/36,4716,ASP
VA00,03/21,2000,TURF-G
VA02,18/36,3000,TURF
VA03,H1,30,CONC
VA04,08/26,2100,TURF
VA06,09/27,2300,TURF
VA07,06/24,2500,ASPH
VA08,12/30,2600,TURF-G
VA10,05/23,1751,TURF
VA11,13/31,1700,TURF
VA12,10/28,1500,TURF
VA13,05/23,2000,TURF
VA17,06/24,2000,TURF
VA19,10/28,2200,TURF
VA1B,08/26,3128,ASP
VA1C,14/32,4887,ASP
VA1D,08/26,4665,ASP
VA1E,04/22,3900,ASP
VA1F,06/24,3540,ASP
VERW,07/25,4593,BIT
VA1H,18/36,3895,ASP
VA1J,17/35,3260,ASP
VANY,06/24,9000,ASP
VA1L,08/26,2279,ASP
VA1M,10/28,4200,ASP
VA1N,14/32,3610,BIT
VA1O,14/32,3670,ASP
VADU,05/23,5980,ASP
VADU,13/31,3555,ASP
VA21,H1,50,CONC
VA23,17/35,2900,TURF
VA24,07/25,1600,TURF
VA25,10/28,1500,TURF
VA27,01/19,2160,TURF
VA28,N/S,2250,TURF
VA29,H1,30,CONC
VA2A,11/29,3565,ASP
VA2B,11/29,5124,ASP
VAGD,05/23,7500,ASP
VA2D,08/26,3753,ASP
VA30,02/20,2300,TURF
VA31,18/36,2350,TURF
VA32,N/S,2100,TURF
VA35,H1,400,GRASS / SOD
VA39,H1,400,GRASS / SOD
VA40,H1/H1,700,TURF
VA41,11/29,1640,TURF
VA42,09/27,4100,ASP
VA44,09/27,2100,TURF
VA46,09/27,2700,GRAVEL
VA48,ALL/WAY,5000,WATER
VA50,14/32,2200,TURF
VA52,06/24,1800,ASPH
VA54,H1,100,CONC
VA55,H1,200,CONC
VA56,E/W,2000,TURF
VA57,E/W,4888,ASP
VA58,14/32,2650,TURF
VA60,B1,300,GRASS / SOD
VA61,01/19,3000,TURF
VA62,05/23,2200,TURF-G
VA66,04/22,1000,TURF
VA68,04/22,3000,TURF
VA70,H1,30,CONC
VA72,12/30,2200,TURF
VA73,09/27,3100,TURF
VA78,H1,40,CONC
VA79,N/S,3200,TURF
VA81,18/36,1400,TURF
VA82,H1,75,CONC
VA83,11/29,3039,TURF
VA84,H1,50,GRASS / SOD
VA85,18/36,2400,TURF
8VA9,2/20,2050,Turf
VA88,H1,60,CONC
VA92,08/26,1200,TURF-G
VA93,01/19,2100,TURF
VA93,16/34,1500,TURF
VA94,07/25,1600,TURF
VA96,17/35,1500,TURF
VA98,03/21,2500,TURF
VA99,N/S,2200,TURF-G
VAAH,05/23,11499,ASP
VAAK,10/28,4600,PEM
VAAU,09/27,9314,Macadam
VABB,09/27,11511,ASP
VABB,14/32,9419,ASP
VABJ,05/23,8205,ASP
VOBM,08/26,7546,MAC
VABO,04/22,8100,ASP
VABP,06/24,3420,BIT
VABP,12/30,9022,ASP
VABV,07/25,6300,ASP
VADN,03/21,5909,ASP
VADN,09/27,3282,ASP
VADS,06/24,3300,ASP
VAGN,14/32,3000,ASP
VOHB,08/26,5479,ASP
VAHS,05/23,9974,ASP
VAID,07/25,9035,Composite
VAJB,06/24,6522,ASP
VAJJ,08/26,3750,UNK
VAJL,09/27,5577,ASPH
VAJM,06/24,8242,CON
VAJM,12/30,8236,ASP
VAKE,05/23,4997,CON
VEKO,01/19,7460,ASP
VAKP,07/25,6332,ASP
VAKS,05/23,4500,ASP
VALT,05/23,7546,ASP
VAND,09/27,7546,ASP
VANP,09/27,6358,ASP
VANP,14/32,10500,ASP
VAOZ,09/27,9843,CON/ASP
VAPO,10/28,10000,ASP
VAPO,14/32,5893,ASP
VAPR,09/27,4500,ASP
VARG,05/23,6890,ASP
VARK,05/23,6040,ASP
VERP,06/24,6414,ASP
VASD,09/27,8202,Hard
VASL,15/33,6591,BIT
VASU,04/22,9530,ASP
VAUD,08/26,7484,ASP
VB02,12L/30R,1181,grass
KVBW,15/33,4034,ASPH/ CONC
VC-0001,07/25,4595,ASP
VCBI,04/22,10991,ASP
VCCA,05/23,4876,ASP
VCCB,06/24,5118,ASP
VCCC,04/22,6013,ASP
VCCG,07/25,3600,ASP
VCCJ,05/23,4593,ASP
VCCK,07/25,3142,ASP
VCCN,11/29,3200,ASP
VCCS,04/22,5925,ASP
VCCT,06/24,7850,ASP
VCCV,05/23,5060,ASP
VCCW,07/25,4000,ASP
VCRI,05/23,11483,Asphalt
VDBG,07/25,5250,ASP
VDKH,18/36,7874,CON
VDPP,05/23,9843,ASP
VDRK,18/36,3937,UNK
VDSA,05/23,11827,CONC
VDST,02/20,4248,ASP
VDSV,03/21,8202,ASP
VDSY,18/36,4800,GVL
VE-0091,SW/NE,4100,
SVKZ,16/34,3824,DIRT
VE-0219,18/36,4715,ASP
VE-0221,02L/20R,9843,Concrete
VE-0221,02R/20L,8202,Concrete
VE-0221,05L/23R,6562,Concrete
VE-0221,05R/23L,5249,Asphalt
VE-0221,12/30,6562,Asphalt
VE-0223,10/28,4860,ASP
VE-0230,04/22,2624,Asphalt
VE-0249,H1/H1,18,grass
VE-0249,H2/H2,18,grass
VE-0249,H3/H3,18,grass
VE-0251,H1/H1,51,asphalt
VE-0251,H2/H2,51,asphalt
VE-0258,09/27,1765,grass
VE-0259,08/26,5217,ground
VE-0260,16/34,1302,grass
VE-0261,13/31,1314,grass
VE-0262,12/30,2167,ground
VE-0263,10/28,4593,grass
VE-0264,09/27,1787,grass
VE-0265,07/25,1394,concrete
VE-0266,07/25,2255,ground
VE-0267,09/27,1565,grass
VE-0268,08/26,1350,grass
VE23,09/27,4010,ASP
VE24,03/21,6595,ASP
VE36,06/24,4200,ASP
VE41,11/29,3015,ASP
VE54,09/27,3000,ASP
VE62,04/22,9000,ASP
VE67,10/28,4395,ASP
VE85,13/31,3491,ASP
VE91,12/30,3980,ASP
VE96,10/28,3785,ASP
VEAN,05/23,3675,ASP
VEAT,05/23,,UNK
VEAT,18/36,7500,ASP
VEAZ,01/19,3755,ASP
VEBA,18/36,2830,asphalt
VEBD,18/36,9035,PEM
VEBG,09/27,4906,
VEBI,04/22,6000,CON
VEBK,13/31,5300,ASP
VEBN,09/27,9006,ASP
VEBS,05/23,4524,BIT
VEBS,14/32,9003,BIT
VEBU,17/35,5035,ASP
VECA,05/23,9003,ASP
VECC,01L/19R,9291,ASP
VECC,01R/19L,11919,ASP
VECO,04/22,3500,ASP
VEDB,07/25,3728,ASP
VEDG,16/34,9186,ASP
VEDH,10/28,9000,CON
VEDO,09/27,2398,paved
VEDX,17/35,9000,CON
VEDZ,07/25,3030,
VEGK,11/29,9000,PEM
VEGT,02/20,9000,ASP
VEGY,10/28,7500,ASP
VEHK,15/33,4185,ASP
VEHX,10L/28R,6000,ASP
VEHX,11R/29L,9000,PEM
VEIM,04/22,9009,ASP
VEJH,06/24,7844,CON
VEJP,16/34,3937,ASPH
VEJS,08/26,4010,ASP
VEJT,04/22,9000,CON
VEKI,11/29,10500,Asphalt
VEKM,01/19,4500,ASP
VEKR,03/21,3300,ASP
VEKU,06/24,5993,ASP
VEKW,18/36,3000,
VELP,17/35,8202,ASP
VELR,04/22,7500,PEM
VEMH,11/29,3600,
VEMN,05/23,6000,ASP
VEMR,12/30,7513,ASP
VEMZ,10/28,3990,ASP
VENP,01/19,3380,COM
VEPG,17/35,3300,
VEPH,15/33,9000,ASP
VEPI,02/20,6116,ASP
VEPT,07/25,6410,ASP
VEPU,09/27,8700,CON
VERC,13/31,8855,ASP
VERK,09/27,5987,ASP
VETJ,14/22,4500,
VETZ,05/23,9010,ASP
VEUK,03/21,3000,ASP
VOVZ,05/23,6000,ASP
VOVZ,10/28,10007,ASPHALT
VEZO,18/36,4010,ASP
VG01,18/36,2900,TURF
VG02,H1,40,GRASS / SOD
VG04,H1,64,CONC
VG05,08/26,2300,TURF-G
VG06,11/29,3000,TURF-G
VG07,14/32,1500,TURF
VG08,H1,30,CONC
VG09,09/27,5000,TURF-G
VG11,H1,30,CONC
VG12,01/19,1900,TURF-G
VG13,H1,50,GRASS / SOD
VG14,H1,40,CONC
VG15,H1,50,GRASS / SOD
VG16,17/35,1900,TURF-G
VG17,H1,98,ASPH/ CONC
VG18,05/23,2240,ASPH-F
VG19,10U/28U,1050,TURF-G
VG19,17/35,1660,TURF-G
VG20,06/24,2900,TURF-G
VG22,06/24,1750,TURF
VG24,10/28,2000,TURF
VG25,05/23,2800,TURF
VG28,N/S,2300,TURF
VG29,05/23,3100,TURF
VG30,10/28,3000,TURF
VG30,18/36,1300,TURF
VG33,02/20,3000,TURF
VG34,15/33,2375,TURF-G
VG35,H1,35,CONC
VG37,01/19,2550,TURF-G
VG39,10/28,2000,TURF
VG40,16/34,2000,GRS
VG41,H1,40,CONC
VG42,02/20,2700,TURF
VG43,13/31,1125,TURF
VG44,H1,100,GRASS / SOD
VG46,H1,40,CONC
VG47,H1,100,CONC
VG48,H1,30,CONC
VG49,H1,40,CONC
VG50,H1,50,CONC
VG51,H1,40,CONC
VG52,10/28,1800,TURF
VG53,05/23,1976,TURF
VG54,7/25,2000,Turf
VG55,03/21,3100,TURF
VG56,15/33,2000,TURF-G
VG57,04/22,2450,TURF-F
VG58,09/27,1800,Grass
VG59,H1/H1,38,ROOF-TOP
VG62,H1/H1,80,ROOF-TOP
VG63,H1/H1,132,TURF
VG64,12/30,2000,Grass
VG67,8/26,2100,Turf
VG68,H1,45,CON
VG94,H1/H1,44,ASP/CON
VGBR,17/35,5995,ASP
VGCB,17/35,6790,ASP
VGEG,05/23,9646,Concrete
VGHS,14/32,11500,PEM
VGIS,15/33,4700,CON
VGJR,16/34,8000,ASP
VGRJ,17/35,6000,ASP
VGSD,16/34,6000,ASP
VGSY,11/29,9478,ASP
VGTJ,17/35,9315,ASP
VHHH,07C/25C,12467,ASP
VHHH,07L/25R,12467,ASPH
VHHH,07R/25L,12467,ASP
VHSK,11/29,6180,ASP
VI-0001,H1,60,Wood
VI00,15/33,8202,ASP
VINL,09/27,3480,ASP
VI22,E/W,10000,WATER
VI22,N/S,4000,WATER
VI32,E/W,7000,WATER
VI40,13/31,3000,ASP
VI43,05/23,8990,ASP
VI57,10/28,10000,ASP
VI65,02/20,6004,ASP
VI66,13/31,9002,GVL
VI69,10/28,4567,BIT
VI70,11/29,3825,GRE
VI71,16/34,3068,MAC
VI73,05/23,3853,ASP
VI75,09/27,2880,ASP
VI76,08/26,4027,GRE
VI82,16/34,3285,ASP
VI88,16/34,4010,ASP
VI90,11/29,4260,ASP
VIAG,05/23,9000,CON
VIAG,12/30,5964,CON
VIAH,11/29,4882,ASPH
VEAB,06/24,4800,CON
VEAB,12/30,8110,ASP
VIAM,12L/30R,9224,ASP
VIAM,12R/30L,7952,ASP
VIAR,16/34,12000,ASP
VIAW,12/30,10500,ASP
VIAX,13/31,9039,ASP
VIBK,05/23,8960,ASP
VIBL,09/27,8990,CON
VIBR,16/34,3690,ASP
VIBT,13/31,9200,ASP
VIBW,12/30,4200,ASP
VIBY,11/29,9000,CON
VICG,11/29,12467,ASP
VECX,09/27,9000,CON
VIDD,12/30,4520,ASP
VIPG,14/32,4335,ASP
VIDN,08/26,7000,ASP
VIDP,09/27,9229,ASPH
VIDP,10/28,12500,ASPH
VIDP,11L/29R,14436,ASPH
VIDP,11R/29L,14534,ASPH
VIDX,09/27,9000,PEM
VIGG,15/33,4620,ASP
VIGR,06/24,9000,CON
VIHR,12/30,10236,ASP
VIHX,13/31,10007,PEM
VIJN,15/33,3630,ASP
VIJO,05/23,9005,PEM
VIJP,08/26,9177,PEM
VIJP,15/33,5223,ASP
VIJR,04/22,9000,CON
VIJU,18/36,6700,ASP
VIKA,10/28,3685,CON
VIKG,05/23,7060,CON
VIKO,08/26,4078,ASP
VILD,12/30,4800,ASP
VILH,06/24,500,ASP
VILH,07/25,500,ASP
VILH,07L/25R,9040,ASP
VILK,09/27,8996,PEM
VIPK,01/19,8970,ASP
VIPL,15/33,3830,ASP
VIPT,10/28,4500,ASP
VERB,09/27,5650,ASP
VISA,05/23,8987,ASP
VISM,14/32,4035,ASP
VISP,09/27,9000,CON
VISR,13/31,12090,ASP
VEST,11/29,3476,ASP
VISV,12/30,5019,ASP
VIUT,02/20,9002,CON
VIUX,18/36,9000,PEM
KVKX,06/24,2665,ASPH/ CONC
VLHS,16/34,4922,ASP
VLLB,06/24,8202,ASP
VLLN,18/36,5249,Asphalt
VLPS,15/33,7874,CON
VLPV,14/32,3090,COP
VLSK,04/22,5358,CON
VLSN,08/26,3715,ASP
VLVT,13/31,9843,ASP
VLXK,07/25,8555,ASP
SGVM,17/35,3955,CON
VMMC,16/34,10544,CON
VN-0005,04/22,1970,
VN-0010,08/26,6900,ASP
VVLT,05L/23R,13123,CON
VVLT,05R/23L,13123,CON
VN-0070,12/30,6400,ASP
VN-0072,09/27,3600,ASP
VN-0075,W/E,2297,
VNBP,15/33,3799,ASP
VNBW,10/28,9843,ASP
VNCG,10/28,3965,ASP
VNDG,16/34,2730,UNK
VNDH,09/27,5000,UNK
VNJL,09/27,2165,ASP
VNJP,09/27,3300,ASP
VNJS,06/24,2424,ASP
VNKT,02/20,10991,ASP
VNLK,06/24,1729,asphalt
VNMA,11/29,2133,ASP
VNMG,08/26,3560,grass
VNMN,17/35,2900,UNK
VNNG,08/26,4935,ASP
VNPK,04/22,4720,ASP
VNPL,02/20,2201,ASP
VNPL,H1,,CON
VNCJ,03/21,1969,ASP
VNSI,01/19,3911,ASP
VNSK,02/20,3400,UNK
VNTJ,07/25,2313,
VNTR,16/34,4000,UNK
VNVT,09/27,4937,ASP
VO26,17/35,3967,ASP
VO52,06/24,4893,ASP
VOBX,05/23,3445,ASP
VO95,09/27,7200,ASP
VOAR,06/24,13460,PEM
VOAT,04/22,4235,ASP
VOBG,09/27,10850,ASP
VOBI,12/30,3630,ASP
VOBL,09L/27R,13123,ASP
VOBL,09R/27L,13123,ASP
VOBR,02/20,6955,ASP
VOBR,08/26,6798,ASP
VOBZ,08/26,11023,ASP
VOCB,05/23,8480,ASP
VOCC,13/31,4640,ASP
VOCC,17/35,5960,ASP
VOCI,09/27,11155,ASP
VOCL,10/28,9383,ASP
VOCP,11/29,6562,ASP
VOCX,02/20,8914,CON
VODG,10L/28R,8250,CON
VODG,10R/28L,6800,ASP
VOGA,10/28,11483,ASPH
VOGB,09/27,10417,ASP
VOGO,08/26,11345,ASP
VOHK,09/27,6873,CON
VOHS,09L/27R,12162,ASP
VOHS,09R/27L,13976,ASP
VOHY,09/27,10600,ASP
VOJV,13/31,5049,Bitumen
VOKN,07/25,10007,asphalt
VOKP,10/28,6000,UNK
VOKU,10/28,6562,CON
VOMD,09/27,5990,ASP
VOMD,13/31,4603,CON
VOML,06/24,8035,CON
VOML,09/27,5300,ASP
VOMM,07/25,12001,ASP
VOMM,12/30,6708,PEM
VOMY,09/27,5709,CON
VONS,09/27,5050,ASP
VOPB,04/22,10795,ASP
VOPC,07/25,4921,ASP
VOPN,09/27,7315,ASP
VORM,01/19,2385,ASP
VORY,05/23,10384,ASP
VOSM,04/22,5925,ASP
VOSX,05/23,8255,ASP
VOTJ,07/25,5680,CON
VOTJ,14/32,4757,CON
VOTK,10/28,4434,ASP
VOTP,08/26,12500,ASP
VOTR,09/27,6115,ASP
VOTR,15/33,4776,ASP
VOTV,14/32,11148,ASP
VOTX,05/23,4965,ASP
VOTX,12/30,5965,ASP
VOWA,09/27,6000,
VOYK,09/27,7205,ASP
VQBT,14/32,3937,ASP
VQGP,11/29,4921,Asphalt
VQPR,15/33,7431,ASP
VQTY,12/30,4154,BIT
VRDA,06/24,9350,Asphalt
VRMD,11/29,3901,ASP
VRMG,10/28,12000,CON
VRMH,03/21,8087,ASP
VRMK,03/21,4003,BIT
VRMM,18/36,11155,ASP
VRMO,18/36,5905,
VRMT,16/34,4003,BIT
VRMU,10/28,6099,ASP
VRMV,09/27,5905,ASP
VT01,18/36,2000,TURF
VT03,18/36,1200,TURF
VT04,H1,84,ASPH
VT06,17/35,2500,TURF
VT08,H1,90,TURF
VT09,04/22,2000,TURF
VT10,N/S,2200,TURF
VT11,01/19,3700,TURF
VT11,10/28,2600,TURF
VT12,01/19,1800,TURF
VT13,N/S,1126,TURF
VT14,02/20,1400,TURF
VT15,02/20,2500,TURF
VT16,H1,195,ASPH
VT17,02/20,1600,TURF
VT20,NE/SW,1750,TURF
VT22,N/S,1900,TURF
VT23,01/19,2500,TURF
VT25,N/S,1730,TURF
VT26,18/36,2000,TURF
VT28,H1,85,GRASS / SOD
VT30,N/S,1050,TURF
VT31,01/19,1500,GRAVEL
VT32,H1,75,GRASS / SOD
VT34,01/19,1200,GRAVEL
VT36,H1,100,ASPH/ CONC
VT37,H1,85,GRASS / SOD
VT38,01/19,2200,TURF
VT39,NW/SE,2000,TURF
VT40,H1,195,GRAVEL / CINDERS / CRUSHED ROCK / CORAL/SHELLS / SLAG
VT42,12/30,1700,TURF
VT43,12/30,2000,TURF
VT44,16/34,2200,TURF
VT45,NE/SW,1500,TURF
VT46,03/21,2000,TURF
VT47,18/36,1800,TURF
VT50,H1,400,GRASS / SOD
VT51,H1,90,CONC
VT52,01/19,2150,TURF
VT53,02/20,960,TURF
VT53,08/26,1400,TURF
VT55,17/35,1300,TURF
VT56,01/19,1000,TURF
VT57,12/30,3000,WATER
VT58,09/27,3000,WATER
VT59,18/36,1900,TURF
VT60,02/20,1125,TURF
VT61,H1,97,ASPH/ CONC
VT62,04/22,1390,TURF-GRVL
VT63,14/32,1200,TURF
VT64,02/20,1500,TURF
VT70,H1,50,ASPH/ CONC
VT72,7/25,2105,GVL
VT73,05/23,1700,Grass
VT76,10/28,900,Turf
KVT8,01/19,3077,TURF-E
VT88,H1/H1,20,CON
VT96,H1/H1,70,CONC
VTBD,03L/21R,12139,ASP
VTBD,03R/21L,11483,ASP
VTBE,H1/H1,,concrete
VTBH,01/19,3300,ASP
VTBH,06/24,3890,ASP
VTBI,17/35,3280,ASP
VTBK,03/21,9000,CON
VTBL,05/23,4435,CON
VTBL,10/28,600,ASP
VTBL,16/34,7252,ASP
VTBO,05/23,5899,ASP
VTBP,08/26,6562,ASP
VTBP,18/36,3281,ASP
VTBS,01/19,13123,ASP
VTBS,02L/20R,13123,ASP
VTBS,02R/20L,12139,ASP
VTBT,05/23,3031,ASP
VTBU,18/36,11500,ASP
VTBV,16/34,3000,concrete
VTBW,05/23,4922,ASP
VTCC,18/36,11155,ASP
VTCH,11/29,6562,ASP
VTCI,01/19,2329,ASP
VTCL,18/36,6465,ASP
VTCN,02/20,6562,ASP
VTCP,01/19,4921,ASP
VTCS,01/19,2400,Asphalt
VTCT,03/21,9843,ASP
VTCY,16/34,,
VTPB,18/36,6890,ASP
VTPH,16/34,6890,ASP
VTPI,18/36,9843,CON
VTPL,01/19,3281,ASP
VTPM,09/27,4921,ASP
VTPN,05/23,4481,ASP
VTPO,18/36,6890,ASP
VTPP,14/32,9843,ASP
VTPT,09/27,4921,ASP
VTPY,05/23,4899,ASP
VTSA,17/35,3609,ASP
VTSB,04/22,9843,ASP
VTSC,02/20,8202,ASP
VTSE,06/24,6890,ASP
VTSF,01/19,6890,ASP
VTSG,14/32,9842,ASP
VTSH,13/31,4954,ASP
VTSK,08/26,4593,ASP
VTSM,17/35,6759,ASP
VTSN,18/36,7546,ASP
VTSP,09/27,10171,ASP
VTSR,02/20,6562,CON
VTSS,08/26,10007,ASP
VTST,08/26,6890,ASP
VTSW,13/31,1640,Grass
VTUD,12/30,10000,ASP
VTUI,05/23,8530,ASP
VTUJ,01/19,5053,ASP
VTUK,03/21,10007,ASP
VTUL,01/19,6890,ASP
VTUN,06/24,9843,CON
VTUO,04/22,6890,ASP
VTUQ,06/24,6890,ASP
VTUR,17/35,3125,ASP
VTUU,05/23,9848,ASP
VTUV,18/36,6890,ASP
VTUW,15/33,8203,ASP
VTUZ,01/19,10359,CON
VV02,09L/27R,10020,CON
VV02,09R/27L,10007,CON
VV03,05/23,8200,ASP
VVBM,09/27,9843,ASP
VVCA,14/32,10007,ASP
VVCI,07/25,10007,ASP
VVCM,09/27,4921,ASP
VVCR,02L/20R,10000,CON
VVCR,02R/20L,10000,CON
VVCS,11/29,6004,ASP
VVCT,06/24,9843,ASP
VVDB,17/35,7874,CON
VVDH,11/29,7874,CON
VVDL,09/27,10663,ASP
VVDN,17L/35R,11483,ASP
VVDN,17R/35L,10000,ASP
VVGL,02/20,6571,ASP
VVKP,07/25,7230,ASP
VVNB,11L/29R,10499,CON
VVNB,11R/29L,12466,CON
VVNS,12/30,7874,UNK
VVPB,09/27,8775,ASP
VVPC,15/33,10010,CON
VVPK,09/27,7874,ASP
VVPQ,10L/28R,10827,ASP
VVPQ,10R/28L,9843,ASP
VVPR,04/22,9990,CON
VVRG,08/26,4921,ASP
VVTH,02/20,2770,ASP
VVTH,03/21,9520,CON
VVTH,03R/21L,9300,CON
VVTS,07L/25R,10007,CON
VVTS,07R/25L,12468,CON
VVTX,13/31,10499,ASP
VVVD,03/21,11811,CON
VVVH,17/35,7875,ASP
VY02,01/19,8500,CON
VYAN,18/36,8500,CON
VYAS,03/21,10020,CON
VYBG,18/36,8500,ASP
VYBM,15/33,5502,BIT
VYBP,17/35,10024,CON
VYCI,01/19,4443,BIT
VYCZ,01/19,6500,ASP
VYDW,16/34,12013,CON
VYHH,18/36,8500,ASP
VYHL,16/34,11970,CON
VYKG,12/30,7815,ASP
VYKL,09/27,5502,BIT
VYKP,18/36,4600,BIT
VYKT,02/20,6000,ASP
VYLK,01/19,5200,BIT
VYLS,01/19,5285,BIT
VYLY,18/36,3821,BIT
VYMD,17/35,14003,CON
VYME,18/36,8795,ASP
VYMK,04/22,6100,BIT
VYMM,04/22,5260,BIT
VYMO,12/30,4498,BIT
VYMS,12/30,5000,BIT
VYMW,01/19,8530,CON
VYMY,18/36,8530,ASP
VYNP,18/36,11025,ASP
VYNS,03/21,12005,CON
VYNT,16/34,12000,CON
VYPA,03/21,4502,BIT
VYPN,06/24,4400,CON
VYPT,17/35,7002,BIT
VYPU,18/36,8530,ASP
VYPY,07/25,4502,BIT
VYST,01/19,8501,CON
VYSW,11/29,6001,BIT
VYTD,02/20,5502,BIT
VYTL,04/22,7002,BIT
VYTO,18/36,12005,ASP
VYXG,04/22,6560,CON
VYYY,03/21,11200,ASP
W00,18/36,2420,ASPH-G
W04,15/33,2700,ASPH-G
W09,01/19,3300,GRAVEL-G
W10,16/34,2470,ASPH-G
W12,11/29,3150,TURF-GRVL-F
W13,06/24,2004,ASPH-F
W16,07/25,2087,ASPH-F
KW19,03/21,2190,TURF-P
KW19,04/22,1950,TURF-F
W20,16/34,2513,ASPH-G
W23,09/27,2990,TURF-F
W23,18/36,1710,TURF-F
W24,10/28,2932,ASPH-G
W27,14/32,2245,ASPH-G
W29,11/29,2714,ASPH-G
W33,03/21,10000,WATER
W33,12/30,6000,WATER
W34,09/27,1395,TURF-G
W34,18/36,2159,TURF-G
W36,12/30,5000,WATER
W37,02/20,5500,WATER-E
W39,NE/SW,5000,WATER
W39,NW/SE,2500,WATER
W42,04/22,2200,ASPH-G
W48,16/34,2081,ASPH-E
W48,16W/34W,3000,WATER
W49,07/25,2500,WATER
W49,16/34,10000,WATER
W50,08/26,2600,ASPH-TURF-F
W52,07/25,1500,TURF-G
W52,15/33,2565,TURF-G
W55,16/34,5000,WATER
17WA,07/25,2434,TURF-F
W57,14/32,1927,TURF-G
W57,14W/32W,4000,WATER
W58,08/26,1960,TURF
W73,15/33,2700,ASPH-P
KW75,01/19,3150,ASPH-G
W87,09/27,1920,TURF-G
W87,18/36,2575,TURF-G
W88,09/27,2460,ASPH-TURF-F
WA00,05/23,2200,GRVL
WA01,N/S,3000,TURF-GRVL
WA02,H1,50,ASPH/ CONC
WA03,H1,45,TURF
WA04,15/33,1800,TURF
WA05,17/35,2500,ASPH
WA06,H1,114,CONC
WA07,16/34,1950,TURF
WA08,05/23,2600,TURF
WA09,06/24,4300,ASP
WA09,07/25,3593,ASPH-F
WA12,N/S,1400,TURF
WA13,10/28,1000,WATER
WA14,07/25,3107,ASP
WA15,07/25,2600,GRVL
WA16,14/32,1000,TURF-F
WA18,01/19,1500,TURF
WA19,H1,60,ASP
WA19,XX,60,Asphalt
WA1B,14/32,5165,ASP
WN04,17/35,2000,TURF
WA22,07/25,600,TURF
WA22,17/35,800,TURF
WA23,06/24,3500,TURF
WA23,XX/XX,,UNK
WA24,01/19,3400,COP
WA25,12/30,1515,TURF
WA26,E/W,2650,DIRT-P
WA27,H1,80,ASPH/ CONC
WA28,H1,60,ASPH/ CONC
WA29,09/27,1700,TURF
WA30,04/22,3690,TURF
WA30,12/30,2400,ASPH
WA31,H1,30,CONC
WA33,H1,36,GRASS / SOD
WA34,H1,40,CONC
WA35,12/30,1200,TURF
WA37,16/34,800,TURF
WA38,H1,40,ASPH/ CONC
WA40,H1,40,ASP
WA42,16/34,1200,TURF-F
WA43,H1,60,CONC
WAWC,13/31,3078,ASP
WA45,16/34,2500,TURF
WA46,13/31,2200,TURF-DIRT
WA49,18/36,2500,TURF
WA50,H1,36,ASPH/ CONC
WA51,H1,40,CONC
WA52,10/28,1800,TURF
WA53,H1,80,ASPH/ CONC
WA54,H1,35,CONC
WA55,H1,40,CONC
WA57,10/28,1300,TURF
WA93,NW/SE,1500,TURF
WA59,09/27,1600,ASPH
WA61,05/23,2000,TURF
WA62,N/S,2700,TURF
WA63,09/27,1200,GRASS / SOD
WA65,H1,90,ASPH/ CONC
WA66,18/36,1550,TURF
WA67,E/W,2000,ASPH-G
WA68,16/34,2400,Grass
WA71,H1,300,ASPH/ CONC
WA72,07/25,2600,TURF-DIRT-F
WA73,12/30,900,GRVL-F
WA74,NW/SE,2750,GRAVEL
WA75,H1,12,GRASS / SOD
WA77,07/25,1800,TURF-GRVL
WA78,07/25,1800,TURF
WA79,E/W,2000,TURF
WA80,17/35,1300,TURF
WA81,05/23,4000,WATER
WA81,14/32,2500,WATER
WA82,H1,45,CONC
WA83,10/28,4000,WATER
WA83,18/36,5000,WATER
WA84,09/27,2650,TURF
WA85,H1,75,ASPH/ CONC
WA86,H1,75,ASPH/ CONC
WA87,E/W,2100,ASPH
WA88,07/25,2200,TURF
WA89,H1,46,CONC
WA90,N/S,1200,TURF-GRVL
WA91,H1,50,CONC
WA92,H1,100,ASPH/ CONC
WA94,H1,70,GRASS / SOD
WA95,16/34,1800,TURF
WA96,NW/SE,2400,TURF
WA97,10/28,2600,TURF
WA98,H1,100,GRASS
WA98,XX,110,Asphalt
WAAA,03/21,10171,ASPH
WAAA,13/31,8202,ASP
WAAT,12/30,3500,
WABB,11/29,11715,ASP
WAYG,05/23,1804,Grass
WAVG,17/35,2402,ASP
WAYL,07/25,1968,ASP
WAYK,13/31,1969,ASP
WAYY,12/30,7841,ASP
WAYE,08/26,3585,
WABW,04/22,1541,GRS
WAYM,01/19,2440,GVL
WADB,13/31,5405,ASP
WADD,09/27,9790,ASP
WADE,14/32,2233,ASP
WADL,13/31,10826,Asphalt
WADS,14/32,5906,ASP
WATK,10/28,5905,ASP
WATU,15/33,5415,ASP
WADY,08/26,4593,ASP
WAEE,14/32,5875,ASP
WAEW,09/27,7880,ASP
WAFB,04/22,6562,ASP
WAFD,17/35,4593,ASP
WAFF,15/33,6781,ASP
WAFJ,05/23,6398,ASP
WAFL,11/29,4593,ASP
WAFM,02/20,3133,ASP
WAFP,03/21,3650,ASP
WAFU,12/30,6070,ASP
WAFW,03/21,6070,ASP
WAFZ,09/27,3937,ASP
WAGG,16/34,8202,ASP
WAGL,04/22,1312,
WAHI,11/29,10663,ASP
WAHL,13/31,4593,ASP
WAHP,10/28,5249,ASP
WAHU,13/31,3937,ASP
WAVB,10/28,2798,ASP
WAJC,06D/24A,1870,GRS
WAJD,10/28,,GRS
WABM,07/25,2530,ASP
WAJI,13/31,2451,ASP
WAJJ,12/30,9842,ASP
WAJK,07/25,1448,Gravel
WAJL,12/30,2016,GRS
WAVA,09/27,2615,ASP
WAJO,11/29,2854,
WAJO,error/error,,
WAUE,06/24,,Sand/Grass
WAKE,02/20,1969,ASP
WAKK,16/34,6070,ASP
WAKM,09/27,2130,GRS
WAKO,08/26,1968,ASP
WAKP,15/33,2005,ASP
WAKQ,09/27,2154,asphalt
WALE,03/21,2953,asphalt
WAGD,03/21,3773,ASPHALT
WALJ,02/20,2461,ASP
WALL,07/25,8202,ASP
WALQ,01/19,3937,ASP
WAQQ,06/24,7382,ASP
WALS,04/22,7382,ASP
WALT,08/26,4501,ASP
WAQB,04/22,3281,ASP
WAQK,07/25,5690,CON
WAEG,04/22,2460,ASP
WAMG,09/27,8202,ASP
WAMH,15/33,3597,ASP
WAMI,11/29,5249,ASP
WAEJ,18/36,2953,Coral
WAEK,18/36,2963,ASP
WAMM,18/36,8693,ASP
WAMN,18/36,4593,ASP
WAMO,02/20,4625,ASP
WAMP,13/31,6201,ASPH
WAFY,06/24,2461,concrete
WAOC,09/27,5930,ASP
WAOH,12/30,4100,ASP
WAGI,13/31,5415,ASP
WAOK,15/33,5413,ASP
WAON,06/24,4601,ASP
WAOO,10/28,8202,ASP
WAGS,13/31,6060,ASP
WAOT,12/30,1660,Gravel
WAGT,09/27,2953,ASP
WAPA,13/31,2460,Coral penetration
WAPC,10/28,,ASP
WAPD,05/23,2625,asphalt
WAEO,,3600,
WAPF,13/31,7710,ASP
WAPG,06/24,2953,ASP
WAEL,04/24,4300,asphalt
WAPI,12/30,2953,ASP
WAPK,04/22,4265,CON
WAPL,09/27,4265,CON
WAPN,11/29,5249,ASP
WAPO,09/27,2645,ASP
WAPP,04/22,8202,ASP
WAPR,15/33,2460,asphalt
WAPV,05/23,2461,ASP
WAQT,01/19,4625,ASP
WARA,17/35,8202,ASP
WARA,17L/35R,4921,ASP
WARC,08/26,2953,ASP
WARE,02/20,5594,ASP
WARI,17L/35R,8448,ASP
WARI,17R/35L,10030,ASP
WAHH,09/27,7215,ASP
WAHH,09R/27L,4385,GRS
WARP,12/30,3009,ASP
WAHQ,08/26,8530,ASP
WARR,10/28,9843,ASP
WAHS,13/31,8399,ASP
WART,12/30,5249,ASP
WASA,09/27,,GRS
WAUB,13/31,1969,ASP
WASC,12/30,3445,Turf/Grass
WASF,10/28,3415,ASP
WASI,08/26,1969,ASP
WASK,01/19,5249,ASP
WASN,18/36,4396,asphalt
WASO,02/20,4280,ASP
WAUU,17/35,6562,ASP
WASS,09/27,6070,ASP
WAST,12/30,1929,GRS
WASU,06/24,1810,Dirt/rock
WAUW,17/35,1755,GRS
WATA,08/26,3937,ASP
WATB,10/28,4588,ASP
WATC,05/23,5980,ASP
WATE,09/27,5440,ASP
WATG,09/27,4186,ASP
WATL,10/28,2953,ASP
WATM,03/21,4586,ASP
WATO,17/35,7381,ASP
WATQ,11/29,2789,Coral
WATR,03/21,5413,ASP
WATS,07/25,2577,ASP
WATT,07/25,8202,ASP
WATT,12/30,4175,GRE
WATW,02/20,2953,ASP
WAVV,15/33,7135,ASP
WAWB,04/22,5905,ASP
WAWD,04/22,6959,ASP
WAWP,18/36,6070,ASP
WAWR,08/26,5249,
WAWS,12/30,3340,ASP
WAFT,12/30,3440,ASP
WAWW,08/26,6890,ASP
WBB,05/23,2999,GRVL-G
WBGB,17/35,9006,ASP
WBGG,07/25,12402,ASP
WBGJ,04/22,4922,ASP
WBGK,15/33,4921,ASP
WBGM,10/28,3274,ASP
WBGP,16/34,1401,ASP
WBGR,02/20,9006,ASP
WBGS,13/31,9036,ASP
WBGW,01/19,2251,
WBGZ,11/29,2198,
WBKD,11/29,4498,ASP
WBKK,02/20,12402,ASP
WBKL,14/32,9006,ASP
WBKM,11/29,2198,GVL
WBKS,08/26,8202,ASP
WBKW,06/24,8800,ASP
WBMU,03/21,4921,ASP
WBSB,03/21,12000,ASP
WBTM,05/23,4912,ASP
WI00,18/36,1900,TURF
WI01,H1,50,CONC
WI03,09/27,2000,TURF-G
WI03,18/36,1300,TURF-G
WI05,03/21,1050,TURF
WI06,H1,60,CONC
WI07,09/27,3075,GRS
WI07,18/36,3400,ASP
WI08,H1,40,ASPH/ CONC
WI09,18/36,1700,GVL
WI10,NE/SW,3800,TURF
WI10,NW/SE,1400,TURF
WI11,06/24,1500,TURF
WI12,18/36,1700,GRE
WI13,18/36,1300,Grass
WI14,18/36,1950,TURF
WI15,H1,40,CONC
WI16,03/21,1800,TURF
WI18,18/36,2100,TURF-G
WI19,09/27,1850,TURF-F
WI1B,11/29,5420,ASP
WI1C,14/32,3360,ASP
WI1G,10/28,3965,ASP
WI21,08/26,2620,TURF-G
WI22,09/27,1850,GRE
WI22,10/28,2000,GRE
WI23,05/23,2010,TURF-F
WI24,03/21,1370,GRE
WI25,18/36,2790,ASPH-F
WI26,9/27,2044,Turf
WI27,15/33,1900,TURF
WI28,07/25,1750,TURF-P
WI29,18/36,2600,TURF
WI30,H1,60,ASPH/ CONC
WI31,18/36,5300,ASP
WI32,01/19,2000,GRS
WI33,18/36,2076,TURF-P
WI34,H1,60,CONC
WI35,ALL/WAY,12000,WATER
WI36,18/36,2700,ASPH
WI37,07/25,3300,TURF-P
WI38,H1,30,ASPH/ CONC
WI39,H1,60,ASPH/ CONC
WI40,05/23,2100,TURF
WI41,H1,70,CONC
WI42,08/26,2200,TURF
WI42,16/34,3000,TURF
WI43,18/36,2400,TURF
WI44,H1,39,ASPH/ CONC
WI45,H1,30,ASPH/ CONC
WI46,09/27,1407,TURF
WI47,E/W,2200,TURF
WI49,09/27,1900,TURF-F
WI50,09/27,1514,TURF
WI51,N/S,2400,TURF
WI52,9/27,1238,Turf.
WI55,01/19,1300,TURF
WI56,18/36,2000,TURF
WI57,H1,30,ASPH/ CONC
WI58,05/23,1500,TURF
WI58,09/27,1200,TURF
WI58,18/36,2000,TURF
WI59,H1,300,GRASS / SOD
WI60,E/W,1500,TURF
WI60,N/S,3000,TURF
WI63,H1,30,ASPH/ CONC
WI64,H1,60,ASPH/ CONC
WI65,04/22,1400,TURF
WI67,09/27,2500,TURF
WI68,H1,12,GRASS / SOD
WI69,N/S,1750,TURF
WI70,09/27,2800,GRVL
WI70,18/36,2200,TURF-GRVL
WI73,NW/SE,1200,TURF
WI76,17/35,1700,TURF
WI77,07/25,1200,TURF
WI78,01/19,2000,TURF
WI79,18/36,2200,TURF
WI81,N/S,1000,TURF
WI82,H1,46,ASPH/ CONC
WI83,H1,50,ASPH/ CONC
WI84,N/S,2800,TURF
WI85,H1,100,ASPH/ CONC
WI86,09/27,1600,TURF
WI87,09/27,1550,TURF-G
WI89,04/22,2300,ASPH
WI91,18/36,2300,TURF
WI92,N/S,2100,TURF
WI92,NE/SW,2600,TURF
WI93,H1,108,CONC
WI94,H1,100,ASPH/ CONC
WI95,18/36,2000,TURF
WI96,H1,40,ASPH/ CONC
WI97,18/36,2600,TURF
WI98,18/36,1350,TURF
WI99,09/27,1400,TURF
WIHJ,02/20,,GRE
WICK,13/31,,GRE
WIBB,18/36,7360,ASP
WIBD,03/21,5905,ASP
WIBJ,10/28,4265,ASP
WIBL,18/36,,ASP
WIBS,18/36,2626,ASP
WIDT,09/27,5578,ASP
WICA,14/32,9843,
WIRR,04L/22R,3600,GRE
WIRR,04R/22L,5255,ASP
WIRR,12/30,5975,ASP
WICC,11/29,7381,ASP
WICD,04/22,4131,ASP
WICM,15/33,3590,ASP
WICN,07/25,4549,ASP
WIDD,04/22,13218,ASP
WIBG,18/36,4240,ASP
WIDM,18/36,3905,ASP
WIDN,04/22,7380,ASP
WIDS,14/32,3839,ASP
WIHH,06/24,9843,ASP
WIHP,18/36,6516,ASP
WIII,06/24,9843,CONC
WIII,07L/25R,11812,CON
WIII,07R/25L,12008,CON
WIHK,09/27,,GRE
WILL,14/32,9088,ASPH
WILP,12/30,4300,Asphalt
WIMA,06/24,6070,ASP
WIMB,09/27,4445,ASP
WIME,11/29,4580,ASP
WIMK,05/23,9514,ASP
WIMM,05/23,12303,asphalt/concrete
WIMN,09/27,7875,ASP
WIMS,12/30,5655,ASP
WIMU,15/33,5358,ASP
WIKT,18/36,8202,ASP
WIOG,10/28,3272,ASP
WIOH,05/23,,GRS
WIOI,01/19,2953,Compacted sand
WIOK,17/35,4585,ASP
WIDO,18/36,8410,ASP
WIOO,15/33,7380,ASP
WIOP,10/28,3294,ASP
WIJJ,13/31,8537,ASP
WIPB,02/20,4428,ASPHALT
WIPD,15/33,3302,ASP
WIJB,13/31,4430,ASP
WIKK,16/34,7382,ASP
WIGG,13/31,7345,ASP
WIPO,03/21,6890,ASP
WIPP,11/29,8202,ASP
WIPQ,03/21,4265,PEM
WIEE,15/33,9843,ASP
WIMT,14/32,4170,ASP
WITK,09/27,3837,ASP
WITL,16/34,3675,ASP
WITN,10/28,6050,ASP
WITT,17/35,9843,ASP
WMAP,05/23,4101,GRE
WMBI,18/36,,
WMBT,02/20,3255,ASP
WMGK,08/26,6600,ASP
WMKA,04/22,9005,ASP
WMKB,18/36,8000,ASP
WMKC,10/28,7874,ASP
WMKD,18/36,9200,ASP
WMKE,16/34,4446,ASP
WMKF,03/21,517,GRE
WMKF,04/22,6205,ASP
WMKI,04/22,5900,ASP
WMKJ,16/34,12467,ASP
WMKK,14L/32R,13530,PEM
WMKK,14R/32L,13288,PEM
WMKK,15/33,12993,PEM
WMKL,03/21,12500,ASP
WMKM,03/21,7005,ASP
WMKN,04/22,11417,ASP
WMKP,04/22,10997,ASP
WMPA,04/22,2402,Asphalt
WMSA,15/33,12401,ASP
WN00,17/35,1300,TURF
WN02,H1,60,ASPH/ CONC
WN03,09/27,2500,TURF
WN05,16/34,2100,TURF
WN06,H1,90,ASPH/ CONC
WN07,15/33,2550,GRVL-TURF
WN08,06/24,1300,TURF
WN09,18/36,1650,GRE
WN10,07/25,2600,TURF
WN11,09/27,2640,TURF
WN11,13/31,1900,TURF
WN12,H1,300,CONC
WN13,02/20,1850,TURF
WN15,13/31,2500,TURF-GRVL
WN16,H1,65,CONC
WN17,08/26,1350,TURF
WN18,17/35,1900,TURF
WN19,9/27,1754,Turf
2WN2,18W/36W,5000,Water
WN20,04/22,1350,TURF
WN21,04/22,2400,TURF
WN23,07/25,1700,TURF
WN24,09/27,1200,TURF-G
WN25,H1,30,ASPH/ CONC
WN26,04/22,2200,ASPH-G
WN26,11/29,1600,ASPH-G
WN29,07/25,1961,TURF-G
WN31,04/22,1900,GRVL
WN32,H1,100,ASPH/ CONC
WN33,16/34,1800,GRVL
WN35,14/32,2000,TURF
WN36,09/27,2250,TURF
WN37,H1,100,GRASS / SOD
WN38,H1,20,CONC
WN39,09/27,2300,TURF
WN39,18/36,1300,TURF
WN40,06/24,2500,TURF
WN41,07/25,2500,ASPH/GRVL-F
WN42,07/25,2400,TURF
WN43,H1,28,ASPH/ CONC
WN44,18/36,2200,TURF
WN45,06/24,2000,ASPH-G
WN47,04/22,2600,TURF
WN48,16/34,1935,TURF
WN49,17/35,3000,TURF-G
WN50,H1,40,CONC
WN51,07/25,2000,TURF
WN52,H1,100,GRASS / SOD
WN53,15/33,3800,ASP
WN54,01/19,3800,GRS
WN55,07/25,2400,GOOD GRASS
WN56,H1,50,CONC
WN57,H1,40,GRASS / SOD
WN58,H1,100,CONC
WN59,14/32,1850,ASPH
WN61,09/27,900,GRVL-DIRT-F
WN62,H1,50,ASPH/ CONC
WN63,18/36,1500,TURF
WN64,16/34,2500,GRVL
WN65,09/27,1400,ASPH-TRTD-P
WN66,04/22,7250,WATER
WN67,H1,46,CONC
WN68,H1,60,ASPH/ CONC
WN69,H1,60,GRASS / SOD
WN71,H1,50,ASPH/ CONC
WN72,03/21,1700,TURF
WN73,H1,72,ASPH/ CONC
WN74,16/34,2000,TURF
WN75,18/36,1200,TURF
WN76,10/28,2100,TURF-DIRT
WN77,H1,60,ASPH/ CONC
WN79,H1,18,WOOD
WN80,E/W,500,TURF
WN81,H1,100,ASPH/ CONC
WN82,H1,50,CONC
WN84,H1,200,ASPH/ CONC
WN85,09/27,2000,TURF
WN86,18/36,3800,TURF
WN87,10/28,1100,TURF
WN88,16/34,2700,TURF-G
WN90,06/24,1800,TURF
WN90,06W/24W,4500,WATER
WN91,H1,50,CONC
WN92,16/34,3100,TURF-G
WN93,H1,40,CONC
WN94,H1,70,CONC
WN96,H1,12,CONC
WN97,H1,60,CONC
WN98,09/27,2800,TURF
WN99,18/36,1000,TURF
WAPS,11/29,6562,ASP
WPDB,16/34,4921,ASP
WPDL,08/26,6065,ASP
WPEC,14/32,8233,ASP
WPFL,02/20,1969,
WPOC,09/27,7218,ASP
WALA,02/20,2585,Asphalt/Grass
WAQJ,04/22,2953,ASP
WALC,04/22,3350,asphalt
WAQA,13/31,3609,ASPHALT
WALB,04/22,2381,ASP
WALB,H,60,
WALN,18/36,1444,Grass/Clay
WAQL,17/35,2620,ASP
WALW,10/28,2297,Compacted sand
WALY,03/21,2461,ASP
WS01,12/30,7800,WATER
WS02,N/S,2020,TURF
WS03,H1,20,CONC
WS04,NE/SW,2000,TURF
WS06,01/19,2000,TURF
WS07,H1,160,CONC
WS09,04/22,2200,TURF
WS12,N/S,1978,TURF
WS13,05/23,2100,TURF
WS13,05W/23W,10000,WATER
WS13,09/27,1000,TURF
WS13,14/32,3000,TURF
WS15,08/26,2000,TURF-G
WS16,09/27,2525,TURF
WS17,13/31,1988,TURF
WS18,H1,60,ASPH/ CONC
WS19,18/36,2000,TURF
WS20,11/29,5726,GRVL
WS21,H1/H1,65,ASPH
WS23,12/30,1500,TURF
WS24,09W/27W,5000,WATER
WS24,14W/32W,5000,WATER
WS25,12/30,2400,TURF
WS26,18/36,1300,TURF
WS27,H1,100,CONC
WS28,10/28,1700,TURF
WS29,10/28,2200,TURF
WS30,18/36,702,TURF
WS33,09/27,2000,TURF
WS34,H1/H1,60,ASPH
WS35,H1,40,CONC
WS36,09/27,1900,TURF
WS38,H1/H1,62,ASPH
WS39,15/33,2933,TURF
WS40,H1/H1,50,ASPH
WS41,18/36,1500,TURF
WS42,E/W,2600,TURF
WS43,08/26,2800,TURF
WS45,09/27,1900,TURF
WS46,09/27,2200,TURF
WS47,H1,50,CONC
WS48,H1/H1,44,ASPH
WS49,05/23,1927,TURF
WS50,H1/H1,40,CONC
WS51,11/29,3791,ASP
WS52,H1/H1,100,ASPH
WS53,H1,50,CONC
WS53,H2,50,ALUM
WS54,H1/H1,25,ASPH
WS55,18/36,2650,TURF
WS56,H1,30,CONC
WS57,H1/H1,100,TURF
WS58,H1,300,ASPH/ CONC
WS59,H1/H1,60,ASPH
WS61,H1/H1,160,ASPH
WS62,09/27,1600,TURF
WS63,H1/H1,60,ASPH
WS64,06/24,5600,WATER
WS65,H1/H1,66,ASPH
WS67,16/34,2000,TURF
WS68,17/35,1950,TURF-G
WS69,09/27,1300,TURF
WS69,18/36,2500,TURF
WS70,H1/H1,60,ASPH
WS71,09/27,2600,TURF
WS72,18/36,1850,TURF
WS73,H1/H1,75,ASPH
WS74,01/19,2150,TURF
WS75,H1,40,CONC
WS76,09/27,2250,TURF
WS77,09/27,2215,TURF
WS78,02/20,1610,TURF
WS79,H1/H1,40,ASPH
WS81,18/36,1500,TURF
WS82,09W/27W,3600,WATER
WS82,16W/34W,4200,WATER
WS84,9/27,2200,Turf
WS87,18/36,1400,GRVL
WS91,11/29,3000,TURF-G
WS96,18/36,1600,TURF
WS98,H1/H1,60,TURF
WSAG,04/22,6255,ASP
WSAG,05/23,3400,ASP
WSAP,02/20,12401,ASP
WSAT,01/19,2258,ASP
WSAT,18/36,8999,ASP
WSAT,18R/36L,1155,GRS
POWS,N/S,6000,WATER
WSJ,N/S,10000,WATER
WSM,02/20,2000,GRAVEL-P
WSSL,03/21,6023,ASP
WSSS,02C/20C,13123,PEM
WSSS,02L/20R,13123,PEM
WSSS,02R/20L,13123,ASP
WT00,H1/H1,40,CONC
WT01,15/33,2800,ASPH-GRVL
WT02,H1/H1,54,ASPH
WT03,18/36,1889,ASPH-G
WT04,3/21,2500,Turf
WT05,15/33,1905,Turf
WT15,15/33,304,Turf
WT18,14/32,3634,Asphalt/Gravel
WT22,H1/H1,62,ASPH-CONC-G
WT24,18/36,600,Asphalt/Turf
WT28,H1/H1,120,ASPH
WT29,H1,80,ASP
WT32,6/24,3067,Asphalt/Dirt
WT33,06W/24W,10000,WATER
WT33,H1,120,CON
WT34,H1/H1,30,CONC
WT44,07/25,1993,TURF
WT55,H1,100,CON
WT77,07/25,1200,TURF-G
WT78,H1,40,CON
WT88,02/20,1680,GRVL-G
WV00,04/22,3300,TURF-G
WV01,07/25,1300,TURF-DIRT
WV01,16/34,1500,TURF
WV02,H1,28,CONC
WV03,H1,100,TURF
WV04,H1,40,ASPH
WV05,H1,35,CONC
WV06,02/20,2650,TURF-GRVL
WV07,H1,80,CONC
WV08,NW/SE,1800,TURF
WV09,09/27,1900,ASPH-G
WV12,15/33,2000,ASPH
WV13,H1,22,CONC
WV14,H1,26,CONC
WV15,09/27,2300,TURF
WV16,H1/H1,60,ASPH-CONC
WV17,01/19,2000,TURF-DIRT
WV18,15/33,1700,TURF
WV19,18/36,2100,TURF
WV20,H1/H1,20,CONC
WV21,02/20,2000,TURF-F
WV22,03/21,2600,TURF-G
WV26,H1/H1,150,ASPH
WV27,H1/H1,40,CONC
WV28,04/22,1315,TURF
WV29,08/26,2800,ASPH
WV30,17/35,3300,TURF-G
WV31,H1/H1,120,ASPH
WV32,04/22,2950,ASPH-F
WV34,H1,50,CONC
WV35,09W/27W,5000,WATER
WV36,H1/H1,60,ASPH
WV37,01W/19W,5000,WATER
WV38,11W/29W,5000,WATER
WV39,13W/31W,5000,WATER
WV40,04W/22W,5000,WATER
WV41,07/25,5000,WATER
WV42,06/24,5000,WATER
WV43,02/20,5000,WATER
WV44,17/35,5000,WATER
WV45,H1/H1,60,ASPH
WV46,18/36,5000,WATER
WV48,H1/H1,64,ASPH
WV50,H1,45,CONC
WV51,H1,40,CONC
WV52,12/30,3500,ASPH
WV53,07/25,1400,TURF
WV54,H1,20,CONC
WV56,H1/H1,45,ROOF-TOP
WV57,01/19,1800,TURF
WV58,H1,40,CONC
WV59,03/21,2010,ASPH-G
WV61,03/21,1000,TURF
WV62,06/24,3000,ASPH
WV63,NE/SW,1450,TURF-G
WV65,06/24,1900,TURF-G
WV66,01/19,2600,TURF
WV67,04/22,1800,TURF
WV69,H1,20,CONC
WV70,18/36,2400,TURF
WV71,06/24,1500,TURF-G
WV72,H1/H1,50,ASPH-CONC-G
WV73,H1/H1,60,CONC-G
WV74,H1/H1,50,ASPH-G
WV75,H1/H1,30,CONC-G
WV76,16/34,1730,ASPH-G
WV77,10/28,1300,TURF-G
WV78,H1/H1,60,ASPH
WV95,14/32,1763,Turf
WWT,E/W,5000,WATER
WY00,10/28,5000,ASPH
WY01,06/24,2600,TURF-DIRT
WY03,H1/H1,75,ASPH
WY04,H1,60,CONC
WY05,08/26,3900,TURF
WY06,08/26,2400,DIRT-GRVL
WY07,03/21,3665,TURF
WY07,07/25,2770,TURF
WY07,17/35,4000,TURF
WY09,NW/SE,3300,TURF-GRVL
WY11,NW/SE,5704,ASPH
WY12,03L/21R,1300,TURF
WY12,03R/21L,2980,TURF
WY12,10/28,2470,TURF
WY12,12/30,1200,TURF
WY13,N/S,2250,TURF
WY13,NEL/SWR,4700,TURF
WY13,NER/SWL,1800,TURF
WY13,NW/SE,2000,TURF
WY14,11/29,3000,DIRT
WY15,08/26,2000,DIRT-P
WY15,13/31,2000,DIRT-P
WY16,06/24,3400,TURF
WY16,12/30,2000,TURF
WY17,08/26,3100,TURF
WY18,NW/SE,5000,DIRT
WY20,H1,60,CONC
WY21,H1/H1,100,CONC
WY22,03/21,2000,DIRT
WY23,01/19,2000,DIRT
WY24,H1/H1,40,CONC-G
WY25,12/30,2000,TURF
WY26,H1,35,CONC
WY27,08/26,3100,TURF
WY28,H1,42,CONC
WY29,06/24,4000,GRVL
WY30,NW/SE,3450,TURF-DIRT
WY31,NW/SE,1800,TURF-DIRT
WY32,9/27,2500,GVL
WY33,07/25,7500,ASPH
WY34,14/32,3200,DIRT
WY35,H1,40,CONC
WY36,07/25,2500,DIRT
WY38,04/22,3300,TURF
WY39,15/33,5400,GRAVEL
WY40,H1,48,CONC
WY41,08/26,4000,DIRT
WY42,02/20,5000,TURF-G
WY44,13/31,2500,Turf
WY44,16/34,2500,Turf
WY46,8/26,1855,Turf
WY47,H1,60,CONC
WY49,H1,50,CONC
WY50,H1,60,CONC
WY52,H1/H1,70,ASPH-F
WY53,1/19,2980,Turf
WY54,H1,50,Concrete/Turf
WY55,14/32,2500,TURF
WY56,17/35,2414,Turf
WY57,H1,60,CONC
WY58,8/26,1818,Turf
WY59,17/35,4800,GRAVEL
WY60,04/22,3500,TURF
WY62,H1,30,CONC
WY64,N/S,2640,DIRT
WY65,09/27,2400,TURF
WY66,08/26,3600,TURF
WY67,H1,40,CONC
WY68,H1,80,CONC
WY70,10/28,2700,Dirt
X-MMTG,09/27,8220,ASP
X-MMTG,16/34,4922,ASP
X01,15/33,2400,ASPH-TURF-G
X09,17/35,3352,TURF-G
KX23,18/36,2290,ASPH-G
X25,18/36,2313,TURF-G
KX33,07/25,2560,ASPH-G
X36,12/30,2040,TURF-F
KX44,12W/30W,14000,WATER
X52,18/36,3120,TURF-F
X55,18/36,3200,TURF-F
X61,09/27,3300,TURF-G
X64,10/28,2000,ASPH-F
KXA0,18/36,1660,TURF-G
XA01,H1,100,CONC
XA02,02/20,1200,TURF
XA03,18/36,2250,TURF
XA04,01/19,2100,TURF
XA05,09/27,3960,ASPH
XA06,H1,50,CONC
XA07,13/31,1800,TURF
XA08,18/36,4740,ASPH
XA09,18/36,3000,TURF
XA10,18/36,500,TURF
XA11,H1,60,CONC
XA12,18/36,2000,TURF
XA13,H1,38,CONC
XA14,H1/H1,35,CONC-G
XA15,16/34,1900,TURF
XA16,04/22,2800,TURF
XA17,18/36,2200,TURF
XA18,H1/H1,40,CONC
XA19,H1,38,CONC
XA20,H1/H1,25,CONC
XA21,H1/H1,50,CONC
XA22,H1/H1,40,CONC
XA23,17/35,2800,TURF
XA24,H1,40,CONC
XA25,H1,50,CONC
XA26,H1/H1,50,CONC
XA27,H1,20,CONC
XA29,H1/H1,45,MATS
XA30,H1/H1,20,CONC
XA31,11/29,3150,TURF-F
XA32,01/19,3000,TURF
XA33,17/35,1700,TURF
XA34,18/36,3000,TURF
XA36,H1/H1,40,CONC
XA37,H1/H1,40,CONC
XA38,H1/H1,80,TURF
XA40,16/34,2480,TURF
XA41,14/32,3700,TURF
XA42,09/27,2387,TURF-G
XA43,12/30,2350,ASPH
XA44,18/36,2200,TURF-F
XA46,17/35,2300,TURF
XA47,17/35,1700,TURF-G
XA48,14/32,1800,TURF
XA50,H1/H1,64,CONC
XA51,02/20,1600,TURF
XA52,18/36,2700,TURF
XA53,H1/H1,60,TURF-G
XA54,H1/H1,30,CONC
XA56,H1/H1,50,CONC-G
XA57,H1/H1,60,ASPH-G
XA59,H1/H1,40,CONC
XA60,H1/H1,40,CONC-G
XA61,H1/H1,45,CONC
XA61,H2/H2,45,CONC
XA62,H1/H1,30,CONC
XA62,H2/H2,30,CONC
XA63,H1/H1,100,TURF
XA65,17/35,3200,TURF
XA66,12/30,6302,ASPH
XA67,H1/H1,45,MATS
XA68,06/24,1700,TURF-G
XA68,18/36,3100,TURF-G
XA69,H1/H1,50,TURF
XA70,H1/H1,40,CONC
XA71,17/35,2400,TURF
XA72,08/26,2400,TURF
XA72,17/35,1900,TURF
XA73,H1,35,CONC
XA73,H2,35,CONC
XA74,H1/H1,50,CONC
XA74,H2/H2,50,CONC
XA75,18/36,2800,TURF
XA76,H1/H1,15,CONC
XA77,15/33,4150,DIRT
XA78,04/22,1600,TURF-G
XA78,13/31,1600,TURF-G
XA79,H1/H1,48,CONC
XA80,H1,60,CONC
XA85,14/32,3800,TURF-G
XA86,15/33,2975,ASPH-G
XA87,H1,40,CONC
XA88,06/24,2800,TURF-G
XA89,14/32,5305,ASPH-G
XA90,18/36,2300,TURF
XA91,18/36,3200,TURF
XA92,18/36,3000,TURF-DIRT-G
XA93,17/35,4700,ASPH
XA94,H1/H1,30,CONC-G
XA95,18/36,1900,GRVL-F
XA96,12/30,1600,GRVL
XA98,03/21,2200,TURF
XA99,17/35,2300,TURF
SWSX,13/31,3117,Piçarra
XK-0010,18/36,5904,ASP
XP-0003,05/23,8858,CON
XRMU,08/26,8210,ASPHALT
XRWL,03/21,8202,CON
XS00,01/19,2000,TURF
XS01,18/36,2000,ASPH
XS03,08/26,2000,TURF
XS03,18/36,2500,TURF
XS04,H1,100,CONC
XS07,13/31,2100,TURF
XS08,01/19,2200,TURF
XS09,18/36,3800,TURF
XS11,11/29,3200,ASPH
XS12,10/28,3000,ASPH
XS13,14/32,2200,GRAVEL
XS14,18/36,5300,TURF
XS15,E/W,3000,TURF
XS16,H1,65,CONC
XS17,17/35,3500,TURF
XS18,17/35,4000,TURF
XS19,H1,40,CONC
XS20,16/34,3700,ASPH
XS21,13/31,2500,TURF
XS23,16/34,2600,TURF-P
XS24,10/28,2700,ASPH
XS25,17/35,1800,TURF
XS26,H1,25,CONC
XS30,17/35,2100,TURF
XS31,17/35,2100,TURF
XS32,H1,40,CONC
XS33,11/29,2600,TURF
XS35,17/35,2500,TURF
XS37,H1,30,CONC
XS38,H1/H1,36,ASPH
XS40,13/31,3000,ASPH
XS41,H1/H1,56,CONC
XS43,10/28,1600,TURF
XS43,14/32,1600,TURF
XS43,16/34,2000,TURF
XS44,08/26,6280,ASPH
XS45,H1/H1,20,TURF
XS47,14/32,2000,TURF
XS47,18/36,1800,TURF
XS48,03/21,2840,TURF
XS49,07/25,2700,TURF
XS50,09/27,3515,TURF
XS50,13/31,3260,TURF
XS51,11/29,3230,TURF
XS52,H1/H1,2640,TURF
XS54,H1,75,CONC
XS55,14/32,2000,TURF
XS56,08/26,3000,TURF-F
XS56,15/33,2400,TURF-F
XS57,14/32,2250,TURF
XS58,17/35,2200,TURF
XS59,15/33,4650,ASPH
XS60,10/28,1300,TURF
XS60,18/36,1800,TURF
XS61,02/20,4200,TURF
XS64,18/36,2100,ASPH
XS65,H1,50,GRASS / SOD
XS66,16/34,2000,GRAVEL
XS66,18/36,2200,ASPH
XS67,14/32,4901,ASPH
XS68,14/32,1800,TURF
XS69,02/20,1400,TURF
XS70,16/34,3300,TURF
XS71,17/35,3955,ASPH
XS72,02/20,3600,TURF
XS75,12/30,5561,ASPH-P
XS76,14/32,1820,ASPH-G
XS77,12/30,2200,TURF
XS78,14/32,1600,TURF-G
XS80,14/32,1600,TURF-G
XS81,H1,69,CONC
XS82,H1,60,CONC
XS83,H1,100,CONC
XS84,H1,20,CONC
XS85,H1/H1,90,ASPH-CONC
XS86,10/28,1500,TURF
XS87,H1/H1,100,TURF
XS88,15/33,2000,TURF
XS90,05/23,3200,GRVL
XS91,17/35,3200,ASPH-TURF
XS93,12/30,4259,ASPH
XS94,17/35,5418,ASPH
XS96,H1,25,CONC
XS97,H1,85,CONC
XS98,H1,40,CONC
XS99,11/29,2600,TURF
Y01,07/25,2413,ASPH-G
IA45,11/29,2325,TURF-G
Y30,01/19,2470,TURF-P
Y34,12/30,2220,TURF-F
Y46,18/36,2710,TURF-G
Y48,17/35,3245,TURF-G
Y49,15/33,3220,ASPH-G
Y58,04/22,2565,TURF-G
Y58,14/32,2575,TURF-G
Y63,14/32,3401,ASPH-G
Y71,12/30,2842,TURF-G
Y73,17/35,2000,ASPH-P
Y76,17/35,2065,TURF-F
KY77,08/26,3007,TURF-F
KY87,09/27,2235,TURF-F
KY87,17/35,2600,ASPH-P
KY88,05/23,2800,TURF-F
KY88,16/34,1700,TURF-F
Y91,09/27,3830,TURF-G
Y91,18/36,2550,TURF-G
Y98,05/23,2600,TURF-P
Y98,14/32,2800,TURF-P
Y99,08/26,3200,TURF-P
YAAL,09/27,3116,X
YABA,05/23,3596,GVL
YABA,14/32,5906,ASP
YABF,04/22,2175,Dirt
YABG,17/35,3603,Dirt
YABS,01/19,4265,C
YABS,09/27,6233,C
YABU,12/30,3280,S
YACI,18/36,3280,G
YACR,04/22,2861,Dirt
YACS,03/21,3395,N
YACS,15/33,4179,N
YADA,04/22,4002,Dirt
YADA,10/28,4483,Dirt
YADD,01/19,3280,X
YADD,07/25,3280,X
YADE,06/24,,GRS
YADG,03/21,2515,ASP
YADG,08/26,1456,grass
YADG,14/32,2556,grass
YADG,18/36,1931,grass
YADL,18/36,,Dirt
YADM,05/23,3937,X
YADO,13/31,3051,N
YADS,01/19,3772,N
YADY,09/27,2898,GRS
YAFD,H16,121,Concrete
YAGD,03/21,5498,X
YAHD,13/31,3956,Dirt
YAKG,13/31,3280,N
YALA,18/36,5413,X
YALC,12/30,3999,S
YALG,05/23,3707,N
YALH,01/19,2952,S
YALM,18/36,1968,X
YALN,09/27,2296,C
YALN,14/32,3608,C
YALP,15/33,4152,Asphalt
YALT,11/29,2297,Dirt
YALX,15/33,3280,X
YALY,18/36,3280,X
YAMB,04/22,4997,PEM
YAMB,15/33,9997,PEM
YAMC,11/29,3937,X
YAMJ,13/31,3937,N
YAMK,07/25,3280,X
YAMK,17/35,2050,X
YAML,09/27,4002,N
YAMM,18/36,3608,N
YAMN,17/35,3218,dirt
YAND,05/23,3280,X
YANG,04/22,5906,
YANL,11/29,4297,X
YANN,01/19,3444,S
YANW,15/33,3205,N
YAOR,18/36,3280,X
YAPA,10/28,5905,X
YARA,04/22,2165,GRS
YARA,12/30,4068,ASP
YARD,14/32,3205,N
YARG,01/19,7546,ASP
YARI,15/33,2998,C
YARK,03/21,2132,S
YARL,09/27,2624,N
YARM,05/23,5702,ASP
YARM,09/27,3661,GVL
YARN,12/30,3215,X
YARP,12/30,3280,X
YARS,15/33,3211,X
YARY,16/34,3379,X
YASF,08/26,3280,X
YATL,14/32,3116,N
YATN,15L/33R,3815,G
YATR,10/36,3599,G
YATY,08/26,2132,N
YATY,18/36,2952,N
YAUG,17/35,3887,B
YAUR,16/34,4140,PER
YAUS,16/34,3937,S
YAUV,17/35,3789,X
YAVD,15/33,3569,X
YAVM,04/22,2493,G
YAWT,15/33,3280,G
YAYE,13/31,8527,ASP
YAYR,01/19,4796,ASP
YAYR,11/29,3697,GRS
YBAD,11/29,4855,C
YBAF,04L/22R,4085,GRS
YBAF,04R/22L,3609,GRS
YBAF,10L/28R,4859,ASP
YBAF,10R/28L,3609,ASP
YBAF,H1,98,CON
YBAL,13/31,4429,X
YBAN,05/23,4593,Dirt
YBAO,07/25,2132,G
YBAR,01/19,5591,ASP
YBAR,14/32,3104,CLA
YBAS,12/30,7999,ASP
YBAS,17/35,3717,ASP
YBAU,12/30,2788,N
YBAW,15/33,4796,X
YBBA,15/33,3937,G
YBBC,03/21,4593,N
YBBE,06/24,4921,X
YBBL,18/36,3608,N
YBBN,01L/19R,10827,ASP
YBBN,01R/19L,11680,ASP
YBBN,14/32,5577,ASP
YBBO,02/20,4921,N
YBBT,10/28,3608,G
YBCB,16/34,3182,X
YBCG,14/32,8176,ASP
YBCG,17/35,1909,ASP
YBCH,15/33,2001,X
YBCK,06/24,5538,ASP
YBCK,12/30,5259,CLA
YBCL,17/35,4921,X
YBCR,14/32,5249,B
YBCS,12/30,3035,ASP
YBCS,15/33,10489,ASP
YBCV,12/30,5000,ASP
YBCV,18/36,3501,ASP
YBDF,18/36,4002,N
YBDG,05/23,2516,paved
YBDG,17/35,5249,ASP
YBDP,10/28,2486,Gravel
YBDS,03/21,4101,N
YBDV,03/21,3937,CLA
YBDV,14/32,5682,ASP
YBDX,09/27,3444,L
YBEC,18/36,3937,X
YBEF,18/36,2624,G
YBEG,07/25,5600,dirt
YBEL,09/27,4790,G
YBEO,11/29,3543,C
YBEU,18/36,1998,G
YBEV,08/26,4101,G
YBEV,16/34,4790,X
YBFR,06/24,1968,X
YBGB,08/26,3280,S
YBGI,01/19,3280,G
YBGI,15/33,3772,G
YBGO,04/22,2270,X
YBGO,15/33,5282,X
YBGR,09/27,7217,G
YBGR,18/36,2493,G
YBGT,02/20,3001,N
YBGY,18/36,6561,G
YBHB,12/30,1574,X
YBHI,05/23,8251,ASP
YBHI,14/32,3281,SAN
YBHK,12/30,3280,X
YBHM,14/32,5591,ASP
YBIA,10/28,4476,GRS
YBIE,14/32,4921,ASP
YBIL,11/29,3608,N
YBIN,03/21,2965,G
YBIR,04/22,3422,ASP
YBIR,09/27,1719,GRS
YBIU,06/24,2690,X
YBIU,12/30,2493,X
YBIZ,18/36,3608,X
YBJW,09/27,4921,L
YBJW,18/36,3937,L
YBKE,05/23,6004,ASP
YBKE,18/36,3281,GRS
YBKS,12/30,3608,X
YBKT,03/21,4501,ASP
YBKT,14/32,2484,CLA
YBLA,08L/26R,3422,GRS
YBLA,08R/26L,3422,PER
YBLA,17L/35R,2356,GRS
YBLA,17R/35L,2356,GRS
YBLB,18/36,3280,N
YBLC,05/23,4199,C
YBLD,09/27,3608,X
YBLD,15/33,3280,X
YBLG,09/27,4593,C
YBLG,18/36,4593,C
YBLH,12/30,3608,X
YBLI,15/33,2675,Turf/Grass
YBLL,05/23,3500,X
YBLM,04/22,3608,N
YBLM,14/32,1968,N
YBLN,03/21,8071,ASP
YBLT,05/23,4150,ASP
YBLT,13/31,1864,GRS
YBLT,18/36,4085,ASP
YBLU,01/19,5223,X
YBMA,12/30,2802,GVL
YBMA,16/34,8399,ASP
YBMD,12/30,3198,N
YBMI,18/36,4265,N
YBMK,05/23,4409,ASP
YBMK,14/32,6499,ASP
YBMM,08/26,2395,N
YBMY,11/29,2604,X
YBNA,06/24,6234,ASP
YBNC,06/24,4921,X
YBNM,09/27,3280,S
YBNS,04/22,3612,ASP
YBNS,14/32,2789,ASP
YBNY,13/31,2706,X
YBOA,04/22,3976,G
YBOD,04/22,3280,X
YBOD,13/31,2099,X
YBOG,03/21,3280,N
YBOG,14/32,3018,G
YBOI,09/27,2165,G
YBOK,05/23,2999,ASP
YBOK,09/27,3278,ASP
YBOK,14/32,5410,ASP
YBOK,H09L/H27R,1000,ASP
YBOK,H09R/H27L,1000,ASP
YBOM,10/28,2624,G
YBOM,18/36,2132,G
YBOP,18/36,3280,G
YBOR,13/31,2559,X
YBOR,17/35,4265,X
YBOT,06/24,3280,N
YBOU,14/32,4180,ASP
YBOV,06/24,3937,N
YBOV,18/36,3937,N
YBPI,14/32,2709,B
YBPN,06/24,3609,ASP
YBPN,11/29,6801,ASP
YBRA,14/32,3805,GVL
YBRC,13/31,3937,N
YBRJ,14/32,4048,X
YBRK,04/22,5397,ASP
YBRK,15/33,8622,ASP
YBRL,02/20,3770,ASP
YBRM,10/28,7769,ASP
YBRN,08/26,2133,GRS
YBRN,18/36,3888,ASP
YBRO,08/26,3690,X
YBRO,14/32,2690,X
YBRS,09/27,1706,GRS
YBRS,18/36,2625,ASP
YBRU,09/27,4888,X
YBRU,14/32,3248,X
YBRW,03/21,4547,ASP
YBRY,10/28,6365,PER
YBSG,12/30,10003,ASP
YBSR,10/28,5905,X
YBSS,01/19,5098,B
YBSS,09/27,5000,B
YBSU,13/31,9186,ASPH
YBSU,18/36,5896,ASP
YBTH,08/26,4314,GVL
YBTH,17/35,5594,ASP
YBTI,15/33,4823,ASP
YBTL,01/19,7999,ASP
YBTL,07/25,3609,ASP
YBTN,09/27,3937,X
YBTR,18/36,5023,ASP
YBTS,12/30,3280,N
YBTT,10/28,4226,Dirt
YBTV,07/25,3280,G
YBUD,07/25,3701,CLA
YBUD,14/32,6562,ASP
YBUG,09/27,3280,L
YBUG,18/36,3937,L
YBUI,05/23,3897,X
YBUI,09/27,5413,B
YBUL,12/30,2952,L
YBUL,16/34,3937,L
YBUN,07/25,3330,ASP
YBUP,08/26,2250,X
YBUX,05/23,2624,S
YBUY,09/27,4000,Grass
YBUY,12/30,2300,Grass
YBUY,15/33,3600,Grass
YBUY,16/34,1800,Grass
YBVA,13/31,2982,X
YBVA,18/36,3986,X
YBVL,18/36,2788,X
YBWG,09/27,6692,ASP
YBWI,18/36,3280,G
YBWM,13/31,3280,N
YBWN,04/22,4399,G
YBWN,12/30,3290,G
YBWP,12/30,5397,ASP
YBWR,04/22,4265,S
YBWT,16/34,3608,X
YBWW,12/30,9416,ASP
YBWX,03/21,6234,ASP
YBXH,09/27,1998,G
YBXH,18/36,3999,G
YBYA,05/23,3937,N
YBYA,17/35,3280,N
YBYD,09/27,2296,X
YBYD,12/30,1968,X
YBYI,14/32,2460,X
YBYR,13/31,5272,X
YBYS,16/34,3605,G
YBYW,06/24,3937,N
YCAB,06/24,2952,G
YCAB,11/29,4429,G
YCAC,13/31,3937,N
YCAE,16/34,3280,H
YCAG,04/22,4265,N
YCAH,08/26,3523,N
YCAI,09/27,3937,N
YCAL,09/27,2982,X
YCAL,18/36,1988,X
YCAM,18/36,3937,C
YCAN,01/19,3280,X
YCAR,04/22,5509,ASP
YCAR,18/36,3740,ASP
YCAS,10/28,3609,ASP
YCBA,05/23,5564,ASP
YCBA,17/35,2949,CLA
YCBB,01/19,2129,GRS
YCBB,11/29,4987,ASP
YCBG,09/27,2070,ASP
YCBG,12/30,3200,ASP
YCBG,14/32,2540,APSH
YCBN,08/26,2099,X
YCBN,12/30,1541,G
YCBP,04/22,4685,PER
YCBP,14/32,2720,GRS
YCBR,04/22,2145,N
YCBR,18/36,3996,X
YCBY,03/21,3937,G
YCCA,03/21,1949,CLA
YCCA,14/32,3497,ASP
YCCK,12/30,3083,C
YCCT,09/27,2395,N
YCCY,06/24,3796,ASP
YCCY,12/30,6562,ASP
YCDB,02/20,2624,L
YCDB,15/33,2624,L
YCDE,18/36,3431,X
YCDL,02/20,3018,X
YCDO,01/19,4501,ASP
YCDO,10/28,3947,GRE
YCDR,05/23,2608,B
YCDR,12/30,2608,B
YCDS,10/28,3280,N
YCDT,09/27,4921,N
YCDT,18/36,3280,N
YCDU,11/29,5709,ASP
YCDU,17/35,3327,GVL
YCDV,02/20,2952,L
YCEE,08/26,4429,ASP
YCEE,18/36,2936,GRS
YCEL,18/36,3200,unsealed
YCEM,17/35,2427,X
YCES,18/36,2706,G
YCFD,04/22,3805,N
YCFH,03/12,2952,N
YCFH,15/33,2624,N
YCFL,12/30,2919,X
YCFN,06/24,2625,Grasss
YCFS,03/21,6824,ASP
YCFS,10/28,2785,ASP
YCGI,11/29,6233,X
YCGI,18/36,3608,X
YCGO,17/35,3218,ASP
YCHB,10/28,2805,X
YCHK,09/27,8202,ASP
YCHL,03/21,3740,B
YCHR,11/29,4265,N
YCHR,18/36,2624,N
YCHT,01/19,3297,GVL
YCHT,06/24,5699,COP
YCIG,05/23,2132,N
YCIG,09/27,2952,X
YCIN,11/29,10003,ASP
YCJU,08/26,3280,X
YCKA,09/27,5249,L
YCKD,05/23,1391,X
YCKD,14/32,1391,X
YCKI,13/31,4701,S
YCKN,11/29,5338,ASP
YCKY,04/22,3280,N
YCLE,01/19,3280,X
YCLE,09/27,2296,X
YCLG,14/32,2788,DIRT
YCLQ,14/32,3937,X
YCLT,07/25,3280,G
YCLY,18/36,3608,G
YCMH,12/30,3001,G
YCMK,07/25,3001,G
YCMM,13/31,3215,N
YCMT,01/19,3504,GVL
YCMT,15/33,4301,ASP
YCMU,06/24,2999,ASP
YCMU,12/30,5686,ASP
YCMW,13/31,3500,B
YCNF,12/30,5577,UNK
YCNG,06/24,3018,X
YCNG,18/36,3018,X
YCNH,10/28,2918,Dirt
YCNH,16/34,1804,X
YCNK,17/35,3600,ASP
YCNM,05/23,5010,ASP
YCNM,12/30,1903,GRS
YCNN,14/32,3937,X
YCNO,05/23,4002,X
YCNQ,18/36,3280,B
YCNR,04/22,2001,N
YCNS,12/30,3937,N
YCNX,18/36,2296,N
YCNY,14/32,5734,ASP
YCOD,15/33,4527,N
YCOE,11/29,4107,ASP
YCOF,03/21,2578,X
YCOF,08/26,3677,X
YCOG,07/25,2296,S
YCOH,16/34,3280,X
YCOI,10/28,3772,XU
YCOL,09/27,3897,G
YCOM,14/32,2041,GVL
YCOM,18/36,6955,ASP
YCOO,09/27,4235,N
YCOR,05/23,5994,ASP
YCOR,14/32,5000,ASP
YCOY,02/20,3280,N
YCPD,16/34,3608,X
YCPG,06/24,3444,S
YCPH,09/27,3280,N
YCPK,07/25,3805,Dirt
YCPN,14/32,4002,C
YCPT,01/19,5249,BITUM
YCRA,06/24,3730,N
YCRG,06/24,4596,ASP
YCRK,13/31,3608,N
YCRL,09/27,3001,G
Y06T,10/28,5249,G
YCRT,03/21,3937,N
YCRT,18/36,1640,N
YCRY,09/27,4799,X
YCSK,09/27,6556,Snow/Ice
YCSL,01/19,3937,G
YCSP,12/30,4265,X
YCSV,06/24,4599,X
YCTH,03/21,3100,X
YCTI,12/30,2395,X
YCTM,10/28,2805,GRS
YCTM,16/34,4682,ASP
YCTN,16/34,3937,X
YCTS,15/33,3280,X
YCUA,09/27,4445,B
YCUE,04/22,6499,X
YCUE,11/29,3270,X
YCUN,05/23,6089,ASP
YCUN,14/32,4997,ASP
YCUR,12/30,2362,GVL
YCUS,08/26,2372,PER
YCUS,17/35,4124,PER
YCUT,02/20,2624,C
YCUT,11/29,4265,C
YCVA,09/27,1969,Grass
YCVA,17/35,3937,Clay
YCVS,17/35,2952,XUG
YCWA,08/26,6398,CON
YCWE,12/30,1968,N
YCWH,08/26,3937,N
YCWH,17/35,4265,N
YCWI,17/35,4265,S
YCWL,04/22,3897,N
YCWL,12/30,,UNK
YCWL,17/35,4829,N
YCWN,04/22,3280,N
YCWO,18/36,2591,N
YCWR,03/21,3825,GRE
YCWR,15/33,5348,ASP
YCWY,08/26,3280,X
YCXA,16/34,3280,L
YCYT,17/35,3608,N
YDAG,10/28,3937,X
YDAJ,11/29,3733,C
YDAJ,15/33,2598,X
YDAL,09/27,3608,N
YDAL,18/36,2132,N
YDAR,08/26,2001,G
YDAY,04/22,2999,ASP
YDAY,13/31,4160,ASP
YDBI,01/19,3993,ASP
YDBR,09/27,3313,N
YDBY,05/23,3799,GVL
YDBY,11/29,5696,ASP
YDDF,06/24,3215,N
YDEA,09/27,2859,Asphalt
YDEG,15/33,2624,N
YDER,16/34,2296,G
YDEV,09/27,3100,N
YDEV,17/35,2788,N
YDGI,02/20,4757,X
YDGN,04/22,3608,X
YDGR,03/21,3280,L
YDGT,10/28,4921,C
YDGY,14/33,3280,L
YDHL,12/30,2624,X
YDIM,14/32,3280,X
YDIX,07/25,3182,X
YDKI,14/32,2673,B
YDLD,12/30,3937,N
YDLH,03/21,3280,L
YDLH,18/36,2952,L
YDLK,08/26,1968,N
YDLK,17/35,3805,N
YDLL,10/28,3280,G
YDLO,13/31,6036,X
YDLQ,06/24,3999,ASP
YDLQ,12/30,1969,GRE
YDLT,09/27,3215,X
YDLV,12/30,2811,N
YDLW,14/32,6233,N
YDME,08/26,3280,S
YDMF,01/19,3198,C
YDMG,12/30,5433,ASP
YDMN,12/30,3149,S
YDMR,10/28,5249,X
YDNB,18/36,4921,N
YDNI,10/28,1640,B
YDNV,09/27,3444,C
YDNV,18/36,2624,C
YDOC,14/32,5643,G
YDOC,18/36,10203,G
YDOD,09/27,3825,ASP
YDOD,18/36,2585,GRS
YDON,07/25,3444,X
YDOO,08/26,2624,N
YDOP,11/29,3018,G
YDOR,14/32,4461,N
YDPD,03/21,3297,C
YDPD,14/32,2559,C
YDPO,06/24,6030,ASP
YDPO,14/32,2887,GRS
YDPR,10/28,2952,N
YDPS,09/27,3280,L
YDPS,18/36,3018,L
YDPT,06/24,2952,G
YDPT,15/33,1804,G
YDPW,16/34,2952,N
YDRA,18/36,3280,X
YDRC,01/19,1968,N
YDRC,12/30,3937,N
YDRD,05/23,4589,G
YDRH,01/19,3031,C
YDRH,07/25,2687,C
YDRI,17/35,3116,C
YDRL,09/27,3280,N
YDRL,17/35,1968,N
YDUK,07/25,3937,X
YDUM,09/27,2952,C
YDUN,15/33,2919,X
YDVE,15/33,3280,NSGG
YDVR,09/27,4406,C
YDWU,14/32,4271,XS
YDYS,14/32,5085,ASP
YE-0012,18/36,9843,ASP
YEAB,05/23,3500,X
YEAT,18/36,2696,X
YECH,05/23,1674,GVL
YECH,17/35,3615,ASP
YECL,08/26,4265,X
YECL,18/36,1640,X
YEDA,09/27,3904,L
YEDA,17/35,3805,L
YEDE,18/36,3280,B
YEDM,04/22,4265,X
YEDM,13/31,4265,X
YEEB,03/21,4429,X
YEES,10/28,2296,X
YEGA,04/22,3500,X
YEH,01/19,11155,
YEIN,17/35,3937,X
YELD,10/28,4724,ASP
YELE,12/30,3116,N
YELK,13/31,3205,N
YELL,14/32,3740,X
YELM,01/19,2952,GG
YELN,18/36,3937,N
YELS,18/36,3999,B
YEMG,18/36,3956,X
YEML,06/24,6234,ASP
YEML,15/33,3038,GVL
YEMP,16/34,2208,G
YENO,03/21,3608,G
YENO,H1,115,CON
YEPL,05/23,3464,N
YEPL,18/36,3494,N
YEPR,16/34,2952,N
YEQO,14/32,4265,N
YERA,10/28,3280,N
YERA,16/34,6561,N
YERH,04/22,3937,N
YERH,18/36,3937,N
YERL,09/27,3772,C
YERN,05/23,3838,X
YERO,15/33,3608,S
YERU,08/26,2952,C
YERU,17/35,3280,C
YESC,17/35,3608,C
YESE,14/32,6799,Dirt
YESP,03/21,3865,GVL
YESP,11/29,4921,ASP
YEUA,01/19,2952,Grass and granite sand
YEUA,15/33,2296,Grass and granite sand
YEUD,10/28,2854,X
YEUD,18/36,2080,X
YEUO,04/22,4675,C
YEVD,18/36,4275,ASP
YEVD,H,328,ASP
YEVP,09/27,4921,S
YEWA,28/10,8202,ASP
YEXM,02/20,4215,X
YEYD,06/24,3280,C
YEYD,11/29,3280,C
YFBS,09/27,4029,ASP
YFCK,18/36,1476,G
YFDF,12/30,7546,ASP
YFFT,03/21,1443,G
YFFT,14/32,2486,G
YFIL,05/23,2952,B
YFLI,05/23,3510,B
YFLI,14/32,5643,X
YFLS,18/36,3280,G
YFOR,09/27,4593,X
YFRD,06/24,3608,S
YFRD,18/36,1804,S
YFRG,17/35,3805,X
YFRK,08/26,6561,N
YFRT,09/27,4426,ASP
YFRT,18/36,4984,ASP
YFRV,14/32,3855,Dirt
YFSA,09/27,3297,X
YFSK,09/27,2624,G
YFSK,18/36,2296,G
YFTA,15/33,5029,X
YFTN,14/32,2460,C
YFTN,18/36,3608,C
YFTZ,01/19,4265,ASP
YFVW,04/22,2395,G
YFVW,10/28,1804,G
YFWY,08/26,2952,X
YGA,03/21,3281,CON
YGAH,15/33,2486,S
YGAM,03/21,1804,N
YGAN,12/30,2493,X
YGAR,04/22,2657,SU
YGAS,01/19,2460,Hard
YGAW,05/23,4970,B
YGAW,13/31,4970,B
YGAY,06/24,4150,ASP
YGBI,10/28,4527,X
YGBW,14/32,2788,N
YGCR,17/35,2634,G
YGDA,12/30,3530,PER
YGDH,11/29,5400,ASP
YGDH,17/35,1942,GRS
YGDI,04/22,4396,ASP
YGDI,12/30,2608,CLA
YGDR,14/32,2624,N
YGDS,17/35,3871,C
YGDV,16/34,3182,X
YGDW,05/23,3615,C
YGEL,03/21,7838,ASP
YGEL,08/26,2953,GVL
YGEL,14/32,2769,ASP
YGFN,18/36,5607,ASP
YGGE,12/30,4580,X
YGGI,02/20,3608,L
YGGL,11/29,3280,L
YGGO,03/21,3280,N
YGGS,08/26,3280,N
YGHG,01/19,1968,X
YGIA,09/27,8202,CON
YGIB,07/25,3497,N
YGID,06/24,5249,X
YGIF,18/36,2985,L
YGIG,08/26,5997,ASP
YGIL,08/26,1902,S
YGIL,15/33,4206,X
YGIR,18/36,3018,L
YGKL,12/30,2870,B
YGLA,10/28,5364,ASP
YGLB,04/22,4209,ASP
YGLB,08/26,2218,GRE
YGLD,16/34,3937,N
YGLE,15/33,2887,C
YGLI,10/28,5499,GVL
YGLI,14/32,4915,ASP
YGLN,11/29,1968,N
YGLN,15/33,2624,N
YGLO,08/26,1998,C
YGLO,16/34,3405,C
YGLP,13/31,3772,N
YGLS,12/30,5249,X
YGLY,15/33,3937,S
YGMD,07/25,2624,X
YGMP,09/27,3707,G
CYGN,12/30,5729,Water
YGNA,09/27,3280,L
YGNF,03/21,2657,G
YGNV,08/26,3018,X
YGNW,12/30,4921,X
YGOM,06/24,3280,G
YGPI,09/27,4921,S
YGPR,09/27,4265,X
YGPT,04/22,4314,COP
YGRU,03/21,4593,G
YGSC,13/31,4035,X
YGSD,09/27,4429,GVL
YGTE,10/28,6237,ASP
YGTH,06/24,4931,ASP
YGTH,18/36,1969,GRS
YGTN,06/24,3799,ASP
YGTO,06L/24R,1804,GRS
YGTO,06R/24L,3280,B
YGTO,11/29,1968,G
YGTO,14/32,,GRS
YGUL,09/27,3280,X
YGUW,15/33,3937,N
YGVE,13/31,1998,G
YGWA,01/19,3576,N
YGWD,08/26,1640,N
YGWD,18/36,3280,N
YGYM,03/21,1955,CLA
YGYM,14/32,4600,ASP
YHAA,12/30,3254,C
YHAB,17/35,3986,G
YHAE,08/26,2788,X
YHAG,09/27,3937,N
YHAW,18/36,3280,N
YHAY,04/22,4800,ASP
YHAY,15/33,3740,GRE
YHBA,11/29,6561,ASP
YHBK,04/22,2657,N
YHBK,14/32,1902,N
YHBR,08/26,3937,X
YHBY,11/29,3280,G
YHDD,10/28,3280,X
YHDY,09/27,3999,X
YHDY,18/36,3937,N
YHEC,10/28,2296,G
YHEC,18/36,2296,G
YHEG,09/27,4921,X
YHEW,07/25,3608,G
YHEW,17/35,3999,G
YHGR,14/32,5019,S
YHGS,09/27,3937,N
YHHY,11/29,2624,X
YHID,08/26,4557,ASP
YHID,14/32,4052,ASP
YHIL,09/27,4921,N
YHKT,15/33,3280,N
YHLC,04/22,4839,ASP
YHLC,08/26,3104,GVL
YHLM,03/21,4101,B
YHLS,06/24,4262,ASP
YHLS,14/32,2690,GRS
YHMB,11/29,3704,S
YHML,10/28,4045,GVL
YHML,17/35,4606,ASP
YHMT,02/20,3608,C
YHMT,03/21,3280,C
YHOA,10/28,2296,X
YHOO,10/28,5118,X
YHOT,11/29,4762,ASP
YHOV,14/32,2952,N
YHOY,03/21,3510,G
YHPE,15/33,2985,N
YHPE,18/36,2493,N
YHPN,01/19,3730,ASP
YHPN,08/26,1598,GRS
YHRD,09/27,4494,N
YHRD,18/36,3280,S
YHRG,12/30,5577,N
YHRG,15/33,4593,N
YHSB,01/19,4921,N
YHSL,12/30,5249,N
YHSM,08/26,4337,ASP
YHSM,17/35,2621,SAN
YHTA,06/24,2952,N
YHTA,10/28,2624,N
YHTL,10/28,3937,X
YHTN,16/33,3188,G
YHTR,01/19,1640,G
YHTS,16/34,4265,N
YHUG,06/24,3051,GVL
YHUG,12/30,5394,ASP
YHVH,14/32,3280,G
YIDK,11/29,3969,N
YIDR,09/27,2805,N
YIDR,13/31,3205,N
YIFL,03/21,4409,CLA
YIFL,14/32,4439,ASP
YIFY,12/30,2887,C
YIGM,05/23,5006,ASP
YIGR,09/27,2624,S
YIGR,14/32,2296,S
YIKL,17/35,4593,N
YIKM,17/35,3018,N
YILA,02/20,3280,G
YXUA,09/27,2296,G
YILW,08/26,2998,G
YIMA,14/32,3018,X
YIMB,03/21,5183,ASP
YIMB,15/33,4288,S
YIMP,05/23,4757,S
YING,04/22,3608,G
YINJ,14/32,3956,N
YINN,02/20,4071,C
YINO,09/27,3280,X
YINV,07/25,6561,X
YINV,18/36,3280,X
YISD,09/27,3280,X
YISF,14/32,4498,COP
YISV,10/28,3805,C
YITT,14/32,2986,GVL
YIVL,04/22,2297,GRS
YIVL,16/34,6936,ASP
YIVO,09/27,3343,CLA
YIVO,16/34,4088,ASP
YJAB,09/27,4670,PER
YJAK,17/35,5905,B
YJAM,01/19,5249,X
YJBY,08/26,4800,ASP
YJBY,15/33,5000,ASP
YJCO,01/19,2385,G
YJDA,01/19,4498,X
YJEM,01/19,1968,G
YJEM,09/27,2952,G
YJER,01/19,3700,B
YJEY,07/25,2952,N
YJGP,14/32,5249,X
YJIG,14/32,4593,X
YJIN,10/28,2854,G
YJIN,12/30,3280,G
YJLC,10/28,4600,ASP
YJUR,02/20,4265,B
YJNK,15/33,3937,N
YJNY,06/24,4921,N
YJRO,18/36,3280,N
YJST,16/34,3937,N
YJUK,15/33,5249,X
YJUN,08/26,6889,N
YJVM,17/35,3937,X
YJVS,14/32,3205,N
YJWB,03/21,3280,G
YKAE,14/32,3937,XUG
YKAJ,15/33,2296,N
YKAL,05/23,3418,S
YKAL,10/28,3126,N
YKAN,10/28,3937,C
YKAN,18/36,3937,C
YKAP,04/22,2099,G
YKAP,15/33,1968,G
YKAR,12/30,4593,ASP
YKAT,06/24,2952,N
YKAY,01/19,3937,C
YKAY,12/30,4593,C
YKBA,14/32,6890,
YKBG,12/30,3280,X
YKBL,16/34,3576,X
YKBN,12/30,4593,B
YKBR,18/36,5246,ASP
YKBY,05/23,2559,GVL
YKBY,13/31,4432,ASP
YKCA,12/30,4908,N
YKCK,09/27,4593,G
YKCS,10/28,5029,X
YKDD,12/30,7612,ASP
YKDI,05/23,3937,B
YKDL,04/22,3280,N
YKDL,17/35,4265,N
YKDM,07/25,3605,X
YKDN,18/36,3608,X
YKEB,11/29,3280,X
YKEN,07/25,2998,S
YKER,05/23,2267,GVL
YKER,14/32,3501,ASP
YKGA,04/22,3904,X
YKGA,14/32,5216,X
YKHA,13/31,4937,G
YKHG,17/35,5577,X
YKID,03/21,4101,N
YKIG,02/20,3248,B
YKII,06/24,2626,GVL
YKII,10/28,5198,ASP
YKII,17/35,3632,COM
YKIL,16/34,3474,C
YKIU,04/22,4002,N
YKKG,03/21,4101,ASP
YKKG,13/31,3038,GVL
YKKH,16/34,4265,N
YKLA,07/25,2296,C
YKLB,08/26,3280,G
YKLC,11/29,6890,ASP
YKLG,05/23,3280,G
YKLL,08/26,3280,C
YKLL,16/34,3280,C
YKLN,15/33,3280,G
YKLR,17/35,2624,N
YKMB,03/21,4169,S
YKML,14/32,5275,C
YKMP,04/22,5413,ASP
YKMP,16/34,2014,GRS
YKNG,06/24,4921,X
YKNG,07/25,,UNK
YKNM,05/23,3280,N
YKNM,09/27,2952,N
YKNP,12/30,4265,UG
YKNT,10/28,4429,X
YKNV,06/24,1797,X
YKOG,08/26,2952,N
YKOJ,17/35,4265,X
YKOK,13/31,3280,C
YKOL,17/35,2952,C
YKOW,12/30,4528,ASP
YKPR,11/29,4921,N
YKRV,18/36,3280,N
YKRY,05/23,4275,GRS
YKRY,16/34,5249,ASP
YKSC,01/19,4600,ASP
YKSC,06/24,3720,GVL
YKSC,15/33,3819,GVL
YKTH,18/36,3937,N
YKTN,09/27,2165,G
YKTN,18/36,2329,X
YKUB,11/29,3281,PER
YKUR,16/34,2936,Dirt
YKUW,09/27,3018,G
YKUW,18/36,1978,G
YKUY,18/36,3280,C
YKWG,18/36,3608,C
YKYB,09/27,2998,G
YKYB,18/36,1797,G
YKYN,02/20,3149,N
YLAG,03/21,2034,G
YLAH,04/22,4002,X
YLAM,02/20,2952,C
YLAN,16/34,2296,N
YLAN,18/36,1968,N
YLAO,09/27,2952,G
YLAO,18/36,1968,G
YLAW,10/28,6562,X
YLBD,10/28,3937,X
YLBG,08/26,3937,S
YLCG,06/24,3937,X
YLCG,12/30,2887,C
YLDB,07/25,4265,X
YLDO,01/19,4921,N
YLEA,03/21,3937,Dirt
YLEA,13/31,3280,S
YLEC,02/20,3999,BIT
YLEC,11/29,5610,ASP
YLED,10/28,3608,Sealed bitumen
YLED,16/34,3444,G
YLEE,04/22,4921,N
YLEG,04/22,3032,PER
YLEG,18/36,2195,GVL
YLEO,04/22,6621,ASP
YLEO,12/30,3740,GVL
YLET,08/26,2952,G
YLEV,08/26,3494,PER
YLFD,05/23,3280,X
YLGA,08/26,3608,N
YLGA,16/34,2296,N
YLGB,09/27,3608,X
YLGC,11/29,3958,Dirt
YLGD,01/19,1312,G
YLGD,15/33,3280,G
YLGL,15/33,3280,G
YLGN,02/20,2296,X
YLGN,11/29,3937,X
YLGU,11/29,2811,S
YLHI,10/28,2906,B
YLHL,13/31,2296,X
YLHR,12/30,4919,ASP
YLHS,16/34,4232,N
YLIL,18/36,3280,G
YLIM,12/30,3280,L
YLIS,15/33,5404,ASP
YLKD,12/30,3215,G
YLKN,11/29,2559,X
YLKN,14/32,3015,X
YLLA,04/22,3608,S
YLLA,14/32,3937,S
YLLC,13/31,3280,N
YLLD,07/25,2296,N
YLLE,03/21,5906,ASP
YLMB,11/29,3497,G
YLMB,18/36,2513,G
YLMQ,07/25,2204,B
YLMU,06/24,3280,G
YLND,16/34,3838,G
YLNR,11/29,3280,L
YLNR,18/36,2427,L
YLOC,14/32,2952,X
YLOD,13/31,1968,G
YLOH,09/27,3494,X
YLOK,08/26,3116,X
YLOR,15/33,4504,C
YLOU,07/25,3280,N
YLOV,08/26,2854,S
YLOX,08/26,3891,X
YLOX,17/35,2801,S
YLOY,09/27,2395,G
YLRA,14/32,3526,X
YLRD,04/22,2405,GVL
YLRD,10/28,4613,ASP
YLRE,04/22,6352,ASP
YLRE,09/27,2953,GVL
YLRG,09/27,3608,L
YLRG,16/34,3937,L
YLRN,09/27,6561,N
YLRS,11/29,3280,G
YLSM,08/26,2296,G
YLSM,15/33,2001,G
YLST,10/28,5906,ASP
YLSY,05/23,2952,S
YLSY,12/30,4921,S
YLTN,07/25,5906,ASP
YLTN,16/34,3015,GRE
YLTV,03/21,4692,ASP
YLTV,03L/21R,1529,Turf/Grass
YLTV,09/27,3015,GVL
YLUC,09/27,3280,N
YLUI,08/26,3280,X
YLUL,02/20,4051,N
YLUL,16/34,3740,N
YLUW,16/34,3937,X
YLVB,09/27,2132,G
YLVB,18/36,2952,N
YLVD,08/26,3280,N
YLVD,17/35,3608,N
YLVY,04/22,3280,N
YLVY,15/33,3280,N
YLWY,02/20,3280,S
YLWY,13/31,3280,S
YLYD,06/24,4166,G
YLYK,18/36,1699,G
YLYN,10/28,3969,Dirt
YLYN,17/35,4148,Dirt
YLZI,12/30,3038,ASP
YMAA,15/33,1312,N
YMAC,01/19,2952,S
YMAC,08/26,3608,S
YMAD,01/19,4593,C
YMAD,09/27,3608,C
YMAE,14/32,1722,G
YMAG,09/27,2099,S
YMAG,18/36,3280,S
YMAI,10/28,4035,X
YMAI,17/35,3280,X
YMAK,18/36,3280,N
YMAU,12/30,5249,X
YMAV,18/36,10000,ASP
YMAY,07/25,6234,ASP
YMBA,10/28,4938,ASP
YMBD,01/19,3494,X
YMBD,09/27,2985,G
YMBL,09/27,4009,X
YMBL,17/35,3454,X
YMBT,14/32,4921,Bitumen
YMBU,06/24,1908,GVL
YMBU,17/35,3414,PER
YMBX,09/27,3215,G
YMBX,18/36,3116,G
YMBZ,12/30,3937,N
YMCE,11/29,1640,Dirt
YMCE,17/36,3937,Dirt
YMCK,18/36,3349,N
YMCL,06/24,2919,C
YMCO,07/25,2890,X
YMCO,18/36,3372,X
YMCR,18/36,4002,X
YMCS,09/27,5577,X
YMCT,08/26,3937,ASP
YMCU,09/27,5085,X
YMDA,18/36,3116,X
YMDB,01/19,3608,C
YMDG,04/22,5705,ASP
YMDG,16/34,3527,GRS
YMDI,12/30,3444,C
YMDK,13/31,3280,S
YMDN,10/28,4166,XSA
YMDN,18/36,3018,XSA
YMDR,08/26,3280,C
YMDS,12/30,3608,N
YMDT,08/26,3937,N
YMDT,17/35,3280,N
YMDV,15/33,5905,X
YMDW,10/28,3608,X
YMDY,12/30,3970,PER
YMDZ,02/20,3280,N
YMDZ,07/25,4921,N
YMEB,02/20,4921,C
YMED,01/19,4199,X
YMED,15/33,3001,X
YMEI,12/30,4921,X
YMEK,09/27,7156,ASP
YMEK,15/33,3494,SAN
YMEL,04/22,2952,X
YMEL,10/28,2952,G
YMEN,08/26,6302,ASP
YMEN,17/35,4311,ASP
YMEO,10/28,2198,G
YMEP,01/19,2624,X
YMER,03/21,5256,ASP
YMES,04/22,7995,ASP
YMES,09/27,7316,ASP
YMEU,09/27,3280,N
YMEW,18/36,3937,X
YMEY,01/19,2345,N
YMEY,12/30,3444,N
YMFD,15/33,2952,G
YMGB,11/29,4626,PER
YMGD,14/32,5020,ASP
YMGG,03/21,2788,X
YMGG,18/36,4855,X
YMGI,01/19,1726,CLA
YMGI,12/30,4606,ASP
YMGN,05/23,3608,X
YMGO,02/20,3280,C
YMGO,09/27,1968,C
YMGR,07/25,5006,S
YMGS,15/33,3851,X
YMGT,02/20,3619,ASP
YMGV,18/36,3280,X
YMHB,12/30,8947,ASP
YMHL,13/31,3937,X
YMHO,05/23,3503,Dirt
YMHT,03/21,3280,L
YMHU,06/24,4931,ASP
YMHW,09/27,3116,C
YMIA,09/27,6004,ASP
YMIA,18/36,3737,ASP
YMIB,05/23,3937,N
YMIG,06/24,3280,X
YMIJ,06/24,3543,X
YMIL,10/28,2952,N
YMIL,16/34,3937,N
YMIN,15/33,4560,N
YMIP,06/24,4635,X
YMIP,17/35,5157,X
YMIR,06/24,1123,Dirt
YMIR,11/29,3306,Dirt
YMIS,09/27,3444,N
YMIS,15/33,4593,N
YMIT,11/29,4675,ASP
YMIV,04/22,3116,N
YMIV,07/25,2460,N
YMIX,09/27,3116,S
YMIX,13/31,3444,S
YMJE,07/25,4429,C
YMJM,12/30,4016,ASP
YMKT,07/25,3116,S
YMLA,16/34,3280,S
YMLC,04/28,1312,G
YMLD,18/36,3937,X
YMLL,12/30,2460,S
YMLN,01/19,3772,C
YMLN,13/31,3772,C
YMLR,12/30,2624,S
YMLR,15/33,3608,S
YMLS,04/22,5217,ASP
YMLT,14L/32R,2297,GRS
YMLT,14R/32L,6499,ASP
YMLT,18/36,2264,GRS
YMLX,04/22,3116,C
YMLX,09/27,4265,C
YMMB,04/22,1873,ASP
YMMB,13L/31R,3770,ASP
YMMB,13R/31L,3478,ASP
YMMB,17L/35R,4380,ASP
YMMB,17R/35L,4069,ASP
YMMI,03/21,6562,ASP
YMML,09/27,7500,ASP
YMML,16/34,11998,ASP
YMMN,13/31,4265,B
YMMT,01/19,3608,B
YMMT,09/27,3576,S
YMMU,11/29,5085,ASP
YMNA,16/34,3280,N
YMNB,11/29,3608,C
YMND,05/23,4022,ASP
YMND,08/26,3310,ASP
YMND,18/36,1647,GRASS
YMNE,11/29,5896,ASP
YMNF,03/21,3280,S
YMNF,09/27,2624,S
YMNG,05/23,6650,ASP
YMNG,18/36,4793,ASP
YMNK,18/36,2690,X
YMNN,13/31,3211,N
YMNO,04/22,2952,X
YMNP,01/19,2952,C
YMNP,10/28,2460,C
YMNS,11/29,4265,N
YMNT,09/27,3608,N
YGRS,07/25,1968,L
YGRS,16/34,6233,X
YMNX,01/19,3937,L
YMNY,11/29,3608,C
YMOE,01/19,3280,C
YMOG,04/22,2953,PER
YMOG,16/34,5906,PER
YMOM,04/22,3937,N
YMOO,05/23,4724,C
YMOO,14/32,2887,C
YMOR,01/19,5292,ASP
YMOR,05/23,3205,GVL
YMOT,14/32,3937,G
YMOU,16/34,5249,X
YMPA,17/35,4475,C
YMPC,04/22,3730,CON
YMPC,08/26,3497,GRS
YMPC,17/35,4508,CON
YMQA,12/30,2952,N
YMRA,18/36,7217,B
YMRB,16/34,5000,ASP
YMRE,04/22,4422,ASP
YMRS,09/27,2624,N
YMRT,09/27,4038,C
YMRW,09/27,3034,X
YMRW,14/32,5298,X
YMRW,15/33,,UNK
YMRY,04/22,2713,GVL
YMRY,18/36,4997,ASP
YMSF,12/30,3205,C
YMSK,12/30,3280,N
YMSP,04/22,3772,N
YMSS,04/22,2296,N
YMSS,13/31,3280,N
YMST,05/23,4011,Dirt
YMST,11/29,4454,Dirt
YMTA,09/27,2296,S
YMTA,18/36,3280,S
YMTB,04/22,3608,X
YMTC,06/24,3444,N
YMTC,18/36,3937,N
YMTG,06/24,2776,ASP
YMTG,11/29,3025,ASP
YMTG,18/36,5394,ASP
YMTI,09/27,4987,PER
YMTI,12/30,2480,GVL
YMTO,16/34,4301,ASP
YMTW,10/28,2296,N
YMTW,15/33,3608,N
YMTX,15/33,4921,N
YMTZ,04/22,5125,Dirt
YMUA,02/20,3608,G
YMUC,08/26,3608,X
YMUE,08/26,3937,X
YMUG,17/35,3444,X
YMUJ,12/30,4330,X
YMUK,12/30,3280,C
YMUL,05/23,3750,ASP
YMUL,09/27,2930,GRE
YMUP,09/27,3280,N
YMUR,18/36,2624,G
YMUX,09/27,6271,Dirt
YMUX,18/36,3178,Dirt
YMVH,05/23,3280,X
YMVM,07/25,1640,N
YMVM,18/36,5249,N
YMVN,04/22,5003,G
YMVY,09/27,2624,G
YMWA,05/23,4721,X
YMWO,06/24,3280,N
YMWO,15/33,3937,N
YMWT,08/26,3280,S
YMWT,15/33,4068,S
YMWX,13/31,2798,N
YMYB,12/30,2904,GRS
YMYB,17/35,5207,ASP
YMYH,14/32,3805,X
YMYI,13/31,4757,X
YMYR,09/27,3280,X
YMYT,01/19,4035,C
YMYV,11/29,3280,N
YMYW,15/33,3280,S
YMYY,06/24,3280,S
YMZI,06/24,3608,N
YMZI,14/32,2952,N
YNAB,10/28,5249,B
YNAN,05/23,3608,N
YNAP,14/32,3474,C
YNAR,05/23,3346,GVL
YNAR,14/32,5302,ASP
YNAU,10/28,2296,XUG
YNAU,18/36,3280,XUG
YNBR,09/27,3980,GRS
YNBR,18/36,5000,ASP
YNCD,04/22,3280,X
YNCD,13/31,2624,X
YNCS,13/31,2952,C
YNDG,04/22,2657,XUG
YNDG,13/31,2985,XUG
YNDR,04/22,2460,N
YNDR,11/29,3280,N
YNDS,06/24,3280,S
YNDS,09/27,3937,S
YNES,07/25,3280,N
YNES,13/31,3937,N
YNGB,02/20,2624,G
YNGU,11/29,5020,ASP
YNHL,09/27,3281,ASP
YNHL,18/36,3615,GRS
YNHP,06/24,3543,Dirt
YNAA,02/20,2952,G
YNHV,13/31,3605,X
YNIC,08/26,3937,N
YNIC,12/30,5479,N
YNIG,08/26,3280,G
YNIN,03/21,3280,G
YNIN,15/33,2788,G
YNKA,16/34,4593,X
YNMN,17/35,3280,S
YNNT,09/27,4921,C
YNOC,08/26,328,C
YNOF,16/34,2624,N
YNON,03/21,3280,X
YNON,12/30,3280,X
YNOO,09/27,1476,X
YNOO,18/36,2788,C
YNOV,06/24,6562,ASP
YNPA,17/35,4593,N
YNPB,12/30,2887,C
YNPD,01/19,2624,X
YNPE,13/31,5462,ASP
YNPU,05/23,3274,X
YNRB,01/19,2952,N
YNRB,08/26,3444,X
YNRC,02/20,3668,GRE
YNRC,08/26,3438,ASP
YNRG,10/28,4101,Sealed
YNRG,18/36,3937,Sealed
YNRL,02/20,3182,C
YNRL,06/24,3592,C
YNRM,04/22,3609,ASP
YNRM,11/29,4990,ASP
YNRN,05/23,4407,Dirt
YNRR,07/25,4593,X
YNRV,06/24,5512,PER
YNRV,14/32,3927,GVL
YNSH,11/29,3280,X
YNSM,01/19,4960,C
YNSM,04/22,3405,C
YNTM,14/32,4494,B
YNTN,14/32,5499,ASP
YNUB,10/28,3608,L
YNUD,14/32,4593,X
YNUE,16/34,3280,S
YNUL,14/32,4002,SU
YNUM,15/33,4331,PER
YNVE,04/22,2798,G
YNVL,13/31,1499,G
YNWL,05/23,2296,S
YNWL,17/35,3608,C
YNWN,05/23,6798,ASP
YNWT,07/25,3605,N
YNYG,09/27,3608,S
YNYM,13/31,3500,N
YNYN,05/23,5390,ASP
YNYN,18/36,3484,GRS
YNYP,10/28,4494,S
YOAD,15/33,6561,S
YOAP,06/24,3904,X
YOAS,08/26,2788,G
YOAS,18/36,2788,G
YODA,10/28,3937,S
YODL,09/27,4921,N
YODL,18/36,3608,N
YOEN,12/30,4331,PER
YOI,11/29,4915,gravel
YOIT,07/25,4593,N
YOKE,11/29,3280,X
YOKV,18/36,4593,S
YOLA,09/27,2788,asphalt
YOLD,07/25,6102,ASP
YOLW,03/21,5249,asphalt
YOLW,12/30,3257,X
YOMI,04/22,4921,S
YOMI,13/31,2624,S
YOMO,13/31,2624,G
YOOD,04/22,4488,N
YOOD,13/31,4215,S
YOOK,09/27,4691,X
YOOK,17/35,4461,X
YOOM,12/30,5636,ASP
YOOO,12/30,3608,X
YORA,04/20,3116,G
YORA,13/31,1968,G
YORB,07/25,3740,S
YORG,04/22,2559,GRS
YORG,11/29,5499,ASP
YORL,15/33,5511,X
YORR,15/33,3740,N
YORT,14/32,3149,N
YORV,09/27,3198,G
YORV,18/36,3503,G
YORW,05/23,4265,X
YOSB,12/30,6550,ASP
YOTN,14/32,2624,N
YOUN,10/28,3937,N
YOUY,09/27,3280,X
YP1,H1,20,Asphalt/Concrete
YPAC,02/20,3280,B
YPAD,05/23,10171,ASP
YPAD,12/30,5420,ASP
YPAG,15/33,5413,ASP
YPAM,14/32,3730,ASPH
YPAY,13/31,4015,S
YPBH,09/27,3608,G
YPBH,18/36,2099,G
YPBO,06/24,6995,ASP
YPCC,15/33,7999,ASP
YPCE,06/24,3454,X
YPCH,06/24,2500,G
YPCH,18/36,2952,X
YPCM,16/34,4668,Dirt
YPCS,03/21,5249,L
YPCS,07/25,1476,L
YPDA,16/34,4104,Grass
YPDI,15/33,3608,S
YPDN,11/29,11004,ASP
YPDN,18/36,5000,ASP
YPDO,09/27,3280,L
YPDY,16/34,3280,N
YPEA,05/23,5548,ASP
YPEA,18L/36R,8002,ASP
YPEA,18R/36L,5712,ASP
YPED,04/22,6437,GRS
YPED,18/36,8399,ASP
YPEF,15/33,2494,G
YPEF,18/36,4265,G
YPFT,12/30,2998,N
YPFT,18/36,2500,N
YPGH,09/27,3396,Dirt
YPGH,18/36,3280,N
YPGV,13/31,7244,ASP
YPID,04/22,3220,Gravel
YPIN,05/23,3510,N
YPIR,03/21,2205,GRS
YPIR,08/26,3422,ASP
YPIR,17/35,3507,GRE
YPIX,14/32,4265,X
YPIX,18/36,3608,X
YPJI,09/27,4593,X
YPJI,14/32,3280,X
YPJT,06L/24R,4569,ASP
YPJT,06R/24L,3773,ASP
YPJT,12/30,4948,ASP
YPKA,08/26,7480,ASP
YPKE,04/22,3608,S
YPKG,11/29,6562,ASP
YPKG,18/36,3936,ASP
YPKH,18/36,2296,G
YPKI,03/21,2755,N
YPKI,14/32,1804,N
YPKL,03/21,2624,B
YPKS,04/22,5525,ASP
YPKS,11/29,5322,ASP
YPKT,16/34,4626,ASP
YPKU,12/30,6000,ASP
YPLC,01/19,4918,ASP
YPLC,05/23,4183,GVL
YPLC,15/33,4757,GVL
YPLG,17/35,3412,C
YPLI,09/27,2998,G
YPLL,08/26,5249,X
YPLM,18/36,9997,ASP
YPLU,07/25,4921,X
YPMB,09/27,2624,N
YPMB,15/33,3608,N
YPME,11/29,3280,X
YPMH,18/36,7218,GRAVEL
YPMP,14/32,4462,ASP
YPMQ,03/21,5203,ASP
YPMQ,10/28,2283,GRS
YPNC,12/30,3182,G
YPNG,05/23,3280,N
YPNG,12/30,3280,N
YPNI,18/36,5249,N
YPNN,18/36,4396,X
YPNW,11/29,4484,X
YPOD,08/26,5302,ASP
YPOD,17/35,3871,GVL
YPOK,18/36,2755,G
YPPD,14/32,8202,ASP
YPPD,18/36,3281,ASP
YPPF,03L/21R,4429,ASP
YPPF,03R/21L,4196,GVL
YPPF,08L/26R,3143,ASP
YPPF,08R/26L,3255,ASP
YPPH,03/21,11299,ASP
YPPH,06/24,7096,ASP
YPRA,04/22,1968,G
YPRA,09/27,2952,G
YPRE,18/36,2788,G
YPSH,04/22,2985,N
YPSR,H1,59,Asphalt
YPTB,18/36,3805,C
YPTJ,15/33,5905,X
YPTN,14/32,9003,ASP
YPUA,18/36,4560,X
YPUN,14/32,4593,X
YPVD,11/29,3116,C
YPWH,03/21,2493,B
YPWR,12/30,5295,GVL
YPWR,18/36,7782,ASP
YPXM,18/36,6900,ASP
YPYA,18/36,,
YPYD,17/35,3608,X
YPYF,10/28,5741,X
YPYF,18/36,4199,X
YQBE,18/36,3280,S
YQBK,05/23,1640,N
YQBK,09/27,2624,N
YQDG,06/24,4265,X
YQDG,09/27,2132,N
YQDI,06/24,3629,ASP
YQDI,14/32,5807,GVL
YQLP,09/27,4898,COP
YQLP,18/36,3510,CLA
YQNS,09/27,4101,X
YQON,09/27,3937,N
YQON,18/36,2496,N
YQRN,17/35,3608,C
YQUE,09/27,3280,X
YRAG,18/36,2296,G
YRAM,04/22,1640,S
YRAM,06/24,3444,C
YRAT,18/36,1716,gravel
YRAV,12/30,2952,G
YRAV,18/36,3937,G
YRAW,09/27,3871,L
YRBB,15/33,2624,S
YRBE,02/20,1360,grass
YRBE,14/32,2165,grass
YRBH,H1,66,Concrete
YRBK,H1,59,Concrete
YRBK,H2,59,Concrete
YRBN,06/24,1614,Turf/Grass
YRBR,13/31,3805,C
YRBT,09/27,4396,N
YRDA,05/23,4265,N
YRDA,11/29,3280,N
YRDM,09/27,3854,X
YRDY,01/19,3608,X
YRDY,10/28,4593,X
YRED,07/25,2798,B
YREN,07/25,5709,ASP
YREN,12/30,,UNK
YREN,18/36,3360,GVL
YRHL,06/24,2624,L
YRHL,14/32,2296,L
YRID,02/20,2789,B
YRKE,02/20,2952,G
YRKS,06/24,3280,N
YRKS,15/33,3280,N
YRLE,12/30,3608,S
YRLL,13/31,3215,X
YRMD,09/27,5000,ASP
YRNG,09/27,4825,PER
YRNW,06/24,3999,S
YRNW,18/36,1899,S
YROB,34/11,0,N
YROE,09/27,5137,dirt
YROE,18/36,5666,dirt
YROI,01/19,3740,B
YROI,12/30,3854,S
YROK,14/32,3280,X
YROM,09/27,2628,GRS
YROM,18/36,4934,ASP
YROT,11/29,3937,X
YROV,08/26,2952,X
YRRB,13/31,4107,X
YRRG,10/28,5905,X
YRRR,10/28,2132,G
YRSB,14/32,4455,C
YRSK,11/29,3280,X
YRSY,03/21,3198,G
YRSY,15/33,2395,G
YRTI,09/27,4242,ASP
YRTP,12/30,3205,C
YRUD,06/24,3280,X
YRUD,15/33,4921,X
YRVE,09/27,2952,X
YRWA,02/20,3608,L
YRWA,12/30,3280,L
YRWH,05/23,3608,C
YRXB,01/19,2001,X
YRXB,09/27,2919,X
YRYH,09/27,3937,S
YRYH,13/31,3116,N
YRYK,03/21,3608,X
YRYL,09/27,2900,grass
YRYL,17/35,2600,Grass
YSAH,09/27,3280,X
YSAI,18/36,3937,C
YSAN,09/27,3280,X
YSAN,18/36,3280,X
YSAR,16/34,3444,C
YSBK,11C/29C,4644,ASP
YSBK,11L/29R,3609,ASP
YSBK,11R/29L,3419,ASP
YSBO,18/36,3280,X
YSCA,08/26,5500,Earth/sand
YSCA,17/35,2700,Earth/sand
YSCB,12/30,5509,ASP
YSCB,17/35,10771,ASP
YSCD,06/24,6562,
YSCN,06/24,4804,ASP
YSCN,10/28,2372,GRS
YSCO,11/29,4606,ASP
YSCR,09/27,4337,S
YSCR,14/32,4609,X
YSDL,14/32,4265,X
YSDU,05/23,5604,ASP
YSDU,11/29,3501,ASP
YSDW,08/26,2624,G
YSDW,18/36,1640,G
YSEN,05/23,2952,B
YSEN,09/27,1968,G
YSFI,10/28,2952,X
YSFY,09/27,2296,G
YSGD,14/32,3280,S
YSGE,11/29,4987,ASP
YSGR,08/26,3280,N
YSGT,10/28,3608,B
YSGW,08/26,3572,S
YSHG,10/28,4757,X
YSHK,18/36,5545,ASP
YSHL,08/26,4367,ASP
YSHL,16/34,5967,ASP
YSHN,02/20,2952,X
YSHR,14/32,3608,N
YSHT,09/27,1388,GVL
YSHT,18/36,4521,ASP
YSIA,13/34,2296,N
YSIA,16/34,3608,N
YSII,12/30,2099,N
YSLG,13/31,3937,X
YSLK,09/27,3412,G
YSLK,17/35,2296,G
YSLN,12/30,2624,G
YSLV,08/26,3280,N
YSMB,17/35,,
YSMI,06/24,5246,ASP
YSMI,10/28,2034,GVL
YSMR,11/29,3280,N
YSMY,12/30,3280,C
YSNK,13/31,4734,ASP
YSNF,04/22,4708,ASP
YSNF,11/29,6398,ASP
YSNT,09/27,1988,N
YSNT,18/36,2283,N
YSNW,03/21,6713,ASP
YSNW,08/26,6870,ASP
YSOL,09/27,6562,
YSOW,09/27,3280,L
YSPE,08/26,5597,ASP
YSPF,14/32,2624,C
YSPI,01/19,1968,L
YSPI,12/30,3982,X
YSPK,08/26,3248,N
YSPT,01/19,2871,ASP
YSPV,01/19,5000,X
YSPV,13/31,2624,N
YSRD,06/24,6397,X
YSRI,10/28,7001,ASP
YSRN,18/36,4002,X
YSRT,04/22,2001,N
YSRT,08/26,3526,B
YSSY,07/25,8300,ASP
YSSY,16L/34R,7999,ASP
YSSY,16R/34L,12999,ASP
YSTA,09/27,1755,GVL
YSTA,18/36,3278,PEM
YSTB,10/28,2952,N
YSTC,09/27,3937,C
YSTH,08/26,3510,S
YSTO,04/22,3280,X
YSTR,05/23,3608,S
YSTR,13/31,3937,S
YSTT,10/28,3316,N
YSTW,06/24,2762,GRS
YSTW,12L/30R,7218,ASP
YSTW,12R/30L,3642,ASP
YSTW,18/36,3346,GRS
YSUJ,13/31,3205,N
YSVN,17/35,3116,G
YSWA,03/21,2952,G
YSWE,12/30,3608,C
YSWG,05/23,5807,ASP
YSWG,12/30,2792,CLA
YSWH,04/22,3166,GRS
YSWH,08/26,4905,ASP
YSWH,15/33,2329,GRS
YSWI,09/27,1473,GRS
YSWK,01/19,2752,Turf/Grass
YSWL,11/29,4603,ASP
YSWL,18/36,2802,ASP
YSYN,10/28,2624,C
YSYN,14/32,3280,C
YTAA,17/35,4803,X
YTAB,09/27,3444,S
YTAD,06/24,3937,C
YTAD,15/33,4799,C
YTAM,08/26,3579,C
YTAM,12/30,3608,X
YTAN,11/29,3280,N
YTAR,04/22,4166,X
YTAR,09/27,4265,X
YTBB,15/33,3608,X
YTBG,04/22,984,B
YTBR,10/28,3408,X
YTCF,10/28,3608,X
YTCK,08/26,5511,N
YTCY,13/31,4101,X
YTDL,03/21,1968,G
YTDL,09/27,1968,G
YTDM,15/33,3280,S
YTDN,04/22,3115,Asphalt
YTDN,14/32,950,Gravel
YTDR,17/35,4406,X
YTEC,08/26,3444,X
YTEE,14/32,5902,PER
YTEF,12/30,6562,ASP
YTEK,H1,20,Concrete
YTEK,H2,20,Concrete
YTEK,H3,20,Concrete
YTEM,05/23,6454,PEM
YTEM,09/27,2674,GVL
YTEM,18/36,4816,ASP
YTEN,18/36,3444,X
YTFD,07/25,4167,G
YTGA,18/36,1968,S
YTGA,H1,,CON
YTGG,02/20,2591,G
YTGI,18/36,5249,X
YTGM,04/22,2776,GVL
YTGM,13/31,4800,ASP
YTGT,11/29,4921,N
YTHD,03/21,3215,N
YTHI,06/24,4593,N
YTHS,01/19,3494,X
YTHV,09/27,3343,H
YTHY,18/36,3543,S
YTIB,02/20,3202,ASP
YTIB,15/33,5026,GVL
YTII,07/25,1968,N
YTII,15/33,3608,N
YTIT,18/36,4265,C
YTJI,02/20,3280,X
YTJI,10/28,5380,X
YTJU,06/24,4265,X
YTKY,03/21,4593,C
YTLG,02/20,1968,G
YTLL,04/22,2460,G
YTLT,14/32,3444,X
YTMB,09/27,4002,L
YTML,18/36,2926,N
YTMN,13/31,4265,X
YTMO,14/32,6233,ASP
YTMS,18/36,4265,G
YTMU,17/35,3478,ASP
YTMY,08/26,2952,X
YTNE,17/35,3444,X
YTNG,10/28,4993,ASP
YTNG,14/32,2605,CLA
YTNK,07/25,6427,ASP
YTNK,11/29,3468,ASP
YTNN,01/19,3444,X
YTNR,13/31,3280,X
YTNS,05/23,2296,C
YTOA,01/19,4757,X
YTOB,09/27,2788,N
YTOC,09/27,3937,ASP
YTOC,18/36,4596,ASP
YTOG,09/27,3937,S
YTOG,17/35,3280,X
YTOK,18/36,2624,N
YTOS,13/31,3444,X
YTOT,03/21,3208,X
YTOT,11/29,2309,X
YTQY,09/27,2985,N
YTQY,18/36,2641,N
YTRB,17/35,3034,G
YTRC,04/22,3280,S
YTRE,04/22,4934,ASP
YTRE,12/30,1850,CLA
YTRK,07/25,1640,N
YTRK,09/27,3608,N
YTST,12/30,5643,PER
YTTE,16/34,2624,S
YTTI,14/32,3412,X
YTUA,12/30,2385,G
YTUC,06/24,3937,X
YTUN,07/25,1476,X
YTUN,16/34,4265,X
YTUY,18/36,3001,X
YTVA,02/20,3018,S
YTWB,06/24,2165,GRS
YTWB,11/29,3678,ASP
YTWE,15/33,2296,S
YTWN,04/22,3799,S
YTYA,08/26,1312,G
YTYA,17/35,3280,B
YTYH,05/23,2985,G
YTYN,09/27,3001,C
YTYN,17/35,2837,C
YUCH,11/29,3815,N
YUDG,18/36,3280,X
YUDL,18/36,2296,S
YUMB,12/30,3116,N
YUMU,08/26,5577,N
YUNY,06/24,3297,X
YUPH,18/36,3280,N
YUSL,01/19,3280,DIRT
YUTP,07/25,3937,N
YUTS,07/25,3937,N
YVAF,13/31,3772,G
YVAL,06/24,4265,GRS
YVIV,09/27,3280,S
YVIV,18/36,3937,S
YVLG,09/27,3280,S
YVNS,14/32,3937,X
YVRD,09/27,3589,UNK
YVSH,15/33,4593,X
YVVA,17/35,2125,G
YVVL,10/28,2952,X
YWAB,06/24,3772,C
YWAB,16/34,3871,C
YWAC,09/27,2624,X
YWAG,17/35,3608,B
YWAL,08/26,2952,N
YWAL,14/32,4265,N
YWAT,11/29,3280,S
YWAV,14/32,3805,C
YWBH,10/28,3280,G
YWBI,12/30,3405,S
YWBL,04/22,3507,ASP
YWBL,13/31,4501,ASP
YWBN,17/35,2798,X
YWBR,18/36,5216,ASP
YWBS,12/30,2362,N
YWCA,03/21,3051,ASP
YWCA,09/27,3701,CLA
YWCH,06/24,5167,X
YWCH,13/31,2801,G
YWCK,09/27,4922,PER
YWCM,09/27,4593,N
YWDA,14/32,4921,X
YWDG,10/28,6070,CON
YWDH,04/22,4508,ASP
YWDJ,09/27,3608,C
YWDL,11/29,4035,C
YWDT,09/27,3280,N
YWEE,08/26,5577,X
YWEO,10/28,4757,C
YWEO,14/32,2296,C
YWER,18/36,3280,S
YWEX,12/30,3937,X
YWFD,09/27,3937,X
YWGM,09/27,2700,Gravel
YWGM,14/32,3800,Unpaved
YWGN,06/24,3937,X
YWGN,16/34,3608,X
YWGT,09/27,1739,GRS
YWGT,18/36,5381,ASP
YWGW,09/27,5249,N
YWGW,17/35,3608,N
YWHA,05/23,4619,GVL
YWHA,17/35,5531,ASP
YWHC,01/19,2454,C
YWHC,12/30,3379,B
YWHI,14/32,3608,G
YWHL,12/30,3854,X
YWIB,05/23,3608,N
YWIE,12/30,4265,N
YWIL,14/32,3280,N
YWIO,02/20,3280,G
YWIO,18/36,2296,G
YWIS,14/32,5928,ASP
YWKB,08/26,4501,ASP
YWKB,17/35,2503,GRS
YWKI,02/20,2736,GVL
YWKI,08/26,3151,ASP
YWKM,04/22,2788,X
YWKM,09/27,4593,X
YWKS,09T/27T,10499,ice
YWKW,10/28,3280,X
YWLA,12/30,3182,N
YWLB,09/27,5249,X
YWLB,18/36,6561,X
YWLG,05/23,5335,ASP
YWLG,18/36,3783,GRS
YWLM,12/30,10033,ASP
YWLN,10/28,3608,C
YWLP,03/21,1968,G
YWLP,09/27,3116,G
YWLU,03/21,3999,SAN
YWLU,15/33,5942,ASP
YWMA,09/27,4839,N
YWMA,13/31,3937,N
YWMC,03/21,2624,Gravel
YWMC,11/29,4265,Bitumen
YWMG,18/36,3280,X
YWML,16/34,3280,X
YWMP,06/24,3001,X
YWMY,06/24,3280,L
YWMY,11/29,1968,L
YWNA,09/27,3280,N
YWNA,18/36,2624,N
YWND,18/36,4606,S
YWNI,12/30,2723,N
YWNI,17/35,3280,S
YWNL,11/29,5626,X
YWNO,04/22,4265,S
YWNO,10/28,2624,S
YWOH,07/25,4133,X
YWOH,18/36,2460,X
YWOM,13/31,2296,N
YWOR,08/26,4199,S
YWOV,12/30,3280,G
YWOV,16/34,3280,G
YWOX,01/19,3280,C
YWOX,12/30,3937,C
YWPA,10/28,3772,N
YWPE,14/32,2870,UG
YWPL,10/19,3280,L
YWRA,12/30,2998,N
YWRC,08/26,4593,X
YWRE,12/30,3838,X
YWRL,09/27,4921,X
YWRN,03/21,3461,GRS
YWRN,09/27,3894,ASP
YWRR,05/23,2985,N
YWRR,13/31,4035,N
YWRT,09/27,2001,N
YWRV,12/30,3280,X
YWSD,09/27,3280,C
YWSD,27B/09B,2296,C
YWSG,03/21,2300,G
YWSG,12L/30L,2600,G
YWSG,12R/30R,2300,
YWSI,05/23,3937,X
YWSL,05/23,1640,GRS
YWSL,09/27,5010,ASP
YWSL,14/32,2293,GRS
YWSX,01/19,1640,S
YWSX,09/27,2952,S
YWTL,10/28,3182,C
YWTN,05/23,2920,CLA
YWTN,14/32,4600,ASP
YWTO,09/27,3280,X
YWTO,17/35,2624,G
YWTV,09/27,4593,N
YWUD,07/25,3081,GVL
YWUD,14/32,4954,ASP
YWVA,02/20,3280,Concrete
YWWA,04/22,3730,B
YWWG,03/21,6561,X
YWWG,13/31,6561,X
YWWH,01/19,3161,Dirt
YWWH,02/20,3280,S
YWWI,15/33,4593,X
YWWL,04/22,2559,GVL
YWWL,09/27,5200,ASP
YWYA,07/25,3838,C
YWYB,09/27,4130,Dirt
YWYF,08/26,2355,C
YWYF,17/35,3385,C
YWYM,12/30,5272,ASP
YWYM,18/36,3287,GVL
YWYY,05/23,2516,paved
YWYY,09/27,5413,ASP
YXCC,H1/-,,GRS
YXCF,H1,33,Concrete
YXCF,H2,33,Concrete
YXCK,H1/-,,GRS
YXCP,H1/-,,CON
YXDB,H1/-,100,CON
YXDN,H1/-,350,GRS
YXEM,H1/-,400,GRS
YXGC,H1/-,,GRS
YXGL,H1/-,400,GRS
YXTA,18/36,1968,S
YXTA,H1,20,CON
YXTA,H2,20,CON
YYAA,14/32,3608,X
YYAC,09/27,3001,G
YYAK,18/36,3116,N
YYAL,06/24,3608,S
YYAL,12/30,4593,S
YYBE,01/19,3116,L
YYDE,02/20,3608,X
YYDM,09/27,3280,N
YYEA,15/33,2952,G
YYER,09/27,4921,X
YYER,18/36,4265,X
YYGG,09/27,3937,X
YYKI,12/30,3281,UNK
YYLD,08/26,2296,N
YYLD,18/36,2132,N
YYLG,02/20,4593,X
YYLG,09/27,3608,X
YYLR,09/27,4921,C
YYLR,17/35,2624,S
YYMI,11/29,2329,S
YYND,12/30,4724,ASP
YYNG,01/19,4003,ASP
YYNR,16/34,2755,L
YYNR,17/35,4921,L
YYOO,13/31,2952,N
YYOR,17/35,3740,Gravel
YYRK,06/24,3937,X
YYRM,05/23,3576,S
YYRM,09/27,2480,X
YYRN,11/29,3116,N
YYRW,18/36,4921,N
YYTA,11/29,3937,B
YYUM,18/36,3011,L
YYUN,15/33,2952,N
YYWG,01/19,3750,PEM
YZAN,09/27,3937,X
PFZK,11/29,1649,GRVL-F
Z14,13/31,900,GRAVEL-P
Z17,11/29,1940,TURF-GRVL-P
Z19O,05/23,6000,Concrete
Z20,NE/SW,2000,WATER
Z20,NW/SE,2000,WATER
Z25,11/29,1250,TURF-GRVL-P
Z25,18/36,850,GRVL-DIRT-P
Z33,E/W,10000,WATER
Z40,07/25,3000,GRAVEL-G
Z41,13/31,2200,GRAVEL-G
Z43,NW/SE,10560,WATER
Z47,16/34,2000,GRVL-G
Z48,15/33,1800,GRVL-DIRT-P
Z52,09/27,1325,GRAVEL-P
Z52,18/36,820,GRVL-DIRT-P
Z55,13/31,2900,GRVL-TURF-P
Z58,N/S,2600,WATER
Z59,NE/SW,3000,WATER
Z71,NW/SE,10000,WATER
Z78,E/W,6000,WATER-E
Z78,NE/SW,10000,WATER
Z81,15/33,2000,GRAVEL-P
Z87,E/W,2500,WATER
Z87,N/S,2000,WATER
Z90,15/33,1960,TURF-F
Z91,16/34,4000,GRAVEL-G
Z92,04/22,2225,TURF-G
Z93,13/31,2200,GRVL-G
Z95,07/25,4200,GRVL-F
ZA-0004,07/25,1800,Grass
ZA-0038,10/19,2624,tar old
ZA-0047,08/26,4593,gravel
ZA-0063,15/33,3448,GRS
ZA-0069,06A/24D,3281,ASP
FAAP,03/21,2460,asphalt
ZA-0112,06/24,3100,Grass/Concrete
ZA-0113,08/26,3100,Gravel
ZA-0114,08/26,4593,Tar
ZA-0115,13L/31R,2200,Grass
ZA-0120,02/20,2116,Tar
ZA-0161,02/20,2440,Grass
ZA-0161,07/25,1200,Grass
ZA-0161,13/31,900,Grass
ZA-0162,33/15,3940,Grass
ZA-0219,09/27,2976,ASP
ZA-0231,12/30,3323,gravel
ZA-0297,11/29,4878,Tarred
ZA-0317,NE/SW,2887,ASP
ZA-0321,14/32,3280,Gravel / Grass
ZA-0327,06/24,8005,ASP
ZA-0338,13/31,4921,UNK
FASY,13/31,3640,Tar
ZA-0350,1/19,4150,dirt
ZA-0351,09/27,,Tar
ZA-0353,17/35,3472,ASP
FAAA,02/20,2900,Asphalt
ZBAA,01/19,12467,CON
ZBAA,18L/36R,12467,ASP
ZBAA,18R/36L,10499,PEM
ZBAD,01L/19R,11155,CON
ZBAD,11L/29R,12467,CON
ZBAD,17L/35R,12467,CON
ZBAD,17R/35L,12467,CON
ZBBB,18/36,,paved
ZBCD,12/30,9186,
ZBCF,03/21,5774,
ZBCZ,01/19,8530,Concrete
ZBDH,08/26,8530,CON
ZBDS,13/31,10499,ASPH
ZBDT,14/32,9843,CON
ZBER,12/30,9186,CON
ZBES,08/26,7874,
ZBHD,05/23,8530,
ZBHH,08/26,11811,CON
ZBHH,08R/26L,11811,CON
ZBHZ,11/29,8858,
ZBLA,09/27,8530,CON
ZBLF,17/35,8530,Asphalt
ZBLL,18/36,8530,
ZBMZ,12/30,9186,CON
ZBOW,13/31,9186,Asphalt
ZBSG,06/24,8530,Concrete
ZBSJ,15/33,11155,CON
ZBSN,10/28,8858,Concrete
ZBTJ,16L/34R,10499,CON
ZBTJ,16R/34L,11811,CON
ZBTL,02/20,7546,CON
ZBUC,09/27,10499,CON
ZBUH,01/19,8530,CONC
ZBUL,14/32,5906,
ZBXH,04/22,9186,CON
ZBXZ,08/26,8530,
ZBYC,08/26,10499,CON
ZBYN,13L/31R,11811,CON
ZBYN,13R/31L,11811,CON
ZBYZ,11/29,8530,PEM
ZBZJ,12/30,8202,CON
ZBZL,02/20,8202,
ZGBH,01/19,10499,concrete
ZGBS,12/30,8202,CON
ZGCD,02/20,8366,
ZGCJ,04/22,7218,
ZGCZ,07/25,8530,
ZGDY,08/26,8530,
ZGFS,01/19,9186,
ZGGG,01L/19R,11155,CONC
ZGGG,01R/19L,11811,CON
ZGGG,02L/20R,12467,ASP
ZGGG,02R/20L,12467,CON
ZGGG,03/21,11811,CON
ZGHA,18L/36R,12467,CON
ZGHA,18R/36L,10499,ASP
ZGHC,14/32,7218,CON
ZGHY,04/22,8530,
ZGHZ,09/27,7874,
ZGKL,01/19,10499,CON
ZGLG,18/36,8530,
ZGMX,04/22,7874,ASPH
ZGNN,05/23,10499,CON
ZGNT,11H/29H,2150,ASP
ZGOW,04/22,10499,CON
ZGSD,05/23,13517,PEM
ZGSY,03/21,8530,
ZGSZ,15/33,11155,CON
ZGSZ,16L/34R,12467,CON
ZGSZ,16R/34L,11811,CON
ZGWZ,04/22,8202,ASP
ZGXN,15L/33R,,
ZGXX,04/22,8530,CON
ZGYL,04/22,8530,CON
ZGYY,18/36,8530,
ZGZH,16/34,8202,
ZGZJ,15/33,10499,
ZHCC,12L/30R,11811,
ZHCC,12R/30L,11155,ASP
ZHEC,01L/19R,11811,CONC
ZHEC,01R/19L,11811,CONC
ZHES,01/19,6890,CON
ZHHH,04/22,11155,ASP
ZHHH,05L/23R,11811,CON
ZHHH,05R/23L,10498,CONC
ZHJZ,01/19,8530,CON
ZHLY,08/26,8202,CON
ZHNY,05/23,9186,
ZHQQ,03/21,8530,
ZHSN,17/35,9186,
ZHSY,13/31,8530,
ZHXF,01/19,8530,asphalt
ZHXY,07/25,8858,ASP
ZHYC,14/32,10499,CONC
ZJHK,09/27,11811,CON
ZJHK,10/28,11811,CON
ZJQH,15/33,10499,CON
ZJSY,08/26,11155,CON
ZKHM,04/22,8202,CON
ZKPY,01/19,12475,CON
ZKPY,17/35,11490,CON
ZKSD,2/20,8210,Concrete
ZKSE,07/25,10750,Asphalt
ZKUJ,04/22,8180,Concrete
ZKWS,15L/33R,11482,CON
ZKWS,15R/33L,10252,concrete
ZLAK,11/29,8530,CON
ZLDH,08/26,9186,CON
ZLDL,07/25,9843,
ZLGL,12/30,12467,ASP
ZLGM,09/27,15748,CON
ZLGY,18/36,9186,
ZLHB,10/28,11155,
ZLHX,15/33,11811,
ZLHZ,07/25,8202,
ZLIC,03/21,11811,CON
ZLJC,13/31,9843,CON
ZLJQ,14/32,9843,paved
ZLLL,01/19,13123,ASPH
ZLLL,18L/36R,13123,ASP
ZLLL,18R/36L,11811,ASPH
ZLLN,08/26,9186,CON
ZLQY,14/32,8530,
ZLTS,10/28,9186,
ZLXH,10/28,10499,
ZLXN,11/29,12467,ASP
ZLXY,05L/23R,12467,ASP
ZLXY,05R/23L,12467,PEM
ZLXY,06L/24R,12467,CON
ZLXY,06R/24L,9843,CON
ZLYA,17/35,9843,
ZLYL,16/34,9186,ASP
ZLYS,10/28,12467,CON
ZLZW,09/27,9186,CON
ZLZY,11/29,9843,
ZMAH,14/32,7546,UNK
ZMAT,10/28,7513,UNK
ZMBD,15/33,3938,UNK
ZMBH,16/34,9186,ASP
ZMBH,16R/34L,6889,GRE
ZMBN,13/31,6234,UNK
ZMBS,17/35,5906,UNK
ZMBU,18/36,7217,BIT
ZMCD,12/30,8530,CON
ZMCK,11/29,11811,ASP
ZMDZ,03/21,7545,CON
ZMHH,01/19,5905,GRS
ZMHU,09/27,7218,UNK
ZMKD,15/33,,UNK
ZMKD,16/34,9352,ASP
ZMKD,16L/34R,6535,GRE
ZMMN,10/28,7874,ASP
ZMSH,15/33,9183,UNK
ZMTT,15/33,7710,
ZMUB,14/32,10170,ASP
ZMUB,15/33,6560,GRE
ZMUG,13/31,8815,CON
ZMUL,13/31,7874,UNK
ZNC,05/23,4512,GRAVEL
ZPBS,01/19,7874,
ZPCW,05/23,8530,CON
ZPDL,17/35,8202,Asphalt
ZPDQ,16/34,11647,Asphalt
ZPJH,16/34,7874,ASPH
ZPJM,12/30,8530,
ZPLC,16/34,7874,
ZPLJ,02/20,9843,ASPH
ZPMS,05/23,7218,ASP
ZPPP,03/21,13123,CON
ZPPP,04/22,14764,ASP
ZPSM,18/36,8104,
ZPWS,02/20,7874,
ZPZT,04/22,8530,asphalt
ZSAM,05/23,11155,ASP
ZSAQ,06/24,9186,CON
ZSCG,11/29,11155,concrete
ZSCN,03/21,11155,CON
ZSDL,13/31,,
ZSDY,18/36,9186,CON
ZSFY,03/21,7874,CON
ZSFZ,03/21,11811,CONC
ZSFZ,03R/21L,11811,CON
ZSFZ,04/22,11811,CONC
ZSGZ,07/25,8530,
ZSHC,06/24,11155,CON
ZSHC,07/25,11811,CON
ZSHZ,18/36,8530,
ZSJD,04/22,7874,concrete
ZSJG,09/27,9186,CON
ZSJJ,04/22,9186,CON
ZSJN,01/19,11812,CON
ZSJU,06/24,6234,
ZSLG,03/21,9186,
ZSLO,03/21,7874,Cement
ZSLQ,03/21,8202,
ZSLY,17/35,10498,paved
ZSNB,13/31,10499,CON
ZSNJ,06/24,11811,CON
ZSNJ,07/25,11810,CON
ZSNT,18/36,11155,CONC
ZSOF,15/33,11155,CON
ZSPD,15/33,11155,CON
ZSPD,16L/34R,12467,CON
ZSPD,16R/34L,12467,CON
ZSPD,17L/35R,13123,CON
ZSPD,17R/35L,11154,CON
ZSQD,16/34,11811,CON
ZSQD,17/35,11811,CON
ZSQZ,03/21,8530,ASP
ZSRZ,13/31,8530,
ZSSH,04/22,9186,CON
ZSSM,06/24,8530,
ZSSR,06/24,7874,CON
ZSSS,18L/36R,11154,ASP
ZSSS,18R/36L,10826,CON
ZSTX,13/31,8530,ASP
ZSWA,06/24,9186,
ZSWF,17/35,8530,Concrete
ZSWH,02/20,8530,CON
ZSWX,03/21,10499,ASPH
ZSWY,03/21,7874,CEM
ZSWZ,03/21,10499,CON
ZSXZ,09/27,11548,CONC
ZSYA,17/35,10499,CON
ZSYC,06/24,7874,
ZSYN,04/22,9186,CONC
ZSYT,05/23,11155,Concrete
ZSYW,02/20,9843,ASP
ZSZS,18/36,8202,CON
ZUAL,15/33,14764,ASP
ZUAS,08/26,9186,
ZUBC,,3281,ASP
ZUBD,14/32,14764,Asphalt
ZUBJ,08/26,8530,Concrete
ZUCK,02L/20R,10499,CON
ZUCK,02R/20L,11811,CON
ZUCK,03L/21R,12467,CON
ZUCK,03R/21L,11154,CONC
ZUDA,02/20,8530,
ZUDC,16/34,13780,CON
ZUDX,02/20,6562,
ZUGH,13/31,7218,ASP
ZUGU,08/26,8202,
ZUGY,01L/19R,10499,CON
ZUGY,01R/19L,13123,CON
ZUGZ,12/30,13123,
ZUHY,16/34,11811,CON
ZUJZ,02/20,10499,CON
ZUKD,15/33,13123,Concrete
ZUKJ,04/22,8530,
ZULB,03/21,7546,Asphalt
ZULS,09/27,13123,Concrete
ZULS,10L/28R,13123,CON
ZULS,10R/28L,13123,ASPH
ZULZ,07/25,8858,
ZUMT,17/35,8530,
ZUMY,14/32,7874,
ZUNC,06/24,7874,
ZUNP,06/24,7218,
ZUNZ,05/23,9843,UNK
ZUPS,05/23,8202,
ZUQJ,03/21,7874,
ZURK,07/25,9843,CON
ZURK,09/27,16404,CON
ZPTC,18/36,7710,
ZUTF,01/19,13123,CON
ZUTF,02/20,10499,CON
ZUTF,11/29,12467,CON
ZUTR,04/22,9022,ASP
ZUUU,02L/20R,11811,ASP
ZUUU,02R/20L,11811,CON
ZUWL,01/19,9186,ASP
ZUWS,06/24,8530,
ZUWX,11/29,7874,
ZUXC,18/36,11811,CON
ZUYB,11/29,8530,
ZUYI,16/34,7546,
ZUZH,02/20,9186,Paved
ZUZY,18/36,9186,
ZWAK,09/27,7874,ASP
ZWAL,01/19,9186,CON
ZWAT,12/30,7218,CON
ZWBL,10/28,8530,
ZWCM,04/22,9186,
ZWFY,12/30,8530,
ZWHM,11/29,7874,CON
ZWHZ,09/27,7874,
ZWKC,08/26,8530,ASP
ZWKL,04/22,9121,
ZWKM,13/31,8530,
ZWKN,12/30,8202,CON
ZWNL,08/26,7546,ASP
ZWRQ,04/22,9186,
ZWSC,15/33,9842,
ZWSH,08/26,10499,CON
ZWTC,12/30,7808,
ZWTL,09/27,9186,
ZWTN,11/29,10499,CON
ZWWW,07/25,11811,ASP
ZWWW,08L/26R,10498,PEM
ZWWW,08R/26L,11811,PEM
ZWYN,06/24,7874,
ZWYT,08/26,10499,
ZYAS,02/20,8530,
ZYBA,07/25,8202,
ZYBS,01/19,8530,
ZYCC,06/24,10500,CON
ZYCH,17/35,2625,PEM
ZYCY,18/36,6562,
ZYDD,01/19,8530,CON
ZYDQ,17/35,8530,CON
ZYDU,08/26,8202,
ZYFY,05/23,8202,
ZYHB,05L/23R,10499,ASP
ZYHB,05R/23L,11811,CONC
ZYHE,17/35,8202,ASP
ZYJD,18/36,7546,CON
ZYJM,06/24,8202,CON
ZYJS,15/33,8202,CON
ZYJX,12/30,7546,CON
ZYJZ,04/22,8202,
ZYLD,12/30,7546,
ZYMD,04/22,8530,CON
ZYMH,15/33,7218,CON
ZYQQ,17L/35R,11811,CON
ZYQQ,17R/35L,9843,CON
ZYSQ,04/22,8202,
ZYTL,10/28,10827,CON
ZYTN,05/23,7546,
ZYTX,06/24,10499,CON
ZYYJ,09/27,8530,CON
ZYYK,04/22,8202,
87TX,15/33,1800,Turf
JZRO,1/19,33,
